"T_generations","N0","panel_seed","J","N","true_L","h2","method","fit_seconds","causal_1","causal_2","causal_LD","expected_z_stronger","expected_z_weaker","ld_rmse","ld_mae","ld_correlation","maximum_ld_error","selected_lambda","raw_eta0","eta0_used","selected_model_L","reported_L","true_sets","false_sets","causal_power","all_causal_covered","mean_causal_pip","fallback","converged"
1,100,101,500,200000,2,0.001,"SuSiE-RSS: in-sample R",0.192,124,234,0.000645058756285585,11.5097204349334,8.22486367066569,0.0996058509677298,0.0787468049692315,0.879650305513607,0.407851834560387,NA,NA,NA,5,2,2,0,1,TRUE,0.925562660704498,FALSE,TRUE
1,100,101,500,200000,2,0.001,"SuSiE-RSS: reference R0",0.0330000000000004,124,234,0.000645058756285585,11.5097204349334,8.22486367066569,0.0996058509677298,0.0787468049692315,0.879650305513607,0.407851834560387,NA,NA,NA,5,4,2,2,1,TRUE,0.99782420354738,FALSE,TRUE
1,100,101,500,200000,2,0.001,"collapsed-R",0.578,124,234,0.000645058756285585,11.5097204349334,8.22486367066569,0.0996058509677298,0.0787468049692315,0.879650305513607,0.407851834560387,0.01,1.58677631423809,2.66102387897727,5,1,1,0,0.5,FALSE,0.5,TRUE,TRUE
1,100,101,500,200000,2,0.001,"AIW-N",1.253,124,234,0.000645058756285585,11.5097204349334,8.22486367066569,0.0996058509677298,0.0787468049692315,0.879650305513607,0.407851834560387,0.01,7.37875805504098,10.5073514703783,1,1,1,0,0.5,FALSE,0.5,TRUE,TRUE
1,100,102,500,200000,2,0.001,"SuSiE-RSS: in-sample R",0.227,124,170,0.00216773978265443,11.513948819913,8.23645519371349,0.0966359935175973,0.0761685550318351,0.865045332147609,0.510927181483718,NA,NA,NA,5,2,2,0,1,TRUE,0.88379615483624,FALSE,TRUE
1,100,102,500,200000,2,0.001,"SuSiE-RSS: reference R0",0.0760000000000001,124,170,0.00216773978265443,11.513948819913,8.23645519371349,0.0966359935175973,0.0761685550318351,0.865045332147609,0.510927181483718,NA,NA,NA,5,4,0,4,0,FALSE,5.83354540286685e-05,FALSE,TRUE
1,100,102,500,200000,2,0.001,"collapsed-R",0.609,124,170,0.00216773978265443,11.513948819913,8.23645519371349,0.0966359935175973,0.0761685550318351,0.865045332147609,0.510927181483718,0.01,1.30312182676096,2.18533530347814,5,1,1,0,0.5,FALSE,0.0740969038571498,TRUE,TRUE
1,100,102,500,200000,2,0.001,"AIW-N",1.707,124,170,0.00216773978265443,11.513948819913,8.23645519371349,0.0966359935175973,0.0761685550318351,0.865045332147609,0.510927181483718,0.01,4.9128001194491,6.99582737009552,1,1,1,0,0.5,FALSE,0.0740969038571498,TRUE,TRUE
1,100,103,500,200000,2,0.001,"SuSiE-RSS: in-sample R",0.221,124,452,-0.000617289232073073,11.5062148831112,8.21524452680532,0.104023457643493,0.0830044841112783,0.843522467679669,0.489422197195887,NA,NA,NA,5,2,2,0,1,TRUE,0.999214710668638,FALSE,TRUE
1,100,103,500,200000,2,0.001,"SuSiE-RSS: reference R0",0.0220000000000002,124,452,-0.000617289232073073,11.5062148831112,8.21524452680532,0.104023457643493,0.0830044841112783,0.843522467679669,0.489422197195887,NA,NA,NA,5,4,1,3,0.5,FALSE,0.500606312700789,FALSE,TRUE
1,100,103,500,200000,2,0.001,"collapsed-R",0.624,124,452,-0.000617289232073073,11.5062148831112,8.21524452680532,0.104023457643493,0.0830044841112783,0.843522467679669,0.489422197195887,0.01,1,1.677,5,1,1,0,0.5,FALSE,0.499999999413642,TRUE,TRUE
1,100,103,500,200000,2,0.001,"AIW-N",1.165,124,452,-0.000617289232073073,11.5062148831112,8.21524452680532,0.104023457643493,0.0830044841112783,0.843522467679669,0.489422197195887,0.01,6.05160664759484,8.61748786617506,1,1,1,0,0.5,FALSE,0.499999999413642,TRUE,TRUE
1,100,104,500,200000,2,0.001,"SuSiE-RSS: in-sample R",0.195,124,428,-0.000573232134662902,11.5063372314722,8.21558038785766,0.098098376320211,0.0778963906862988,0.83261543405313,0.467115928487875,NA,NA,NA,5,2,2,0,1,TRUE,0.576125065025053,FALSE,TRUE
1,100,104,500,200000,2,0.001,"SuSiE-RSS: reference R0",0.02,124,428,-0.000573232134662902,11.5063372314722,8.21558038785766,0.098098376320211,0.0778963906862988,0.83261543405313,0.467115928487875,NA,NA,NA,5,5,2,3,1,TRUE,0.5581096602616,FALSE,TRUE
1,100,104,500,200000,2,0.001,"collapsed-R",0.571,124,428,-0.000573232134662902,11.5063372314722,8.21558038785766,0.098098376320211,0.0778963906862988,0.83261543405313,0.467115928487875,0.01,1.70643095641901,2.86168471391468,5,1,1,0,0.5,FALSE,0.0612317679020572,TRUE,TRUE
1,100,104,500,200000,2,0.001,"AIW-N",1.162,124,428,-0.000573232134662902,11.5063372314722,8.21558038785766,0.098098376320211,0.0778963906862988,0.83261543405313,0.467115928487875,0.01,4.14800098045323,5.9067533961654,1,1,1,0,0.5,FALSE,0.0612317679020572,TRUE,TRUE
1,100,105,500,200000,2,0.001,"SuSiE-RSS: in-sample R",0.192,124,317,-2.38101535687044e-05,11.5078629903274,8.21976792763217,0.091847394730563,0.0730307861304684,0.870914024152003,0.384982727065519,NA,NA,NA,5,2,2,0,1,TRUE,0.626402997100526,FALSE,TRUE
1,100,105,500,200000,2,0.001,"SuSiE-RSS: reference R0",0.0270000000000001,124,317,-2.38101535687044e-05,11.5078629903274,8.21976792763217,0.091847394730563,0.0730307861304684,0.870914024152003,0.384982727065519,NA,NA,NA,5,4,2,2,1,TRUE,0.62502042242947,FALSE,TRUE
1,100,105,500,200000,2,0.001,"collapsed-R",0.57,124,317,-2.38101535687044e-05,11.5078629903274,8.21976792763217,0.091847394730563,0.0730307861304684,0.870914024152003,0.384982727065519,0.01,1.30809049528274,2.19366776058916,5,1,1,0,0.5,FALSE,0.124999232005129,TRUE,TRUE
1,100,105,500,200000,2,0.001,"AIW-N",1.218,124,317,-2.38101535687044e-05,11.5078629903274,8.21976792763217,0.091847394730563,0.0730307861304684,0.870914024152003,0.384982727065519,0.01,5.82208755586168,8.29065267954704,1,1,1,0,0.5,FALSE,0.124999232005129,TRUE,TRUE
1,100,106,500,200000,2,0.001,"SuSiE-RSS: in-sample R",0.197,124,404,-0.000586264703696737,11.5063010395055,8.2154810375888,0.103901865623085,0.0824767666926215,0.84392433089905,0.451522620345125,NA,NA,NA,5,2,2,0,1,TRUE,0.921107177820777,FALSE,TRUE
1,100,106,500,200000,2,0.001,"SuSiE-RSS: reference R0",0.0270000000000001,124,404,-0.000586264703696737,11.5063010395055,8.2154810375888,0.103901865623085,0.0824767666926215,0.84392433089905,0.451522620345125,NA,NA,NA,5,3,2,1,1,TRUE,0.65197744311309,FALSE,TRUE
1,100,106,500,200000,2,0.001,"collapsed-R",0.593,124,404,-0.000586264703696737,11.5063010395055,8.2154810375888,0.103901865623085,0.0824767666926215,0.84392433089905,0.451522620345125,0.01,1.41648044097199,2.37543769951003,5,1,1,0,0.5,FALSE,0.499999688679991,TRUE,TRUE
1,100,106,500,200000,2,0.001,"AIW-N",1.271,124,404,-0.000586264703696737,11.5063010395055,8.2154810375888,0.103901865623085,0.0824767666926215,0.84392433089905,0.451522620345125,0.01,5.961004964822,8.48847106990653,1,1,1,0,0.5,FALSE,0.499999688679991,TRUE,TRUE
1,100,107,500,200000,2,0.001,"SuSiE-RSS: in-sample R",0.199,124,195,0.000420140427755799,11.5090958408528,8.22315040996544,0.0950292351484675,0.0755357968404356,0.847045341352631,0.454774625552012,NA,NA,NA,5,2,2,0,1,TRUE,0.790340987940781,FALSE,TRUE
1,100,107,500,200000,2,0.001,"SuSiE-RSS: reference R0",0.052,124,195,0.000420140427755799,11.5090958408528,8.22315040996544,0.0950292351484675,0.0755357968404356,0.847045341352631,0.454774625552012,NA,NA,NA,5,5,2,3,1,TRUE,0.911065484718911,FALSE,TRUE
1,100,107,500,200000,2,0.001,"collapsed-R",0.599,124,195,0.000420140427755799,11.5090958408528,8.22315040996544,0.0950292351484675,0.0755357968404356,0.847045341352631,0.454774625552012,0.01,1,1.677,5,1,1,0,0.5,FALSE,0.499999999997483,TRUE,TRUE
1,100,107,500,200000,2,0.001,"AIW-N",1.662,124,195,0.000420140427755799,11.5090958408528,8.22315040996544,0.0950292351484675,0.0755357968404356,0.847045341352631,0.454774625552012,0.01,3.70424343164749,5.27484264666603,1,1,1,0,0.5,FALSE,0.499999999997483,TRUE,TRUE
1,100,108,500,200000,2,0.001,"SuSiE-RSS: in-sample R",0.195,124,360,0.00168194695476712,11.5125998190839,8.23275840802874,0.101815323995155,0.0809787540340233,0.844977667770736,0.432372569899121,NA,NA,NA,5,2,2,0,1,TRUE,0.957523302841763,FALSE,TRUE
1,100,108,500,200000,2,0.001,"SuSiE-RSS: reference R0",0.036,124,360,0.00168194695476712,11.5125998190839,8.23275840802874,0.101815323995155,0.0809787540340233,0.844977667770736,0.432372569899121,NA,NA,NA,5,5,1,4,0.5,FALSE,0.500000003035392,FALSE,TRUE
1,100,108,500,200000,2,0.001,"collapsed-R",0.599,124,360,0.00168194695476712,11.5125998190839,8.23275840802874,0.101815323995155,0.0809787540340233,0.844977667770736,0.432372569899121,0.01,1,1.677,5,1,1,0,0.5,FALSE,0.499999999999085,TRUE,TRUE
1,100,108,500,200000,2,0.001,"AIW-N",1.372,124,360,0.00168194695476712,11.5125998190839,8.23275840802874,0.101815323995155,0.0809787540340233,0.844977667770736,0.432372569899121,0.01,4.46777197225359,6.36210728848911,1,1,1,0,0.5,FALSE,0.499999999999085,TRUE,TRUE
1,500,101,500,200000,2,0.001,"SuSiE-RSS: in-sample R",0.192,124,234,0.000645058756285585,11.5097204349334,8.22486367066569,0.0466449699917684,0.0370783252938993,0.968573365501643,0.22027450666686,NA,NA,NA,5,2,2,0,1,TRUE,0.925562660704498,FALSE,TRUE
1,500,101,500,200000,2,0.001,"SuSiE-RSS: reference R0",0.0129999999999999,124,234,0.000645058756285585,11.5097204349334,8.22486367066569,0.0466449699917684,0.0370783252938993,0.968573365501643,0.22027450666686,NA,NA,NA,5,2,2,0,1,TRUE,0.986524170661035,FALSE,TRUE
1,500,101,500,200000,2,0.001,"collapsed-R",0.872,124,234,0.000645058756285585,11.5097204349334,8.22486367066569,0.0466449699917684,0.0370783252938993,0.968573365501643,0.22027450666686,0.002,78.9859522648608,132.459441948172,5,2,2,0,1,TRUE,0.863318499612907,FALSE,TRUE
1,500,101,500,200000,2,0.001,"AIW-N",1.006,124,234,0.000645058756285585,11.5097204349334,8.22486367066569,0.0466449699917684,0.0370783252938993,0.968573365501643,0.22027450666686,0.002,134.19944346078,191.10000748815,5,2,2,0,1,TRUE,0.986464072455998,FALSE,TRUE
1,500,102,500,200000,2,0.001,"SuSiE-RSS: in-sample R",0.227,124,170,0.00216773978265443,11.513948819913,8.23645519371349,0.0462143848416324,0.0366940091418588,0.963807452127172,0.202285096245625,NA,NA,NA,5,2,2,0,1,TRUE,0.88379615483624,FALSE,TRUE
1,500,102,500,200000,2,0.001,"SuSiE-RSS: reference R0",0.0209999999999999,124,170,0.00216773978265443,11.513948819913,8.23645519371349,0.0462143848416324,0.0366940091418588,0.963807452127172,0.202285096245625,NA,NA,NA,5,2,0,2,0,FALSE,0.00287131700121912,FALSE,TRUE
1,500,102,500,200000,2,0.001,"collapsed-R",0.587,124,170,0.00216773978265443,11.513948819913,8.23645519371349,0.0462143848416324,0.0366940091418588,0.963807452127172,0.202285096245625,0.004,68.9269933100643,115.590567780978,5,2,2,0,1,TRUE,0.680173240421046,FALSE,TRUE
1,500,102,500,200000,2,0.001,"AIW-N",1.185,124,170,0.00216773978265443,11.513948819913,8.23645519371349,0.0462143848416324,0.0366940091418588,0.963807452127172,0.202285096245625,0.004,122.169319665927,173.969111204279,2,2,2,0,1,TRUE,0.753725024470036,FALSE,TRUE
1,500,103,500,200000,2,0.001,"SuSiE-RSS: in-sample R",0.221,124,452,-0.000617289232073073,11.5062148831112,8.21524452680532,0.0468550563067524,0.0369575647279646,0.962160668037909,0.252919322773494,NA,NA,NA,5,2,2,0,1,TRUE,0.999214710668638,FALSE,TRUE
1,500,103,500,200000,2,0.001,"SuSiE-RSS: reference R0",0.016,124,452,-0.000617289232073073,11.5062148831112,8.21524452680532,0.0468550563067524,0.0369575647279646,0.962160668037909,0.252919322773494,NA,NA,NA,5,2,2,0,1,TRUE,0.580808522803205,FALSE,TRUE
1,500,103,500,200000,2,0.001,"collapsed-R",0.6,124,452,-0.000617289232073073,11.5062148831112,8.21524452680532,0.0468550563067524,0.0369575647279646,0.962160668037909,0.252919322773494,0.001,46.1396483010908,77.3761902009293,5,1,1,0,0.5,FALSE,0.499999999413642,TRUE,TRUE
1,500,103,500,200000,2,0.001,"AIW-N",1.089,124,452,-0.000617289232073073,11.5062148831112,8.21524452680532,0.0468550563067524,0.0369575647279646,0.962160668037909,0.252919322773494,0.002,73.1362576100906,104.146030836769,1,1,1,0,0.5,FALSE,0.499999999413642,TRUE,TRUE
1,500,104,500,200000,2,0.001,"SuSiE-RSS: in-sample R",0.195,124,428,-0.000573232134662902,11.5063372314722,8.21558038785766,0.0466952406178263,0.0371051562822312,0.95582419512737,0.205703175642986,NA,NA,NA,5,2,2,0,1,TRUE,0.576125065025053,FALSE,TRUE
1,500,104,500,200000,2,0.001,"SuSiE-RSS: reference R0",0.0120000000000005,124,428,-0.000573232134662902,11.5063372314722,8.21558038785766,0.0466952406178263,0.0371051562822312,0.95582419512737,0.205703175642986,NA,NA,NA,5,2,2,0,1,TRUE,0.570265779448045,FALSE,TRUE
1,500,104,500,200000,2,0.001,"collapsed-R",0.871,124,428,-0.000573232134662902,11.5063372314722,8.21558038785766,0.0466952406178263,0.0371051562822312,0.95582419512737,0.205703175642986,0.004,98.3120787430216,164.869356052047,5,2,2,0,1,TRUE,0.566059486532988,FALSE,TRUE
1,500,104,500,200000,2,0.001,"AIW-N",1.034,124,428,-0.000573232134662902,11.5063372314722,8.21558038785766,0.0466952406178263,0.0371051562822312,0.95582419512737,0.205703175642986,0.004,194.987284421676,277.661893016467,5,2,2,0,1,TRUE,0.57024588984104,FALSE,TRUE
1,500,105,500,200000,2,0.001,"SuSiE-RSS: in-sample R",0.192,124,317,-2.38101535687044e-05,11.5078629903274,8.21976792763217,0.0465057061319114,0.0368694367965364,0.962308793001888,0.20830591583504,NA,NA,NA,5,2,2,0,1,TRUE,0.626402997100526,FALSE,TRUE
1,500,105,500,200000,2,0.001,"SuSiE-RSS: reference R0",0.0129999999999999,124,317,-2.38101535687044e-05,11.5078629903274,8.21976792763217,0.0465057061319114,0.0368694367965364,0.962308793001888,0.20830591583504,NA,NA,NA,5,2,2,0,1,TRUE,0.626124441696695,FALSE,TRUE
1,500,105,500,200000,2,0.001,"collapsed-R",0.843,124,317,-2.38101535687044e-05,11.5078629903274,8.21976792763217,0.0465057061319114,0.0368694367965364,0.962308793001888,0.20830591583504,0.004,75.9635966937015,127.390951655337,5,2,2,0,1,TRUE,0.624854960549564,FALSE,TRUE
1,500,105,500,200000,2,0.001,"AIW-N",1.077,124,317,-2.38101535687044e-05,11.5078629903274,8.21976792763217,0.0465057061319114,0.0368694367965364,0.962308793001888,0.20830591583504,0.004,126.629336487032,180.320175157534,4,2,2,0,1,TRUE,0.625662763470363,FALSE,TRUE
1,500,106,500,200000,2,0.001,"SuSiE-RSS: in-sample R",0.197,124,404,-0.000586264703696737,11.5063010395055,8.2154810375888,0.0450758598294798,0.0356811222935805,0.966726962925981,0.189238182018149,NA,NA,NA,5,2,2,0,1,TRUE,0.921107177820777,FALSE,TRUE
1,500,106,500,200000,2,0.001,"SuSiE-RSS: reference R0",0.0140000000000002,124,404,-0.000586264703696737,11.5063010395055,8.2154810375888,0.0450758598294798,0.0356811222935805,0.966726962925981,0.189238182018149,NA,NA,NA,5,2,2,0,1,TRUE,0.977083666709339,FALSE,TRUE
1,500,106,500,200000,2,0.001,"collapsed-R",0.878,124,404,-0.000586264703696737,11.5063010395055,8.2154810375888,0.0450758598294798,0.0356811222935805,0.966726962925981,0.189238182018149,0.002,52.1112548466142,87.390574377772,5,2,2,0,1,TRUE,0.816927725976188,FALSE,TRUE
1,500,106,500,200000,2,0.001,"AIW-N",1.085,124,404,-0.000586264703696737,11.5063010395055,8.2154810375888,0.0450758598294798,0.0356811222935805,0.966726962925981,0.189238182018149,0.002,103.051677201784,146.745588335341,4,2,2,0,1,TRUE,0.977049930993936,FALSE,TRUE
1,500,107,500,200000,2,0.001,"SuSiE-RSS: in-sample R",0.199,124,195,0.000420140427755799,11.5090958408528,8.22315040996544,0.0470624950061625,0.0373529032709184,0.953041219514505,0.22140426733072,NA,NA,NA,5,2,2,0,1,TRUE,0.790340987940781,FALSE,TRUE
1,500,107,500,200000,2,0.001,"SuSiE-RSS: reference R0",0.0149999999999997,124,195,0.000420140427755799,11.5090958408528,8.22315040996544,0.0470624950061625,0.0373529032709184,0.953041219514505,0.22140426733072,NA,NA,NA,5,2,2,0,1,TRUE,0.805818202687053,FALSE,TRUE
1,500,107,500,200000,2,0.001,"collapsed-R",0.967,124,195,0.000420140427755799,11.5090958408528,8.22315040996544,0.0470624950061625,0.0373529032709184,0.953041219514505,0.22140426733072,0.004,84.3744029780632,141.495873794212,5,2,2,0,1,TRUE,0.766194905047772,FALSE,TRUE
1,500,107,500,200000,2,0.001,"AIW-N",1.079,124,195,0.000420140427755799,11.5090958408528,8.22315040996544,0.0470624950061625,0.0373529032709184,0.953041219514505,0.22140426733072,0.004,167.854407185363,239.024675831956,5,2,2,0,1,TRUE,0.806016909442855,FALSE,TRUE
1,500,108,500,200000,2,0.001,"SuSiE-RSS: in-sample R",0.195,124,360,0.00168194695476712,11.5125998190839,8.23275840802874,0.0487546255222502,0.0387956102314658,0.959392117116065,0.231520183179916,NA,NA,NA,5,2,2,0,1,TRUE,0.957523302841763,FALSE,TRUE
1,500,108,500,200000,2,0.001,"SuSiE-RSS: reference R0",0.0150000000000006,124,360,0.00168194695476712,11.5125998190839,8.23275840802874,0.0487546255222502,0.0387956102314658,0.959392117116065,0.231520183179916,NA,NA,NA,5,2,2,0,1,TRUE,0.896269981410033,FALSE,TRUE
1,500,108,500,200000,2,0.001,"collapsed-R",1.054,124,360,0.00168194695476712,11.5125998190839,8.23275840802874,0.0487546255222502,0.0387956102314658,0.959392117116065,0.231520183179916,0.004,100.331127220128,168.255300348154,5,2,2,0,1,TRUE,0.730963429122382,FALSE,TRUE
1,500,108,500,200000,2,0.001,"AIW-N",1.101,124,360,0.00168194695476712,11.5125998190839,8.23275840802874,0.0487546255222502,0.0387956102314658,0.959392117116065,0.231520183179916,0.006,213.650277127366,304.237994629369,5,2,2,0,1,TRUE,0.898134142516776,FALSE,TRUE
1,2000,101,500,200000,2,0.001,"SuSiE-RSS: in-sample R",0.192,124,234,0.000645058756285585,11.5097204349334,8.22486367066569,0.0301996163289816,0.0240056425724109,0.986688722009837,0.129886794985655,NA,NA,NA,5,2,2,0,1,TRUE,0.925562660704498,FALSE,TRUE
1,2000,101,500,200000,2,0.001,"SuSiE-RSS: reference R0",0.0140000000000002,124,234,0.000645058756285585,11.5097204349334,8.22486367066569,0.0301996163289816,0.0240056425724109,0.986688722009837,0.129886794985655,NA,NA,NA,5,2,2,0,1,TRUE,0.903916099669494,FALSE,TRUE
1,2000,101,500,200000,2,0.001,"collapsed-R",0.889,124,234,0.000645058756285585,11.5097204349334,8.22486367066569,0.0301996163289816,0.0240056425724109,0.986688722009837,0.129886794985655,1e-04,106.793294083304,179.092354177701,5,2,2,0,1,TRUE,0.816441389287358,FALSE,TRUE
1,2000,101,500,200000,2,0.001,"AIW-N",0.983,124,234,0.000645058756285585,11.5097204349334,8.22486367066569,0.0301996163289816,0.0240056425724109,0.986688722009837,0.129886794985655,1e-04,157.671935823583,224.524836612782,4,2,2,0,1,TRUE,0.903920803502006,FALSE,TRUE
1,2000,102,500,200000,2,0.001,"SuSiE-RSS: in-sample R",0.227,124,170,0.00216773978265443,11.513948819913,8.23645519371349,0.0302079858954034,0.0239570278018054,0.983619415982508,0.137382918906117,NA,NA,NA,5,2,2,0,1,TRUE,0.88379615483624,FALSE,TRUE
1,2000,102,500,200000,2,0.001,"SuSiE-RSS: reference R0",0.016,124,170,0.00216773978265443,11.513948819913,8.23645519371349,0.0302079858954034,0.0239570278018054,0.983619415982508,0.137382918906117,NA,NA,NA,5,2,2,0,1,TRUE,0.789156114482752,FALSE,TRUE
1,2000,102,500,200000,2,0.001,"collapsed-R",0.569,124,170,0.00216773978265443,11.513948819913,8.23645519371349,0.0302079858954034,0.0239570278018054,0.983619415982508,0.137382918906117,0.001,328.285421855811,550.534652452194,5,2,2,0,1,TRUE,0.748918784310452,FALSE,TRUE
1,2000,102,500,200000,2,0.001,"AIW-N",1.032,124,170,0.00216773978265443,11.513948819913,8.23645519371349,0.0302079858954034,0.0239570278018054,0.983619415982508,0.137382918906117,0.001,328.085601976677,467.193897214788,2,2,2,0,1,TRUE,0.788965579552309,FALSE,TRUE
1,2000,103,500,200000,2,0.001,"SuSiE-RSS: in-sample R",0.221,124,452,-0.000617289232073073,11.5062148831112,8.21524452680532,0.028371158362599,0.0224765417771442,0.986031632652947,0.136372144869819,NA,NA,NA,5,2,2,0,1,TRUE,0.999214710668638,FALSE,TRUE
1,2000,103,500,200000,2,0.001,"SuSiE-RSS: reference R0",0.0109999999999992,124,452,-0.000617289232073073,11.5062148831112,8.21524452680532,0.028371158362599,0.0224765417771442,0.986031632652947,0.136372144869819,NA,NA,NA,5,2,2,0,1,TRUE,0.9974215106139,FALSE,TRUE
1,2000,103,500,200000,2,0.001,"collapsed-R",0.787,124,452,-0.000617289232073073,11.5062148831112,8.21524452680532,0.028371158362599,0.0224765417771442,0.986031632652947,0.136372144869819,1e-05,94.0591662631468,157.737221823297,5,1,1,0,0.5,FALSE,0.499999999413642,TRUE,TRUE
1,2000,103,500,200000,2,0.001,"AIW-N",0.961999999999999,124,452,-0.000617289232073073,11.5062148831112,8.21524452680532,0.028371158362599,0.0224765417771442,0.986031632652947,0.136372144869819,1e-05,153.463231542589,218.531641716646,5,2,2,0,1,TRUE,0.997421588334663,FALSE,TRUE
1,2000,104,500,200000,2,0.001,"SuSiE-RSS: in-sample R",0.195,124,428,-0.000573232134662902,11.5063372314722,8.21558038785766,0.0305169963250751,0.0241644778622557,0.980847797165301,0.136707854786698,NA,NA,NA,5,2,2,0,1,TRUE,0.576125065025053,FALSE,TRUE
1,2000,104,500,200000,2,0.001,"SuSiE-RSS: reference R0",0.0110000000000001,124,428,-0.000573232134662902,11.5063372314722,8.21558038785766,0.0305169963250751,0.0241644778622557,0.980847797165301,0.136707854786698,NA,NA,NA,5,2,2,0,1,TRUE,0.581520153227654,FALSE,TRUE
1,2000,104,500,200000,2,0.001,"collapsed-R",0.9,124,428,-0.000573232134662902,11.5063372314722,8.21558038785766,0.0305169963250751,0.0241644778622557,0.980847797165301,0.136707854786698,0.001,519.194545029052,870.68925201372,5,2,2,0,1,TRUE,0.577241750590072,FALSE,TRUE
1,2000,104,500,200000,2,0.001,"AIW-N",0.976,124,428,-0.000573232134662902,11.5063372314722,8.21558038785766,0.0305169963250751,0.0241644778622557,0.980847797165301,0.136707854786698,0.001,627.701435401697,893.846844012017,5,2,2,0,1,TRUE,0.581508964391076,FALSE,TRUE
1,2000,105,500,200000,2,0.001,"SuSiE-RSS: in-sample R",0.192,124,317,-2.38101535687044e-05,11.5078629903274,8.21976792763217,0.029179601632599,0.0231431203964288,0.984795518742076,0.134083712124929,NA,NA,NA,5,2,2,0,1,TRUE,0.626402997100526,FALSE,TRUE
1,2000,105,500,200000,2,0.001,"SuSiE-RSS: reference R0",0.0179999999999998,124,317,-2.38101535687044e-05,11.5078629903274,8.21976792763217,0.029179601632599,0.0231431203964288,0.984795518742076,0.134083712124929,NA,NA,NA,5,2,2,0,1,TRUE,0.626241554610792,FALSE,TRUE
1,2000,105,500,200000,2,0.001,"collapsed-R",1.032,124,317,-2.38101535687044e-05,11.5078629903274,8.21976792763217,0.029179601632599,0.0231431203964288,0.984795518742076,0.134083712124929,0.001,374.705775773184,628.381585971629,5,2,2,0,1,TRUE,0.626621216114439,FALSE,TRUE
1,2000,105,500,200000,2,0.001,"AIW-N",1.057,124,317,-2.38101535687044e-05,11.5078629903274,8.21976792763217,0.029179601632599,0.0231431203964288,0.984795518742076,0.134083712124929,0.001,420.01624587352,598.103134123892,5,2,2,0,1,TRUE,0.626240771652794,FALSE,TRUE
1,2000,106,500,200000,2,0.001,"SuSiE-RSS: in-sample R",0.197,124,404,-0.000586264703696737,11.5063010395055,8.2154810375888,0.0292782330785559,0.0231516504888551,0.985760729729589,0.135202273997111,NA,NA,NA,5,2,2,0,1,TRUE,0.921107177820777,FALSE,TRUE
1,2000,106,500,200000,2,0.001,"SuSiE-RSS: reference R0",0.0149999999999997,124,404,-0.000586264703696737,11.5063010395055,8.2154810375888,0.0292782330785559,0.0231516504888551,0.985760729729589,0.135202273997111,NA,NA,NA,5,2,2,0,1,TRUE,0.959259961552036,FALSE,TRUE
1,2000,106,500,200000,2,0.001,"collapsed-R",0.829,124,404,-0.000586264703696737,11.5063010395055,8.2154810375888,0.0292782330785559,0.0231516504888551,0.985760729729589,0.135202273997111,0.001,1445.79050031503,2424.59066902831,5,2,2,0,1,TRUE,0.951244868614039,FALSE,TRUE
1,2000,106,500,200000,2,0.001,"AIW-N",1.06,124,404,-0.000586264703696737,11.5063010395055,8.2154810375888,0.0292782330785559,0.0231516504888551,0.985760729729589,0.135202273997111,0.001,1695.84264778172,2414.87993044117,5,2,2,0,1,TRUE,0.959250933466671,FALSE,TRUE
1,2000,107,500,200000,2,0.001,"SuSiE-RSS: in-sample R",0.199,124,195,0.000420140427755799,11.5090958408528,8.22315040996544,0.0307772536894888,0.0245567007878608,0.979362010893438,0.144922908921244,NA,NA,NA,5,2,2,0,1,TRUE,0.790340987940781,FALSE,TRUE
1,2000,107,500,200000,2,0.001,"SuSiE-RSS: reference R0",0.0130000000000008,124,195,0.000420140427755799,11.5090958408528,8.22315040996544,0.0307772536894888,0.0245567007878608,0.979362010893438,0.144922908921244,NA,NA,NA,5,2,2,0,1,TRUE,0.809932678540871,FALSE,TRUE
1,2000,107,500,200000,2,0.001,"collapsed-R",1.142,124,195,0.000420140427755799,11.5090958408528,8.22315040996544,0.0307772536894888,0.0245567007878608,0.979362010893438,0.144922908921244,1e-04,150.163627390939,251.824403134604,5,2,2,0,1,TRUE,0.779055752963833,FALSE,TRUE
1,2000,107,500,200000,2,0.001,"AIW-N",1.052,124,195,0.000420140427755799,11.5090958408528,8.22315040996544,0.0307772536894888,0.0245567007878608,0.979362010893438,0.144922908921244,1e-04,151.462907944214,215.683180912561,2,2,2,0,1,TRUE,0.809144938088414,FALSE,TRUE
1,2000,108,500,200000,2,0.001,"SuSiE-RSS: in-sample R",0.195,124,360,0.00168194695476712,11.5125998190839,8.23275840802874,0.0302100209945929,0.0239788385482972,0.983504629841922,0.152808186169631,NA,NA,NA,5,2,2,0,1,TRUE,0.957523302841763,FALSE,TRUE
1,2000,108,500,200000,2,0.001,"SuSiE-RSS: reference R0",0.0109999999999992,124,360,0.00168194695476712,11.5125998190839,8.23275840802874,0.0302100209945929,0.0239788385482972,0.983504629841922,0.152808186169631,NA,NA,NA,5,2,2,0,1,TRUE,0.975493593571262,FALSE,TRUE
1,2000,108,500,200000,2,0.001,"collapsed-R",1.075,124,360,0.00168194695476712,11.5125998190839,8.23275840802874,0.0302100209945929,0.0239788385482972,0.983504629841922,0.152808186169631,1e-04,147.44122619933,247.258936336277,5,2,2,0,1,TRUE,0.85786614348648,FALSE,TRUE
1,2000,108,500,200000,2,0.001,"AIW-N",0.981,124,360,0.00168194695476712,11.5125998190839,8.23275840802874,0.0302100209945929,0.0239788385482972,0.983504629841922,0.152808186169631,1e-04,206.754918357781,294.41900374148,5,2,2,0,1,TRUE,0.975492686016605,FALSE,TRUE
50,100,101,500,200000,2,0.001,"SuSiE-RSS: in-sample R",0.196,124,172,0.000254716001213099,11.5086364585283,8.22189015639044,0.10009537084333,0.0793797486340215,0.83910856434115,0.50099420736181,NA,NA,NA,5,2,2,0,1,TRUE,0.941054233025499,FALSE,TRUE
50,100,101,500,200000,2,0.001,"SuSiE-RSS: reference R0",0.04,124,172,0.000254716001213099,11.5086364585283,8.22189015639044,0.10009537084333,0.0793797486340215,0.83910856434115,0.50099420736181,NA,NA,NA,5,5,2,3,1,TRUE,0.989834905049928,FALSE,TRUE
50,100,101,500,200000,2,0.001,"collapsed-R",0.573,124,172,0.000254716001213099,11.5086364585283,8.22189015639044,0.10009537084333,0.0793797486340215,0.83910856434115,0.50099420736181,0.01,1.28004686926147,2.14663859975149,5,1,1,0,0.5,FALSE,0.499931951389921,TRUE,TRUE
50,100,101,500,200000,2,0.001,"AIW-N",1.441,124,172,0.000254716001213099,11.5086364585283,8.22189015639044,0.10009537084333,0.0793797486340215,0.83910856434115,0.50099420736181,0.01,5.11531850021554,7.28421354430692,1,1,1,0,0.5,FALSE,0.499931951389921,TRUE,TRUE
50,100,102,500,200000,2,0.001,"SuSiE-RSS: in-sample R",0.199,124,443,6.23751894489794e-06,11.507946433026,8.21999689577647,0.104547830067948,0.0831229699023224,0.827629897314908,0.51875797818619,NA,NA,NA,5,2,2,0,1,TRUE,0.965948201782573,FALSE,TRUE
50,100,102,500,200000,2,0.001,"SuSiE-RSS: reference R0",0.0189999999999997,124,443,6.23751894489794e-06,11.507946433026,8.21999689577647,0.104547830067948,0.0831229699023224,0.827629897314908,0.51875797818619,NA,NA,NA,5,5,2,3,1,TRUE,0.976594636499433,FALSE,TRUE
50,100,102,500,200000,2,0.001,"collapsed-R",0.564,124,443,6.23751894489794e-06,11.507946433026,8.21999689577647,0.104547830067948,0.0831229699023224,0.827629897314908,0.51875797818619,0.01,1,1.677,5,1,1,0,0.5,FALSE,0.45434227872243,TRUE,TRUE
50,100,102,500,200000,2,0.001,"AIW-N",1.092,124,443,6.23751894489794e-06,11.507946433026,8.21999689577647,0.104547830067948,0.0831229699023224,0.827629897314908,0.51875797818619,0.01,4.74476232606905,6.75654155232233,1,1,1,0,0.5,FALSE,0.45434227872243,TRUE,TRUE
50,100,103,500,200000,2,0.001,"SuSiE-RSS: in-sample R",0.199,124,376,-0.000640945742850147,11.5061491879722,8.21506418150891,0.104815316276786,0.0831217783489082,0.842276985345453,0.475934556341695,NA,NA,NA,5,2,2,0,1,TRUE,0.540261628066528,FALSE,TRUE
50,100,103,500,200000,2,0.001,"SuSiE-RSS: reference R0",0.0340000000000003,124,376,-0.000640945742850147,11.5061491879722,8.21506418150891,0.104815316276786,0.0831217783489082,0.842276985345453,0.475934556341695,NA,NA,NA,5,4,2,2,1,TRUE,0.653854245238905,FALSE,TRUE
50,100,103,500,200000,2,0.001,"collapsed-R",0.568,124,376,-0.000640945742850147,11.5061491879722,8.21506418150891,0.104815316276786,0.0831217783489082,0.842276985345453,0.475934556341695,0.01,1.8319123496632,3.07211701038518,5,1,1,0,0.5,FALSE,0.126703619469014,TRUE,TRUE
50,100,103,500,200000,2,0.001,"AIW-N",1.283,124,376,-0.000640945742850147,11.5061491879722,8.21506418150891,0.104815316276786,0.0831217783489082,0.842276985345453,0.475934556341695,0.01,4.4185665746618,6.29203880231841,1,1,1,0,0.5,FALSE,0.126703619469014,TRUE,TRUE
50,100,104,500,200000,2,0.001,"SuSiE-RSS: in-sample R",0.194,124,339,0.000260742019876784,11.50865319276,8.22193606700993,0.0962319922535454,0.0762251260314481,0.871709156306811,0.480737705984225,NA,NA,NA,5,2,2,0,1,TRUE,0.845914976087597,FALSE,TRUE
50,100,104,500,200000,2,0.001,"SuSiE-RSS: reference R0",0.0260000000000002,124,339,0.000260742019876784,11.50865319276,8.22193606700993,0.0962319922535454,0.0762251260314481,0.871709156306811,0.480737705984225,NA,NA,NA,5,4,2,2,1,TRUE,0.999999999993938,FALSE,TRUE
50,100,104,500,200000,2,0.001,"collapsed-R",0.544,124,339,0.000260742019876784,11.50865319276,8.22193606700993,0.0962319922535454,0.0762251260314481,0.871709156306811,0.480737705984225,0.01,2.75921505742074,4.62720365129459,5,1,1,0,0.5,FALSE,0.499999978973447,TRUE,TRUE
50,100,104,500,200000,2,0.001,"AIW-N",1.206,124,339,0.000260742019876784,11.50865319276,8.22193606700993,0.0962319922535454,0.0762251260314481,0.871709156306811,0.480737705984225,0.01,6.63415829080484,9.4470414061061,1,1,1,0,0.5,FALSE,0.499999978973447,TRUE,TRUE
50,100,105,500,200000,2,0.001,"SuSiE-RSS: in-sample R",0.197,124,202,-0.00159384142239681,11.5035029323603,8.20779728313572,0.102241418675509,0.0811469540931255,0.834079042567815,0.55417871335834,NA,NA,NA,5,2,2,0,1,TRUE,0.721189822308169,FALSE,TRUE
50,100,105,500,200000,2,0.001,"SuSiE-RSS: reference R0",0.073,124,202,-0.00159384142239681,11.5035029323603,8.20779728313572,0.102241418675509,0.0811469540931255,0.834079042567815,0.55417871335834,NA,NA,NA,5,5,1,4,0.5,FALSE,0.504682573484853,FALSE,TRUE
50,100,105,500,200000,2,0.001,"collapsed-R",0.583,124,202,-0.00159384142239681,11.5035029323603,8.20779728313572,0.102241418675509,0.0811469540931255,0.834079042567815,0.55417871335834,0.01,1,1.677,5,1,1,0,0.5,FALSE,0.49999999998176,TRUE,TRUE
50,100,105,500,200000,2,0.001,"AIW-N",1.648,124,202,-0.00159384142239681,11.5035029323603,8.20779728313572,0.102241418675509,0.0811469540931255,0.834079042567815,0.55417871335834,0.01,4.39496088961751,6.25842430681533,1,1,1,0,0.5,FALSE,0.49999999998176,TRUE,TRUE
50,100,106,500,200000,2,0.001,"SuSiE-RSS: in-sample R",0.204,124,317,0.000772310107359654,11.510073808405,8.22583285673032,0.0968943149130693,0.0768171485368283,0.863943088086258,0.44120531425885,NA,NA,NA,5,2,2,0,1,TRUE,0.999999393958258,FALSE,TRUE
50,100,106,500,200000,2,0.001,"SuSiE-RSS: reference R0",0.0270000000000001,124,317,0.000772310107359654,11.510073808405,8.22583285673032,0.0968943149130693,0.0768171485368283,0.863943088086258,0.44120531425885,NA,NA,NA,5,2,2,0,1,TRUE,0.999999975864178,FALSE,TRUE
50,100,106,500,200000,2,0.001,"collapsed-R",0.583,124,317,0.000772310107359654,11.510073808405,8.22583285673032,0.0968943149130693,0.0768171485368283,0.863943088086258,0.44120531425885,0.01,2.22829493305244,3.73685060272893,5,1,1,0,0.5,FALSE,0.499937733497096,TRUE,TRUE
50,100,106,500,200000,2,0.001,"AIW-N",1.236,124,317,0.000772310107359654,11.510073808405,8.22583285673032,0.0968943149130693,0.0768171485368283,0.863943088086258,0.44120531425885,0.01,5.49135172314467,7.81968485375802,1,1,1,0,0.5,FALSE,0.499937733497096,TRUE,TRUE
50,100,107,500,200000,2,0.001,"SuSiE-RSS: in-sample R",0.201,124,241,-0.000845921417257228,11.5055799605827,8.21350142445643,0.0984484508935373,0.0786053030529242,0.851513974074072,0.511070614159217,NA,NA,NA,5,2,2,0,1,TRUE,0.979158368734719,FALSE,TRUE
50,100,107,500,200000,2,0.001,"SuSiE-RSS: reference R0",0.028,124,241,-0.000845921417257228,11.5055799605827,8.21350142445643,0.0984484508935373,0.0786053030529242,0.851513974074072,0.511070614159217,NA,NA,NA,5,5,1,4,0.5,FALSE,0.510703511562855,FALSE,TRUE
50,100,107,500,200000,2,0.001,"collapsed-R",0.546,124,241,-0.000845921417257228,11.5055799605827,8.21350142445643,0.0984484508935373,0.0786053030529242,0.851513974074072,0.511070614159217,0.01,1.95587838507294,3.28000805176732,5,1,1,0,0.5,FALSE,0.49954882513346,TRUE,TRUE
50,100,107,500,200000,2,0.001,"AIW-N",1.293,124,241,-0.000845921417257228,11.5055799605827,8.21350142445643,0.0984484508935373,0.0786053030529242,0.851513974074072,0.511070614159217,0.01,5.08344162979168,7.23882088082335,1,1,1,0,0.5,FALSE,0.49954882513346,TRUE,TRUE
50,100,108,500,200000,2,0.001,"SuSiE-RSS: in-sample R",0.211,124,48,0.000656862453995446,11.5097532135111,8.22495357497061,0.101631080811027,0.0808834684728306,0.817566260484502,0.434635258821756,NA,NA,NA,5,2,2,0,1,TRUE,0.416136236052104,FALSE,TRUE
50,100,108,500,200000,2,0.001,"SuSiE-RSS: reference R0",0.0249999999999999,124,48,0.000656862453995446,11.5097532135111,8.22495357497061,0.101631080811027,0.0808834684728306,0.817566260484502,0.434635258821756,NA,NA,NA,5,4,1,3,0.5,FALSE,0.361715970502111,FALSE,TRUE
50,100,108,500,200000,2,0.001,"collapsed-R",0.699,124,48,0.000656862453995446,11.5097532135111,8.22495357497061,0.101631080811027,0.0808834684728306,0.817566260484502,0.434635258821756,0.01,1,1.677,5,1,1,0,0.5,FALSE,0.0420408808439225,TRUE,TRUE
50,100,108,500,200000,2,0.001,"AIW-N",1.259,124,48,0.000656862453995446,11.5097532135111,8.22495357497061,0.101631080811027,0.0808834684728306,0.817566260484502,0.434635258821756,0.01,2.31315087836839,3.29392685079659,1,1,1,0,0.5,FALSE,0.0420408808439225,TRUE,TRUE
50,500,101,500,200000,2,0.001,"SuSiE-RSS: in-sample R",0.196,124,172,0.000254716001213099,11.5086364585283,8.22189015639044,0.049965717569789,0.0396318123093109,0.951734874653096,0.240237831201369,NA,NA,NA,5,2,2,0,1,TRUE,0.941054233025499,FALSE,TRUE
50,500,101,500,200000,2,0.001,"SuSiE-RSS: reference R0",0.0190000000000001,124,172,0.000254716001213099,11.5086364585283,8.22189015639044,0.049965717569789,0.0396318123093109,0.951734874653096,0.240237831201369,NA,NA,NA,5,3,2,1,1,TRUE,0.996521566299841,FALSE,TRUE
50,500,101,500,200000,2,0.001,"collapsed-R",1.071,124,172,0.000254716001213099,11.5086364585283,8.22189015639044,0.049965717569789,0.0396318123093109,0.951734874653096,0.240237831201369,0.006,221.242329571571,371.023386691524,5,2,2,0,1,TRUE,0.947203482873422,FALSE,TRUE
50,500,101,500,200000,2,0.001,"AIW-N",1.137,124,172,0.000254716001213099,11.5086364585283,8.22189015639044,0.049965717569789,0.0396318123093109,0.951734874653096,0.240237831201369,0.006,222.958619553666,317.49307424442,2,2,2,0,1,TRUE,0.992223237444002,FALSE,TRUE
50,500,102,500,200000,2,0.001,"SuSiE-RSS: in-sample R",0.199,124,443,6.23751894489794e-06,11.507946433026,8.21999689577647,0.053146621214908,0.042169820555042,0.944070936486417,0.2419452777229,NA,NA,NA,5,2,2,0,1,TRUE,0.965948201782573,FALSE,TRUE
50,500,102,500,200000,2,0.001,"SuSiE-RSS: reference R0",0.0120000000000005,124,443,6.23751894489794e-06,11.507946433026,8.21999689577647,0.053146621214908,0.042169820555042,0.944070936486417,0.2419452777229,NA,NA,NA,5,2,2,0,1,TRUE,0.971441577381252,FALSE,TRUE
50,500,102,500,200000,2,0.001,"collapsed-R",0.811,124,443,6.23751894489794e-06,11.507946433026,8.21999689577647,0.053146621214908,0.042169820555042,0.944070936486417,0.2419452777229,0.001,39.6807915215406,66.5446873816236,5,1,1,0,0.5,FALSE,0.45434227872243,TRUE,TRUE
50,500,102,500,200000,2,0.001,"AIW-N",1.045,124,443,6.23751894489794e-06,11.507946433026,8.21999689577647,0.053146621214908,0.042169820555042,0.944070936486417,0.2419452777229,0.002,95.6567378324094,136.215194673351,2,2,2,0,1,TRUE,0.969634951973087,FALSE,TRUE
50,500,103,500,200000,2,0.001,"SuSiE-RSS: in-sample R",0.199,124,376,-0.000640945742850147,11.5061491879722,8.21506418150891,0.0537844953915736,0.0424700798663963,0.953944752894785,0.269509797298223,NA,NA,NA,5,2,2,0,1,TRUE,0.540261628066528,FALSE,TRUE
50,500,103,500,200000,2,0.001,"SuSiE-RSS: reference R0",0.0120000000000005,124,376,-0.000640945742850147,11.5061491879722,8.21506418150891,0.0537844953915736,0.0424700798663963,0.953944752894785,0.269509797298223,NA,NA,NA,5,2,2,0,1,TRUE,0.630395512875327,FALSE,TRUE
50,500,103,500,200000,2,0.001,"collapsed-R",0.513999999999999,124,376,-0.000640945742850147,11.5061491879722,8.21506418150891,0.0537844953915736,0.0424700798663963,0.953944752894785,0.269509797298223,0.002,43.6588359838773,73.2158679449623,5,2,2,0,1,TRUE,0.445365951621901,FALSE,TRUE
50,500,103,500,200000,2,0.001,"AIW-N",1.055,124,376,-0.000640945742850147,11.5061491879722,8.21506418150891,0.0537844953915736,0.0424700798663963,0.953944752894785,0.269509797298223,0.004,139.142550337969,198.138991681268,3,2,2,0,1,TRUE,0.630207865582864,FALSE,TRUE
50,500,104,500,200000,2,0.001,"SuSiE-RSS: in-sample R",0.194,124,339,0.000260742019876784,11.50865319276,8.22193606700993,0.048451765021595,0.0382495441572013,0.962894780652136,0.265626899202423,NA,NA,NA,5,2,2,0,1,TRUE,0.845914976087597,FALSE,TRUE
50,500,104,500,200000,2,0.001,"SuSiE-RSS: reference R0",0.0190000000000001,124,339,0.000260742019876784,11.50865319276,8.22193606700993,0.048451765021595,0.0382495441572013,0.962894780652136,0.265626899202423,NA,NA,NA,5,2,2,0,1,TRUE,0.99637068136539,FALSE,TRUE
50,500,104,500,200000,2,0.001,"collapsed-R",0.713,124,339,0.000260742019876784,11.50865319276,8.22193606700993,0.048451765021595,0.0382495441572013,0.962894780652136,0.265626899202423,0.004,121.350365141555,203.504562342388,5,2,2,0,1,TRUE,0.956762494053684,FALSE,TRUE
50,500,104,500,200000,2,0.001,"AIW-N",1.123,124,339,0.000260742019876784,11.50865319276,8.22193606700993,0.048451765021595,0.0382495441572013,0.962894780652136,0.265626899202423,0.004,197.026707801151,280.566031908839,4,2,2,0,1,TRUE,0.996351559014842,FALSE,TRUE
50,500,105,500,200000,2,0.001,"SuSiE-RSS: in-sample R",0.197,124,202,-0.00159384142239681,11.5035029323603,8.20779728313572,0.0493728517555296,0.0390524126434192,0.952702924241532,0.264540642950066,NA,NA,NA,5,2,2,0,1,TRUE,0.721189822308169,FALSE,TRUE
50,500,105,500,200000,2,0.001,"SuSiE-RSS: reference R0",0.0119999999999996,124,202,-0.00159384142239681,11.5035029323603,8.20779728313572,0.0493728517555296,0.0390524126434192,0.952702924241532,0.264540642950066,NA,NA,NA,5,2,2,0,1,TRUE,0.593389661930763,FALSE,TRUE
50,500,105,500,200000,2,0.001,"collapsed-R",0.801,124,202,-0.00159384142239681,11.5035029323603,8.20779728313572,0.0493728517555296,0.0390524126434192,0.952702924241532,0.264540642950066,0.002,44.7041409548726,74.9688443813213,5,1,1,0,0.5,FALSE,0.49999999998176,TRUE,TRUE
50,500,105,500,200000,2,0.001,"AIW-N",1.042,124,202,-0.00159384142239681,11.5035029323603,8.20779728313572,0.0493728517555296,0.0390524126434192,0.952702924241532,0.264540642950066,0.002,68.9480047598363,98.1819587780069,2,2,2,0,1,TRUE,0.728407759500761,FALSE,TRUE
50,500,106,500,200000,2,0.001,"SuSiE-RSS: in-sample R",0.204,124,317,0.000772310107359654,11.510073808405,8.22583285673032,0.0536059570964424,0.042378431950257,0.951883094166007,0.30679137600074,NA,NA,NA,5,2,2,0,1,TRUE,0.999999393958258,FALSE,TRUE
50,500,106,500,200000,2,0.001,"SuSiE-RSS: reference R0",0.032,124,317,0.000772310107359654,11.510073808405,8.22583285673032,0.0536059570964424,0.042378431950257,0.951883094166007,0.30679137600074,NA,NA,NA,5,2,2,0,1,TRUE,0.999998674819823,FALSE,TRUE
50,500,106,500,200000,2,0.001,"collapsed-R",0.521,124,317,0.000772310107359654,11.510073808405,8.22583285673032,0.0536059570964424,0.042378431950257,0.951883094166007,0.30679137600074,0.008,67.825852604021,113.743954816943,5,2,2,0,1,TRUE,0.995991293141793,FALSE,TRUE
50,500,106,500,200000,2,0.001,"AIW-N",1.42,124,317,0.000772310107359654,11.510073808405,8.22583285673032,0.0536059570964424,0.042378431950257,0.951883094166007,0.30679137600074,0.01,182.538021475473,259.934142581074,5,2,2,0,1,TRUE,0.999998943747834,FALSE,TRUE
50,500,107,500,200000,2,0.001,"SuSiE-RSS: in-sample R",0.201,124,241,-0.000845921417257228,11.5055799605827,8.21350142445643,0.0507655668750952,0.040299008390585,0.954579198644402,0.224465445296107,NA,NA,NA,5,2,2,0,1,TRUE,0.979158368734719,FALSE,TRUE
50,500,107,500,200000,2,0.001,"SuSiE-RSS: reference R0",0.00999999999999979,124,241,-0.000845921417257228,11.5055799605827,8.21350142445643,0.0507655668750952,0.040299008390585,0.954579198644402,0.224465445296107,NA,NA,NA,5,2,2,0,1,TRUE,0.948372905259009,FALSE,TRUE
50,500,107,500,200000,2,0.001,"collapsed-R",0.935,124,241,-0.000845921417257228,11.5055799605827,8.21350142445643,0.0507655668750952,0.040299008390585,0.954579198644402,0.224465445296107,0.002,75.1309211618765,125.994554788467,5,2,2,0,1,TRUE,0.623730325070113,FALSE,TRUE
50,500,107,500,200000,2,0.001,"AIW-N",1.012,124,241,-0.000845921417257228,11.5055799605827,8.21350142445643,0.0507655668750952,0.040299008390585,0.954579198644402,0.224465445296107,0.002,124.951325983904,177.93068820108,5,2,2,0,1,TRUE,0.948711962271903,FALSE,TRUE
50,500,108,500,200000,2,0.001,"SuSiE-RSS: in-sample R",0.211,124,48,0.000656862453995446,11.5097532135111,8.22495357497061,0.055175977439757,0.0435602206787604,0.936798704823937,0.257250371908419,NA,NA,NA,5,2,2,0,1,TRUE,0.416136236052104,FALSE,TRUE
50,500,108,500,200000,2,0.001,"SuSiE-RSS: reference R0",0.0130000000000008,124,48,0.000656862453995446,11.5097532135111,8.22495357497061,0.055175977439757,0.0435602206787604,0.936798704823937,0.257250371908419,NA,NA,NA,5,2,2,0,1,TRUE,0.458263023107285,FALSE,TRUE
50,500,108,500,200000,2,0.001,"collapsed-R",0.655,124,48,0.000656862453995446,11.5097532135111,8.22495357497061,0.055175977439757,0.0435602206787604,0.936798704823937,0.257250371908419,0.004,42.1112979553357,70.620646671098,5,2,2,0,1,TRUE,0.376565027414884,FALSE,TRUE
50,500,108,500,200000,2,0.001,"AIW-N",1.074,124,48,0.000656862453995446,11.5097532135111,8.22495357497061,0.055175977439757,0.0435602206787604,0.936798704823937,0.257250371908419,0.004,88.8185549330825,126.477622224709,4,2,2,0,1,TRUE,0.456943424220749,FALSE,TRUE
50,2000,101,500,200000,2,0.001,"SuSiE-RSS: in-sample R",0.196,124,172,0.000254716001213099,11.5086364585283,8.22189015639044,0.0356352186143027,0.0281126348013211,0.974714499955629,0.188801233619464,NA,NA,NA,5,2,2,0,1,TRUE,0.941054233025499,FALSE,TRUE
50,2000,101,500,200000,2,0.001,"SuSiE-RSS: reference R0",0.0119999999999996,124,172,0.000254716001213099,11.5086364585283,8.22189015639044,0.0356352186143027,0.0281126348013211,0.974714499955629,0.188801233619464,NA,NA,NA,5,2,2,0,1,TRUE,0.952956203976283,FALSE,TRUE
50,2000,101,500,200000,2,0.001,"collapsed-R",1.043,124,172,0.000254716001213099,11.5086364585283,8.22189015639044,0.0356352186143027,0.0281126348013211,0.974714499955629,0.188801233619464,0.001,464.156107950808,778.389793033505,5,2,2,0,1,TRUE,0.909693939110528,FALSE,TRUE
50,2000,101,500,200000,2,0.001,"AIW-N",0.952,124,172,0.000254716001213099,11.5086364585283,8.22189015639044,0.0356352186143027,0.0281126348013211,0.974714499955629,0.188801233619464,0.001,544.257094854886,775.022103073357,5,2,2,0,1,TRUE,0.953018835603527,FALSE,TRUE
50,2000,102,500,200000,2,0.001,"SuSiE-RSS: in-sample R",0.199,124,443,6.23751894489794e-06,11.507946433026,8.21999689577647,0.0374795374270104,0.0293254529907416,0.971072921895892,0.188419652747578,NA,NA,NA,5,2,2,0,1,TRUE,0.965948201782573,FALSE,TRUE
50,2000,102,500,200000,2,0.001,"SuSiE-RSS: reference R0",0.0130000000000008,124,443,6.23751894489794e-06,11.507946433026,8.21999689577647,0.0374795374270104,0.0293254529907416,0.971072921895892,0.188419652747578,NA,NA,NA,5,2,2,0,1,TRUE,0.974379954730914,FALSE,TRUE
50,2000,102,500,200000,2,0.001,"collapsed-R",0.99,124,443,6.23751894489794e-06,11.507946433026,8.21999689577647,0.0374795374270104,0.0293254529907416,0.971072921895892,0.188419652747578,0.001,343.472364368279,576.003155045605,5,2,2,0,1,TRUE,0.943310022063601,FALSE,TRUE
50,2000,102,500,200000,2,0.001,"AIW-N",0.961,124,443,6.23751894489794e-06,11.507946433026,8.21999689577647,0.0374795374270104,0.0293254529907416,0.971072921895892,0.188419652747578,0.001,369.262769839119,525.830184250906,3,2,2,0,1,TRUE,0.97436359913391,FALSE,TRUE
50,2000,103,500,200000,2,0.001,"SuSiE-RSS: in-sample R",0.199,124,376,-0.000640945742850147,11.5061491879722,8.21506418150891,0.0353246230380607,0.0278000884253704,0.979627021539428,0.173303455133096,NA,NA,NA,5,2,2,0,1,TRUE,0.540261628066528,FALSE,TRUE
50,2000,103,500,200000,2,0.001,"SuSiE-RSS: reference R0",0.0129999999999999,124,376,-0.000640945742850147,11.5061491879722,8.21506418150891,0.0353246230380607,0.0278000884253704,0.979627021539428,0.173303455133096,NA,NA,NA,5,2,2,0,1,TRUE,0.60099511777729,FALSE,TRUE
50,2000,103,500,200000,2,0.001,"collapsed-R",0.41,124,376,-0.000640945742850147,11.5061491879722,8.21506418150891,0.0353246230380607,0.0278000884253704,0.979627021539428,0.173303455133096,0.001,302.023183307434,506.492878406567,5,2,2,0,1,TRUE,0.576117920174774,FALSE,TRUE
50,2000,103,500,200000,2,0.001,"AIW-N",0.97,124,376,-0.000640945742850147,11.5061491879722,8.21506418150891,0.0353246230380607,0.0278000884253704,0.979627021539428,0.173303455133096,0.001,300.927296740153,428.520470557977,4,2,2,0,1,TRUE,0.600894200640063,FALSE,TRUE
50,2000,104,500,200000,2,0.001,"SuSiE-RSS: in-sample R",0.194,124,339,0.000260742019876784,11.50865319276,8.22193606700993,0.0341217994434381,0.0270987347126313,0.981196757259391,0.140903215557387,NA,NA,NA,5,2,2,0,1,TRUE,0.845914976087597,FALSE,TRUE
50,2000,104,500,200000,2,0.001,"SuSiE-RSS: reference R0",0.0220000000000002,124,339,0.000260742019876784,11.50865319276,8.22193606700993,0.0341217994434381,0.0270987347126313,0.981196757259391,0.140903215557387,NA,NA,NA,5,2,2,0,1,TRUE,0.882567055325943,FALSE,TRUE
50,2000,104,500,200000,2,0.001,"collapsed-R",0.733,124,339,0.000260742019876784,11.50865319276,8.22193606700993,0.0341217994434381,0.0270987347126313,0.981196757259391,0.140903215557387,0.001,253.368647770479,424.899222311093,5,2,2,0,1,TRUE,0.845423798484977,FALSE,TRUE
50,2000,104,500,200000,2,0.001,"AIW-N",1.033,124,339,0.000260742019876784,11.50865319276,8.22193606700993,0.0341217994434381,0.0270987347126313,0.981196757259391,0.140903215557387,0.002,615.365089032429,876.279886782178,5,2,2,0,1,TRUE,0.881652822934337,FALSE,TRUE
50,2000,105,500,200000,2,0.001,"SuSiE-RSS: in-sample R",0.197,124,202,-0.00159384142239681,11.5035029323603,8.20779728313572,0.0350737870197594,0.0275091552088342,0.975260403078786,0.180167912526769,NA,NA,NA,5,2,2,0,1,TRUE,0.721189822308169,FALSE,TRUE
50,2000,105,500,200000,2,0.001,"SuSiE-RSS: reference R0",0.00999999999999979,124,202,-0.00159384142239681,11.5035029323603,8.20779728313572,0.0350737870197594,0.0275091552088342,0.975260403078786,0.180167912526769,NA,NA,NA,5,2,2,0,1,TRUE,0.756083984673022,FALSE,TRUE
50,2000,105,500,200000,2,0.001,"collapsed-R",0.952000000000001,124,202,-0.00159384142239681,11.5035029323603,8.20779728313572,0.0350737870197594,0.0275091552088342,0.975260403078786,0.180167912526769,0.001,270.148403644166,453.038872911267,5,2,2,0,1,TRUE,0.740424034934589,FALSE,TRUE
50,2000,105,500,200000,2,0.001,"AIW-N",0.957000000000001,124,202,-0.00159384142239681,11.5035029323603,8.20779728313572,0.0350737870197594,0.0275091552088342,0.975260403078786,0.180167912526769,0.001,321.661239401862,458.045604908252,5,2,2,0,1,TRUE,0.756145332577933,FALSE,TRUE
50,2000,106,500,200000,2,0.001,"SuSiE-RSS: in-sample R",0.204,124,317,0.000772310107359654,11.510073808405,8.22583285673032,0.0378351006198682,0.0297006313270787,0.974740579240172,0.196494553299678,NA,NA,NA,5,2,2,0,1,TRUE,0.999999393958258,FALSE,TRUE
50,2000,106,500,200000,2,0.001,"SuSiE-RSS: reference R0",0.0119999999999996,124,317,0.000772310107359654,11.510073808405,8.22583285673032,0.0378351006198682,0.0297006313270787,0.974740579240172,0.196494553299678,NA,NA,NA,5,2,2,0,1,TRUE,0.999997974606227,FALSE,TRUE
50,2000,106,500,200000,2,0.001,"collapsed-R",0.811,124,317,0.000772310107359654,11.510073808405,8.22583285673032,0.0378351006198682,0.0297006313270787,0.974740579240172,0.196494553299678,0.001,97.9988759926528,164.344115039679,5,2,2,0,1,TRUE,0.998528774199817,FALSE,TRUE
50,2000,106,500,200000,2,0.001,"AIW-N",0.988000000000001,124,317,0.000772310107359654,11.510073808405,8.22583285673032,0.0378351006198682,0.0297006313270787,0.974740579240172,0.196494553299678,0.001,197.490555008839,281.226550332587,4,2,2,0,1,TRUE,0.999998031074671,FALSE,TRUE
50,2000,107,500,200000,2,0.001,"SuSiE-RSS: in-sample R",0.201,124,241,-0.000845921417257228,11.5055799605827,8.21350142445643,0.0391975910618658,0.0309557229353687,0.971934144943525,0.172653724474795,NA,NA,NA,5,2,2,0,1,TRUE,0.979158368734719,FALSE,TRUE
50,2000,107,500,200000,2,0.001,"SuSiE-RSS: reference R0",0.0139999999999993,124,241,-0.000845921417257228,11.5055799605827,8.21350142445643,0.0391975910618658,0.0309557229353687,0.971934144943525,0.172653724474795,NA,NA,NA,5,2,2,0,1,TRUE,0.989053697689195,FALSE,TRUE
50,2000,107,500,200000,2,0.001,"collapsed-R",0.996,124,241,-0.000845921417257228,11.5055799605827,8.21350142445643,0.0391975910618658,0.0309557229353687,0.971934144943525,0.172653724474795,1e-04,91.5838237876824,153.586072491943,5,2,2,0,1,TRUE,0.728731344763747,FALSE,TRUE
50,2000,107,500,200000,2,0.001,"AIW-N",1.019,124,241,-0.000845921417257228,11.5055799605827,8.21350142445643,0.0391975910618658,0.0309557229353687,0.971934144943525,0.172653724474795,1e-04,166.03608538167,236.435385583498,5,2,2,0,1,TRUE,0.989056559092173,FALSE,TRUE
50,2000,108,500,200000,2,0.001,"SuSiE-RSS: in-sample R",0.211,124,48,0.000656862453995446,11.5097532135111,8.22495357497061,0.03931566195397,0.030971549666696,0.967027296091177,0.169059185718229,NA,NA,NA,5,2,2,0,1,TRUE,0.416136236052104,FALSE,TRUE
50,2000,108,500,200000,2,0.001,"SuSiE-RSS: reference R0",0.0139999999999993,124,48,0.000656862453995446,11.5097532135111,8.22495357497061,0.03931566195397,0.030971549666696,0.967027296091177,0.169059185718229,NA,NA,NA,5,2,2,0,1,TRUE,0.434558048277905,FALSE,TRUE
50,2000,108,500,200000,2,0.001,"collapsed-R",0.994000000000001,124,48,0.000656862453995446,11.5097532135111,8.22495357497061,0.03931566195397,0.030971549666696,0.967027296091177,0.169059185718229,1e-04,150.407431969869,252.233263413471,5,2,2,0,1,TRUE,0.407958934098685,FALSE,TRUE
50,2000,108,500,200000,2,0.001,"AIW-N",1.042,124,48,0.000656862453995446,11.5097532135111,8.22495357497061,0.03931566195397,0.030971549666696,0.967027296091177,0.169059185718229,1e-04,151.678735118541,215.990518808803,5,2,2,0,1,TRUE,0.434549306875846,FALSE,TRUE
200,100,101,500,200000,2,0.001,"SuSiE-RSS: in-sample R",0.195,124,47,0.000772823229855762,11.5100752333302,8.22583676465588,0.105995496546615,0.0843117174095731,0.815221662651185,0.508793586115872,NA,NA,NA,5,2,2,0,1,TRUE,0.74988799945429,FALSE,TRUE
200,100,101,500,200000,2,0.001,"SuSiE-RSS: reference R0",0.0310000000000001,124,47,0.000772823229855762,11.5100752333302,8.22583676465588,0.105995496546615,0.0843117174095731,0.815221662651185,0.508793586115872,NA,NA,NA,5,5,2,3,1,TRUE,0.74999987454027,FALSE,TRUE
200,100,101,500,200000,2,0.001,"collapsed-R",0.595999999999999,124,47,0.000772823229855762,11.5100752333302,8.22583676465588,0.105995496546615,0.0843117174095731,0.815221662651185,0.508793586115872,0.01,1,1.677,5,1,1,0,0.5,FALSE,0.249948082077585,TRUE,TRUE
200,100,101,500,200000,2,0.001,"AIW-N",1.351,124,47,0.000772823229855762,11.5100752333302,8.22583676465588,0.105995496546615,0.0843117174095731,0.815221662651185,0.508793586115872,0.01,4.02265548129162,5.72826140535927,1,1,1,0,0.5,FALSE,0.249948082077585,TRUE,TRUE
200,100,102,500,200000,2,0.001,"SuSiE-RSS: in-sample R",0.192,124,411,6.24808229167115e-05,11.5081026211375,8.22042546585744,0.107050056360969,0.0846090963291094,0.786434833877425,0.492372427236656,NA,NA,NA,5,2,2,0,1,TRUE,0.51456233502454,FALSE,TRUE
200,100,102,500,200000,2,0.001,"SuSiE-RSS: reference R0",0.0209999999999999,124,411,6.24808229167115e-05,11.5081026211375,8.22042546585744,0.107050056360969,0.0846090963291094,0.786434833877425,0.492372427236656,NA,NA,NA,5,2,2,0,1,TRUE,0.526877012204424,FALSE,TRUE
200,100,102,500,200000,2,0.001,"collapsed-R",0.452,124,411,6.24808229167115e-05,11.5081026211375,8.22042546585744,0.107050056360969,0.0846090963291094,0.786434833877425,0.492372427236656,0.01,1.80965526660375,3.03479188209448,5,1,1,0,0.5,FALSE,0.0400070434294703,TRUE,TRUE
200,100,102,500,200000,2,0.001,"AIW-N",1.151,124,411,6.24808229167115e-05,11.5081026211375,8.22042546585744,0.107050056360969,0.0846090963291094,0.786434833877425,0.492372427236656,0.01,3.55176030007077,5.05770666730078,1,1,1,0,0.5,FALSE,0.0400070434294703,TRUE,TRUE
200,100,103,500,200000,2,0.001,"SuSiE-RSS: in-sample R",0.192,124,394,-0.000755614479833668,11.5058307475933,8.21418996230527,0.105869992671588,0.0840256970254698,0.815467434299047,0.473676121947503,NA,NA,NA,5,2,2,0,1,TRUE,0.7499999967005,FALSE,TRUE
200,100,103,500,200000,2,0.001,"SuSiE-RSS: reference R0",0.0840000000000001,124,394,-0.000755614479833668,11.5058307475933,8.21418996230527,0.105869992671588,0.0840256970254698,0.815467434299047,0.473676121947503,NA,NA,NA,5,4,2,2,1,TRUE,0.750000074739231,FALSE,TRUE
200,100,103,500,200000,2,0.001,"collapsed-R",0.564,124,394,-0.000755614479833668,11.5058307475933,8.21418996230527,0.105869992671588,0.0840256970254698,0.815467434299047,0.473676121947503,0.01,1,1.677,5,1,1,0,0.5,FALSE,0.499990162268066,TRUE,TRUE
200,100,103,500,200000,2,0.001,"AIW-N",1.561,124,394,-0.000755614479833668,11.5058307475933,8.21418996230527,0.105869992671588,0.0840256970254698,0.815467434299047,0.473676121947503,0.01,2.70871845364457,3.85721507798987,1,1,1,0,0.5,FALSE,0.499990162268066,TRUE,TRUE
200,100,104,500,200000,2,0.001,"SuSiE-RSS: in-sample R",0.206,124,447,-0.00186610844091412,11.5027468201045,8.20572004388116,0.106472523334307,0.0844195394357517,0.818667908998354,0.526975964436058,NA,NA,NA,5,2,2,0,1,TRUE,0.999917934389183,FALSE,TRUE
200,100,104,500,200000,2,0.001,"SuSiE-RSS: reference R0",0.0509999999999997,124,447,-0.00186610844091412,11.5027468201045,8.20572004388116,0.106472523334307,0.0844195394357517,0.818667908998354,0.526975964436058,NA,NA,NA,5,5,2,3,1,TRUE,0.999983133079932,FALSE,TRUE
200,100,104,500,200000,2,0.001,"collapsed-R",0.577,124,447,-0.00186610844091412,11.5027468201045,8.20572004388116,0.106472523334307,0.0844195394357517,0.818667908998354,0.526975964436058,0.01,1,1.677,5,1,1,0,0.5,FALSE,0.5,TRUE,TRUE
200,100,104,500,200000,2,0.001,"AIW-N",1.277,124,447,-0.00186610844091412,11.5027468201045,8.20572004388116,0.106472523334307,0.0844195394357517,0.818667908998354,0.526975964436058,0.01,3.62932145204123,5.16815374770671,1,1,1,0,0.5,FALSE,0.5,TRUE,TRUE
200,100,105,500,200000,2,0.001,"SuSiE-RSS: in-sample R",0.191,124,70,0.00217663467588625,11.5139735200688,8.23652287029287,0.101008193996387,0.079833709210728,0.833754834486842,0.47520953852916,NA,NA,NA,5,2,2,0,1,TRUE,0.699833156249122,FALSE,TRUE
200,100,105,500,200000,2,0.001,"SuSiE-RSS: reference R0",0.0979999999999999,124,70,0.00217663467588625,11.5139735200688,8.23652287029287,0.101008193996387,0.079833709210728,0.833754834486842,0.47520953852916,NA,NA,NA,5,4,1,3,0.5,FALSE,0.501547739849065,FALSE,TRUE
200,100,105,500,200000,2,0.001,"collapsed-R",0.578,124,70,0.00217663467588625,11.5139735200688,8.23652287029287,0.101008193996387,0.079833709210728,0.833754834486842,0.47520953852916,0.01,1,1.677,5,1,1,0,0.5,FALSE,0.0600704429367347,TRUE,TRUE
200,100,105,500,200000,2,0.001,"AIW-N",2.014,124,70,0.00217663467588625,11.5139735200688,8.23652287029287,0.101008193996387,0.079833709210728,0.833754834486842,0.47520953852916,0.01,3.29201851359571,4.6878343633603,1,1,1,0,0.5,FALSE,0.0600704429367347,TRUE,TRUE
200,100,106,500,200000,2,0.001,"SuSiE-RSS: in-sample R",0.201,124,406,-0.000491944834178239,11.5065629693667,8.21620003902559,0.106990044195437,0.0852192666565684,0.802853949964408,0.488381979794527,NA,NA,NA,5,2,2,0,1,TRUE,0.574398195770289,FALSE,TRUE
200,100,106,500,200000,2,0.001,"SuSiE-RSS: reference R0",0.0209999999999999,124,406,-0.000491944834178239,11.5065629693667,8.21620003902559,0.106990044195437,0.0852192666565684,0.802853949964408,0.488381979794527,NA,NA,NA,5,5,1,4,0.5,FALSE,0.499968880821723,FALSE,TRUE
200,100,106,500,200000,2,0.001,"collapsed-R",0.558999999999999,124,406,-0.000491944834178239,11.5065629693667,8.21620003902559,0.106990044195437,0.0852192666565684,0.802853949964408,0.488381979794527,0.01,1,1.677,5,1,1,0,0.5,FALSE,0.498667136041246,TRUE,TRUE
200,100,106,500,200000,2,0.001,"AIW-N",1.335,124,406,-0.000491944834178239,11.5065629693667,8.21620003902559,0.106990044195437,0.0852192666565684,0.802853949964408,0.488381979794527,0.01,2.51315467838318,3.57873226201765,1,1,1,0,0.5,FALSE,0.498667136041246,TRUE,TRUE
200,100,107,500,200000,2,0.001,"SuSiE-RSS: in-sample R",0.2,124,453,0.000349556688586916,11.5088998305451,8.22261269954138,0.108967159816937,0.0868424805551813,0.815740890690536,0.49157882152582,NA,NA,NA,5,2,2,0,1,TRUE,0.999984747385156,FALSE,TRUE
200,100,107,500,200000,2,0.001,"SuSiE-RSS: reference R0",0.0460000000000003,124,453,0.000349556688586916,11.5088998305451,8.22261269954138,0.108967159816937,0.0868424805551813,0.815740890690536,0.49157882152582,NA,NA,NA,5,5,1,4,0.5,FALSE,0.500007411509512,FALSE,TRUE
200,100,107,500,200000,2,0.001,"collapsed-R",0.619,124,453,0.000349556688586916,11.5088998305451,8.22261269954138,0.108967159816937,0.0868424805551813,0.815740890690536,0.49157882152582,0.01,1,1.677,5,1,1,0,0.5,FALSE,0.499999928908995,TRUE,TRUE
200,100,107,500,200000,2,0.001,"AIW-N",1.746,124,453,0.000349556688586916,11.5088998305451,8.22261269954138,0.108967159816937,0.0868424805551813,0.815740890690536,0.49157882152582,0.01,2.63447493717615,3.75149231053884,1,1,1,0,0.5,FALSE,0.499999928908995,TRUE,TRUE
200,100,108,500,200000,2,0.001,"SuSiE-RSS: in-sample R",0.21,124,362,0.00102840479311545,11.510784973595,8.22778309074492,0.111511287693653,0.0880400370831053,0.799074564931095,0.477736392014933,NA,NA,NA,5,2,2,0,1,TRUE,0.748226441663367,FALSE,TRUE
200,100,108,500,200000,2,0.001,"SuSiE-RSS: reference R0",0.0280000000000005,124,362,0.00102840479311545,11.510784973595,8.22778309074492,0.111511287693653,0.0880400370831053,0.799074564931095,0.477736392014933,NA,NA,NA,5,4,2,2,1,TRUE,0.744927718010312,FALSE,TRUE
200,100,108,500,200000,2,0.001,"collapsed-R",0.583,124,362,0.00102840479311545,11.510784973595,8.22778309074492,0.111511287693653,0.0880400370831053,0.799074564931095,0.477736392014933,0.01,1,1.677,5,1,1,0,0.5,FALSE,0.497612165791192,TRUE,TRUE
200,100,108,500,200000,2,0.001,"AIW-N",1.248,124,362,0.00102840479311545,11.510784973595,8.22778309074492,0.111511287693653,0.0880400370831053,0.799074564931095,0.477736392014933,0.01,2.2125275304153,3.15063920331139,1,1,1,0,0.5,FALSE,0.497612165791192,TRUE,TRUE
200,500,101,500,200000,2,0.001,"SuSiE-RSS: in-sample R",0.195,124,47,0.000772823229855762,11.5100752333302,8.22583676465588,0.0627047405761647,0.0494052165039892,0.927324089203314,0.269190755027724,NA,NA,NA,5,2,2,0,1,TRUE,0.74988799945429,FALSE,TRUE
200,500,101,500,200000,2,0.001,"SuSiE-RSS: reference R0",0.016,124,47,0.000772823229855762,11.5100752333302,8.22583676465588,0.0627047405761647,0.0494052165039892,0.927324089203314,0.269190755027724,NA,NA,NA,5,2,2,0,1,TRUE,0.750451204045146,FALSE,TRUE
200,500,101,500,200000,2,0.001,"collapsed-R",0.655,124,47,0.000772823229855762,11.5100752333302,8.22583676465588,0.0627047405761647,0.0494052165039892,0.927324089203314,0.269190755027724,0.004,36.6467259172325,61.4565593631989,5,1,1,0,0.5,FALSE,0.249948082077585,TRUE,TRUE
200,500,101,500,200000,2,0.001,"AIW-N",1.079,124,47,0.000772823229855762,11.5100752333302,8.22583676465588,0.0627047405761647,0.0494052165039892,0.927324089203314,0.269190755027724,0.006,50.2297586960311,71.5271763831483,1,1,1,0,0.5,FALSE,0.249948082077585,TRUE,TRUE
200,500,102,500,200000,2,0.001,"SuSiE-RSS: in-sample R",0.192,124,411,6.24808229167115e-05,11.5081026211375,8.22042546585744,0.0581413566012035,0.0457841782133733,0.925752480492559,0.260996394521648,NA,NA,NA,5,2,2,0,1,TRUE,0.51456233502454,FALSE,TRUE
200,500,102,500,200000,2,0.001,"SuSiE-RSS: reference R0",0.0179999999999998,124,411,6.24808229167115e-05,11.5081026211375,8.22042546585744,0.0581413566012035,0.0457841782133733,0.925752480492559,0.260996394521648,NA,NA,NA,5,2,2,0,1,TRUE,0.529828324806386,FALSE,TRUE
200,500,102,500,200000,2,0.001,"collapsed-R",0.576,124,411,6.24808229167115e-05,11.5081026211375,8.22042546585744,0.0581413566012035,0.0457841782133733,0.925752480492559,0.260996394521648,0.006,65.0220587744292,109.041992564718,5,1,1,0,0.5,FALSE,0.0400070434294703,TRUE,TRUE
200,500,102,500,200000,2,0.001,"AIW-N",1.256,124,411,6.24808229167115e-05,11.5081026211375,8.22042546585744,0.0581413566012035,0.0457841782133733,0.925752480492559,0.260996394521648,0.006,93.2730375839319,132.820805519519,2,2,2,0,1,TRUE,0.526610460463219,FALSE,TRUE
200,500,103,500,200000,2,0.001,"SuSiE-RSS: in-sample R",0.192,124,394,-0.000755614479833668,11.5058307475933,8.21418996230527,0.0587370684401293,0.0463958962316839,0.933338912660312,0.260557734078812,NA,NA,NA,5,2,2,0,1,TRUE,0.7499999967005,FALSE,TRUE
200,500,103,500,200000,2,0.001,"SuSiE-RSS: reference R0",0.0100000000000007,124,394,-0.000755614479833668,11.5058307475933,8.21418996230527,0.0587370684401293,0.0463958962316839,0.933338912660312,0.260557734078812,NA,NA,NA,5,2,2,0,1,TRUE,0.751030855059908,FALSE,TRUE
200,500,103,500,200000,2,0.001,"collapsed-R",0.514,124,394,-0.000755614479833668,11.5058307475933,8.21418996230527,0.0587370684401293,0.0463958962316839,0.933338912660312,0.260557734078812,0.006,53.3516447960136,89.4707083229149,5,2,2,0,1,TRUE,0.75111638961326,FALSE,TRUE
200,500,103,500,200000,2,0.001,"AIW-N",1.022,124,394,-0.000755614479833668,11.5058307475933,8.21418996230527,0.0587370684401293,0.0463958962316839,0.933338912660312,0.260557734078812,0.008,146.672425763,208.861534286511,5,2,2,0,1,TRUE,0.751038572609987,FALSE,TRUE
200,500,104,500,200000,2,0.001,"SuSiE-RSS: in-sample R",0.206,124,447,-0.00186610844091412,11.5027468201045,8.20572004388116,0.0630163894174847,0.0495933444133581,0.926873111071875,0.336446869914069,NA,NA,NA,5,2,2,0,1,TRUE,0.999917934389183,FALSE,TRUE
200,500,104,500,200000,2,0.001,"SuSiE-RSS: reference R0",0.0190000000000001,124,447,-0.00186610844091412,11.5027468201045,8.20572004388116,0.0630163894174847,0.0495933444133581,0.926873111071875,0.336446869914069,NA,NA,NA,5,3,2,1,1,TRUE,0.988565873467221,FALSE,TRUE
200,500,104,500,200000,2,0.001,"collapsed-R",0.641,124,447,-0.00186610844091412,11.5027468201045,8.20572004388116,0.0630163894174847,0.0495933444133581,0.926873111071875,0.336446869914069,0.008,74.780787296914,125.407380296925,5,2,2,0,1,TRUE,0.897708887469994,FALSE,TRUE
200,500,104,500,200000,2,0.001,"AIW-N",1.12,124,447,-0.00186610844091412,11.5027468201045,8.20572004388116,0.0630163894174847,0.0495933444133581,0.926873111071875,0.336446869914069,0.006,99.6429599907316,141.891575026802,2,2,2,0,1,TRUE,0.991365576468149,FALSE,TRUE
200,500,105,500,200000,2,0.001,"SuSiE-RSS: in-sample R",0.191,124,70,0.00217663467588625,11.5139735200688,8.23652287029287,0.0607059456025601,0.0477849952983685,0.931487268801934,0.314659696841572,NA,NA,NA,5,2,2,0,1,TRUE,0.699833156249122,FALSE,TRUE
200,500,105,500,200000,2,0.001,"SuSiE-RSS: reference R0",0.0119999999999996,124,70,0.00217663467588625,11.5139735200688,8.23652287029287,0.0607059456025601,0.0477849952983685,0.931487268801934,0.314659696841572,NA,NA,NA,5,2,2,0,1,TRUE,0.619019922873523,FALSE,TRUE
200,500,105,500,200000,2,0.001,"collapsed-R",0.505,124,70,0.00217663467588625,11.5139735200688,8.23652287029287,0.0607059456025601,0.0477849952983685,0.931487268801934,0.314659696841572,0.008,62.8449083901385,105.390911370262,5,2,2,0,1,TRUE,0.618193309055062,FALSE,TRUE
200,500,105,500,200000,2,0.001,"AIW-N",1.072,124,70,0.00217663467588625,11.5139735200688,8.23652287029287,0.0607059456025601,0.0477849952983685,0.931487268801934,0.314659696841572,0.01,145.726024654639,207.513859108206,5,2,2,0,1,TRUE,0.618569607809556,FALSE,TRUE
200,500,106,500,200000,2,0.001,"SuSiE-RSS: in-sample R",0.201,124,406,-0.000491944834178239,11.5065629693667,8.21620003902559,0.0606000443268148,0.0478492509605682,0.922828901387191,0.312413710640452,NA,NA,NA,5,2,2,0,1,TRUE,0.574398195770289,FALSE,TRUE
200,500,106,500,200000,2,0.001,"SuSiE-RSS: reference R0",0.0220000000000002,124,406,-0.000491944834178239,11.5065629693667,8.21620003902559,0.0606000443268148,0.0478492509605682,0.922828901387191,0.312413710640452,NA,NA,NA,5,4,1,3,0.5,FALSE,0.506121180912548,FALSE,TRUE
200,500,106,500,200000,2,0.001,"collapsed-R",0.519,124,406,-0.000491944834178239,11.5065629693667,8.21620003902559,0.0606000443268148,0.0478492509605682,0.922828901387191,0.312413710640452,0.01,42.3887175054672,71.0858792566685,5,1,1,0,0.5,FALSE,0.498667136041246,TRUE,TRUE
200,500,106,500,200000,2,0.001,"AIW-N",1.255,124,406,-0.000491944834178239,11.5065629693667,8.21620003902559,0.0606000443268148,0.0478492509605682,0.922828901387191,0.312413710640452,0.01,70.0012150606808,99.6817302464094,2,2,2,0,1,TRUE,0.545448708909142,FALSE,TRUE
200,500,107,500,200000,2,0.001,"SuSiE-RSS: in-sample R",0.2,124,453,0.000349556688586916,11.5088998305451,8.22261269954138,0.0631714174054695,0.0494462637944494,0.922421227516021,0.346453800493997,NA,NA,NA,5,2,2,0,1,TRUE,0.999984747385156,FALSE,TRUE
200,500,107,500,200000,2,0.001,"SuSiE-RSS: reference R0",0.0180000000000007,124,453,0.000349556688586916,11.5088998305451,8.22261269954138,0.0631714174054695,0.0494462637944494,0.922421227516021,0.346453800493997,NA,NA,NA,5,4,2,2,1,TRUE,0.99998677957584,FALSE,TRUE
200,500,107,500,200000,2,0.001,"collapsed-R",0.517,124,453,0.000349556688586916,11.5088998305451,8.22261269954138,0.0631714174054695,0.0494462637944494,0.922421227516021,0.346453800493997,0.004,22.0161514453738,36.9210859738918,5,1,1,0,0.5,FALSE,0.499999928908995,TRUE,TRUE
200,500,107,500,200000,2,0.001,"AIW-N",1.098,124,453,0.000349556688586916,11.5088998305451,8.22261269954138,0.0631714174054695,0.0494462637944494,0.922421227516021,0.346453800493997,0.006,62.6577432789005,89.2246264291543,2,2,2,0,1,TRUE,0.999026104767773,FALSE,TRUE
200,500,108,500,200000,2,0.001,"SuSiE-RSS: in-sample R",0.21,124,362,0.00102840479311545,11.510784973595,8.22778309074492,0.0651148144730185,0.0508796324662416,0.911249655835942,0.370276751565006,NA,NA,NA,5,2,2,0,1,TRUE,0.748226441663367,FALSE,TRUE
200,500,108,500,200000,2,0.001,"SuSiE-RSS: reference R0",0.0120000000000005,124,362,0.00102840479311545,11.510784973595,8.22778309074492,0.0651148144730185,0.0508796324662416,0.911249655835942,0.370276751565006,NA,NA,NA,5,2,2,0,1,TRUE,0.746762546122946,FALSE,TRUE
200,500,108,500,200000,2,0.001,"collapsed-R",0.579,124,362,0.00102840479311545,11.510784973595,8.22778309074492,0.0651148144730185,0.0508796324662416,0.911249655835942,0.370276751565006,0.008,57.7525248856244,96.8509842331921,5,2,2,0,1,TRUE,0.61985096655984,FALSE,TRUE
200,500,108,500,200000,2,0.001,"AIW-N",1.101,124,362,0.00102840479311545,11.510784973595,8.22778309074492,0.0651148144730185,0.0508796324662416,0.911249655835942,0.370276751565006,0.01,112.3570345175,159.99641715292,2,2,2,0,1,TRUE,0.74214903126152,FALSE,TRUE
200,2000,101,500,200000,2,0.001,"SuSiE-RSS: in-sample R",0.195,124,47,0.000772823229855762,11.5100752333302,8.22583676465588,0.0475939783686927,0.0373236215131981,0.956449334204087,0.237092493108976,NA,NA,NA,5,2,2,0,1,TRUE,0.74988799945429,FALSE,TRUE
200,2000,101,500,200000,2,0.001,"SuSiE-RSS: reference R0",0.0229999999999997,124,47,0.000772823229855762,11.5100752333302,8.22583676465588,0.0475939783686927,0.0373236215131981,0.956449334204087,0.237092493108976,NA,NA,NA,5,2,2,0,1,TRUE,0.750704406367395,FALSE,TRUE
200,2000,101,500,200000,2,0.001,"collapsed-R",0.999,124,47,0.000772823229855762,11.5100752333302,8.22583676465588,0.0475939783686927,0.0373236215131981,0.956449334204087,0.237092493108976,0.001,93.5077716665426,156.812533084792,5,2,2,0,1,TRUE,0.745979463238204,FALSE,TRUE
200,2000,101,500,200000,2,0.001,"AIW-N",1.11,124,47,0.000772823229855762,11.5100752333302,8.22583676465588,0.0475939783686927,0.0373236215131981,0.956449334204087,0.237092493108976,0.001,162.10500993039,230.837534140875,5,2,2,0,1,TRUE,0.750705124489991,FALSE,TRUE
200,2000,102,500,200000,2,0.001,"SuSiE-RSS: in-sample R",0.192,124,411,6.24808229167115e-05,11.5081026211375,8.22042546585744,0.0455354980144992,0.0356930580674805,0.952034063279463,0.235453792890543,NA,NA,NA,5,2,2,0,1,TRUE,0.51456233502454,FALSE,TRUE
200,2000,102,500,200000,2,0.001,"SuSiE-RSS: reference R0",0.00999999999999979,124,411,6.24808229167115e-05,11.5081026211375,8.22042546585744,0.0455354980144992,0.0356930580674805,0.952034063279463,0.235453792890543,NA,NA,NA,5,2,2,0,1,TRUE,0.524167304265276,FALSE,TRUE
200,2000,102,500,200000,2,0.001,"collapsed-R",0.659999999999999,124,411,6.24808229167115e-05,11.5081026211375,8.22042546585744,0.0455354980144992,0.0356930580674805,0.952034063279463,0.235453792890543,0.001,105.723988402212,177.29912855051,5,2,2,0,1,TRUE,0.411730969404276,FALSE,TRUE
200,2000,102,500,200000,2,0.001,"AIW-N",0.915000000000001,124,411,6.24808229167115e-05,11.5081026211375,8.22042546585744,0.0455354980144992,0.0356930580674805,0.952034063279463,0.235453792890543,0.001,168.701555903,240.231015605872,5,2,2,0,1,TRUE,0.524160410487002,FALSE,TRUE
200,2000,103,500,200000,2,0.001,"SuSiE-RSS: in-sample R",0.192,124,394,-0.000755614479833668,11.5058307475933,8.21418996230527,0.0443245616185351,0.0346263013541663,0.960807109864519,0.233483779085447,NA,NA,NA,5,2,2,0,1,TRUE,0.7499999967005,FALSE,TRUE
200,2000,103,500,200000,2,0.001,"SuSiE-RSS: reference R0",0.0140000000000011,124,394,-0.000755614479833668,11.5058307475933,8.21418996230527,0.0443245616185351,0.0346263013541663,0.960807109864519,0.233483779085447,NA,NA,NA,5,2,2,0,1,TRUE,0.755997674519078,FALSE,TRUE
200,2000,103,500,200000,2,0.001,"collapsed-R",0.575000000000001,124,394,-0.000755614479833668,11.5058307475933,8.21418996230527,0.0443245616185351,0.0346263013541663,0.960807109864519,0.233483779085447,0.001,173.658728153035,291.225687112639,5,2,2,0,1,TRUE,0.755046400042243,FALSE,TRUE
200,2000,103,500,200000,2,0.001,"AIW-N",0.995000000000001,124,394,-0.000755614479833668,11.5058307475933,8.21418996230527,0.0443245616185351,0.0346263013541663,0.960807109864519,0.233483779085447,0.001,176.496272150448,251.330691542238,5,2,2,0,1,TRUE,0.755991206368389,FALSE,TRUE
200,2000,104,500,200000,2,0.001,"SuSiE-RSS: in-sample R",0.206,124,447,-0.00186610844091412,11.5027468201045,8.20572004388116,0.051380569670067,0.0402751688851349,0.950111072439576,0.282653232940878,NA,NA,NA,5,2,2,0,1,TRUE,0.999917934389183,FALSE,TRUE
200,2000,104,500,200000,2,0.001,"SuSiE-RSS: reference R0",0.0139999999999993,124,447,-0.00186610844091412,11.5027468201045,8.20572004388116,0.051380569670067,0.0402751688851349,0.950111072439576,0.282653232940878,NA,NA,NA,5,2,2,0,1,TRUE,0.999403606905348,FALSE,TRUE
200,2000,104,500,200000,2,0.001,"collapsed-R",1.1,124,447,-0.00186610844091412,11.5027468201045,8.20572004388116,0.051380569670067,0.0402751688851349,0.950111072439576,0.282653232940878,0.001,86.3185160117237,144.756151351661,5,2,2,0,1,TRUE,0.959606178292099,FALSE,TRUE
200,2000,104,500,200000,2,0.001,"AIW-N",1.108,124,447,-0.00186610844091412,11.5027468201045,8.20572004388116,0.051380569670067,0.0402751688851349,0.950111072439576,0.282653232940878,0.002,220.424467775918,313.884442112907,4,2,2,0,1,TRUE,0.999374736177405,FALSE,TRUE
200,2000,105,500,200000,2,0.001,"SuSiE-RSS: in-sample R",0.191,124,70,0.00217663467588625,11.5139735200688,8.23652287029287,0.0488967848537786,0.0382451221492415,0.954873579705779,0.270951723397541,NA,NA,NA,5,2,2,0,1,TRUE,0.699833156249122,FALSE,TRUE
200,2000,105,500,200000,2,0.001,"SuSiE-RSS: reference R0",0.0170000000000012,124,70,0.00217663467588625,11.5139735200688,8.23652287029287,0.0488967848537786,0.0382451221492415,0.954873579705779,0.270951723397541,NA,NA,NA,5,2,2,0,1,TRUE,0.558623579483125,FALSE,TRUE
200,2000,105,500,200000,2,0.001,"collapsed-R",0.699,124,70,0.00217663467588625,11.5139735200688,8.23652287029287,0.0488967848537786,0.0382451221492415,0.954873579705779,0.270951723397541,0.001,121.456754471235,203.682977248262,5,2,2,0,1,TRUE,0.599873274241265,FALSE,TRUE
200,2000,105,500,200000,2,0.001,"AIW-N",1.06,124,70,0.00217663467588625,11.5139735200688,8.23652287029287,0.0488967848537786,0.0382451221492415,0.954873579705779,0.270951723397541,0.001,133.715002699964,190.410163844748,5,2,2,0,1,TRUE,0.558632176822969,FALSE,TRUE
200,2000,106,500,200000,2,0.001,"SuSiE-RSS: in-sample R",0.201,124,406,-0.000491944834178239,11.5065629693667,8.21620003902559,0.0483439390446913,0.0379004158901708,0.947989113440794,0.250840003410302,NA,NA,NA,5,2,2,0,1,TRUE,0.574398195770289,FALSE,TRUE
200,2000,106,500,200000,2,0.001,"SuSiE-RSS: reference R0",0.0250000000000004,124,406,-0.000491944834178239,11.5065629693667,8.21620003902559,0.0483439390446913,0.0379004158901708,0.947989113440794,0.250840003410302,NA,NA,NA,5,2,2,0,1,TRUE,0.553992301784001,FALSE,TRUE
200,2000,106,500,200000,2,0.001,"collapsed-R",0.82,124,406,-0.000491944834178239,11.5065629693667,8.21620003902559,0.0483439390446913,0.0379004158901708,0.947989113440794,0.250840003410302,0.001,99.846248875177,167.442159363672,5,2,2,0,1,TRUE,0.582422614416788,FALSE,TRUE
200,2000,106,500,200000,2,0.001,"AIW-N",1.155,124,406,-0.000491944834178239,11.5065629693667,8.21620003902559,0.0483439390446913,0.0379004158901708,0.947989113440794,0.250840003410302,0.001,103.499119351458,147.382745956477,2,2,2,0,1,TRUE,0.591423910958377,FALSE,TRUE
200,2000,107,500,200000,2,0.001,"SuSiE-RSS: in-sample R",0.2,124,453,0.000349556688586916,11.5088998305451,8.22261269954138,0.0498385992197839,0.0392451037160975,0.950592064288115,0.279227859003069,NA,NA,NA,5,2,2,0,1,TRUE,0.999984747385156,FALSE,TRUE
200,2000,107,500,200000,2,0.001,"SuSiE-RSS: reference R0",0.0210000000000008,124,453,0.000349556688586916,11.5088998305451,8.22261269954138,0.0498385992197839,0.0392451037160975,0.950592064288115,0.279227859003069,NA,NA,NA,5,2,2,0,1,TRUE,0.999975068464878,FALSE,TRUE
200,2000,107,500,200000,2,0.001,"collapsed-R",0.606999999999999,124,453,0.000349556688586916,11.5088998305451,8.22261269954138,0.0498385992197839,0.0392451037160975,0.950592064288115,0.279227859003069,0.002,148.219718257481,248.564467517796,5,2,2,0,1,TRUE,0.982845462166853,FALSE,TRUE
200,2000,107,500,200000,2,0.001,"AIW-N",1.214,124,453,0.000349556688586916,11.5088998305451,8.22261269954138,0.0498385992197839,0.0392451037160975,0.950592064288115,0.279227859003069,0.002,149.872548352119,213.418508853417,2,2,2,0,1,TRUE,0.999143331648022,FALSE,TRUE
200,2000,108,500,200000,2,0.001,"SuSiE-RSS: in-sample R",0.21,124,362,0.00102840479311545,11.510784973595,8.22778309074492,0.0504059466239704,0.0393266309531887,0.945464459230912,0.255596213496657,NA,NA,NA,5,2,2,0,1,TRUE,0.748226441663367,FALSE,TRUE
200,2000,108,500,200000,2,0.001,"SuSiE-RSS: reference R0",0.0100000000000007,124,362,0.00102840479311545,11.510784973595,8.22778309074492,0.0504059466239704,0.0393266309531887,0.945464459230912,0.255596213496657,NA,NA,NA,5,2,2,0,1,TRUE,0.744630218732051,FALSE,TRUE
200,2000,108,500,200000,2,0.001,"collapsed-R",0.603999999999999,124,362,0.00102840479311545,11.510784973595,8.22778309074492,0.0504059466239704,0.0393266309531887,0.945464459230912,0.255596213496657,0.001,195.763310614692,328.295071900839,5,2,2,0,1,TRUE,0.722975099646555,FALSE,TRUE
200,2000,108,500,200000,2,0.001,"AIW-N",0.984999999999999,124,362,0.00102840479311545,11.510784973595,8.22778309074492,0.0504059466239704,0.0393266309531887,0.945464459230912,0.255596213496657,0.001,221.408823370366,315.286164479401,5,2,2,0,1,TRUE,0.744635679039026,FALSE,TRUE
1000,100,101,500,200000,2,0.001,"SuSiE-RSS: in-sample R",0.248,124,457,0.000419034998676814,11.5090927710899,8.22314198895796,0.12296901972748,0.0976732530742682,0.676807778263989,0.618614571306585,NA,NA,NA,5,2,2,0,1,TRUE,0.435703717364892,FALSE,TRUE
1000,100,101,500,200000,2,0.001,"SuSiE-RSS: reference R0",0.0369999999999999,124,457,0.000419034998676814,11.5090927710899,8.22314198895796,0.12296901972748,0.0976732530742682,0.676807778263989,0.618614571306585,NA,NA,NA,5,5,2,3,1,TRUE,0.672681302838293,FALSE,TRUE
1000,100,101,500,200000,2,0.001,"collapsed-R",0.564,124,457,0.000419034998676814,11.5090927710899,8.22314198895796,0.12296901972748,0.0976732530742682,0.676807778263989,0.618614571306585,0.01,1.1992376827362,2.0111215939486,5,1,1,0,0.5,FALSE,0.244901512291695,TRUE,TRUE
1000,100,101,500,200000,2,0.001,"AIW-N",1.316,124,457,0.000419034998676814,11.5090927710899,8.22314198895796,0.12296901972748,0.0976732530742682,0.676807778263989,0.618614571306585,0.01,3.0072363835111,4.2823046101198,1,1,1,0,0.5,FALSE,0.244901512291695,TRUE,TRUE
1000,100,102,500,200000,2,0.001,"SuSiE-RSS: in-sample R",0.201,124,207,0.000777303227693062,11.5100876741439,8.22587088412518,0.118270724742321,0.0937872525950162,0.707835119503188,0.579000733790266,NA,NA,NA,5,2,2,0,1,TRUE,0.582709072661034,FALSE,TRUE
1000,100,102,500,200000,2,0.001,"SuSiE-RSS: reference R0",0.0430000000000001,124,207,0.000777303227693062,11.5100876741439,8.22587088412518,0.118270724742321,0.0937872525950162,0.707835119503188,0.579000733790266,NA,NA,NA,5,4,2,2,1,TRUE,0.690018189980509,FALSE,TRUE
1000,100,102,500,200000,2,0.001,"collapsed-R",0.571,124,207,0.000777303227693062,11.5100876741439,8.22587088412518,0.118270724742321,0.0937872525950162,0.707835119503188,0.579000733790266,0.01,1,1.677,5,1,1,0,0.5,FALSE,0.132275157988765,TRUE,TRUE
1000,100,102,500,200000,2,0.001,"AIW-N",1.308,124,207,0.000777303227693062,11.5100876741439,8.22587088412518,0.118270724742321,0.0937872525950162,0.707835119503188,0.579000733790266,0.01,1.79908209016346,2.56189289639276,1,1,1,0,0.5,FALSE,0.132275157988765,TRUE,TRUE
1000,100,103,500,200000,2,0.001,"SuSiE-RSS: in-sample R",0.247,124,418,4.22617480668304e-05,11.5080464726217,8.22027139986275,0.116637912706088,0.0924664147419408,0.7191080408739,0.617353341997822,NA,NA,NA,5,2,2,0,1,TRUE,0.615340222250134,FALSE,TRUE
1000,100,103,500,200000,2,0.001,"SuSiE-RSS: reference R0",0.0379999999999994,124,418,4.22617480668304e-05,11.5080464726217,8.22027139986275,0.116637912706088,0.0924664147419408,0.7191080408739,0.617353341997822,NA,NA,NA,5,5,2,3,1,TRUE,0.710834800343738,FALSE,TRUE
1000,100,103,500,200000,2,0.001,"collapsed-R",0.514,124,418,4.22617480668304e-05,11.5080464726217,8.22027139986275,0.116637912706088,0.0924664147419408,0.7191080408739,0.617353341997822,0.01,1,1.677,5,1,1,0,0.5,FALSE,0.250584525910187,TRUE,TRUE
1000,100,103,500,200000,2,0.001,"AIW-N",1.526,124,418,4.22617480668304e-05,11.5080464726217,8.22027139986275,0.116637912706088,0.0924664147419408,0.7191080408739,0.617353341997822,0.01,1.63498741189698,2.32822207454129,1,1,1,0,0.5,FALSE,0.250584525910187,TRUE,TRUE
1000,100,104,500,200000,2,0.001,"SuSiE-RSS: in-sample R",0.202,124,372,0.000205370258344912,11.5084994255094,8.22151419708217,0.118116982213102,0.0932609658508818,0.726415274071047,0.532064825990649,NA,NA,NA,5,2,2,0,1,TRUE,0.487850076992457,FALSE,TRUE
1000,100,104,500,200000,2,0.001,"SuSiE-RSS: reference R0",0.024,124,372,0.000205370258344912,11.5084994255094,8.22151419708217,0.118116982213102,0.0932609658508818,0.726415274071047,0.532064825990649,NA,NA,NA,5,5,2,3,1,TRUE,0.452379561456121,FALSE,TRUE
1000,100,104,500,200000,2,0.001,"collapsed-R",0.58,124,372,0.000205370258344912,11.5084994255094,8.22151419708217,0.118116982213102,0.0932609658508818,0.726415274071047,0.532064825990649,0.01,1,1.677,5,1,1,0,0.5,FALSE,0.24999659536271,TRUE,TRUE
1000,100,104,500,200000,2,0.001,"AIW-N",1.213,124,372,0.000205370258344912,11.5084994255094,8.22151419708217,0.118116982213102,0.0932609658508818,0.726415274071047,0.532064825990649,0.01,1.49196950951486,2.12456458154916,1,1,1,0,0.5,FALSE,0.24999659536271,TRUE,TRUE
1000,100,105,500,200000,2,0.001,"SuSiE-RSS: in-sample R",0.209,124,441,-0.000696843688305232,11.5059939568802,8.2146380318366,0.114059886335463,0.0907531003504676,0.732575489860364,0.604970841004948,NA,NA,NA,5,2,2,0,1,TRUE,0.16762949002276,FALSE,TRUE
1000,100,105,500,200000,2,0.001,"SuSiE-RSS: reference R0",0.0289999999999999,124,441,-0.000696843688305232,11.5059939568802,8.2146380318366,0.114059886335463,0.0907531003504676,0.732575489860364,0.604970841004948,NA,NA,NA,5,5,2,3,1,TRUE,0.132222654547633,FALSE,TRUE
1000,100,105,500,200000,2,0.001,"collapsed-R",0.498,124,441,-0.000696843688305232,11.5059939568802,8.2146380318366,0.114059886335463,0.0907531003504676,0.732575489860364,0.604970841004948,0.01,1.09757454705869,1.84063251541742,5,1,1,0,0.5,FALSE,0.0714073716232668,TRUE,TRUE
1000,100,105,500,200000,2,0.001,"AIW-N",1.317,124,441,-0.000696843688305232,11.5059939568802,8.2146380318366,0.114059886335463,0.0907531003504676,0.732575489860364,0.604970841004948,0.01,1.84597356811331,2.62866636099335,1,1,1,0,0.5,FALSE,0.0714073716232668,TRUE,TRUE
1000,100,106,500,200000,2,0.001,"SuSiE-RSS: in-sample R",0.217000000000001,124,409,0.000163665710936453,11.5083836119731,8.22119644493711,0.120336191102086,0.0955444672819813,0.74042746860572,0.566475856031546,NA,NA,NA,5,2,2,0,1,TRUE,0.729305796687522,FALSE,TRUE
1000,100,106,500,200000,2,0.001,"SuSiE-RSS: reference R0",0.056,124,409,0.000163665710936453,11.5083836119731,8.22119644493711,0.120336191102086,0.0955444672819813,0.74042746860572,0.566475856031546,NA,NA,NA,5,5,2,3,1,TRUE,0.742423883281893,FALSE,TRUE
1000,100,106,500,200000,2,0.001,"collapsed-R",0.544,124,409,0.000163665710936453,11.5083836119731,8.22119644493711,0.120336191102086,0.0955444672819813,0.74042746860572,0.566475856031546,0.01,1,1.677,5,1,1,0,0.5,FALSE,0.499995031715628,TRUE,TRUE
1000,100,106,500,200000,2,0.001,"AIW-N",1.81,124,409,0.000163665710936453,11.5083836119731,8.22119644493711,0.120336191102086,0.0955444672819813,0.74042746860572,0.566475856031546,0.01,2.47548821398086,3.52509521670875,1,1,1,0,0.5,FALSE,0.499995031715628,TRUE,TRUE
1000,100,107,500,200000,2,0.001,"SuSiE-RSS: in-sample R",0.206,124,332,-0.000552736680680816,11.5063941481519,8.21573662756675,0.119042458958553,0.0943541918585409,0.729140226312049,0.602699226783575,NA,NA,NA,5,2,2,0,1,TRUE,0.653821436021906,FALSE,TRUE
1000,100,107,500,200000,2,0.001,"SuSiE-RSS: reference R0",0.0209999999999999,124,332,-0.000552736680680816,11.5063941481519,8.21573662756675,0.119042458958553,0.0943541918585409,0.729140226312049,0.602699226783575,NA,NA,NA,5,4,1,3,0.5,FALSE,0.500079908935641,FALSE,TRUE
1000,100,107,500,200000,2,0.001,"collapsed-R",0.58,124,332,-0.000552736680680816,11.5063941481519,8.21573662756675,0.119042458958553,0.0943541918585409,0.729140226312049,0.602699226783575,0.01,1,1.677,5,1,1,0,0.5,FALSE,0.499999999577012,TRUE,TRUE
1000,100,107,500,200000,2,0.001,"AIW-N",1.264,124,332,-0.000552736680680816,11.5063941481519,8.21573662756675,0.119042458958553,0.0943541918585409,0.729140226312049,0.602699226783575,0.01,1.76637538530741,2.51531854867775,1,1,1,0,0.5,FALSE,0.499999999577012,TRUE,TRUE
1000,100,108,500,200000,2,0.001,"SuSiE-RSS: in-sample R",0.208,124,398,0.000154499577287259,11.5083581576058,8.22112660577088,0.115760680363015,0.0920782532645126,0.724830884353865,0.547334573633488,NA,NA,NA,5,2,2,0,1,TRUE,0.999999631994469,FALSE,TRUE
1000,100,108,500,200000,2,0.001,"SuSiE-RSS: reference R0",0.0249999999999995,124,398,0.000154499577287259,11.5083581576058,8.22112660577088,0.115760680363015,0.0920782532645126,0.724830884353865,0.547334573633488,NA,NA,NA,5,5,2,3,1,TRUE,0.999999999850673,FALSE,TRUE
1000,100,108,500,200000,2,0.001,"collapsed-R",0.593,124,398,0.000154499577287259,11.5083581576058,8.22112660577088,0.115760680363015,0.0920782532645126,0.724830884353865,0.547334573633488,0.01,1,1.677,5,1,1,0,0.5,FALSE,0.499998667992109,TRUE,TRUE
1000,100,108,500,200000,2,0.001,"AIW-N",1.245,124,398,0.000154499577287259,11.5083581576058,8.22112660577088,0.115760680363015,0.0920782532645126,0.724830884353865,0.547334573633488,0.01,1.28509734032499,1.82997861262278,1,1,1,0,0.5,FALSE,0.499998667992109,TRUE,TRUE
1000,500,101,500,200000,2,0.001,"SuSiE-RSS: in-sample R",0.248,124,457,0.000419034998676814,11.5090927710899,8.22314198895796,0.0808089119288943,0.0631919879274778,0.822371781651085,0.412137689631034,NA,NA,NA,5,2,2,0,1,TRUE,0.435703717364892,FALSE,TRUE
1000,500,101,500,200000,2,0.001,"SuSiE-RSS: reference R0",0.0140000000000002,124,457,0.000419034998676814,11.5090927710899,8.22314198895796,0.0808089119288943,0.0631919879274778,0.822371781651085,0.412137689631034,NA,NA,NA,5,3,2,1,1,TRUE,0.49327701255931,FALSE,TRUE
1000,500,101,500,200000,2,0.001,"collapsed-R",0.402,124,457,0.000419034998676814,11.5090927710899,8.22314198895796,0.0808089119288943,0.0631919879274778,0.822371781651085,0.412137689631034,0.01,27.31365476953,45.8049990485019,5,1,1,0,0.5,FALSE,0.244901512291695,TRUE,TRUE
1000,500,101,500,200000,2,0.001,"AIW-N",1.056,124,457,0.000419034998676814,11.5090927710899,8.22314198895796,0.0808089119288943,0.0631919879274778,0.822371781651085,0.412137689631034,0.01,31.9128557611569,45.4439066038874,1,1,1,0,0.5,FALSE,0.244901512291695,TRUE,TRUE
1000,500,102,500,200000,2,0.001,"SuSiE-RSS: in-sample R",0.201,124,207,0.000777303227693062,11.5100876741439,8.22587088412518,0.0799916255341206,0.0626291944283042,0.828351789143783,0.411501077119588,NA,NA,NA,5,2,2,0,1,TRUE,0.582709072661034,FALSE,TRUE
1000,500,102,500,200000,2,0.001,"SuSiE-RSS: reference R0",0.0120000000000005,124,207,0.000777303227693062,11.5100876741439,8.22587088412518,0.0799916255341206,0.0626291944283042,0.828351789143783,0.411501077119588,NA,NA,NA,5,2,2,0,1,TRUE,0.662132666981974,FALSE,TRUE
1000,500,102,500,200000,2,0.001,"collapsed-R",0.396,124,207,0.000777303227693062,11.5100876741439,8.22587088412518,0.0799916255341206,0.0626291944283042,0.828351789143783,0.411501077119588,0.01,27.1712705518174,45.5662207153978,5,1,1,0,0.5,FALSE,0.132275157988765,TRUE,TRUE
1000,500,102,500,200000,2,0.001,"AIW-N",1.03,124,207,0.000777303227693062,11.5100876741439,8.22587088412518,0.0799916255341206,0.0626291944283042,0.828351789143783,0.411501077119588,0.01,30.2704961027589,43.1051864503286,1,1,1,0,0.5,FALSE,0.132275157988765,TRUE,TRUE
1000,500,103,500,200000,2,0.001,"SuSiE-RSS: in-sample R",0.247,124,418,4.22617480668304e-05,11.5080464726217,8.22027139986275,0.0817658480985532,0.0642096073430829,0.836406883878219,0.54162880160014,NA,NA,NA,5,2,2,0,1,TRUE,0.615340222250134,FALSE,TRUE
1000,500,103,500,200000,2,0.001,"SuSiE-RSS: reference R0",0.0209999999999999,124,418,4.22617480668304e-05,11.5080464726217,8.22027139986275,0.0817658480985532,0.0642096073430829,0.836406883878219,0.54162880160014,NA,NA,NA,5,4,2,2,1,TRUE,0.732756569802823,FALSE,TRUE
1000,500,103,500,200000,2,0.001,"collapsed-R",0.295,124,418,4.22617480668304e-05,11.5080464726217,8.22027139986275,0.0817658480985532,0.0642096073430829,0.836406883878219,0.54162880160014,0.01,13.8985462601741,23.3078620783119,5,1,1,0,0.5,FALSE,0.250584525910187,TRUE,TRUE
1000,500,103,500,200000,2,0.001,"AIW-N",1.209,124,418,4.22617480668304e-05,11.5080464726217,8.22027139986275,0.0817658480985532,0.0642096073430829,0.836406883878219,0.54162880160014,0.01,19.8131494780912,28.2139248568019,1,1,1,0,0.5,FALSE,0.250584525910187,TRUE,TRUE
1000,500,104,500,200000,2,0.001,"SuSiE-RSS: in-sample R",0.202,124,372,0.000205370258344912,11.5084994255094,8.22151419708217,0.0783800852041245,0.0609699010919663,0.857977539913578,0.434997607530174,NA,NA,NA,5,2,2,0,1,TRUE,0.487850076992457,FALSE,TRUE
1000,500,104,500,200000,2,0.001,"SuSiE-RSS: reference R0",0.0169999999999995,124,372,0.000205370258344912,11.5084994255094,8.22151419708217,0.0783800852041245,0.0609699010919663,0.857977539913578,0.434997607530174,NA,NA,NA,5,2,2,0,1,TRUE,0.397418980629659,FALSE,TRUE
1000,500,104,500,200000,2,0.001,"collapsed-R",0.441,124,372,0.000205370258344912,11.5084994255094,8.22151419708217,0.0783800852041245,0.0609699010919663,0.857977539913578,0.434997607530174,0.008,24.6751935354589,41.3802995589646,5,1,1,0,0.5,FALSE,0.24999659536271,TRUE,TRUE
1000,500,104,500,200000,2,0.001,"AIW-N",1.201,124,372,0.000205370258344912,11.5084994255094,8.22151419708217,0.0783800852041245,0.0609699010919663,0.857977539913578,0.434997607530174,0.01,63.1507699079969,89.9266963489876,2,2,2,0,1,TRUE,0.407567928666234,FALSE,TRUE
1000,500,105,500,200000,2,0.001,"SuSiE-RSS: in-sample R",0.209,124,441,-0.000696843688305232,11.5059939568802,8.2146380318366,0.0773011443341634,0.0604890888926171,0.846332032533434,0.551875522833958,NA,NA,NA,5,2,2,0,1,TRUE,0.16762949002276,FALSE,TRUE
1000,500,105,500,200000,2,0.001,"SuSiE-RSS: reference R0",0.0150000000000006,124,441,-0.000696843688305232,11.5059939568802,8.2146380318366,0.0773011443341634,0.0604890888926171,0.846332032533434,0.551875522833958,NA,NA,NA,5,3,2,1,1,TRUE,0.270016182625973,FALSE,TRUE
1000,500,105,500,200000,2,0.001,"collapsed-R",0.329,124,441,-0.000696843688305232,11.5059939568802,8.2146380318366,0.0773011443341634,0.0604890888926171,0.846332032533434,0.551875522833958,0.01,18.5436855969497,31.0977607460847,5,1,1,0,0.5,FALSE,0.0714073716232668,TRUE,TRUE
1000,500,105,500,200000,2,0.001,"AIW-N",1.072,124,441,-0.000696843688305232,11.5059939568802,8.2146380318366,0.0773011443341634,0.0604890888926171,0.846332032533434,0.551875522833958,0.01,21.4656967633817,30.5671521910556,1,1,1,0,0.5,FALSE,0.0714073716232668,TRUE,TRUE
1000,500,106,500,200000,2,0.001,"SuSiE-RSS: in-sample R",0.217000000000001,124,409,0.000163665710936453,11.5083836119731,8.22119644493711,0.0820585891811803,0.0640528275094831,0.85097554145704,0.465841659115001,NA,NA,NA,5,2,2,0,1,TRUE,0.729305796687522,FALSE,TRUE
1000,500,106,500,200000,2,0.001,"SuSiE-RSS: reference R0",0.0309999999999988,124,409,0.000163665710936453,11.5083836119731,8.22119644493711,0.0820585891811803,0.0640528275094831,0.85097554145704,0.465841659115001,NA,NA,NA,5,3,2,1,1,TRUE,0.64329392949241,FALSE,TRUE
1000,500,106,500,200000,2,0.001,"collapsed-R",0.359,124,409,0.000163665710936453,11.5083836119731,8.22119644493711,0.0820585891811803,0.0640528275094831,0.85097554145704,0.465841659115001,0.01,21.6592452935063,36.32255435721,5,1,1,0,0.5,FALSE,0.499995031715628,TRUE,TRUE
1000,500,106,500,200000,2,0.001,"AIW-N",1.472,124,409,0.000163665710936453,11.5083836119731,8.22119644493711,0.0820585891811803,0.0640528275094831,0.85097554145704,0.465841659115001,0.01,51.5644010374285,73.4277070772982,2,2,2,0,1,TRUE,0.714605098122353,FALSE,TRUE
1000,500,107,500,200000,2,0.001,"SuSiE-RSS: in-sample R",0.206,124,332,-0.000552736680680816,11.5063941481519,8.21573662756675,0.0837084872500427,0.0655294796569705,0.842045306792458,0.434853201843803,NA,NA,NA,5,2,2,0,1,TRUE,0.653821436021906,FALSE,TRUE
1000,500,107,500,200000,2,0.001,"SuSiE-RSS: reference R0",0.0209999999999999,124,332,-0.000552736680680816,11.5063941481519,8.21573662756675,0.0837084872500427,0.0655294796569705,0.842045306792458,0.434853201843803,NA,NA,NA,5,2,2,0,1,TRUE,0.675026390654104,FALSE,TRUE
1000,500,107,500,200000,2,0.001,"collapsed-R",0.477,124,332,-0.000552736680680816,11.5063941481519,8.21573662756675,0.0837084872500427,0.0655294796569705,0.842045306792458,0.434853201843803,0.004,14.616793278872,24.5123623286684,5,1,1,0,0.5,FALSE,0.499999999577012,TRUE,TRUE
1000,500,107,500,200000,2,0.001,"AIW-N",1.11,124,332,-0.000552736680680816,11.5063941481519,8.21573662756675,0.0837084872500427,0.0655294796569705,0.842045306792458,0.434853201843803,0.006,43.891348988459,62.5012809595656,2,2,2,0,1,TRUE,0.627924658133389,FALSE,TRUE
1000,500,108,500,200000,2,0.001,"SuSiE-RSS: in-sample R",0.208,124,398,0.000154499577287259,11.5083581576058,8.22112660577088,0.0802296835778315,0.0629928514666622,0.837421277007491,0.4139819022669,NA,NA,NA,5,2,2,0,1,TRUE,0.999999631994469,FALSE,TRUE
1000,500,108,500,200000,2,0.001,"SuSiE-RSS: reference R0",0.0440000000000005,124,398,0.000154499577287259,11.5083581576058,8.22112660577088,0.0802296835778315,0.0629928514666622,0.837421277007491,0.4139819022669,NA,NA,NA,5,2,2,0,1,TRUE,0.999999996367841,FALSE,TRUE
1000,500,108,500,200000,2,0.001,"collapsed-R",0.391,124,398,0.000154499577287259,11.5083581576058,8.22112660577088,0.0802296835778315,0.0629928514666622,0.837421277007491,0.4139819022669,0.008,19.5982492035265,32.866263914314,5,1,1,0,0.5,FALSE,0.499998667992109,TRUE,TRUE
1000,500,108,500,200000,2,0.001,"AIW-N",1.422,124,398,0.000154499577287259,11.5083581576058,8.22112660577088,0.0802296835778315,0.0629928514666622,0.837421277007491,0.4139819022669,0.01,27.7291289306427,39.4862795972352,1,1,1,0,0.5,FALSE,0.499998667992109,TRUE,TRUE
1000,2000,101,500,200000,2,0.001,"SuSiE-RSS: in-sample R",0.248,124,457,0.000419034998676814,11.5090927710899,8.22314198895796,0.0709696076752824,0.0544608569157199,0.85704448442308,0.406759385107786,NA,NA,NA,5,2,2,0,1,TRUE,0.435703717364892,FALSE,TRUE
1000,2000,101,500,200000,2,0.001,"SuSiE-RSS: reference R0",0.0140000000000011,124,457,0.000419034998676814,11.5090927710899,8.22314198895796,0.0709696076752824,0.0544608569157199,0.85704448442308,0.406759385107786,NA,NA,NA,5,3,2,1,1,TRUE,0.437526719228893,FALSE,TRUE
1000,2000,101,500,200000,2,0.001,"collapsed-R",0.723000000000001,124,457,0.000419034998676814,11.5090927710899,8.22314198895796,0.0709696076752824,0.0544608569157199,0.85704448442308,0.406759385107786,0.01,63.0217461891487,105.687468359202,5,1,1,0,0.5,FALSE,0.244901512291695,TRUE,TRUE
1000,2000,101,500,200000,2,0.001,"AIW-N",0.99,124,457,0.000419034998676814,11.5090927710899,8.22314198895796,0.0709696076752824,0.0544608569157199,0.85704448442308,0.406759385107786,0.01,64.6987483897063,92.1310177069417,1,1,1,0,0.5,FALSE,0.244901512291695,TRUE,TRUE
1000,2000,102,500,200000,2,0.001,"SuSiE-RSS: in-sample R",0.201,124,207,0.000777303227693062,11.5100876741439,8.22587088412518,0.0713325777297291,0.0551746083437479,0.856972803084945,0.358816205882079,NA,NA,NA,5,2,2,0,1,TRUE,0.582709072661034,FALSE,TRUE
1000,2000,102,500,200000,2,0.001,"SuSiE-RSS: reference R0",0.0109999999999992,124,207,0.000777303227693062,11.5100876741439,8.22587088412518,0.0713325777297291,0.0551746083437479,0.856972803084945,0.358816205882079,NA,NA,NA,5,2,2,0,1,TRUE,0.651962283891769,FALSE,TRUE
1000,2000,102,500,200000,2,0.001,"collapsed-R",0.606999999999999,124,207,0.000777303227693062,11.5100876741439,8.22587088412518,0.0713325777297291,0.0551746083437479,0.856972803084945,0.358816205882079,0.001,26.5383676861757,44.5048426097167,5,1,1,0,0.5,FALSE,0.132275157988765,TRUE,TRUE
1000,2000,102,500,200000,2,0.001,"AIW-N",0.928000000000001,124,207,0.000777303227693062,11.5100876741439,8.22587088412518,0.0713325777297291,0.0551746083437479,0.856972803084945,0.358816205882079,0.006,91.4043194271525,130.159750864265,5,2,2,0,1,TRUE,0.651772803388958,FALSE,TRUE
1000,2000,103,500,200000,2,0.001,"SuSiE-RSS: in-sample R",0.247,124,418,4.22617480668304e-05,11.5080464726217,8.22027139986275,0.0718683819667845,0.0556949634577043,0.869152543485966,0.504893712620365,NA,NA,NA,5,2,2,0,1,TRUE,0.615340222250134,FALSE,TRUE
1000,2000,103,500,200000,2,0.001,"SuSiE-RSS: reference R0",0.0180000000000007,124,418,4.22617480668304e-05,11.5080464726217,8.22027139986275,0.0718683819667845,0.0556949634577043,0.869152543485966,0.504893712620365,NA,NA,NA,5,3,2,1,1,TRUE,0.680792128965804,FALSE,TRUE
1000,2000,103,500,200000,2,0.001,"collapsed-R",0.542,124,418,4.22617480668304e-05,11.5080464726217,8.22027139986275,0.0718683819667845,0.0556949634577043,0.869152543485966,0.504893712620365,0.004,27.9792680733468,46.9212325590026,5,1,1,0,0.5,FALSE,0.250584525910187,TRUE,TRUE
1000,2000,103,500,200000,2,0.001,"AIW-N",1.125,124,418,4.22617480668304e-05,11.5080464726217,8.22027139986275,0.0718683819667845,0.0556949634577043,0.869152543485966,0.504893712620365,0.004,32.2616314056994,45.940563121716,1,1,1,0,0.5,FALSE,0.250584525910187,TRUE,TRUE
1000,2000,104,500,200000,2,0.001,"SuSiE-RSS: in-sample R",0.202,124,372,0.000205370258344912,11.5084994255094,8.22151419708217,0.0712256342934409,0.0550642375957303,0.879096855798859,0.399115788565248,NA,NA,NA,5,2,2,0,1,TRUE,0.487850076992457,FALSE,TRUE
1000,2000,104,500,200000,2,0.001,"SuSiE-RSS: reference R0",0.0109999999999992,124,372,0.000205370258344912,11.5084994255094,8.22151419708217,0.0712256342934409,0.0550642375957303,0.879096855798859,0.399115788565248,NA,NA,NA,5,2,2,0,1,TRUE,0.432269501698048,FALSE,TRUE
1000,2000,104,500,200000,2,0.001,"collapsed-R",0.696,124,372,0.000205370258344912,11.5084994255094,8.22151419708217,0.0712256342934409,0.0550642375957303,0.879096855798859,0.399115788565248,0.002,43.9581341486832,73.7177909673418,5,2,2,0,1,TRUE,0.483492045705858,FALSE,TRUE
1000,2000,104,500,200000,2,0.001,"AIW-N",1.002,124,372,0.000205370258344912,11.5084994255094,8.22151419708217,0.0712256342934409,0.0550642375957303,0.879096855798859,0.399115788565248,0.001,72.5667306720932,103.335024477061,2,2,2,0,1,TRUE,0.433455867092776,FALSE,TRUE
1000,2000,105,500,200000,2,0.001,"SuSiE-RSS: in-sample R",0.209,124,441,-0.000696843688305232,11.5059939568802,8.2146380318366,0.0687478672257419,0.0529966286083456,0.872748027916068,0.54429936723382,NA,NA,NA,5,2,2,0,1,TRUE,0.16762949002276,FALSE,TRUE
1000,2000,105,500,200000,2,0.001,"SuSiE-RSS: reference R0",0.0129999999999999,124,441,-0.000696843688305232,11.5059939568802,8.2146380318366,0.0687478672257419,0.0529966286083456,0.872748027916068,0.54429936723382,NA,NA,NA,5,3,2,1,1,TRUE,0.175283981244301,FALSE,TRUE
1000,2000,105,500,200000,2,0.001,"collapsed-R",0.453000000000001,124,441,-0.000696843688305232,11.5059939568802,8.2146380318366,0.0687478672257419,0.0529966286083456,0.872748027916068,0.54429936723382,0.001,20.9334625933683,35.1054167690786,5,1,1,0,0.5,FALSE,0.0714073716232668,TRUE,TRUE
1000,2000,105,500,200000,2,0.001,"AIW-N",0.98,124,441,-0.000696843688305232,11.5059939568802,8.2146380318366,0.0687478672257419,0.0529966286083456,0.872748027916068,0.54429936723382,0.002,50.8188254333424,72.3660074170795,2,2,2,0,1,TRUE,0.172584265005251,FALSE,TRUE
1000,2000,106,500,200000,2,0.001,"SuSiE-RSS: in-sample R",0.217000000000001,124,409,0.000163665710936453,11.5083836119731,8.22119644493711,0.0703886129011161,0.0543444584170985,0.884995069491859,0.39170105489977,NA,NA,NA,5,2,2,0,1,TRUE,0.729305796687522,FALSE,TRUE
1000,2000,106,500,200000,2,0.001,"SuSiE-RSS: reference R0",0.0150000000000006,124,409,0.000163665710936453,11.5083836119731,8.22119644493711,0.0703886129011161,0.0543444584170985,0.884995069491859,0.39170105489977,NA,NA,NA,5,2,2,0,1,TRUE,0.682845147891496,FALSE,TRUE
1000,2000,106,500,200000,2,0.001,"collapsed-R",0.603,124,409,0.000163665710936453,11.5083836119731,8.22119644493711,0.0703886129011161,0.0543444584170985,0.884995069491859,0.39170105489977,0.006,48.4612793182847,81.2695654167635,5,2,2,0,1,TRUE,0.732630864546913,FALSE,TRUE
1000,2000,106,500,200000,2,0.001,"AIW-N",1.053,124,409,0.000163665710936453,11.5083836119731,8.22119644493711,0.0703886129011161,0.0543444584170985,0.884995069491859,0.39170105489977,0.004,83.9122927213453,119.491104835196,2,2,2,0,1,TRUE,0.68985052075916,FALSE,TRUE
1000,2000,107,500,200000,2,0.001,"SuSiE-RSS: in-sample R",0.206,124,332,-0.000552736680680816,11.5063941481519,8.21573662756675,0.0770413102196758,0.0599985819467442,0.86399164898593,0.417603268513816,NA,NA,NA,5,2,2,0,1,TRUE,0.653821436021906,FALSE,TRUE
1000,2000,107,500,200000,2,0.001,"SuSiE-RSS: reference R0",0.0240000000000009,124,332,-0.000552736680680816,11.5063941481519,8.21573662756675,0.0770413102196758,0.0599985819467442,0.86399164898593,0.417603268513816,NA,NA,NA,5,2,2,0,1,TRUE,0.676426889751358,FALSE,TRUE
1000,2000,107,500,200000,2,0.001,"collapsed-R",0.747999999999999,124,332,-0.000552736680680816,11.5063941481519,8.21573662756675,0.0770413102196758,0.0599985819467442,0.86399164898593,0.417603268513816,0.001,33.1420006751883,55.5791351322908,5,1,1,0,0.5,FALSE,0.499999999577012,TRUE,TRUE
1000,2000,107,500,200000,2,0.001,"AIW-N",1.12,124,332,-0.000552736680680816,11.5063941481519,8.21573662756675,0.0770413102196758,0.0599985819467442,0.86399164898593,0.417603268513816,0.001,60.2013619810455,85.7267394610088,2,2,2,0,1,TRUE,0.653523129629649,FALSE,TRUE
1000,2000,108,500,200000,2,0.001,"SuSiE-RSS: in-sample R",0.208,124,398,0.000154499577287259,11.5083581576058,8.22112660577088,0.0716168741720583,0.0555749962053934,0.865813863925474,0.436057162553259,NA,NA,NA,5,2,2,0,1,TRUE,0.999999631994469,FALSE,TRUE
1000,2000,108,500,200000,2,0.001,"SuSiE-RSS: reference R0",0.0179999999999989,124,398,0.000154499577287259,11.5083581576058,8.22112660577088,0.0716168741720583,0.0555749962053934,0.865813863925474,0.436057162553259,NA,NA,NA,5,2,2,0,1,TRUE,0.999999821197989,FALSE,TRUE
1000,2000,108,500,200000,2,0.001,"collapsed-R",0.623999999999999,124,398,0.000154499577287259,11.5083581576058,8.22112660577088,0.0716168741720583,0.0555749962053934,0.865813863925474,0.436057162553259,0.001,34.490290163401,57.8402166040235,5,1,1,0,0.5,FALSE,0.499998667992109,TRUE,TRUE
1000,2000,108,500,200000,2,0.001,"AIW-N",1.116,124,398,0.000154499577287259,11.5083581576058,8.22112660577088,0.0716168741720583,0.0555749962053934,0.865813863925474,0.436057162553259,0.001,62.6807948089453,89.2574518079381,2,2,2,0,1,TRUE,0.99999907012828,FALSE,TRUE
5000,100,101,500,200000,2,0.001,"SuSiE-RSS: in-sample R",0.201,124,416,7.17547053494475e-05,11.5081283747683,8.22049613056822,0.131042841846171,0.102421580847814,0.504920360191362,0.747059459787361,NA,NA,NA,5,2,2,0,1,TRUE,0.994315776384045,FALSE,TRUE
5000,100,101,500,200000,2,0.001,"SuSiE-RSS: reference R0",0.0269999999999992,124,416,7.17547053494475e-05,11.5081283747683,8.22049613056822,0.131042841846171,0.102421580847814,0.504920360191362,0.747059459787361,NA,NA,NA,5,5,2,3,1,TRUE,0.997427442851654,FALSE,TRUE
5000,100,101,500,200000,2,0.001,"collapsed-R",0.584,124,416,7.17547053494475e-05,11.5081283747683,8.22049613056822,0.131042841846171,0.102421580847814,0.504920360191362,0.747059459787361,0.01,1,1.677,5,1,1,0,0.5,FALSE,0.490745716110502,TRUE,TRUE
5000,100,101,500,200000,2,0.001,"AIW-N",1.333,124,416,7.17547053494475e-05,11.5081283747683,8.22049613056822,0.131042841846171,0.102421580847814,0.504920360191362,0.747059459787361,0.01,0.98472079815086,1.40224241656683,1,1,1,0,0.5,FALSE,0.490745716110502,TRUE,TRUE
5000,100,102,500,200000,2,0.001,"SuSiE-RSS: in-sample R",0.207,124,187,-0.000381975153585798,11.5068683587672,8.21703827878119,0.133655139485386,0.105009650013134,0.569372166765007,0.993397483758139,NA,NA,NA,5,2,2,0,1,TRUE,0.999999999765752,FALSE,TRUE
5000,100,102,500,200000,2,0.001,"SuSiE-RSS: reference R0",0.0230000000000006,124,187,-0.000381975153585798,11.5068683587672,8.21703827878119,0.133655139485386,0.105009650013134,0.569372166765007,0.993397483758139,NA,NA,NA,5,5,2,3,1,TRUE,1,FALSE,TRUE
5000,100,102,500,200000,2,0.001,"collapsed-R",0.577999999999999,124,187,-0.000381975153585798,11.5068683587672,8.21703827878119,0.133655139485386,0.105009650013134,0.569372166765007,0.993397483758139,0.01,1,1.677,5,1,1,0,0.5,FALSE,0.49999999994556,TRUE,TRUE
5000,100,102,500,200000,2,0.001,"AIW-N",1.14,124,187,-0.000381975153585798,11.5068683587672,8.21703827878119,0.133655139485386,0.105009650013134,0.569372166765007,0.993397483758139,0.01,1.03837404504147,1.47864464013905,1,1,1,0,0.5,FALSE,0.49999999994556,TRUE,TRUE
5000,100,103,500,200000,2,0.001,"SuSiE-RSS: in-sample R",0.203,124,404,0.000306594628321665,11.508780525222,8.22228539934899,0.134535739095414,0.105170567815403,0.516083852171553,0.796403793002058,NA,NA,NA,5,2,2,0,1,TRUE,0.999203411930243,FALSE,TRUE
5000,100,103,500,200000,2,0.001,"SuSiE-RSS: reference R0",0.024,124,404,0.000306594628321665,11.508780525222,8.22228539934899,0.134535739095414,0.105170567815403,0.516083852171553,0.796403793002058,NA,NA,NA,5,5,2,3,1,TRUE,1,FALSE,TRUE
5000,100,103,500,200000,2,0.001,"collapsed-R",0.576999999999999,124,404,0.000306594628321665,11.508780525222,8.22228539934899,0.134535739095414,0.105170567815403,0.516083852171553,0.796403793002058,0.01,1,1.677,5,1,1,0,0.5,FALSE,0.5,TRUE,TRUE
5000,100,103,500,200000,2,0.001,"AIW-N",1.237,124,404,0.000306594628321665,11.508780525222,8.22228539934899,0.134535739095414,0.105170567815403,0.516083852171553,0.796403793002058,0.01,1.20538706103171,1.71647117490915,1,1,1,0,0.5,FALSE,0.5,TRUE,TRUE
5000,100,104,500,200000,2,0.001,"SuSiE-RSS: in-sample R",0.197,124,381,-2.11060329184057e-05,11.5078704997005,8.21978853366919,0.133803803697218,0.105827307923611,0.518903345780134,0.651864028786925,NA,NA,NA,5,2,2,0,1,TRUE,0.997645870772061,FALSE,TRUE
5000,100,104,500,200000,2,0.001,"SuSiE-RSS: reference R0",0.0220000000000002,124,381,-2.11060329184057e-05,11.5078704997005,8.21978853366919,0.133803803697218,0.105827307923611,0.518903345780134,0.651864028786925,NA,NA,NA,5,5,2,3,1,TRUE,0.999999999607973,FALSE,TRUE
5000,100,104,500,200000,2,0.001,"collapsed-R",0.569,124,381,-2.11060329184057e-05,11.5078704997005,8.21978853366919,0.133803803697218,0.105827307923611,0.518903345780134,0.651864028786925,0.01,1,1.677,5,1,1,0,0.5,FALSE,0.499440967681341,TRUE,TRUE
5000,100,104,500,200000,2,0.001,"AIW-N",1.188,124,381,-2.11060329184057e-05,11.5078704997005,8.21978853366919,0.133803803697218,0.105827307923611,0.518903345780134,0.651864028786925,0.01,1.06734833616194,1.5199040306946,1,1,1,0,0.5,FALSE,0.499440967681341,TRUE,TRUE
5000,100,105,500,200000,2,0.001,"SuSiE-RSS: in-sample R",0.208,124,271,2.32165362949807e-05,11.5079935839125,8.22012627650245,0.13005243541801,0.102180543131461,0.521101267367247,0.697618501057416,NA,NA,NA,5,2,2,0,1,TRUE,0.985081707561939,FALSE,TRUE
5000,100,105,500,200000,2,0.001,"SuSiE-RSS: reference R0",0.0789999999999997,124,271,2.32165362949807e-05,11.5079935839125,8.22012627650245,0.13005243541801,0.102180543131461,0.521101267367247,0.697618501057416,NA,NA,NA,5,5,2,3,1,TRUE,0.999999916657751,FALSE,TRUE
5000,100,105,500,200000,2,0.001,"collapsed-R",0.577999999999999,124,271,2.32165362949807e-05,11.5079935839125,8.22012627650245,0.13005243541801,0.102180543131461,0.521101267367247,0.697618501057416,0.01,1,1.677,5,1,1,0,0.5,FALSE,0.480783383952243,TRUE,TRUE
5000,100,105,500,200000,2,0.001,"AIW-N",1.984,124,271,2.32165362949807e-05,11.5079935839125,8.22012627650245,0.13005243541801,0.102180543131461,0.521101267367247,0.697618501057416,0.01,1.32651113204692,1.88895185203481,1,1,1,0,0.5,FALSE,0.480783383952243,TRUE,TRUE
5000,100,106,500,200000,2,0.001,"SuSiE-RSS: in-sample R",0.207,124,435,-1.34718570959039e-05,11.5078916998894,8.21984670767728,0.132038603472559,0.10352910794356,0.514359661594208,0.879560956210216,NA,NA,NA,5,2,2,0,1,TRUE,0.690342422534152,FALSE,TRUE
5000,100,106,500,200000,2,0.001,"SuSiE-RSS: reference R0",0.0309999999999997,124,435,-1.34718570959039e-05,11.5078916998894,8.21984670767728,0.132038603472559,0.10352910794356,0.514359661594208,0.879560956210216,NA,NA,NA,5,4,1,3,0.5,FALSE,0.50000000173467,FALSE,TRUE
5000,100,106,500,200000,2,0.001,"collapsed-R",0.593,124,435,-1.34718570959039e-05,11.5078916998894,8.21984670767728,0.132038603472559,0.10352910794356,0.514359661594208,0.879560956210216,0.01,1,1.677,5,1,1,0,0.5,FALSE,0.5,TRUE,TRUE
5000,100,106,500,200000,2,0.001,"AIW-N",1.399,124,435,-1.34718570959039e-05,11.5078916998894,8.21984670767728,0.132038603472559,0.10352910794356,0.514359661594208,0.879560956210216,0.01,1.45008459637224,2.06492046523407,1,1,1,0,0.5,FALSE,0.5,TRUE,TRUE
5000,100,107,500,200000,2,0.001,"SuSiE-RSS: in-sample R",0.202,124,313,-0.000229863856980016,11.5072907757793,8.21819763431953,0.130737970644739,0.102587696403337,0.56894157487427,0.855808797900317,NA,NA,NA,5,2,2,0,1,TRUE,0.999999847774696,FALSE,TRUE
5000,100,107,500,200000,2,0.001,"SuSiE-RSS: reference R0",0.0520000000000005,124,313,-0.000229863856980016,11.5072907757793,8.21819763431953,0.130737970644739,0.102587696403337,0.56894157487427,0.855808797900317,NA,NA,NA,5,5,1,4,0.5,FALSE,0.500010490116759,FALSE,TRUE
5000,100,107,500,200000,2,0.001,"collapsed-R",0.597,124,313,-0.000229863856980016,11.5072907757793,8.21819763431953,0.130737970644739,0.102587696403337,0.56894157487427,0.855808797900317,0.01,1,1.677,5,1,1,0,0.5,FALSE,0.499999999575582,TRUE,TRUE
5000,100,107,500,200000,2,0.001,"AIW-N",1.703,124,313,-0.000229863856980016,11.5072907757793,8.21819763431953,0.130737970644739,0.102587696403337,0.56894157487427,0.855808797900317,0.01,1.32867529408428,1.89203361877602,1,1,1,0,0.5,FALSE,0.499999999575582,TRUE,TRUE
5000,100,108,500,200000,2,0.001,"SuSiE-RSS: in-sample R",0.195,124,312,-0.00018684973953079,11.5074102268794,8.21852545498214,0.130272109743843,0.102251962913903,0.522013474405478,0.874568123614244,NA,NA,NA,5,2,2,0,1,TRUE,0.988483537996365,FALSE,TRUE
5000,100,108,500,200000,2,0.001,"SuSiE-RSS: reference R0",0.0249999999999995,124,312,-0.00018684973953079,11.5074102268794,8.21852545498214,0.130272109743843,0.102251962913903,0.522013474405478,0.874568123614244,NA,NA,NA,5,4,1,3,0.5,FALSE,0.5000001121879,FALSE,TRUE
5000,100,108,500,200000,2,0.001,"collapsed-R",0.538,124,312,-0.00018684973953079,11.5074102268794,8.21852545498214,0.130272109743843,0.102251962913903,0.522013474405478,0.874568123614244,0.01,1,1.677,5,1,1,0,0.5,FALSE,0.5,TRUE,TRUE
5000,100,108,500,200000,2,0.001,"AIW-N",1.148,124,312,-0.00018684973953079,11.5074102268794,8.21852545498214,0.130272109743843,0.102251962913903,0.522013474405478,0.874568123614244,0.01,1.41105371995707,2.00934049721887,1,1,1,0,0.5,FALSE,0.5,TRUE,TRUE
5000,500,101,500,200000,2,0.001,"SuSiE-RSS: in-sample R",0.201,124,416,7.17547053494475e-05,11.5081283747683,8.22049613056822,0.0980874422982329,0.0738270959328794,0.638089052729233,0.747264766071187,NA,NA,NA,5,2,2,0,1,TRUE,0.994315776384045,FALSE,TRUE
5000,500,101,500,200000,2,0.001,"SuSiE-RSS: reference R0",0.0749999999999993,124,416,7.17547053494475e-05,11.5081283747683,8.22049613056822,0.0980874422982329,0.0738270959328794,0.638089052729233,0.747264766071187,NA,NA,NA,5,5,2,3,1,TRUE,0.994356500799254,FALSE,TRUE
5000,500,101,500,200000,2,0.001,"collapsed-R",0.326,124,416,7.17547053494475e-05,11.5081283747683,8.22049613056822,0.0980874422982329,0.0738270959328794,0.638089052729233,0.747264766071187,0.01,7.5133898890231,12.5999548438917,5,1,1,0,0.5,FALSE,0.490745716110502,TRUE,TRUE
5000,500,101,500,200000,2,0.001,"AIW-N",1.323,124,416,7.17547053494475e-05,11.5081283747683,8.22049613056822,0.0980874422982329,0.0738270959328794,0.638089052729233,0.747264766071187,0.01,11.5256080268408,16.4124658302213,1,1,1,0,0.5,FALSE,0.490745716110502,TRUE,TRUE
5000,500,102,500,200000,2,0.001,"SuSiE-RSS: in-sample R",0.207,124,187,-0.000381975153585798,11.5068683587672,8.21703827878119,0.0983855813581203,0.0743844903336183,0.694071932006575,0.884352114055484,NA,NA,NA,5,2,2,0,1,TRUE,0.999999999765752,FALSE,TRUE
5000,500,102,500,200000,2,0.001,"SuSiE-RSS: reference R0",0.016,124,187,-0.000381975153585798,11.5068683587672,8.21703827878119,0.0983855813581203,0.0743844903336183,0.694071932006575,0.884352114055484,NA,NA,NA,5,4,2,2,1,TRUE,0.999999999999858,FALSE,TRUE
5000,500,102,500,200000,2,0.001,"collapsed-R",0.355,124,187,-0.000381975153585798,11.5068683587672,8.21703827878119,0.0983855813581203,0.0743844903336183,0.694071932006575,0.884352114055484,0.01,8.3840340917456,14.0600251718574,5,1,1,0,0.5,FALSE,0.49999999994556,TRUE,TRUE
5000,500,102,500,200000,2,0.001,"AIW-N",1.056,124,187,-0.000381975153585798,11.5068683587672,8.21703827878119,0.0983855813581203,0.0743844903336183,0.694071932006575,0.884352114055484,0.01,14.8089997449931,21.0880156368701,1,1,1,0,0.5,FALSE,0.49999999994556,TRUE,TRUE
5000,500,103,500,200000,2,0.001,"SuSiE-RSS: in-sample R",0.203,124,404,0.000306594628321665,11.508780525222,8.22228539934899,0.10194335964078,0.0763495915423577,0.638030508013702,0.639195975202433,NA,NA,NA,5,2,2,0,1,TRUE,0.999203411930243,FALSE,TRUE
5000,500,103,500,200000,2,0.001,"SuSiE-RSS: reference R0",0.0179999999999989,124,404,0.000306594628321665,11.508780525222,8.22228539934899,0.10194335964078,0.0763495915423577,0.638030508013702,0.639195975202433,NA,NA,NA,5,4,2,2,1,TRUE,0.999999999999994,FALSE,TRUE
5000,500,103,500,200000,2,0.001,"collapsed-R",0.417999999999999,124,404,0.000306594628321665,11.508780525222,8.22228539934899,0.10194335964078,0.0763495915423577,0.638030508013702,0.639195975202433,0.01,3.66035708872107,6.13841883778523,5,1,1,0,0.5,FALSE,0.5,TRUE,TRUE
5000,500,103,500,200000,2,0.001,"AIW-N",1.114,124,404,0.000306594628321665,11.508780525222,8.22228539934899,0.10194335964078,0.0763495915423577,0.638030508013702,0.639195975202433,0.01,12.1710611465116,17.3315910726325,1,1,1,0,0.5,FALSE,0.5,TRUE,TRUE
5000,500,104,500,200000,2,0.001,"SuSiE-RSS: in-sample R",0.197,124,381,-2.11060329184057e-05,11.5078704997005,8.21978853366919,0.0993852843707683,0.0757662213661054,0.646738776352322,0.598001124754247,NA,NA,NA,5,2,2,0,1,TRUE,0.997645870772061,FALSE,TRUE
5000,500,104,500,200000,2,0.001,"SuSiE-RSS: reference R0",0.0250000000000004,124,381,-2.11060329184057e-05,11.5078704997005,8.21978853366919,0.0993852843707683,0.0757662213661054,0.646738776352322,0.598001124754247,NA,NA,NA,5,3,2,1,1,TRUE,0.999993815355373,FALSE,TRUE
5000,500,104,500,200000,2,0.001,"collapsed-R",0.333,124,381,-2.11060329184057e-05,11.5078704997005,8.21978853366919,0.0993852843707683,0.0757662213661054,0.646738776352322,0.598001124754247,0.01,6.63176527965374,11.1214703739793,5,1,1,0,0.5,FALSE,0.499440967681341,TRUE,TRUE
5000,500,104,500,200000,2,0.001,"AIW-N",1.188,124,381,-2.11060329184057e-05,11.5078704997005,8.21978853366919,0.0993852843707683,0.0757662213661054,0.646738776352322,0.598001124754247,0.01,12.0238196511052,17.1219191831739,1,1,1,0,0.5,FALSE,0.499440967681341,TRUE,TRUE
5000,500,105,500,200000,2,0.001,"SuSiE-RSS: in-sample R",0.208,124,271,2.32165362949807e-05,11.5079935839125,8.22012627650245,0.0977259332532136,0.074494557861009,0.645037296347923,0.625581452988475,NA,NA,NA,5,2,2,0,1,TRUE,0.985081707561939,FALSE,TRUE
5000,500,105,500,200000,2,0.001,"SuSiE-RSS: reference R0",0.0199999999999996,124,271,2.32165362949807e-05,11.5079935839125,8.22012627650245,0.0977259332532136,0.074494557861009,0.645037296347923,0.625581452988475,NA,NA,NA,5,4,2,2,1,TRUE,0.999977326296815,FALSE,TRUE
5000,500,105,500,200000,2,0.001,"collapsed-R",0.317,124,271,2.32165362949807e-05,11.5079935839125,8.22012627650245,0.0977259332532136,0.074494557861009,0.645037296347923,0.625581452988475,0.01,4.78918625995474,8.03146535794411,5,1,1,0,0.5,FALSE,0.480783383952243,TRUE,TRUE
5000,500,105,500,200000,2,0.001,"AIW-N",1.277,124,271,2.32165362949807e-05,11.5079935839125,8.22012627650245,0.0977259332532136,0.074494557861009,0.645037296347923,0.625581452988475,0.01,9.97907081961228,14.2101968471279,1,1,1,0,0.5,FALSE,0.480783383952243,TRUE,TRUE
5000,500,106,500,200000,2,0.001,"SuSiE-RSS: in-sample R",0.207,124,435,-1.34718570959039e-05,11.5078916998894,8.21984670767728,0.0948341547388519,0.0714741064434984,0.66685475628582,0.797246448602832,NA,NA,NA,5,2,2,0,1,TRUE,0.690342422534152,FALSE,TRUE
5000,500,106,500,200000,2,0.001,"SuSiE-RSS: reference R0",0.0299999999999994,124,435,-1.34718570959039e-05,11.5078916998894,8.21984670767728,0.0948341547388519,0.0714741064434984,0.66685475628582,0.797246448602832,NA,NA,NA,5,3,1,2,0.5,FALSE,0.501958897456415,FALSE,TRUE
5000,500,106,500,200000,2,0.001,"collapsed-R",0.347,124,435,-1.34718570959039e-05,11.5078916998894,8.21984670767728,0.0948341547388519,0.0714741064434984,0.66685475628582,0.797246448602832,0.01,8.67051085349389,14.5404467013093,5,1,1,0,0.5,FALSE,0.5,TRUE,TRUE
5000,500,106,500,200000,2,0.001,"AIW-N",1.254,124,435,-1.34718570959039e-05,11.5078916998894,8.21984670767728,0.0948341547388519,0.0714741064434984,0.66685475628582,0.797246448602832,0.01,15.3096429053882,21.8009314972728,1,1,1,0,0.5,FALSE,0.5,TRUE,TRUE
5000,500,107,500,200000,2,0.001,"SuSiE-RSS: in-sample R",0.202,124,313,-0.000229863856980016,11.5072907757793,8.21819763431953,0.0976440434782358,0.0744483983445556,0.686002735164165,0.691551265175638,NA,NA,NA,5,2,2,0,1,TRUE,0.999999847774696,FALSE,TRUE
5000,500,107,500,200000,2,0.001,"SuSiE-RSS: reference R0",0.0190000000000001,124,313,-0.000229863856980016,11.5072907757793,8.21819763431953,0.0976440434782358,0.0744483983445556,0.686002735164165,0.691551265175638,NA,NA,NA,5,5,2,3,1,TRUE,0.99999956900899,FALSE,TRUE
5000,500,107,500,200000,2,0.001,"collapsed-R",0.378,124,313,-0.000229863856980016,11.5072907757793,8.21819763431953,0.0976440434782358,0.0744483983445556,0.686002735164165,0.691551265175638,0.01,8.32195858073456,13.9559245398919,5,1,1,0,0.5,FALSE,0.499999999575582,TRUE,TRUE
5000,500,107,500,200000,2,0.001,"AIW-N",1.159,124,313,-0.000229863856980016,11.5072907757793,8.21819763431953,0.0976440434782358,0.0744483983445556,0.686002735164165,0.691551265175638,0.01,13.952238498219,19.8679876214639,1,1,1,0,0.5,FALSE,0.499999999575582,TRUE,TRUE
5000,500,108,500,200000,2,0.001,"SuSiE-RSS: in-sample R",0.195,124,312,-0.00018684973953079,11.5074102268794,8.21852545498214,0.0937047298103035,0.0709479444951279,0.67232897841187,0.680209795917574,NA,NA,NA,5,2,2,0,1,TRUE,0.988483537996365,FALSE,TRUE
5000,500,108,500,200000,2,0.001,"SuSiE-RSS: reference R0",0.020999999999999,124,312,-0.00018684973953079,11.5074102268794,8.21852545498214,0.0937047298103035,0.0709479444951279,0.67232897841187,0.680209795917574,NA,NA,NA,5,4,2,2,1,TRUE,0.942892854052453,FALSE,TRUE
5000,500,108,500,200000,2,0.001,"collapsed-R",0.369,124,312,-0.00018684973953079,11.5074102268794,8.21852545498214,0.0937047298103035,0.0709479444951279,0.67232897841187,0.680209795917574,0.01,7.42993435324502,12.4599999103919,5,1,1,0,0.5,FALSE,0.5,TRUE,TRUE
5000,500,108,500,200000,2,0.001,"AIW-N",1.092,124,312,-0.00018684973953079,11.5074102268794,8.21852545498214,0.0937047298103035,0.0709479444951279,0.67232897841187,0.680209795917574,0.01,13.4367605110312,19.1339469677085,1,1,1,0,0.5,FALSE,0.5,TRUE,TRUE
5000,2000,101,500,200000,2,0.001,"SuSiE-RSS: in-sample R",0.201,124,416,7.17547053494475e-05,11.5081283747683,8.22049613056822,0.0899303477815813,0.066174309807807,0.676606386457837,0.749866203676624,NA,NA,NA,5,2,2,0,1,TRUE,0.994315776384045,FALSE,TRUE
5000,2000,101,500,200000,2,0.001,"SuSiE-RSS: reference R0",0.016,124,416,7.17547053494475e-05,11.5081283747683,8.22049613056822,0.0899303477815813,0.066174309807807,0.676606386457837,0.749866203676624,NA,NA,NA,5,2,2,0,1,TRUE,0.991677817358505,FALSE,TRUE
5000,2000,101,500,200000,2,0.001,"collapsed-R",0.355,124,416,7.17547053494475e-05,11.5081283747683,8.22049613056822,0.0899303477815813,0.066174309807807,0.676606386457837,0.749866203676624,0.01,20.6871295711653,34.6923162908442,5,1,1,0,0.5,FALSE,0.490745716110502,TRUE,TRUE
5000,2000,101,500,200000,2,0.001,"AIW-N",1.038,124,416,7.17547053494475e-05,11.5081283747683,8.22049613056822,0.0899303477815813,0.066174309807807,0.676606386457837,0.749866203676624,0.01,25.2217841678784,35.9158206550589,1,1,1,0,0.5,FALSE,0.490745716110502,TRUE,TRUE
5000,2000,102,500,200000,2,0.001,"SuSiE-RSS: in-sample R",0.207,124,187,-0.000381975153585798,11.5068683587672,8.21703827878119,0.0913804751951347,0.0676756405244047,0.723577792680612,0.818281686186198,NA,NA,NA,5,2,2,0,1,TRUE,0.999999999765752,FALSE,TRUE
5000,2000,102,500,200000,2,0.001,"SuSiE-RSS: reference R0",0.032,124,187,-0.000381975153585798,11.5068683587672,8.21703827878119,0.0913804751951347,0.0676756405244047,0.723577792680612,0.818281686186198,NA,NA,NA,5,3,2,1,1,TRUE,0.999999999999988,FALSE,TRUE
5000,2000,102,500,200000,2,0.001,"collapsed-R",0.371,124,187,-0.000381975153585798,11.5068683587672,8.21703827878119,0.0913804751951347,0.0676756405244047,0.723577792680612,0.818281686186198,0.004,15.0426518317024,25.2265271217649,5,1,1,0,0.5,FALSE,0.49999999994556,TRUE,TRUE
5000,2000,102,500,200000,2,0.001,"AIW-N",1.164,124,187,-0.000381975153585798,11.5068683587672,8.21703827878119,0.0913804751951347,0.0676756405244047,0.723577792680612,0.818281686186198,0.004,21.4044630149826,30.4799553333352,1,1,1,0,0.5,FALSE,0.49999999994556,TRUE,TRUE
5000,2000,103,500,200000,2,0.001,"SuSiE-RSS: in-sample R",0.203,124,404,0.000306594628321665,11.508780525222,8.22228539934899,0.0947166054233439,0.0692883808889418,0.671156864198066,0.636817735749886,NA,NA,NA,5,2,2,0,1,TRUE,0.999203411930243,FALSE,TRUE
5000,2000,103,500,200000,2,0.001,"SuSiE-RSS: reference R0",0.0280000000000005,124,404,0.000306594628321665,11.508780525222,8.22228539934899,0.0947166054233439,0.0692883808889418,0.671156864198066,0.636817735749886,NA,NA,NA,5,2,2,0,1,TRUE,0.999999999999896,FALSE,TRUE
5000,2000,103,500,200000,2,0.001,"collapsed-R",0.545,124,404,0.000306594628321665,11.508780525222,8.22228539934899,0.0947166054233439,0.0692883808889418,0.671156864198066,0.636817735749886,0.01,22.452732914882,37.6532330982571,5,1,1,0,0.5,FALSE,0.5,TRUE,TRUE
5000,2000,103,500,200000,2,0.001,"AIW-N",1.288,124,404,0.000306594628321665,11.508780525222,8.22228539934899,0.0947166054233439,0.0692883808889418,0.671156864198066,0.636817735749886,0.01,26.2354956995589,37.3593458761719,1,1,1,0,0.5,FALSE,0.5,TRUE,TRUE
5000,2000,104,500,200000,2,0.001,"SuSiE-RSS: in-sample R",0.197,124,381,-2.11060329184057e-05,11.5078704997005,8.21978853366919,0.0896942628530493,0.0667412005791422,0.692184282458592,0.594784305300584,NA,NA,NA,5,2,2,0,1,TRUE,0.997645870772061,FALSE,TRUE
5000,2000,104,500,200000,2,0.001,"SuSiE-RSS: reference R0",0.0800000000000001,124,381,-2.11060329184057e-05,11.5078704997005,8.21978853366919,0.0896942628530493,0.0667412005791422,0.692184282458592,0.594784305300584,NA,NA,NA,5,4,2,2,1,TRUE,0.999971664362741,FALSE,TRUE
5000,2000,104,500,200000,2,0.001,"collapsed-R",0.464,124,381,-2.11060329184057e-05,11.5078704997005,8.21978853366919,0.0896942628530493,0.0667412005791422,0.692184282458592,0.594784305300584,0.01,21.7918419049573,36.5449188746134,5,1,1,0,0.5,FALSE,0.499440967681341,TRUE,TRUE
5000,2000,104,500,200000,2,0.001,"AIW-N",1.333,124,381,-2.11060329184057e-05,11.5078704997005,8.21978853366919,0.0896942628530493,0.0667412005791422,0.692184282458592,0.594784305300584,0.01,26.3591609171785,37.5354451460621,1,1,1,0,0.5,FALSE,0.499440967681341,TRUE,TRUE
5000,2000,105,500,200000,2,0.001,"SuSiE-RSS: in-sample R",0.208,124,271,2.32165362949807e-05,11.5079935839125,8.22012627650245,0.0894290327106451,0.066706720777217,0.685930310499871,0.63084129600569,NA,NA,NA,5,2,2,0,1,TRUE,0.985081707561939,FALSE,TRUE
5000,2000,105,500,200000,2,0.001,"SuSiE-RSS: reference R0",0.0410000000000004,124,271,2.32165362949807e-05,11.5079935839125,8.22012627650245,0.0894290327106451,0.066706720777217,0.685930310499871,0.63084129600569,NA,NA,NA,5,4,2,2,1,TRUE,0.99639057836662,FALSE,TRUE
5000,2000,105,500,200000,2,0.001,"collapsed-R",0.307,124,271,2.32165362949807e-05,11.5079935839125,8.22012627650245,0.0894290327106451,0.066706720777217,0.685930310499871,0.63084129600569,0.01,12.9854600643299,21.7766165278813,5,1,1,0,0.5,FALSE,0.480783383952243,TRUE,TRUE
5000,2000,105,500,200000,2,0.001,"AIW-N",1.386,124,271,2.32165362949807e-05,11.5079935839125,8.22012627650245,0.0894290327106451,0.066706720777217,0.685930310499871,0.63084129600569,0.01,19.0247120508458,27.0911899604044,1,1,1,0,0.5,FALSE,0.480783383952243,TRUE,TRUE
5000,2000,106,500,200000,2,0.001,"SuSiE-RSS: in-sample R",0.207,124,435,-1.34718570959039e-05,11.5078916998894,8.21984670767728,0.0866572887153278,0.0638567931227227,0.705296911014433,0.742277498646111,NA,NA,NA,5,2,2,0,1,TRUE,0.690342422534152,FALSE,TRUE
5000,2000,106,500,200000,2,0.001,"SuSiE-RSS: reference R0",0.0220000000000002,124,435,-1.34718570959039e-05,11.5078916998894,8.21984670767728,0.0866572887153278,0.0638567931227227,0.705296911014433,0.742277498646111,NA,NA,NA,5,2,1,1,0.5,FALSE,0.500712238718813,FALSE,TRUE
5000,2000,106,500,200000,2,0.001,"collapsed-R",0.719000000000001,124,435,-1.34718570959039e-05,11.5078916998894,8.21984670767728,0.0866572887153278,0.0638567931227227,0.705296911014433,0.742277498646111,0.01,31.2138256035586,52.3455855371678,5,1,1,0,0.5,FALSE,0.5,TRUE,TRUE
5000,2000,106,500,200000,2,0.001,"AIW-N",1.154,124,435,-1.34718570959039e-05,11.5078916998894,8.21984670767728,0.0866572887153278,0.0638567931227227,0.705296911014433,0.742277498646111,0.01,34.2639359138093,48.7918447412645,1,1,1,0,0.5,FALSE,0.5,TRUE,TRUE
5000,2000,107,500,200000,2,0.001,"SuSiE-RSS: in-sample R",0.202,124,313,-0.000229863856980016,11.5072907757793,8.21819763431953,0.0899533460400255,0.0667513784492271,0.719814058397527,0.682239088066729,NA,NA,NA,5,2,2,0,1,TRUE,0.999999847774696,FALSE,TRUE
5000,2000,107,500,200000,2,0.001,"SuSiE-RSS: reference R0",0.0250000000000004,124,313,-0.000229863856980016,11.5072907757793,8.21819763431953,0.0899533460400255,0.0667513784492271,0.719814058397527,0.682239088066729,NA,NA,NA,5,5,2,3,1,TRUE,0.999999769889206,FALSE,TRUE
5000,2000,107,500,200000,2,0.001,"collapsed-R",0.470000000000001,124,313,-0.000229863856980016,11.5072907757793,8.21819763431953,0.0899533460400255,0.0667513784492271,0.719814058397527,0.682239088066729,0.008,22.0155396779199,36.9200600398717,5,1,1,0,0.5,FALSE,0.499999999575582,TRUE,TRUE
5000,2000,107,500,200000,2,0.001,"AIW-N",1.144,124,313,-0.000229863856980016,11.5072907757793,8.21819763431953,0.0899533460400255,0.0667513784492271,0.719814058397527,0.682239088066729,0.01,27.8089993104222,39.6000150180412,1,1,1,0,0.5,FALSE,0.499999999575582,TRUE,TRUE
5000,2000,108,500,200000,2,0.001,"SuSiE-RSS: in-sample R",0.195,124,312,-0.00018684973953079,11.5074102268794,8.21852545498214,0.0863292607045495,0.064363516298265,0.709636110038556,0.717986346614116,NA,NA,NA,5,2,2,0,1,TRUE,0.988483537996365,FALSE,TRUE
5000,2000,108,500,200000,2,0.001,"SuSiE-RSS: reference R0",0.0289999999999999,124,312,-0.00018684973953079,11.5074102268794,8.21852545498214,0.0863292607045495,0.064363516298265,0.709636110038556,0.717986346614116,NA,NA,NA,5,5,2,3,1,TRUE,0.984265792597157,FALSE,TRUE
5000,2000,108,500,200000,2,0.001,"collapsed-R",0.536,124,312,-0.00018684973953079,11.5074102268794,8.21852545498214,0.0863292607045495,0.064363516298265,0.709636110038556,0.717986346614116,0.01,29.0431044903857,48.7052862303769,5,1,1,0,0.5,FALSE,0.5,TRUE,TRUE
5000,2000,108,500,200000,2,0.001,"AIW-N",1.145,124,312,-0.00018684973953079,11.5074102268794,8.21852545498214,0.0863292607045495,0.064363516298265,0.709636110038556,0.717986346614116,0.01,31.7023573801459,45.1441569093278,1,1,1,0,0.5,FALSE,0.5,TRUE,TRUE
