J,panel_seed,true_eta0,true_L,true_lambda,h2,N,N0,causal,maximum_abs_causal_ld,minimum_expected_abs_z,maximum_expected_abs_z,method,model_L,raw_L,reported_L,fallback,partitioned_SER,selected_lambda,raw_eta0,eta0_used,converged,fit_seconds,causal_coverage,all_causal_covered,false_sets,true_sets,mean_set_size,mean_causal_pip,d_cs,d_cs_normalized,replication,configuration_cs_coverage,evaluation_panel,susieR_version,R_finite,R_mismatch,mismatch_estimator,lambda_bias,corrected_reference_size,Q_art,residual_artifact_flag,overall_reliability_flag,convergence_reason,iterations
500,61,20,1,0.001,0.001,200000,2000,124,0,14.142135623731,14.142135623731,AIW-N,1,1,1,TRUE,FALSE,0.004,21.9045840059983,31.1921276245415,TRUE,1.153,1,TRUE,0,1,1,0.999999792647537,0,0,1,1,1,,,,,,,,,,,
1000,62,20,1,0.001,0.001,200000,2000,249,0,14.142135623731,14.142135623731,AIW-N,1,1,1,TRUE,FALSE,0.006,13.1700434565542,18.7541418821332,TRUE,3.076,1,TRUE,0,1,2,0.943670758223089,0,0,2,1,2,,,,,,,,,,,
2000,63,20,1,0.001,0.001,200000,2000,497,0,14.142135623731,14.142135623731,AIW-N,1,1,1,TRUE,FALSE,0.008,29.3351134136592,41.7732015010507,TRUE,11.484,1,TRUE,0,1,1,0.999892131304395,0,0,3,1,3,,,,,,,,,,,
500,64,20,1,0.001,0.001,200000,2000,124,0,14.142135623731,14.142135623731,AIW-N,1,1,1,TRUE,FALSE,0.01,19.3719209073019,27.5856153719979,TRUE,1.268,1,TRUE,0,1,2,0.470473636252424,0,0,4,1,4,,,,,,,,,,,
1000,65,20,1,0.001,0.001,200000,2000,249,0,14.142135623731,14.142135623731,AIW-N,1,1,1,TRUE,FALSE,0.008,13.2763409639453,18.9055095326581,TRUE,2.987,1,TRUE,0,1,6,0.199399362813715,0,0,5,1,5,,,,,,,,,,,
2000,66,20,1,0.001,0.001,200000,2000,497,0,14.142135623731,14.142135623731,AIW-N,1,1,1,TRUE,FALSE,0.01,29.8678294965585,42.5317892030992,TRUE,9.043,1,TRUE,0,1,2,0.748950090981043,0.00503452663470935,0.00251726331735468,6,1,6,,,,,,,,,,,
500,67,20,1,0.001,0.001,200000,2000,124,0,14.142135623731,14.142135623731,AIW-N,1,1,1,TRUE,FALSE,0.006,24.7205809127042,35.2021072196907,TRUE,1.546,1,TRUE,0,1,1,1,0,0,7,1,7,,,,,,,,,,,
1000,68,20,1,0.001,0.001,200000,2000,249,0,14.142135623731,14.142135623731,AIW-N,1,1,1,TRUE,FALSE,0.006,19.3161213524865,27.5061568059408,TRUE,3.317,1,TRUE,0,1,2,0.451241573053781,0.0135104832447282,0.00675524162236408,8,1,8,,,,,,,,,,,
2000,69,20,1,0.001,0.001,200000,2000,497,0,14.142135623731,14.142135623731,AIW-N,1,1,1,TRUE,FALSE,0.008,22.6069815332255,32.1923417033131,TRUE,12.023,1,TRUE,0,1,1,1,0,0,9,1,9,,,,,,,,,,,
500,70,20,1,0.001,0.001,200000,2000,124,0,14.142135623731,14.142135623731,AIW-N,1,1,1,TRUE,FALSE,0.006,19.8030610752046,28.1995589710914,TRUE,1.469,1,TRUE,0,1,1,1,8.09169099155613e-15,4.04584549577807e-15,10,1,10,,,,,,,,,,,
1000,71,20,1,0.001,0.001,200000,2000,249,0,14.142135623731,14.142135623731,AIW-N,1,1,1,TRUE,FALSE,0.01,33.8951054888515,48.2666302161245,TRUE,3.25,1,TRUE,0,1,2,0.654659301918673,0.016573750871975,0.00828687543598751,11,1,11,,,,,,,,,,,
2000,72,20,1,0.001,0.001,200000,2000,497,0,14.142135623731,14.142135623731,AIW-N,1,1,1,TRUE,FALSE,0.006,14.4126755442623,20.5236499750295,TRUE,8.555,1,TRUE,0,1,1,1,1.11871323374925e-19,5.59356616874627e-20,12,1,12,,,,,,,,,,,
500,73,20,1,0.001,0.001,200000,2000,124,0,14.142135623731,14.142135623731,AIW-N,1,1,1,TRUE,FALSE,0.004,20.081981368454,28.5967414686786,TRUE,1.921,1,TRUE,0,1,6,0.0826145829545466,0,0,13,1,13,,,,,,,,,,,
1000,74,20,1,0.001,0.001,200000,2000,249,0,14.142135623731,14.142135623731,AIW-N,1,1,1,TRUE,FALSE,0.01,32.584506588271,46.4003373816979,TRUE,3.156,1,TRUE,0,1,1,1,0,0,14,1,14,,,,,,,,,,,
2000,75,20,1,0.001,0.001,200000,2000,497,0,14.142135623731,14.142135623731,AIW-N,1,1,1,TRUE,FALSE,0.01,44.3610967094557,63.170201714265,TRUE,11.341,1,TRUE,0,1,1,0.966077700501365,0.00782876463673789,0.00391438231836894,15,1,15,,,,,,,,,,,
500,76,20,1,0.001,0.001,200000,2000,124,0,14.142135623731,14.142135623731,AIW-N,1,1,1,TRUE,FALSE,0.01,47.5333428025355,67.6874801508106,TRUE,1.455,1,TRUE,0,1,1,0.999999546704591,8.43365183328758e-07,4.21682591664379e-07,16,1,16,,,,,,,,,,,
1000,77,20,1,0.001,0.001,200000,2000,249,0,14.142135623731,14.142135623731,AIW-N,1,1,1,TRUE,FALSE,0.008,22.9272135402691,32.6483520813433,TRUE,3.433,1,TRUE,0,1,1,0.970915494351497,0.0105454725346177,0.00527273626730883,17,1,17,,,,,,,,,,,
2000,78,20,1,0.001,0.001,200000,2000,497,0,14.142135623731,14.142135623731,AIW-N,1,1,1,TRUE,FALSE,0.006,19.4003598610094,27.6261124420773,TRUE,12.406,1,TRUE,0,1,3,0.289238976638643,0.0149117214135665,0.00745586070678323,18,1,18,,,,,,,,,,,
500,79,20,1,0.001,0.001,200000,2000,124,0,14.142135623731,14.142135623731,AIW-N,1,1,1,TRUE,FALSE,0.008,17.2358037393231,24.543784524796,TRUE,1.43,1,TRUE,0,1,1,1,0,0,19,1,19,,,,,,,,,,,
1000,80,20,1,0.001,0.001,200000,2000,249,0,14.142135623731,14.142135623731,AIW-N,1,1,1,TRUE,FALSE,0.01,34.3377908306996,48.8970141429163,TRUE,3.268,1,TRUE,0,1,1,0.999999999997092,3.25782625207241e-12,1.6289131260362e-12,20,1,20,,,,,,,,,,,
500,61,20,1,0.001,0.001,200000,2000,124,0,14.142135623731,14.142135623731,SuSiE-RSS: finite R0 + EB mismatch,5,1,1,FALSE,FALSE,,,,TRUE,0.0420000000000003,1,TRUE,0,1,1,0.999999811987358,3.56939231153974e-08,1.78469615576987e-08,1,1,1,0.16.6,2000,eb,mle,0.0233204859007782,41.9806717698958,0.0138784240760675,FALSE,FALSE,alpha_pip_fixed_point,2
1000,62,20,1,0.001,0.001,200000,2000,249,0,14.142135623731,14.142135623731,SuSiE-RSS: finite R0 + EB mismatch,5,1,1,FALSE,FALSE,,,,TRUE,0.149,1,TRUE,0,1,2,0.941901559768716,0.00400042018339168,0.00200021009169584,2,1,2,0.16.6,2000,eb,mle,0.0438406801140852,22.5526536225217,0.016974415285199,FALSE,FALSE,alpha_pip_fixed_point,3
2000,63,20,1,0.001,0.001,200000,2000,497,0,14.142135623731,14.142135623731,SuSiE-RSS: finite R0 + EB mismatch,5,1,1,FALSE,FALSE,,,,TRUE,0.810000000000001,1,TRUE,0,1,1,0.999892295179205,1.81087721630987e-07,9.05438608154937e-08,3,1,3,0.16.6,2000,eb,mle,0.0211348266891413,46.2217707758162,0.0164634523877656,FALSE,FALSE,alpha_pip_fixed_point,2
500,64,20,1,0.001,0.001,200000,2000,124,0,14.142135623731,14.142135623731,SuSiE-RSS: finite R0 + EB mismatch,5,1,1,FALSE,FALSE,,,,TRUE,0.0449999999999999,1,TRUE,0,1,2,0.474617841942069,1.92474367106752e-05,9.62371835533762e-06,4,1,4,0.16.6,2000,eb,mle,0.0278758028562558,35.2412936143422,0.0215097982430255,FALSE,FALSE,alpha_pip_fixed_point,2
1000,65,20,1,0.001,0.001,200000,2000,249,0,14.142135623731,14.142135623731,SuSiE-RSS: finite R0 + EB mismatch,5,1,1,FALSE,FALSE,,,,TRUE,0.173,1,TRUE,0,1,6,0.202577556181988,3.96639691009754e-05,1.98319845504877e-05,5,1,5,0.16.6,2000,eb,mle,0.0686804944069395,14.4549415058775,0.0112252091655857,FALSE,FALSE,alpha_pip_fixed_point,2
2000,66,20,1,0.001,0.001,200000,2000,497,0,14.142135623731,14.142135623731,SuSiE-RSS: finite R0 + EB mismatch,5,1,1,FALSE,FALSE,,,,TRUE,0.971,1,TRUE,0,1,2,0.748816574121973,0.0063035164272613,0.00315175821363065,6,1,6,0.16.6,2000,eb,mle,0.0436185087329001,22.666223966321,0.00984578578892128,FALSE,FALSE,alpha_pip_fixed_point,2
500,67,20,1,0.001,0.001,200000,2000,124,0,14.142135623731,14.142135623731,SuSiE-RSS: finite R0 + EB mismatch,5,1,1,FALSE,FALSE,,,,TRUE,0.0470000000000002,1,TRUE,0,1,1,1,3.66766880407131e-23,1.83383440203566e-23,7,1,7,0.16.6,2000,eb,mle,0.0365554580541828,26.986577754289,0.00933573983332068,FALSE,FALSE,alpha_pip_fixed_point,2
1000,68,20,1,0.001,0.001,200000,2000,249,0,14.142135623731,14.142135623731,SuSiE-RSS: finite R0 + EB mismatch,5,1,1,FALSE,FALSE,,,,TRUE,0.145,1,TRUE,0,1,2,0.453391776505345,0.0135562755747043,0.00677813778735214,8,1,8,0.16.6,2000,eb,mle,0.03854180484608,25.6135699653856,0.0134267874903887,FALSE,FALSE,alpha_pip_fixed_point,2
2000,69,20,1,0.001,0.001,200000,2000,497,0,14.142135623731,14.142135623731,SuSiE-RSS: finite R0 + EB mismatch,5,1,1,FALSE,FALSE,,,,TRUE,0.965,1,TRUE,0,1,1,1,1.45732356590426e-20,7.28661782952129e-21,9,1,9,0.16.6,2000,eb,mle,0.0334526893220593,29.4527479256347,0.0150364192224322,FALSE,FALSE,alpha_pip_fixed_point,2
500,70,20,1,0.001,0.001,200000,2000,124,0,14.142135623731,14.142135623731,SuSiE-RSS: finite R0 + EB mismatch,5,1,1,FALSE,FALSE,,,,TRUE,0.0469999999999997,1,TRUE,0,1,1,1,8.10852759340098e-15,4.05426379670049e-15,10,1,10,0.16.6,2000,eb,mle,0.0445932156727839,22.1762849484152,0.00940719040973477,FALSE,FALSE,alpha_pip_fixed_point,2
1000,71,20,1,0.001,0.001,200000,2000,249,0,14.142135623731,14.142135623731,SuSiE-RSS: finite R0 + EB mismatch,5,1,1,FALSE,FALSE,,,,TRUE,0.175000000000001,1,TRUE,0,1,2,0.656143913706642,0.0163277937654113,0.00816389688270563,11,1,11,0.16.6,2000,eb,mle,0.0329782430117842,29.870145803291,0.0101571030720103,FALSE,FALSE,alpha_pip_fixed_point,2
2000,72,20,1,0.001,0.001,200000,2000,497,0,14.142135623731,14.142135623731,SuSiE-RSS: finite R0 + EB mismatch,5,1,1,FALSE,FALSE,,,,TRUE,1.03,1,TRUE,0,1,1,1,1.08984729314305e-19,5.44923646571524e-20,12,1,12,0.16.6,2000,eb,mle,0.0388166221699908,25.4345349322321,0.0158644167387688,FALSE,FALSE,alpha_pip_fixed_point,2
500,73,20,1,0.001,0.001,200000,2000,124,0,14.142135623731,14.142135623731,SuSiE-RSS: finite R0 + EB mismatch,5,1,1,FALSE,FALSE,,,,TRUE,0.17,1,TRUE,0,1,6,0.0990675830140505,0.0589856091123085,0.0294928045561542,13,1,13,0.16.6,2000,eb,mle,0.0145859569561098,66.2868124912022,0.0237912947954729,FALSE,FALSE,alpha_pip_fixed_point,15
1000,74,20,1,0.001,0.001,200000,2000,249,0,14.142135623731,14.142135623731,SuSiE-RSS: finite R0 + EB mismatch,5,1,1,FALSE,FALSE,,,,TRUE,0.173,1,TRUE,0,1,1,1,2.60285724728627e-31,1.30142862364314e-31,14,1,14,0.16.6,2000,eb,mle,0.0266956192259498,36.7706280813717,0.0140663070090271,FALSE,FALSE,alpha_pip_fixed_point,2
2000,75,20,1,0.001,0.001,200000,2000,497,0,14.142135623731,14.142135623731,SuSiE-RSS: finite R0 + EB mismatch,5,1,1,FALSE,FALSE,,,,TRUE,0.899000000000001,1,TRUE,0,1,1,0.966188587747087,0.00791544465860258,0.00395772232930129,15,1,15,0.16.6,2000,eb,mle,0.0198260644519427,49.1979154333748,0.013968917065759,FALSE,FALSE,alpha_pip_fixed_point,2
500,76,20,1,0.001,0.001,200000,2000,124,0,14.142135623731,14.142135623731,SuSiE-RSS: finite R0 + EB mismatch,5,1,1,FALSE,FALSE,,,,TRUE,0.0499999999999998,1,TRUE,0,1,1,0.999999537993216,8.68071737285597e-07,4.34035868642799e-07,16,1,16,0.16.6,2000,eb,mle,0.0159730770492379,60.7051127734672,0.0132587649072911,FALSE,FALSE,alpha_pip_fixed_point,2
1000,77,20,1,0.001,0.001,200000,2000,249,0,14.142135623731,14.142135623731,SuSiE-RSS: finite R0 + EB mismatch,5,1,1,FALSE,FALSE,,,,TRUE,0.145,1,TRUE,0,1,1,0.971017453879268,0.0105730815369089,0.00528654076845446,17,1,17,0.16.6,2000,eb,mle,0.0263269127320604,37.2760000372654,0.0167495931323509,FALSE,FALSE,alpha_pip_fixed_point,2
2000,78,20,1,0.001,0.001,200000,2000,497,0,14.142135623731,14.142135623731,SuSiE-RSS: finite R0 + EB mismatch,5,1,1,FALSE,FALSE,,,,TRUE,1.109,1,TRUE,0,1,3,0.290668663256578,0.0148453072747094,0.00742265363735468,18,1,18,0.16.6,2000,eb,mle,0.0315885819567217,31.163732986042,0.0149303210581242,FALSE,FALSE,alpha_pip_fixed_point,2
500,79,20,1,0.001,0.001,200000,2000,124,0,14.142135623731,14.142135623731,SuSiE-RSS: finite R0 + EB mismatch,5,1,1,FALSE,FALSE,,,,TRUE,0.164,1,TRUE,0,1,1,1,1.80188347585937e-15,9.00941737929683e-16,19,1,19,0.16.6,2000,eb,mle,0.0363661178563605,27.1251777552561,0.0173255367946001,FALSE,FALSE,alpha_pip_fixed_point,16
1000,80,20,1,0.001,0.001,200000,2000,249,0,14.142135623731,14.142135623731,SuSiE-RSS: finite R0 + EB mismatch,5,1,1,FALSE,FALSE,,,,TRUE,0.127,1,TRUE,0,1,1,0.999999999997127,3.20988545426209e-12,1.60494272713105e-12,20,1,20,0.16.6,2000,eb,mle,0.0252406788448977,38.8490142791327,0.0138204670376228,FALSE,FALSE,alpha_pip_fixed_point,2
500,61,20,1,0.001,0.001,200000,2000,124,0,14.142135623731,14.142135623731,SuSiE-RSS: in-sample R,1,1,1,FALSE,FALSE,,,,TRUE,0.0339999999999998,1,TRUE,0,1,1,0.999999792647537,0,0,1,1,1,,,,,,,,,,,
1000,62,20,1,0.001,0.001,200000,2000,249,0,14.142135623731,14.142135623731,SuSiE-RSS: in-sample R,1,1,1,FALSE,FALSE,,,,TRUE,0.0439999999999996,1,TRUE,0,1,2,0.943670758223089,0,0,2,1,2,,,,,,,,,,,
2000,63,20,1,0.001,0.001,200000,2000,497,0,14.142135623731,14.142135623731,SuSiE-RSS: in-sample R,1,1,1,FALSE,FALSE,,,,TRUE,0.115,1,TRUE,0,1,1,0.999892131304395,0,0,3,1,3,,,,,,,,,,,
500,64,20,1,0.001,0.001,200000,2000,124,0,14.142135623731,14.142135623731,SuSiE-RSS: in-sample R,1,1,1,FALSE,FALSE,,,,TRUE,0.0300000000000003,1,TRUE,0,1,2,0.470473636252424,0,0,4,1,4,,,,,,,,,,,
1000,65,20,1,0.001,0.001,200000,2000,249,0,14.142135623731,14.142135623731,SuSiE-RSS: in-sample R,1,1,1,FALSE,FALSE,,,,TRUE,0.0560000000000001,1,TRUE,0,1,6,0.199399362813715,0,0,5,1,5,,,,,,,,,,,
2000,66,20,1,0.001,0.001,200000,2000,497,0,14.142135623731,14.142135623731,SuSiE-RSS: in-sample R,5,1,1,FALSE,FALSE,,,,TRUE,0.143000000000001,1,TRUE,0,1,2,0.751916328611567,0,0,6,1,6,,,,,,,,,,,
500,67,20,1,0.001,0.001,200000,2000,124,0,14.142135623731,14.142135623731,SuSiE-RSS: in-sample R,1,1,1,FALSE,FALSE,,,,TRUE,0.0379999999999998,1,TRUE,0,1,1,1,0,0,7,1,7,,,,,,,,,,,
1000,68,20,1,0.001,0.001,200000,2000,249,0,14.142135623731,14.142135623731,SuSiE-RSS: in-sample R,5,1,1,FALSE,FALSE,,,,TRUE,0.0709999999999997,1,TRUE,0,1,2,0.459902865870962,0,0,8,1,8,,,,,,,,,,,
2000,69,20,1,0.001,0.001,200000,2000,497,0,14.142135623731,14.142135623731,SuSiE-RSS: in-sample R,1,1,1,FALSE,FALSE,,,,TRUE,0.144,1,TRUE,0,1,1,1,0,0,9,1,9,,,,,,,,,,,
500,70,20,1,0.001,0.001,200000,2000,124,0,14.142135623731,14.142135623731,SuSiE-RSS: in-sample R,2,1,1,FALSE,FALSE,,,,TRUE,0.0490000000000004,1,TRUE,0,1,1,0.999999999999995,0,0,10,1,10,,,,,,,,,,,
1000,71,20,1,0.001,0.001,200000,2000,249,0,14.142135623731,14.142135623731,SuSiE-RSS: in-sample R,5,1,1,FALSE,FALSE,,,,TRUE,0.0759999999999996,1,TRUE,0,1,2,0.663890195298415,0,0,11,1,11,,,,,,,,,,,
2000,72,20,1,0.001,0.001,200000,2000,497,0,14.142135623731,14.142135623731,SuSiE-RSS: in-sample R,2,1,1,FALSE,FALSE,,,,TRUE,0.148,1,TRUE,0,1,1,1,0,0,12,1,12,,,,,,,,,,,
500,73,20,1,0.001,0.001,200000,2000,124,0,14.142135623731,14.142135623731,SuSiE-RSS: in-sample R,1,1,1,FALSE,FALSE,,,,TRUE,0.0389999999999997,1,TRUE,0,1,6,0.0826145829545466,0,0,13,1,13,,,,,,,,,,,
1000,74,20,1,0.001,0.001,200000,2000,249,0,14.142135623731,14.142135623731,SuSiE-RSS: in-sample R,1,1,1,FALSE,FALSE,,,,TRUE,0.0579999999999998,1,TRUE,0,1,1,1,0,0,14,1,14,,,,,,,,,,,
2000,75,20,1,0.001,0.001,200000,2000,497,0,14.142135623731,14.142135623731,SuSiE-RSS: in-sample R,2,1,1,FALSE,FALSE,,,,TRUE,0.183,1,TRUE,0,1,1,0.962171012947751,0,0,15,1,15,,,,,,,,,,,
500,76,20,1,0.001,0.001,200000,2000,124,0,14.142135623731,14.142135623731,SuSiE-RSS: in-sample R,5,1,1,FALSE,FALSE,,,,TRUE,0.0619999999999998,1,TRUE,0,1,1,0.999999968046685,0,0,16,1,16,,,,,,,,,,,
1000,77,20,1,0.001,0.001,200000,2000,249,0,14.142135623731,14.142135623731,SuSiE-RSS: in-sample R,2,1,1,FALSE,FALSE,,,,TRUE,0.0630000000000006,1,TRUE,0,1,1,0.976195892303338,0,0,17,1,17,,,,,,,,,,,
2000,78,20,1,0.001,0.001,200000,2000,497,0,14.142135623731,14.142135623731,SuSiE-RSS: in-sample R,5,1,1,FALSE,FALSE,,,,TRUE,0.235999999999999,1,TRUE,0,1,3,0.286209973110879,0,0,18,1,18,,,,,,,,,,,
500,79,20,1,0.001,0.001,200000,2000,124,0,14.142135623731,14.142135623731,SuSiE-RSS: in-sample R,1,1,1,FALSE,FALSE,,,,TRUE,0.0410000000000004,1,TRUE,0,1,1,1,0,0,19,1,19,,,,,,,,,,,
1000,80,20,1,0.001,0.001,200000,2000,249,0,14.142135623731,14.142135623731,SuSiE-RSS: in-sample R,5,1,1,FALSE,FALSE,,,,TRUE,0.0949999999999998,1,TRUE,0,1,1,0.999999999998724,0,0,20,1,20,,,,,,,,,,,
500,61,20,1,0.001,0.001,200000,2000,124,0,14.142135623731,14.142135623731,SuSiE-RSS: reference R0,5,5,5,FALSE,FALSE,,,,TRUE,0.0230000000000001,1,TRUE,4,1,1.6,0.999999964615312,4.00000041470063,0.666666735783439,1,0.2,1,,,,,,,,,,,
1000,62,20,1,0.001,0.001,200000,2000,249,0,14.142135623731,14.142135623731,SuSiE-RSS: reference R0,5,5,5,FALSE,FALSE,,,,TRUE,0.0719999999999992,0,FALSE,5,0,1.6,4.81200634894208e-11,5.99975887696266,0.99995981282711,2,0,2,,,,,,,,,,,
2000,63,20,1,0.001,0.001,200000,2000,497,0,14.142135623731,14.142135623731,SuSiE-RSS: reference R0,5,4,4,FALSE,FALSE,,,,TRUE,0.213000000000001,1,TRUE,3,1,1.25,0.999923212439258,3.0001825246926,0.60003650493852,3,0.25,3,,,,,,,,,,,
500,64,20,1,0.001,0.001,200000,2000,124,0,14.142135623731,14.142135623731,SuSiE-RSS: reference R0,5,5,5,FALSE,FALSE,,,,TRUE,0.0249999999999999,1,TRUE,4,1,1.4,0.468221609436189,4.00513594757027,0.667522657928378,4,0.2,4,,,,,,,,,,,
1000,65,20,1,0.001,0.001,200000,2000,249,0,14.142135623731,14.142135623731,SuSiE-RSS: reference R0,5,5,5,FALSE,FALSE,,,,TRUE,0.0499999999999998,1,TRUE,4,1,2,0.200296893447444,4.02930837309571,0.671551395515951,5,0.2,5,,,,,,,,,,,
2000,66,20,1,0.001,0.001,200000,2000,497,0,14.142135623731,14.142135623731,SuSiE-RSS: reference R0,5,5,5,FALSE,FALSE,,,,TRUE,0.271000000000001,1,TRUE,4,1,2.2,0.539544821327902,4.42384506591373,0.737307510985621,6,0.2,6,,,,,,,,,,,
500,67,20,1,0.001,0.001,200000,2000,124,0,14.142135623731,14.142135623731,SuSiE-RSS: reference R0,5,5,5,FALSE,FALSE,,,,TRUE,0.0249999999999999,1,TRUE,4,1,1.6,1,4,0.666666666666667,7,0.2,7,,,,,,,,,,,
1000,68,20,1,0.001,0.001,200000,2000,249,0,14.142135623731,14.142135623731,SuSiE-RSS: reference R0,5,4,4,FALSE,FALSE,,,,TRUE,0.0720000000000001,1,TRUE,3,1,1.75,0.435218665991157,3.04555629744087,0.609111259488174,8,0.25,8,,,,,,,,,,,
2000,69,20,1,0.001,0.001,200000,2000,497,0,14.142135623731,14.142135623731,SuSiE-RSS: reference R0,5,5,5,FALSE,FALSE,,,,TRUE,0.551,1,TRUE,4,1,1.8,1,4,0.666666666666667,9,0.2,9,,,,,,,,,,,
500,70,20,1,0.001,0.001,200000,2000,124,0,14.142135623731,14.142135623731,SuSiE-RSS: reference R0,5,5,5,FALSE,FALSE,,,,TRUE,0.0379999999999998,1,TRUE,4,1,1.4,1,4.00000000000001,0.666666666666668,10,0.2,10,,,,,,,,,,,
1000,71,20,1,0.001,0.001,200000,2000,249,0,14.142135623731,14.142135623731,SuSiE-RSS: reference R0,5,4,4,FALSE,FALSE,,,,TRUE,0.0880000000000001,1,TRUE,3,1,1.75,0.671750354177082,3.01760835273283,0.603521670546566,11,0.25,11,,,,,,,,,,,
2000,72,20,1,0.001,0.001,200000,2000,497,0,14.142135623731,14.142135623731,SuSiE-RSS: reference R0,5,4,4,FALSE,FALSE,,,,TRUE,0.17,1,TRUE,3,1,2,1,3,0.6,12,0.25,12,,,,,,,,,,,
500,73,20,1,0.001,0.001,200000,2000,124,0,14.142135623731,14.142135623731,SuSiE-RSS: reference R0,5,5,5,FALSE,FALSE,,,,TRUE,0.069,1,TRUE,4,1,2.6,0.0744412737444469,4.04425129723252,0.674041882872086,13,0.2,13,,,,,,,,,,,
1000,74,20,1,0.001,0.001,200000,2000,249,0,14.142135623731,14.142135623731,SuSiE-RSS: reference R0,5,5,5,FALSE,FALSE,,,,TRUE,0.0830000000000002,1,TRUE,4,1,1.8,1,4,0.666666666666667,14,0.2,14,,,,,,,,,,,
2000,75,20,1,0.001,0.001,200000,2000,497,0,14.142135623731,14.142135623731,SuSiE-RSS: reference R0,5,3,3,FALSE,FALSE,,,,TRUE,0.321,1,TRUE,2,1,1.66666666666667,0.930546734361658,2.06323319035179,0.515808297587947,15,0.333333333333333,15,,,,,,,,,,,
500,76,20,1,0.001,0.001,200000,2000,124,0,14.142135623731,14.142135623731,SuSiE-RSS: reference R0,5,3,3,FALSE,FALSE,,,,TRUE,0.0309999999999997,1,TRUE,2,1,1.33333333333333,0.999999804648608,2.00000032660459,0.500000081651148,16,0.333333333333333,16,,,,,,,,,,,
1000,77,20,1,0.001,0.001,200000,2000,249,0,14.142135623731,14.142135623731,SuSiE-RSS: reference R0,5,5,5,FALSE,FALSE,,,,TRUE,0.0739999999999998,1,TRUE,4,1,1.4,0.9775212894138,4.00266611758998,0.66711101959833,17,0.2,17,,,,,,,,,,,
2000,78,20,1,0.001,0.001,200000,2000,497,0,14.142135623731,14.142135623731,SuSiE-RSS: reference R0,5,4,4,FALSE,FALSE,,,,TRUE,0.674999999999999,1,TRUE,3,1,2.5,0.230771894833312,3.43126050351662,0.686252100703324,18,0.25,18,,,,,,,,,,,
500,79,20,1,0.001,0.001,200000,2000,124,0,14.142135623731,14.142135623731,SuSiE-RSS: reference R0,5,5,5,FALSE,FALSE,,,,TRUE,0.024,1,TRUE,4,1,1.2,1,4,0.666666666666667,19,0.2,19,,,,,,,,,,,
1000,80,20,1,0.001,0.001,200000,2000,249,0,14.142135623731,14.142135623731,SuSiE-RSS: reference R0,5,4,4,FALSE,FALSE,,,,TRUE,0.0579999999999998,1,TRUE,3,1,1.25,1,3.00000000000256,0.600000000000512,20,0.25,20,,,,,,,,,,,
500,61,20,1,0.001,0.001,200000,2000,124,0,14.142135623731,14.142135623731,collapsed-R,0,1,1,TRUE,FALSE,0.004,12.5184703248179,20.9934747347196,TRUE,0.694,1,TRUE,0,1,1,0.999999792647537,0,0,1,1,1,,,,,,,,,,,
1000,62,20,1,0.001,0.001,200000,2000,249,0,14.142135623731,14.142135623731,collapsed-R,0,0,1,TRUE,FALSE,0.006,5.43035320135399,9.10670231867064,TRUE,0.862,1,TRUE,0,1,2,0.943670758223089,0,0,2,1,2,,,,,,,,,,,
2000,63,20,1,0.001,0.001,200000,2000,497,0,14.142135623731,14.142135623731,collapsed-R,0,1,1,TRUE,FALSE,0.008,20.0421934998294,33.610758499214,TRUE,2.874,1,TRUE,0,1,1,0.999892131304395,0,0,3,1,3,,,,,,,,,,,
500,64,20,1,0.001,0.001,200000,2000,124,0,14.142135623731,14.142135623731,collapsed-R,0,1,1,TRUE,FALSE,0.01,9.91760104374446,16.6318169503595,TRUE,0.582,1,TRUE,0,1,2,0.470473636252424,0,0,4,1,4,,,,,,,,,,,
1000,65,20,1,0.001,0.001,200000,2000,249,0,14.142135623731,14.142135623731,collapsed-R,0,0,1,TRUE,FALSE,0.008,5.40848721675977,9.07003306250613,TRUE,1.099,1,TRUE,0,1,6,0.199399362813715,0,0,5,1,5,,,,,,,,,,,
2000,66,20,1,0.001,0.001,200000,2000,497,0,14.142135623731,14.142135623731,collapsed-R,0,1,1,TRUE,FALSE,0.01,22.7267176698025,38.1127055322588,TRUE,3.881,1,TRUE,0,1,2,0.748950090981043,0.00503452663470935,0.00251726331735468,6,1,6,,,,,,,,,,,
500,67,20,1,0.001,0.001,200000,2000,124,0,14.142135623731,14.142135623731,collapsed-R,0,1,1,TRUE,FALSE,0.006,13.8082263095467,23.1563955211098,TRUE,1.161,1,TRUE,0,1,1,1,0,0,7,1,7,,,,,,,,,,,
1000,68,20,1,0.001,0.001,200000,2000,249,0,14.142135623731,14.142135623731,collapsed-R,0,0,1,TRUE,FALSE,0.006,11.0953599576966,18.6069186490571,TRUE,1.106,1,TRUE,0,1,2,0.451241573053781,0.0135104832447282,0.00675524162236408,8,1,8,,,,,,,,,,,
2000,69,20,1,0.001,0.001,200000,2000,497,0,14.142135623731,14.142135623731,collapsed-R,0,0,1,TRUE,FALSE,0.008,11.8448997857567,19.8638969407141,TRUE,3.713,1,TRUE,0,1,1,1,0,0,9,1,9,,,,,,,,,,,
500,70,20,1,0.001,0.001,200000,2000,124,0,14.142135623731,14.142135623731,collapsed-R,0,1,1,TRUE,FALSE,0.006,11.2320277585888,18.8361105511535,TRUE,0.733,1,TRUE,0,1,1,1,8.09169099155613e-15,4.04584549577807e-15,10,1,10,,,,,,,,,,,
1000,71,20,1,0.001,0.001,200000,2000,249,0,14.142135623731,14.142135623731,collapsed-R,0,1,1,TRUE,FALSE,0.01,23.7294678853716,39.7943176437683,TRUE,1.089,1,TRUE,0,1,2,0.654659301918673,0.016573750871975,0.00828687543598751,11,1,11,,,,,,,,,,,
2000,72,20,1,0.001,0.001,200000,2000,497,0,14.142135623731,14.142135623731,collapsed-R,0,0,1,TRUE,FALSE,0.006,6.20606893045536,10.4075775963736,TRUE,3.276,1,TRUE,0,1,1,1,1.11871323374925e-19,5.59356616874627e-20,12,1,12,,,,,,,,,,,
500,73,20,1,0.001,0.001,200000,2000,124,0,14.142135623731,14.142135623731,collapsed-R,0,1,1,TRUE,FALSE,0.004,11.4437372620027,19.1911473883785,TRUE,0.864,1,TRUE,0,1,6,0.0826145829545466,0,0,13,1,13,,,,,,,,,,,
1000,74,20,1,0.001,0.001,200000,2000,249,0,14.142135623731,14.142135623731,collapsed-R,0,1,1,TRUE,FALSE,0.008,19.2897140450477,32.348850453545,TRUE,1.288,1,TRUE,0,1,1,1,0,0,14,1,14,,,,,,,,,,,
2000,75,20,1,0.001,0.001,200000,2000,497,0,14.142135623731,14.142135623731,collapsed-R,0,1,1,TRUE,FALSE,0.008,28.5455883081389,47.8709515927489,TRUE,3.857,1,TRUE,0,1,1,0.966077700501365,0.00782876463673789,0.00391438231836894,15,1,15,,,,,,,,,,,
500,76,20,1,0.001,0.001,200000,2000,124,0,14.142135623731,14.142135623731,collapsed-R,0,1,1,TRUE,FALSE,0.008,36.3632332444116,60.9811421508783,TRUE,0.736,1,TRUE,0,1,1,0.999999546704591,8.43365183328758e-07,4.21682591664379e-07,16,1,16,,,,,,,,,,,
1000,77,20,1,0.001,0.001,200000,2000,249,0,14.142135623731,14.142135623731,collapsed-R,0,1,1,TRUE,FALSE,0.008,15.6978223396765,26.3252480636375,TRUE,1.199,1,TRUE,0,1,1,0.970915494351497,0.0105454725346177,0.00527273626730883,17,1,17,,,,,,,,,,,
2000,78,20,1,0.001,0.001,200000,2000,497,0,14.142135623731,14.142135623731,collapsed-R,0,0,1,TRUE,FALSE,0.006,11.0080396189338,18.460482440952,TRUE,3.978,1,TRUE,0,1,3,0.289238976638643,0.0149117214135665,0.00745586070678323,18,1,18,,,,,,,,,,,
500,79,20,1,0.001,0.001,200000,2000,124,0,14.142135623731,14.142135623731,collapsed-R,0,0,1,TRUE,FALSE,0.008,5.90523920128529,9.90308614055543,TRUE,0.798,1,TRUE,0,1,1,1,0,0,19,1,19,,,,,,,,,,,
1000,80,20,1,0.001,0.001,200000,2000,249,0,14.142135623731,14.142135623731,collapsed-R,0,1,1,TRUE,FALSE,0.01,20.2199837267173,33.908912709705,TRUE,1.278,1,TRUE,0,1,1,0.999999999997092,3.25782625207241e-12,1.6289131260362e-12,20,1,20,,,,,,,,,,,
500,61,50,1,0.001,0.001,200000,2000,124,0,14.142135623731,14.142135623731,AIW-N,1,1,1,TRUE,FALSE,0.004,51.0045078754624,72.6304192146584,TRUE,1.351,1,TRUE,0,1,1,0.999999663197359,1.62694098600625e-07,8.13470493003123e-08,1,1,1,,,,,,,,,,,
1000,62,50,1,0.001,0.001,200000,2000,249,0,14.142135623731,14.142135623731,AIW-N,1,1,1,TRUE,FALSE,0.004,36.7817454126628,52.3772054676319,TRUE,3.792,1,TRUE,0,1,1,0.999999991633774,3.86089776479958e-09,1.93044888239979e-09,2,1,2,,,,,,,,,,,
2000,63,50,1,0.001,0.001,200000,2000,497,0,14.142135623731,14.142135623731,AIW-N,1,1,1,TRUE,FALSE,0.006,58.4493672616233,83.2318989805516,TRUE,9.47,1,TRUE,0,1,1,0.999414767409984,0.000138476032619567,6.92380163097835e-05,3,1,3,,,,,,,,,,,
500,64,50,1,0.001,0.001,200000,2000,124,0,14.142135623731,14.142135623731,AIW-N,1,1,1,TRUE,FALSE,0.008,62.4439408343024,88.9201717480466,TRUE,1.281,1,TRUE,0,1,3,0.137382049909858,0,0,4,1,4,,,,,,,,,,,
1000,65,50,1,0.001,0.001,200000,2000,249,0,14.142135623731,14.142135623731,AIW-N,1,1,1,TRUE,FALSE,0.004,41.6718288071861,59.340684221433,TRUE,5.077,1,TRUE,0,1,6,0.164653470731559,0,0,5,1,5,,,,,,,,,,,
2000,66,50,1,0.001,0.001,200000,2000,497,0,14.142135623731,14.142135623731,AIW-N,1,1,1,TRUE,FALSE,0.004,42.5336104434539,60.5678612714784,TRUE,8.85399999999999,1,TRUE,0,1,2,0.596648265193336,0,0,6,1,6,,,,,,,,,,,
500,67,50,1,0.001,0.001,200000,2000,124,0,14.142135623731,14.142135623731,AIW-N,1,1,1,TRUE,FALSE,0.004,36.2525356203921,51.6236107234383,TRUE,1.211,1,TRUE,0,1,1,1,5.30443787048778e-21,2.65221893524389e-21,7,1,7,,,,,,,,,,,
1000,68,50,1,0.001,0.001,200000,2000,249,0,14.142135623731,14.142135623731,AIW-N,1,1,1,TRUE,FALSE,0.006,47.7614904217044,68.0123623605071,TRUE,3.94,1,TRUE,0,1,2,0.372959756116631,0,0,8,1,8,,,,,,,,,,,
2000,69,50,1,0.001,0.001,200000,2000,497,0,14.142135623731,14.142135623731,AIW-N,1,1,1,TRUE,FALSE,0.004,27.6265700424737,39.3402357404826,TRUE,8.514,1,TRUE,0,1,1,1,0,0,9,1,9,,,,,,,,,,,
500,70,50,1,0.001,0.001,200000,2000,124,0,14.142135623731,14.142135623731,AIW-N,1,1,1,TRUE,FALSE,0.004,35.4522075579258,50.4839435624863,TRUE,1.519,1,TRUE,0,1,1,0.999999999802314,0,0,10,1,10,,,,,,,,,,,
1000,71,50,1,0.001,0.001,200000,2000,249,0,14.142135623731,14.142135623731,AIW-N,1,1,1,TRUE,FALSE,0.006,40.9894863662576,58.3690285855509,TRUE,3.577,1,TRUE,0,1,4,0.560479229348037,0,0,11,1,11,,,,,,,,,,,
2000,72,50,1,0.001,0.001,200000,2000,497,0,14.142135623731,14.142135623731,AIW-N,1,1,1,TRUE,FALSE,0.004,45.767770438249,65.1733051040666,TRUE,13.761,1,TRUE,0,1,1,1,0,0,12,1,12,,,,,,,,,,,
500,73,50,1,0.001,0.001,200000,2000,124,0,14.142135623731,14.142135623731,AIW-N,1,1,1,TRUE,FALSE,0.004,61.5608731500612,87.6626833656871,TRUE,1.68,1,TRUE,0,1,6,0.277378358796252,0,0,13,1,13,,,,,,,,,,,
1000,74,50,1,0.001,0.001,200000,2000,249,0,14.142135623731,14.142135623731,AIW-N,1,1,1,TRUE,FALSE,0.004,56.7949561050506,80.8760174935921,TRUE,4.124,1,TRUE,0,1,1,1,2.41432617745131e-24,1.20716308872565e-24,14,1,14,,,,,,,,,,,
2000,75,50,1,0.001,0.001,200000,2000,497,0,14.142135623731,14.142135623731,AIW-N,1,1,1,TRUE,FALSE,0.004,39.3882850438971,56.0889179025095,TRUE,9.096,1,TRUE,0,1,1,0.976494610303456,0,0,15,1,15,,,,,,,,,,,
500,76,50,1,0.001,0.001,200000,2000,124,0,14.142135623731,14.142135623731,AIW-N,1,1,1,TRUE,FALSE,0.006,62.421965774411,88.8888792627613,TRUE,1.81,1,TRUE,0,1,1,0.999999999999923,6.29169278791364e-14,3.14584639395682e-14,16,1,16,,,,,,,,,,,
1000,77,50,1,0.001,0.001,200000,2000,249,0,14.142135623731,14.142135623731,AIW-N,1,1,1,TRUE,FALSE,0.004,67.5478098307586,96.1880811990002,TRUE,4.323,1,TRUE,0,1,2,0.907963526772675,0,0,17,1,17,,,,,,,,,,,
2000,78,50,1,0.001,0.001,200000,2000,497,0,14.142135623731,14.142135623731,AIW-N,1,1,1,TRUE,FALSE,0.004,43.1782913012172,61.4858868129333,TRUE,11.459,1,TRUE,0,1,3,0.420981006104251,0,0,18,1,18,,,,,,,,,,,
500,79,50,1,0.001,0.001,200000,2000,124,0,14.142135623731,14.142135623731,AIW-N,1,1,1,TRUE,FALSE,0.004,39.7348092756251,56.5823684084902,TRUE,1.582,1,TRUE,0,1,1,0.999999999994366,0,0,19,1,19,,,,,,,,,,,
1000,80,50,1,0.001,0.001,200000,2000,249,0,14.142135623731,14.142135623731,AIW-N,1,1,1,TRUE,FALSE,0.004,31.9691129916053,45.524016900046,TRUE,4.552,1,TRUE,0,1,1,0.999999999999425,5.17898017861111e-13,2.58949008930555e-13,20,1,20,,,,,,,,,,,
500,61,50,1,0.001,0.001,200000,2000,124,0,14.142135623731,14.142135623731,SuSiE-RSS: finite R0 + EB mismatch,5,1,1,FALSE,FALSE,,,,TRUE,0.0380000000000003,1,TRUE,0,1,1,0.999999673730403,1.45319396749052e-07,7.26596983745261e-08,1,1,1,0.16.6,2000,eb,mle,0.0211571325224007,46.1741645144235,0.00619945556434468,FALSE,FALSE,alpha_pip_fixed_point,2
1000,62,50,1,0.001,0.001,200000,2000,249,0,14.142135623731,14.142135623731,SuSiE-RSS: finite R0 + EB mismatch,5,1,1,FALSE,FALSE,,,,TRUE,0.140000000000001,1,TRUE,0,1,1,0.999999991626453,3.94239692015078e-09,1.97119846007539e-09,2,1,2,0.16.6,2000,eb,mle,0.0184241235008553,52.8426058916177,0.0103650848875846,FALSE,FALSE,alpha_pip_fixed_point,2
2000,63,50,1,0.001,0.001,200000,2000,497,0,14.142135623731,14.142135623731,SuSiE-RSS: finite R0 + EB mismatch,5,1,1,FALSE,FALSE,,,,TRUE,1.06,1,TRUE,0,1,1,0.999408628289591,0.000128528000913627,6.42640004568134e-05,3,1,3,0.16.6,2000,eb,mle,0.0132933174922852,72.4988749486345,0.0104081295141185,FALSE,FALSE,alpha_pip_fixed_point,2
500,64,50,1,0.001,0.001,200000,2000,124,0,14.142135623731,14.142135623731,SuSiE-RSS: finite R0 + EB mismatch,5,1,1,FALSE,FALSE,,,,TRUE,0.0380000000000003,1,TRUE,0,1,3,0.143957498582346,0.0016742191785776,0.000837109589288799,4,1,4,0.16.6,2000,eb,mle,0.00738014086098533,126.901284842637,0.0168434597126891,FALSE,FALSE,alpha_pip_fixed_point,2
1000,65,50,1,0.001,0.001,200000,2000,249,0,14.142135623731,14.142135623731,SuSiE-RSS: finite R0 + EB mismatch,5,1,1,FALSE,FALSE,,,,TRUE,0.148,1,TRUE,0,1,6,0.167960828487682,1.54380266333409e-05,7.71901331667046e-06,5,1,5,0.16.6,2000,eb,mle,0.01887737536227,51.6065762934602,0.00856634065617268,FALSE,FALSE,alpha_pip_fixed_point,2
2000,66,50,1,0.001,0.001,200000,2000,497,0,14.142135623731,14.142135623731,SuSiE-RSS: finite R0 + EB mismatch,5,1,1,FALSE,FALSE,,,,TRUE,1.147,1,TRUE,0,1,2,0.597127394792682,0.000644619824163752,0.000322309912081876,6,1,6,0.16.6,2000,eb,mle,0.0178309318252411,54.552600464262,0.00941873447807928,FALSE,FALSE,alpha_pip_fixed_point,2
500,67,50,1,0.001,0.001,200000,2000,124,0,14.142135623731,14.142135623731,SuSiE-RSS: finite R0 + EB mismatch,5,1,1,FALSE,FALSE,,,,TRUE,0.0540000000000003,1,TRUE,0,1,1,1,5.06971630013245e-21,2.53485815006623e-21,7,1,7,0.16.6,2000,eb,mle,0.0321958530275358,30.5849184958661,0.00519596188856897,FALSE,FALSE,alpha_pip_fixed_point,2
1000,68,50,1,0.001,0.001,200000,2000,249,0,14.142135623731,14.142135623731,SuSiE-RSS: finite R0 + EB mismatch,5,1,1,FALSE,FALSE,,,,TRUE,0.45,1,TRUE,0,1,2,0.375103477139463,0.000245694206194151,0.000122847103097076,8,1,8,0.16.6,2000,eb,mle,0.015266484370404,63.4256804818927,0.0107630046435236,FALSE,FALSE,alpha_pip_fixed_point,12
2000,69,50,1,0.001,0.001,200000,2000,497,0,14.142135623731,14.142135623731,SuSiE-RSS: finite R0 + EB mismatch,1,1,1,FALSE,FALSE,,,,TRUE,0.917000000000002,1,TRUE,0,1,1,1,1.77703911178928e-27,8.8851955589464e-28,9,1,9,0.16.6,2000,eb,mle,0.0258938882367492,37.8875590830025,0.0103987956890211,FALSE,FALSE,alpha_pip_fixed_point,2
500,70,50,1,0.001,0.001,200000,2000,124,0,14.142135623731,14.142135623731,SuSiE-RSS: finite R0 + EB mismatch,5,1,1,FALSE,FALSE,,,,TRUE,0.0449999999999999,1,TRUE,0,1,1,0.999999999799185,9.44524009033512e-12,4.72262004516756e-12,10,1,10,0.16.6,2000,eb,mle,0.0194396507413612,50.1513297785944,0.00829414707037375,FALSE,FALSE,alpha_pip_fixed_point,2
1000,71,50,1,0.001,0.001,200000,2000,249,0,14.142135623731,14.142135623731,SuSiE-RSS: finite R0 + EB mismatch,5,1,1,FALSE,FALSE,,,,TRUE,0.178,1,TRUE,0,1,4,0.560750334899395,0.0030993462799261,0.00154967313996305,11,1,11,0.16.6,2000,eb,mle,0.020300771278641,48.0751404168766,0.0105382229213647,FALSE,FALSE,alpha_pip_fixed_point,3
2000,72,50,1,0.001,0.001,200000,2000,497,0,14.142135623731,14.142135623731,SuSiE-RSS: finite R0 + EB mismatch,5,1,1,FALSE,FALSE,,,,TRUE,0.866,1,TRUE,0,1,1,1,1.67044864199989e-32,8.35224320999944e-33,12,1,12,0.16.6,2000,eb,mle,0.016040224833203,60.4586703073462,0.00967531837528821,FALSE,FALSE,alpha_pip_fixed_point,2
500,73,50,1,0.001,0.001,200000,2000,124,0,14.142135623731,14.142135623731,SuSiE-RSS: finite R0 + EB mismatch,5,1,1,FALSE,FALSE,,,,TRUE,0.069,1,TRUE,0,1,6,0.282894523112804,0.00028686901773689,0.000143434508868445,13,1,13,0.16.6,2000,eb,mle,0.0131012655856489,73.5225699184293,0.00912285888356022,FALSE,FALSE,alpha_pip_fixed_point,6
1000,74,50,1,0.001,0.001,200000,2000,249,0,14.142135623731,14.142135623731,SuSiE-RSS: finite R0 + EB mismatch,5,1,1,FALSE,FALSE,,,,TRUE,0.246,1,TRUE,0,1,1,1,2.3653261915388e-24,1.1826630957694e-24,14,1,14,0.16.6,2000,eb,mle,0.0121921249431615,78.7890132249916,0.0097890430752822,FALSE,FALSE,alpha_pip_fixed_point,2
2000,75,50,1,0.001,0.001,200000,2000,497,0,14.142135623731,14.142135623731,SuSiE-RSS: finite R0 + EB mismatch,5,1,1,FALSE,FALSE,,,,TRUE,0.921000000000001,1,TRUE,0,1,1,0.976403912234945,0.000275230939585341,0.000137615469792671,15,1,15,0.16.6,2000,eb,mle,0.0260804846260451,37.6215864409087,0.00798054427885532,FALSE,FALSE,alpha_pip_fixed_point,2
500,76,50,1,0.001,0.001,200000,2000,124,0,14.142135623731,14.142135623731,SuSiE-RSS: finite R0 + EB mismatch,5,1,1,FALSE,FALSE,,,,TRUE,0.0430000000000002,1,TRUE,0,1,1,0.999999999999928,5.35765465026654e-14,2.67882732513327e-14,16,1,16,0.16.6,2000,eb,mle,0.0106122093596929,89.9911050656838,0.0108391653460068,FALSE,FALSE,alpha_pip_fixed_point,2
1000,77,50,1,0.001,0.001,200000,2000,249,0,14.142135623731,14.142135623731,SuSiE-RSS: finite R0 + EB mismatch,5,1,1,FALSE,FALSE,,,,TRUE,0.239999999999999,1,TRUE,0,1,2,0.908328518161241,1.06646813657907e-06,5.33234068289534e-07,17,1,17,0.16.6,2000,eb,mle,0.0132228417426752,72.871203993427,0.00902405354625552,FALSE,FALSE,alpha_pip_fixed_point,2
2000,78,50,1,0.001,0.001,200000,2000,497,0,14.142135623731,14.142135623731,SuSiE-RSS: finite R0 + EB mismatch,5,1,1,FALSE,FALSE,,,,TRUE,1.013,1,TRUE,0,1,3,0.422125773825812,6.00109786039856e-05,3.00054893019928e-05,18,1,18,0.16.6,2000,eb,mle,0.0183507181354438,53.048376874288,0.00874166040950722,FALSE,FALSE,alpha_pip_fixed_point,2
500,79,50,1,0.001,0.001,200000,2000,124,0,14.142135623731,14.142135623731,SuSiE-RSS: finite R0 + EB mismatch,5,1,1,FALSE,FALSE,,,,TRUE,0.0510000000000002,1,TRUE,0,1,1,0.9999999999944,2.32455492331501e-14,1.1622774616575e-14,19,1,19,0.16.6,2000,eb,mle,0.0195375956987486,49.9061871012026,0.00931201939837947,FALSE,FALSE,alpha_pip_fixed_point,2
1000,80,50,1,0.001,0.001,200000,2000,249,0,14.142135623731,14.142135623731,SuSiE-RSS: finite R0 + EB mismatch,5,1,1,FALSE,FALSE,,,,TRUE,0.207,1,TRUE,0,1,1,0.999999999999425,5.21990164711802e-13,2.60995082355901e-13,20,1,20,0.16.6,2000,eb,mle,0.0269924646399179,36.3736032071873,0.00786346635265359,FALSE,FALSE,alpha_pip_fixed_point,2
500,61,50,1,0.001,0.001,200000,2000,124,0,14.142135623731,14.142135623731,SuSiE-RSS: in-sample R,2,1,1,FALSE,FALSE,,,,TRUE,0.0140000000000011,1,TRUE,0,1,1,0.999999711506113,0,0,1,1,1,,,,,,,,,,,
1000,62,50,1,0.001,0.001,200000,2000,249,0,14.142135623731,14.142135623731,SuSiE-RSS: in-sample R,2,1,1,FALSE,FALSE,,,,TRUE,0.0289999999999999,1,TRUE,0,1,1,0.99999999356693,0,0,2,1,2,,,,,,,,,,,
2000,63,50,1,0.001,0.001,200000,2000,497,0,14.142135623731,14.142135623731,SuSiE-RSS: in-sample R,5,1,1,FALSE,FALSE,,,,TRUE,0.165999999999997,1,TRUE,0,1,1,0.999361351202568,0,0,3,1,3,,,,,,,,,,,
500,64,50,1,0.001,0.001,200000,2000,124,0,14.142135623731,14.142135623731,SuSiE-RSS: in-sample R,1,1,1,FALSE,FALSE,,,,TRUE,0.0120000000000005,1,TRUE,0,1,3,0.137382049909858,0,0,4,1,4,,,,,,,,,,,
1000,65,50,1,0.001,0.001,200000,2000,249,0,14.142135623731,14.142135623731,SuSiE-RSS: in-sample R,1,1,1,FALSE,FALSE,,,,TRUE,0.0390000000000015,1,TRUE,0,1,6,0.164653470731559,0,0,5,1,5,,,,,,,,,,,
2000,66,50,1,0.001,0.001,200000,2000,497,0,14.142135623731,14.142135623731,SuSiE-RSS: in-sample R,1,1,1,FALSE,FALSE,,,,TRUE,0.100000000000001,1,TRUE,0,1,2,0.596648265193336,0,0,6,1,6,,,,,,,,,,,
500,67,50,1,0.001,0.001,200000,2000,124,0,14.142135623731,14.142135623731,SuSiE-RSS: in-sample R,2,1,1,FALSE,FALSE,,,,TRUE,0.0150000000000006,1,TRUE,0,1,1,1,0,0,7,1,7,,,,,,,,,,,
1000,68,50,1,0.001,0.001,200000,2000,249,0,14.142135623731,14.142135623731,SuSiE-RSS: in-sample R,1,1,1,FALSE,FALSE,,,,TRUE,0.0449999999999982,1,TRUE,0,1,2,0.372959756116631,0,0,8,1,8,,,,,,,,,,,
2000,69,50,1,0.001,0.001,200000,2000,497,0,14.142135623731,14.142135623731,SuSiE-RSS: in-sample R,1,1,1,FALSE,FALSE,,,,TRUE,0.112000000000002,1,TRUE,0,1,1,1,0,0,9,1,9,,,,,,,,,,,
500,70,50,1,0.001,0.001,200000,2000,124,0,14.142135623731,14.142135623731,SuSiE-RSS: in-sample R,1,1,1,FALSE,FALSE,,,,TRUE,0.0140000000000011,1,TRUE,0,1,1,0.999999999802314,0,0,10,1,10,,,,,,,,,,,
1000,71,50,1,0.001,0.001,200000,2000,249,0,14.142135623731,14.142135623731,SuSiE-RSS: in-sample R,1,1,1,FALSE,FALSE,,,,TRUE,0.0370000000000026,1,TRUE,0,1,4,0.560479229348037,0,0,11,1,11,,,,,,,,,,,
2000,72,50,1,0.001,0.001,200000,2000,497,0,14.142135623731,14.142135623731,SuSiE-RSS: in-sample R,1,1,1,FALSE,FALSE,,,,TRUE,0.097999999999999,1,TRUE,0,1,1,1,0,0,12,1,12,,,,,,,,,,,
500,73,50,1,0.001,0.001,200000,2000,124,0,14.142135623731,14.142135623731,SuSiE-RSS: in-sample R,1,1,1,FALSE,FALSE,,,,TRUE,0.0129999999999999,1,TRUE,0,1,6,0.277378358796252,0,0,13,1,13,,,,,,,,,,,
1000,74,50,1,0.001,0.001,200000,2000,249,0,14.142135623731,14.142135623731,SuSiE-RSS: in-sample R,2,1,1,FALSE,FALSE,,,,TRUE,0.0329999999999977,1,TRUE,0,1,1,1,0,0,14,1,14,,,,,,,,,,,
2000,75,50,1,0.001,0.001,200000,2000,497,0,14.142135623731,14.142135623731,SuSiE-RSS: in-sample R,1,1,1,FALSE,FALSE,,,,TRUE,0.0919999999999987,1,TRUE,0,1,1,0.976494610303456,0,0,15,1,15,,,,,,,,,,,
500,76,50,1,0.001,0.001,200000,2000,124,0,14.142135623731,14.142135623731,SuSiE-RSS: in-sample R,5,1,1,FALSE,FALSE,,,,TRUE,0.0190000000000001,1,TRUE,0,1,1,0.999999999999955,0,0,16,1,16,,,,,,,,,,,
1000,77,50,1,0.001,0.001,200000,2000,249,0,14.142135623731,14.142135623731,SuSiE-RSS: in-sample R,1,1,1,FALSE,FALSE,,,,TRUE,0.0440000000000005,1,TRUE,0,1,2,0.907963526772675,0,0,17,1,17,,,,,,,,,,,
2000,78,50,1,0.001,0.001,200000,2000,497,0,14.142135623731,14.142135623731,SuSiE-RSS: in-sample R,1,1,1,FALSE,FALSE,,,,TRUE,0.106000000000002,1,TRUE,0,1,3,0.420981006104251,0,0,18,1,18,,,,,,,,,,,
500,79,50,1,0.001,0.001,200000,2000,124,0,14.142135623731,14.142135623731,SuSiE-RSS: in-sample R,1,1,1,FALSE,FALSE,,,,TRUE,0.0129999999999999,1,TRUE,0,1,1,0.999999999994366,0,0,19,1,19,,,,,,,,,,,
1000,80,50,1,0.001,0.001,200000,2000,249,0,14.142135623731,14.142135623731,SuSiE-RSS: in-sample R,5,1,1,FALSE,FALSE,,,,TRUE,0.0539999999999985,1,TRUE,0,1,1,0.999999999999684,0,0,20,1,20,,,,,,,,,,,
500,61,50,1,0.001,0.001,200000,2000,124,0,14.142135623731,14.142135623731,SuSiE-RSS: reference R0,5,3,3,FALSE,FALSE,,,,TRUE,0.0250000000000004,1,TRUE,2,1,1.33333333333333,0.999999849650888,2.00000039292236,0.50000009823059,1,0.333333333333333,1,,,,,,,,,,,
1000,62,50,1,0.001,0.001,200000,2000,249,0,14.142135623731,14.142135623731,SuSiE-RSS: reference R0,5,5,5,FALSE,FALSE,,,,TRUE,0.0789999999999971,1,TRUE,4,1,1.6,0.999811874425961,4.00037623827734,0.666729373046223,2,0.2,2,,,,,,,,,,,
2000,63,50,1,0.001,0.001,200000,2000,497,0,14.142135623731,14.142135623731,SuSiE-RSS: reference R0,5,2,2,FALSE,FALSE,,,,TRUE,0.258000000000003,1,TRUE,1,1,1,0.998456519126769,1.00194328364424,0.333981094548079,3,0.5,3,,,,,,,,,,,
500,64,50,1,0.001,0.001,200000,2000,124,0,14.142135623731,14.142135623731,SuSiE-RSS: reference R0,5,1,1,FALSE,FALSE,,,,TRUE,0.0220000000000002,1,TRUE,0,1,3,0.130245904872774,0.0252824634086165,0.0126412317043083,4,1,4,,,,,,,,,,,
1000,65,50,1,0.001,0.001,200000,2000,249,0,14.142135623731,14.142135623731,SuSiE-RSS: reference R0,5,5,5,FALSE,FALSE,,,,TRUE,0.0609999999999999,1,TRUE,4,1,2.4,0.16478488908765,4.00393282515432,0.66732213752572,5,0.2,5,,,,,,,,,,,
2000,66,50,1,0.001,0.001,200000,2000,497,0,14.142135623731,14.142135623731,SuSiE-RSS: reference R0,5,4,4,FALSE,FALSE,,,,TRUE,0.167999999999999,1,TRUE,3,1,1.75,0.399014776660302,3.3952669775177,0.67905339550354,6,0.25,6,,,,,,,,,,,
500,67,50,1,0.001,0.001,200000,2000,124,0,14.142135623731,14.142135623731,SuSiE-RSS: reference R0,5,4,4,FALSE,FALSE,,,,TRUE,0.0200000000000014,1,TRUE,3,1,1.25,1,3,0.6,7,0.25,7,,,,,,,,,,,
1000,68,50,1,0.001,0.001,200000,2000,249,0,14.142135623731,14.142135623731,SuSiE-RSS: reference R0,5,4,4,FALSE,FALSE,,,,TRUE,0.0510000000000019,1,TRUE,3,1,1.25,0.350525468524859,3.04486877376325,0.60897375475265,8,0.25,8,,,,,,,,,,,
2000,69,50,1,0.001,0.001,200000,2000,497,0,14.142135623731,14.142135623731,SuSiE-RSS: reference R0,5,4,4,FALSE,FALSE,,,,TRUE,0.172999999999995,1,TRUE,3,1,1.25,1,3,0.6,9,0.25,9,,,,,,,,,,,
500,70,50,1,0.001,0.001,200000,2000,124,0,14.142135623731,14.142135623731,SuSiE-RSS: reference R0,5,4,4,FALSE,FALSE,,,,TRUE,0.043000000000001,1,TRUE,3,1,1,0.999999993727482,3.00000001214966,0.600000002429933,10,0.25,10,,,,,,,,,,,
1000,71,50,1,0.001,0.001,200000,2000,249,0,14.142135623731,14.142135623731,SuSiE-RSS: reference R0,5,3,3,FALSE,FALSE,,,,TRUE,0.0660000000000025,0,FALSE,3,0,3,0.028593126953667,3.81093694120319,0.952734235300798,11,0,11,,,,,,,,,,,
2000,72,50,1,0.001,0.001,200000,2000,497,0,14.142135623731,14.142135623731,SuSiE-RSS: reference R0,5,3,3,FALSE,FALSE,,,,TRUE,0.393000000000001,1,TRUE,2,1,1,1,2,0.5,12,0.333333333333333,12,,,,,,,,,,,
500,73,50,1,0.001,0.001,200000,2000,124,0,14.142135623731,14.142135623731,SuSiE-RSS: reference R0,5,3,3,FALSE,FALSE,,,,TRUE,0.0419999999999998,1,TRUE,2,1,2.66666666666667,0.283348090773905,2.01989544029909,0.504973860074773,13,0.333333333333333,13,,,,,,,,,,,
1000,74,50,1,0.001,0.001,200000,2000,249,0,14.142135623731,14.142135623731,SuSiE-RSS: reference R0,5,3,3,FALSE,FALSE,,,,TRUE,0.0640000000000001,1,TRUE,2,1,1.33333333333333,1,2,0.5,14,0.333333333333333,14,,,,,,,,,,,
2000,75,50,1,0.001,0.001,200000,2000,497,0,14.142135623731,14.142135623731,SuSiE-RSS: reference R0,5,3,3,FALSE,FALSE,,,,TRUE,0.209000000000003,1,TRUE,2,1,1,0.965033466267174,2.02292228817628,0.505730572044071,15,0.333333333333333,15,,,,,,,,,,,
500,76,50,1,0.001,0.001,200000,2000,124,0,14.142135623731,14.142135623731,SuSiE-RSS: reference R0,5,2,2,FALSE,FALSE,,,,TRUE,0.0250000000000004,1,TRUE,1,1,1.5,1,1.00000000000009,0.333333333333364,16,0.5,16,,,,,,,,,,,
1000,77,50,1,0.001,0.001,200000,2000,249,0,14.142135623731,14.142135623731,SuSiE-RSS: reference R0,5,2,2,FALSE,FALSE,,,,TRUE,0.123999999999999,1,TRUE,1,1,4,0.800008918210745,1.2159099970236,0.4053033323412,17,0.5,17,,,,,,,,,,,
2000,78,50,1,0.001,0.001,200000,2000,497,0,14.142135623731,14.142135623731,SuSiE-RSS: reference R0,5,3,3,FALSE,FALSE,,,,TRUE,0.32,1,TRUE,2,1,2,0.413328491889803,2.01530507423908,0.50382626855977,18,0.333333333333333,18,,,,,,,,,,,
500,79,50,1,0.001,0.001,200000,2000,124,0,14.142135623731,14.142135623731,SuSiE-RSS: reference R0,5,4,4,FALSE,FALSE,,,,TRUE,0.043000000000001,1,TRUE,3,1,1.5,0.999999999999897,3.00000000001107,0.600000000002213,19,0.25,19,,,,,,,,,,,
1000,80,50,1,0.001,0.001,200000,2000,249,0,14.142135623731,14.142135623731,SuSiE-RSS: reference R0,5,4,4,FALSE,FALSE,,,,TRUE,0.154999999999998,1,TRUE,3,1,1,0.999999999939847,3.00000000011967,0.600000000023935,20,0.25,20,,,,,,,,,,,
500,61,50,1,0.001,0.001,200000,2000,124,0,14.142135623731,14.142135623731,collapsed-R,0,1,1,TRUE,FALSE,0.004,48.2231664699555,80.8702501701153,TRUE,0.721,1,TRUE,0,1,1,0.999999663197359,1.62694098600625e-07,8.13470493003123e-08,1,1,1,,,,,,,,,,,
1000,62,50,1,0.001,0.001,200000,2000,249,0,14.142135623731,14.142135623731,collapsed-R,0,1,1,TRUE,FALSE,0.004,27.9844827556401,46.9299775812084,TRUE,1.772,1,TRUE,0,1,1,0.999999991633774,3.86089776479958e-09,1.93044888239979e-09,2,1,2,,,,,,,,,,,
2000,63,50,1,0.001,0.001,200000,2000,497,0,14.142135623731,14.142135623731,collapsed-R,0,1,1,TRUE,FALSE,0.006,47.5064015091733,79.6682353308836,TRUE,3.204,1,TRUE,0,1,1,0.999414767409984,0.000138476032619567,6.92380163097835e-05,3,1,3,,,,,,,,,,,
500,64,50,1,0.001,0.001,200000,2000,124,0,14.142135623731,14.142135623731,collapsed-R,0,1,1,TRUE,FALSE,0.006,49.8289619505719,83.5631691911092,TRUE,0.783,1,TRUE,0,1,3,0.137382049909858,0,0,4,1,4,,,,,,,,,,,
1000,65,50,1,0.001,0.001,200000,2000,249,0,14.142135623731,14.142135623731,collapsed-R,0,1,1,TRUE,FALSE,0.004,34.3189021835091,57.5527989617448,TRUE,1.806,1,TRUE,0,1,6,0.164653470731559,0,0,5,1,5,,,,,,,,,,,
2000,66,50,1,0.001,0.001,200000,2000,497,0,14.142135623731,14.142135623731,collapsed-R,0,1,1,TRUE,FALSE,0.004,28.6614357754009,48.0652277953473,TRUE,4.22600000000001,1,TRUE,0,1,2,0.596648265193336,0,0,6,1,6,,,,,,,,,,,
500,67,50,1,0.001,0.001,200000,2000,124,0,14.142135623731,14.142135623731,collapsed-R,0,1,1,TRUE,FALSE,0.004,33.3430018432911,55.9162140911992,TRUE,0.82,1,TRUE,0,1,1,1,5.30443787048778e-21,2.65221893524389e-21,7,1,7,,,,,,,,,,,
1000,68,50,1,0.001,0.001,200000,2000,249,0,14.142135623731,14.142135623731,collapsed-R,0,1,1,TRUE,FALSE,0.004,28.8633621590963,48.4038583408045,TRUE,1.611,1,TRUE,0,1,2,0.372959756116631,0,0,8,1,8,,,,,,,,,,,
2000,69,50,1,0.001,0.001,200000,2000,497,0,14.142135623731,14.142135623731,collapsed-R,0,1,1,TRUE,FALSE,0.004,17.4351396620158,29.2387292132005,TRUE,3.612,1,TRUE,0,1,1,1,0,0,9,1,9,,,,,,,,,,,
500,70,50,1,0.001,0.001,200000,2000,124,0,14.142135623731,14.142135623731,collapsed-R,0,1,1,TRUE,FALSE,0.004,30.5550789739561,51.2408674393243,TRUE,0.903,1,TRUE,0,1,1,0.999999999802314,0,0,10,1,10,,,,,,,,,,,
1000,71,50,1,0.001,0.001,200000,2000,249,0,14.142135623731,14.142135623731,collapsed-R,0,1,1,TRUE,FALSE,0.006,32.4035771675818,54.3407989100347,TRUE,1.518,1,TRUE,0,1,4,0.560479229348037,0,0,11,1,11,,,,,,,,,,,
2000,72,50,1,0.001,0.001,200000,2000,497,0,14.142135623731,14.142135623731,collapsed-R,0,1,1,TRUE,FALSE,0.004,34.9598425512934,58.6276559585191,TRUE,3.622,1,TRUE,0,1,1,1,0,0,12,1,12,,,,,,,,,,,
500,73,50,1,0.001,0.001,200000,2000,124,0,14.142135623731,14.142135623731,collapsed-R,0,1,1,TRUE,FALSE,0.002,39.7518969246192,66.6639311425864,TRUE,0.896000000000001,1,TRUE,0,1,6,0.277378358796252,0,0,13,1,13,,,,,,,,,,,
1000,74,50,1,0.001,0.001,200000,2000,249,0,14.142135623731,14.142135623731,collapsed-R,0,1,1,TRUE,FALSE,0.002,32.3798489066748,54.3010066164936,TRUE,1.796,1,TRUE,0,1,1,1,2.41432617745131e-24,1.20716308872565e-24,14,1,14,,,,,,,,,,,
2000,75,50,1,0.001,0.001,200000,2000,497,0,14.142135623731,14.142135623731,collapsed-R,0,1,1,TRUE,FALSE,0.004,27.8872389327519,46.7668996902249,TRUE,3.807,1,TRUE,0,1,1,0.976494610303456,0,0,15,1,15,,,,,,,,,,,
500,76,50,1,0.001,0.001,200000,2000,124,0,14.142135623731,14.142135623731,collapsed-R,0,1,1,TRUE,FALSE,0.006,60.6937052376618,101.783343683559,TRUE,0.939,1,TRUE,0,1,1,0.999999999999923,6.29169278791364e-14,3.14584639395682e-14,16,1,16,,,,,,,,,,,
1000,77,50,1,0.001,0.001,200000,2000,249,0,14.142135623731,14.142135623731,collapsed-R,0,1,1,TRUE,FALSE,0.002,40.6408454787815,68.1546978679166,TRUE,2.077,1,TRUE,0,1,2,0.907963526772675,0,0,17,1,17,,,,,,,,,,,
2000,78,50,1,0.001,0.001,200000,2000,497,0,14.142135623731,14.142135623731,collapsed-R,0,1,1,TRUE,FALSE,0.004,29.5965375711988,49.6333935069004,TRUE,4.032,1,TRUE,0,1,3,0.420981006104251,0,0,18,1,18,,,,,,,,,,,
500,79,50,1,0.001,0.001,200000,2000,124,0,14.142135623731,14.142135623731,collapsed-R,0,1,1,TRUE,FALSE,0.004,35.1774963104101,58.9926613125577,TRUE,0.993,1,TRUE,0,1,1,0.999999999994366,0,0,19,1,19,,,,,,,,,,,
1000,80,50,1,0.001,0.001,200000,2000,249,0,14.142135623731,14.142135623731,collapsed-R,0,1,1,TRUE,FALSE,0.004,23.1271861020352,38.784291093113,TRUE,1.268,1,TRUE,0,1,1,0.999999999999425,5.17898017861111e-13,2.58949008930555e-13,20,1,20,,,,,,,,,,,
500,61,100,1,0.001,0.001,200000,2000,124,0,14.142135623731,14.142135623731,AIW-N,1,1,1,TRUE,FALSE,0.004,90.9921828000027,129.572868307204,TRUE,1.795,1,TRUE,0,1,1,0.999999995789031,1.00000001193925,0.333333337313084,1,1,1,,,,,,,,,,,
1000,62,100,1,0.001,0.001,200000,2000,249,0,14.142135623731,14.142135623731,AIW-N,1,1,1,TRUE,FALSE,0.004,88.0465891098158,125.378342892378,TRUE,3.985,1,TRUE,0,1,1,0.999999700638264,0,0,2,1,2,,,,,,,,,,,
2000,63,100,1,0.001,0.001,200000,2000,497,0,14.142135623731,14.142135623731,AIW-N,1,1,1,TRUE,FALSE,0.004,97.6395063288928,139.038657012343,TRUE,13.284,1,TRUE,0,1,1,0.979435291915346,0.00281680301725123,0.00140840150862561,3,1,3,,,,,,,,,,,
500,64,100,1,0.001,0.001,200000,2000,124,0,14.142135623731,14.142135623731,AIW-N,1,1,1,TRUE,FALSE,0.004,103.026633643167,146.70992630787,TRUE,1.701,1,TRUE,0,1,2,0.643479755963986,0,0,4,1,4,,,,,,,,,,,
1000,65,100,1,0.001,0.001,200000,2000,249,0,14.142135623731,14.142135623731,AIW-N,1,1,1,TRUE,FALSE,0.002,68.4984845205402,97.5418419572492,TRUE,3.76300000000001,1,TRUE,0,1,6,0.0709853801292829,0,0,5,1,5,,,,,,,,,,,
2000,66,100,1,0.001,0.001,200000,2000,497,0,14.142135623731,14.142135623731,AIW-N,1,1,1,TRUE,FALSE,0.004,119.669762944332,170.409742432728,TRUE,10.604,1,TRUE,0,1,1,0.991660976437958,0.000678725328549581,0.00033936266427479,6,1,6,,,,,,,,,,,
500,67,100,1,0.001,0.001,200000,2000,124,0,14.142135623731,14.142135623731,AIW-N,1,1,1,TRUE,FALSE,0.004,93.20650948944,132.726069512963,TRUE,1.633,1,TRUE,0,1,1,1,0,0,7,1,7,,,,,,,,,,,
1000,68,100,1,0.001,0.001,200000,2000,249,0,14.142135623731,14.142135623731,AIW-N,5,1,1,TRUE,FALSE,0.004,128.554973293606,183.062281970095,TRUE,4.333,1,TRUE,0,1,3,0.335928350887532,0,0,8,1,8,,,,,,,,,,,
2000,69,100,1,0.001,0.001,200000,2000,497,0,14.142135623731,14.142135623731,AIW-N,5,1,1,TRUE,FALSE,0.004,184.970390420929,263.397835959403,TRUE,9.476,1,TRUE,0,1,1,0.999999999999998,0,0,9,1,9,,,,,,,,,,,
500,70,100,1,0.001,0.001,200000,2000,124,0,14.142135623731,14.142135623731,AIW-N,1,1,1,TRUE,FALSE,0.004,126.86313435705,180.653103324439,TRUE,1.367,1,TRUE,0,1,1,0.999999999967444,1.33399196056308e-11,6.66995980281539e-12,10,1,10,,,,,,,,,,,
1000,71,100,1,0.001,0.001,200000,2000,249,0,14.142135623731,14.142135623731,AIW-N,1,1,1,TRUE,FALSE,0.006,104.215943047818,148.403502900093,TRUE,4.14,0,FALSE,1,0,2,0.0020475610518722,8.77636725670602e-05,4.38818362835301e-05,11,0,11,,,,,,,,,,,
2000,72,100,1,0.001,0.001,200000,2000,497,0,14.142135623731,14.142135623731,AIW-N,1,1,1,TRUE,FALSE,0.004,103.684438939081,147.646641049251,TRUE,10.854,1,TRUE,0,1,1,1,0,0,12,1,12,,,,,,,,,,,
500,73,100,1,0.001,0.001,200000,2000,124,0,14.142135623731,14.142135623731,AIW-N,5,1,1,TRUE,FALSE,0.002,112.801242124708,160.628968785584,TRUE,1.429,1,TRUE,0,1,6,0.15732774658072,0,0,13,1,13,,,,,,,,,,,
1000,74,100,1,0.001,0.001,200000,2000,249,0,14.142135623731,14.142135623731,AIW-N,5,1,1,TRUE,FALSE,0.002,161.877326795665,230.513313357028,TRUE,4.483,1,TRUE,0,1,1,1,0,0,14,1,14,,,,,,,,,,,
2000,75,100,1,0.001,0.001,200000,2000,497,0,14.142135623731,14.142135623731,AIW-N,1,1,1,TRUE,FALSE,0.004,71.5816107039347,101.932213642403,TRUE,10.307,1,TRUE,0,1,2,0.256377710412405,0.0484007669400119,0.0242003834700059,15,1,15,,,,,,,,,,,
500,76,100,1,0.001,0.001,200000,2000,124,0,14.142135623731,14.142135623731,AIW-N,1,1,1,TRUE,FALSE,0.004,95.5285933451719,136.032716923525,TRUE,1.406,1,TRUE,0,1,1,0.999999999888149,0,0,16,1,16,,,,,,,,,,,
1000,77,100,1,0.001,0.001,200000,2000,249,0,14.142135623731,14.142135623731,AIW-N,1,1,1,TRUE,FALSE,0.001,49.7842896859949,70.8928285128568,TRUE,5.606,1,TRUE,0,1,1,0.98598845141232,0,0,17,1,17,,,,,,,,,,,
2000,78,100,1,0.001,0.001,200000,2000,497,0,14.142135623731,14.142135623731,AIW-N,1,1,1,TRUE,FALSE,0.004,142.30177940913,202.637733878601,TRUE,11.376,1,TRUE,0,1,5,0.232022135394428,0.131664892506767,0.0658324462533837,18,1,18,,,,,,,,,,,
500,79,100,1,0.001,0.001,200000,2000,124,0,14.142135623731,14.142135623731,AIW-N,1,1,1,TRUE,FALSE,0.006,88.639775996688,126.223041019284,TRUE,1.932,1,TRUE,0,1,1,0.999999999972378,0,0,19,1,19,,,,,,,,,,,
1000,80,100,1,0.001,0.001,200000,2000,249,0,14.142135623731,14.142135623731,AIW-N,1,1,1,TRUE,FALSE,0.004,40.4861425472806,57.6522669873275,TRUE,4.308,1,TRUE,0,1,1,0.999999962714702,0,0,20,1,20,,,,,,,,,,,
500,61,100,1,0.001,0.001,200000,2000,124,0,14.142135623731,14.142135623731,SuSiE-RSS: finite R0 + EB mismatch,5,1,1,FALSE,FALSE,,,,TRUE,0.0739999999999998,1,TRUE,0,1,1,0.999999996164926,1.00000001252046,0.33333333750682,1,1,1,0.16.6,2000,eb,mle,0.0103972304200056,91.7664361913608,0.00655595512253387,FALSE,FALSE,alpha_pip_fixed_point,7
1000,62,100,1,0.001,0.001,200000,2000,249,0,14.142135623731,14.142135623731,SuSiE-RSS: finite R0 + EB mismatch,5,1,1,FALSE,FALSE,,,,TRUE,0.246,1,TRUE,0,1,1,0.999999707506863,1.14274248032802e-08,5.7137124016401e-09,2,1,2,0.16.6,2000,eb,mle,0.00727552013676676,128.608759595576,0.010729288475708,FALSE,FALSE,alpha_pip_fixed_point,2
2000,63,100,1,0.001,0.001,200000,2000,497,0,14.142135623731,14.142135623731,SuSiE-RSS: finite R0 + EB mismatch,5,1,1,FALSE,FALSE,,,,TRUE,0.991,1,TRUE,0,1,1,0.979501934646321,0.00276376274795174,0.00138188137397587,3,1,3,0.16.6,2000,eb,mle,0.00821161946927194,114.789219562132,0.00941300124892213,FALSE,FALSE,alpha_pip_fixed_point,2
500,64,100,1,0.001,0.001,200000,2000,124,0,14.142135623731,14.142135623731,SuSiE-RSS: finite R0 + EB mismatch,5,1,1,FALSE,FALSE,,,,TRUE,0.0609999999999999,1,TRUE,0,1,2,0.646258796546881,0.000276660651685303,0.000138330325842651,4,1,4,0.16.6,2000,eb,mle,0.00319780748478559,270.430519737558,0.0115569672781033,FALSE,FALSE,alpha_pip_fixed_point,5
1000,65,100,1,0.001,0.001,200000,2000,249,0,14.142135623731,14.142135623731,SuSiE-RSS: finite R0 + EB mismatch,5,1,1,FALSE,FALSE,,,,TRUE,0.157,1,TRUE,0,1,6,0.0746708625082893,4.8969555226791e-05,2.44847776133955e-05,5,1,5,0.16.6,2000,eb,mle,0.00915381570640703,103.585984072217,0.00786867662846376,FALSE,FALSE,alpha_pip_fixed_point,2
2000,66,100,1,0.001,0.001,200000,2000,497,0,14.142135623731,14.142135623731,SuSiE-RSS: finite R0 + EB mismatch,2,1,1,FALSE,FALSE,,,,TRUE,0.85,1,TRUE,0,1,1,0.991648933838554,0.000710522041330762,0.000355261020665381,6,1,6,0.16.6,2000,eb,mle,0.00683212869605339,136.386040323905,0.0083103051016158,FALSE,FALSE,alpha_pip_fixed_point,2
500,67,100,1,0.001,0.001,200000,2000,124,0,14.142135623731,14.142135623731,SuSiE-RSS: finite R0 + EB mismatch,5,1,1,FALSE,FALSE,,,,TRUE,0.0490000000000004,1,TRUE,0,1,1,1,2.97210151586794e-20,1.48605075793397e-20,7,1,7,0.16.6,2000,eb,mle,0.00488882310623527,185.569275570194,0.0104986451304814,FALSE,FALSE,alpha_pip_fixed_point,3
1000,68,100,1,0.001,0.001,200000,2000,249,0,14.142135623731,14.142135623731,SuSiE-RSS: finite R0 + EB mismatch,5,1,1,FALSE,FALSE,,,,TRUE,0.292,1,TRUE,0,1,3,0.347769205741915,0.0399941848736148,0.0199970924368074,8,1,8,0.16.6,2000,eb,mle,0.00306721881244414,280.330434598385,0.0119699968188699,FALSE,FALSE,alpha_pip_cycle_2,4
2000,69,100,1,0.001,0.001,200000,2000,497,0,14.142135623731,14.142135623731,SuSiE-RSS: finite R0 + EB mismatch,5,1,1,FALSE,FALSE,,,,TRUE,0.888999999999999,1,TRUE,0,1,1,0.999999999999998,1.22081006179372e-17,6.10405030896862e-18,9,1,9,0.16.6,2000,eb,mle,0.00437149276099719,205.275887507488,0.0102536031072687,FALSE,FALSE,alpha_pip_fixed_point,2
500,70,100,1,0.001,0.001,200000,2000,124,0,14.142135623731,14.142135623731,SuSiE-RSS: finite R0 + EB mismatch,5,1,1,FALSE,FALSE,,,,TRUE,0.0489999999999995,1,TRUE,0,1,1,0.999999999968098,1.25264193432856e-11,6.2632096716428e-12,10,1,10,0.16.6,2000,eb,mle,0.00550942646662311,166.405231107176,0.00715934964105121,FALSE,FALSE,alpha_pip_fixed_point,2
1000,71,100,1,0.001,0.001,200000,2000,249,0,14.142135623731,14.142135623731,SuSiE-RSS: finite R0 + EB mismatch,5,1,1,FALSE,FALSE,,,,TRUE,0.284,0,FALSE,1,0,2,0.00597637018240571,9.51768880556221e-05,4.7588444027811e-05,11,0,11,0.16.6,2000,eb,mle,0.00917130154004671,103.39869932286,0.00745910241068959,FALSE,FALSE,alpha_pip_fixed_point,2
2000,72,100,1,0.001,0.001,200000,2000,497,0,14.142135623731,14.142135623731,SuSiE-RSS: finite R0 + EB mismatch,5,1,1,FALSE,FALSE,,,,TRUE,0.883000000000003,1,TRUE,0,1,1,1,1.70614637296756e-33,8.53073186483782e-34,12,1,12,0.16.6,2000,eb,mle,0.00967903071780438,98.2411810832712,0.00755042101031271,FALSE,FALSE,alpha_pip_fixed_point,2
500,73,100,1,0.001,0.001,200000,2000,124,0,14.142135623731,14.142135623731,SuSiE-RSS: finite R0 + EB mismatch,5,1,1,FALSE,FALSE,,,,TRUE,0.0540000000000003,1,TRUE,0,1,6,0.163803269709655,6.14849491531039e-05,3.07424745765519e-05,13,1,13,0.16.6,2000,eb,mle,0.00170263312253047,454.002071325959,0.0152476889116425,FALSE,FALSE,alpha_pip_fixed_point,3
1000,74,100,1,0.001,0.001,200000,2000,249,0,14.142135623731,14.142135623731,SuSiE-RSS: finite R0 + EB mismatch,5,1,1,FALSE,FALSE,,,,TRUE,0.147,1,TRUE,0,1,1,1,8.78486676482527e-21,4.39243338241263e-21,14,1,14,0.16.6,2000,eb,mle,0.0119927325756911,80.0465385728213,0.00492396355340891,FALSE,FALSE,alpha_pip_fixed_point,2
2000,75,100,1,0.001,0.001,200000,2000,497,0,14.142135623731,14.142135623731,SuSiE-RSS: finite R0 + EB mismatch,5,1,1,FALSE,FALSE,,,,TRUE,1.151,1,TRUE,0,1,2,0.25515539434686,0.0537166498052092,0.0268583249026046,15,1,15,0.16.6,2000,eb,mle,0.0143744259559161,67.2294852227397,0.00702516071532622,FALSE,FALSE,alpha_pip_fixed_point,3
500,76,100,1,0.001,0.001,200000,2000,124,0,14.142135623731,14.142135623731,SuSiE-RSS: finite R0 + EB mismatch,5,1,1,FALSE,FALSE,,,,TRUE,0.048,1,TRUE,0,1,1,0.999999999890593,3.15253087566159e-12,1.57626543783079e-12,16,1,16,0.16.6,2000,eb,mle,0.00682971278781007,136.430993812348,0.00973415046373682,FALSE,FALSE,alpha_pip_fixed_point,2
1000,77,100,1,0.001,0.001,200000,2000,249,0,14.142135623731,14.142135623731,SuSiE-RSS: finite R0 + EB mismatch,2,1,1,FALSE,FALSE,,,,TRUE,0.164999999999999,1,TRUE,0,1,1,0.986006630036922,9.36294111425831e-06,4.68147055712916e-06,17,1,17,0.16.6,2000,eb,mle,0.00869700566640122,108.731040979265,0.00935600966238108,FALSE,FALSE,alpha_pip_fixed_point,2
2000,78,100,1,0.001,0.001,200000,2000,497,0,14.142135623731,14.142135623731,SuSiE-RSS: finite R0 + EB mismatch,5,1,1,FALSE,FALSE,,,,TRUE,1.308,1,TRUE,0,1,5,0.230660702144112,0.142260876788196,0.0711304383940979,18,1,18,0.16.6,2000,eb,mle,0.00453465322404782,198.623411682763,0.00928483492601755,FALSE,FALSE,alpha_pip_fixed_point,6
500,79,100,1,0.001,0.001,200000,2000,124,0,14.142135623731,14.142135623731,SuSiE-RSS: finite R0 + EB mismatch,5,1,1,FALSE,FALSE,,,,TRUE,0.0460000000000003,1,TRUE,0,1,1,0.999999999972335,5.27888388968514e-13,2.63944194484257e-13,19,1,19,0.16.6,2000,eb,mle,0.0137847319202005,70.0048139220499,0.00676863632231249,FALSE,FALSE,alpha_pip_fixed_point,2
1000,80,100,1,0.001,0.001,200000,2000,249,0,14.142135623731,14.142135623731,SuSiE-RSS: finite R0 + EB mismatch,5,1,1,FALSE,FALSE,,,,TRUE,0.133999999999999,1,TRUE,0,1,1,0.999999963134849,5.46166109201584e-10,2.73083054600792e-10,20,1,20,0.16.6,2000,eb,mle,0.0212907769978789,45.8909748880152,0.00799134560667512,FALSE,FALSE,alpha_pip_fixed_point,2
500,61,100,1,0.001,0.001,200000,2000,124,0,14.142135623731,14.142135623731,SuSiE-RSS: in-sample R,5,2,2,FALSE,FALSE,,,,TRUE,0.0199999999999996,1,TRUE,1,1,1,0.999999991340275,0,0,1,0.5,1,,,,,,,,,,,
1000,62,100,1,0.001,0.001,200000,2000,249,0,14.142135623731,14.142135623731,SuSiE-RSS: in-sample R,1,1,1,FALSE,FALSE,,,,TRUE,0.0279999999999987,1,TRUE,0,1,1,0.999999700638264,0,0,2,1,2,,,,,,,,,,,
2000,63,100,1,0.001,0.001,200000,2000,497,0,14.142135623731,14.142135623731,SuSiE-RSS: in-sample R,5,1,1,FALSE,FALSE,,,,TRUE,0.105000000000004,1,TRUE,0,1,1,0.980878698144281,0,0,3,1,3,,,,,,,,,,,
500,64,100,1,0.001,0.001,200000,2000,124,0,14.142135623731,14.142135623731,SuSiE-RSS: in-sample R,1,1,1,FALSE,FALSE,,,,TRUE,0.0130000000000017,1,TRUE,0,1,2,0.643479755963986,0,0,4,1,4,,,,,,,,,,,
1000,65,100,1,0.001,0.001,200000,2000,249,0,14.142135623731,14.142135623731,SuSiE-RSS: in-sample R,1,1,1,FALSE,FALSE,,,,TRUE,0.0390000000000015,1,TRUE,0,1,6,0.0709853801292829,0,0,5,1,5,,,,,,,,,,,
2000,66,100,1,0.001,0.001,200000,2000,497,0,14.142135623731,14.142135623731,SuSiE-RSS: in-sample R,5,1,1,FALSE,FALSE,,,,TRUE,0.106000000000009,1,TRUE,0,1,1,0.992013355415724,0,0,6,1,6,,,,,,,,,,,
500,67,100,1,0.001,0.001,200000,2000,124,0,14.142135623731,14.142135623731,SuSiE-RSS: in-sample R,1,1,1,FALSE,FALSE,,,,TRUE,0.0139999999999993,1,TRUE,0,1,1,1,0,0,7,1,7,,,,,,,,,,,
1000,68,100,1,0.001,0.001,200000,2000,249,0,14.142135623731,14.142135623731,SuSiE-RSS: in-sample R,1,1,1,FALSE,FALSE,,,,TRUE,0.0330000000000013,1,TRUE,0,1,3,0.335928350887532,0,0,8,1,8,,,,,,,,,,,
2000,69,100,1,0.001,0.001,200000,2000,497,0,14.142135623731,14.142135623731,SuSiE-RSS: in-sample R,1,1,1,FALSE,FALSE,,,,TRUE,0.115000000000009,1,TRUE,0,1,1,0.999999999999998,0,0,9,1,9,,,,,,,,,,,
500,70,100,1,0.001,0.001,200000,2000,124,0,14.142135623731,14.142135623731,SuSiE-RSS: in-sample R,5,1,1,FALSE,FALSE,,,,TRUE,0.0109999999999992,1,TRUE,0,1,1,0.999999999974285,0,0,10,1,10,,,,,,,,,,,
1000,71,100,1,0.001,0.001,200000,2000,249,0,14.142135623731,14.142135623731,SuSiE-RSS: in-sample R,2,1,1,FALSE,FALSE,,,,TRUE,0.0359999999999943,0,FALSE,1,0,2,0.00228903231759314,0,0,11,0,11,,,,,,,,,,,
2000,72,100,1,0.001,0.001,200000,2000,497,0,14.142135623731,14.142135623731,SuSiE-RSS: in-sample R,1,1,1,FALSE,FALSE,,,,TRUE,0.0990000000000038,1,TRUE,0,1,1,1,0,0,12,1,12,,,,,,,,,,,
500,73,100,1,0.001,0.001,200000,2000,124,0,14.142135623731,14.142135623731,SuSiE-RSS: in-sample R,1,1,1,FALSE,FALSE,,,,TRUE,0.0129999999999981,1,TRUE,0,1,6,0.15732774658072,0,0,13,1,13,,,,,,,,,,,
1000,74,100,1,0.001,0.001,200000,2000,249,0,14.142135623731,14.142135623731,SuSiE-RSS: in-sample R,1,1,1,FALSE,FALSE,,,,TRUE,0.0320000000000036,1,TRUE,0,1,1,1,0,0,14,1,14,,,,,,,,,,,
2000,75,100,1,0.001,0.001,200000,2000,497,0,14.142135623731,14.142135623731,SuSiE-RSS: in-sample R,5,1,1,FALSE,FALSE,,,,TRUE,0.167000000000002,1,TRUE,0,1,2,0.281491226385277,0,0,15,1,15,,,,,,,,,,,
500,76,100,1,0.001,0.001,200000,2000,124,0,14.142135623731,14.142135623731,SuSiE-RSS: in-sample R,1,1,1,FALSE,FALSE,,,,TRUE,0.0130000000000017,1,TRUE,0,1,1,0.999999999888149,0,0,16,1,16,,,,,,,,,,,
1000,77,100,1,0.001,0.001,200000,2000,249,0,14.142135623731,14.142135623731,SuSiE-RSS: in-sample R,1,1,1,FALSE,FALSE,,,,TRUE,0.0379999999999967,1,TRUE,0,1,1,0.98598845141232,0,0,17,1,17,,,,,,,,,,,
2000,78,100,1,0.001,0.001,200000,2000,497,0,14.142135623731,14.142135623731,SuSiE-RSS: in-sample R,5,1,1,FALSE,FALSE,,,,TRUE,0.182999999999993,1,TRUE,0,1,3,0.262523761314459,0,0,18,1,18,,,,,,,,,,,
500,79,100,1,0.001,0.001,200000,2000,124,0,14.142135623731,14.142135623731,SuSiE-RSS: in-sample R,1,1,1,FALSE,FALSE,,,,TRUE,0.0150000000000006,1,TRUE,0,1,1,0.999999999972378,0,0,19,1,19,,,,,,,,,,,
1000,80,100,1,0.001,0.001,200000,2000,249,0,14.142135623731,14.142135623731,SuSiE-RSS: in-sample R,1,1,1,FALSE,FALSE,,,,TRUE,0.0330000000000013,1,TRUE,0,1,1,0.999999962714702,0,0,20,1,20,,,,,,,,,,,
500,61,100,1,0.001,0.001,200000,2000,124,0,14.142135623731,14.142135623731,SuSiE-RSS: reference R0,5,1,1,FALSE,FALSE,,,,TRUE,0.0410000000000004,1,TRUE,0,1,1,0.999999999989888,1.00000001736999,0.333333339123329,1,1,1,,,,,,,,,,,
1000,62,100,1,0.001,0.001,200000,2000,249,0,14.142135623731,14.142135623731,SuSiE-RSS: reference R0,5,2,2,FALSE,FALSE,,,,TRUE,0.103000000000002,1,TRUE,1,1,1.5,0.999998982908526,1.0000014360742,0.333333812024732,2,0.5,2,,,,,,,,,,,
2000,63,100,1,0.001,0.001,200000,2000,497,0,14.142135623731,14.142135623731,SuSiE-RSS: reference R0,5,1,1,FALSE,FALSE,,,,TRUE,0.444999999999993,1,TRUE,0,1,1,0.977805984575201,0.00613280843050744,0.00306640421525372,3,1,3,,,,,,,,,,,
500,64,100,1,0.001,0.001,200000,2000,124,0,14.142135623731,14.142135623731,SuSiE-RSS: reference R0,5,3,3,FALSE,FALSE,,,,TRUE,0.0210000000000008,1,TRUE,2,1,1.33333333333333,0.635890580804939,2.01671523118971,0.504178807797428,4,0.333333333333333,4,,,,,,,,,,,
1000,65,100,1,0.001,0.001,200000,2000,249,0,14.142135623731,14.142135623731,SuSiE-RSS: reference R0,5,3,3,FALSE,FALSE,,,,TRUE,0.0500000000000043,1,TRUE,2,1,3.33333333333333,0.0748438456601556,2.01995749319434,0.504989373298586,5,0.333333333333333,5,,,,,,,,,,,
2000,66,100,1,0.001,0.001,200000,2000,497,0,14.142135623731,14.142135623731,SuSiE-RSS: reference R0,5,2,2,FALSE,FALSE,,,,TRUE,0.272999999999996,1,TRUE,1,1,1,0.992163837978297,1.00032651140079,0.333442170466928,6,0.5,6,,,,,,,,,,,
500,67,100,1,0.001,0.001,200000,2000,124,0,14.142135623731,14.142135623731,SuSiE-RSS: reference R0,5,2,2,FALSE,FALSE,,,,TRUE,0.0250000000000021,1,TRUE,1,1,1,1,1,0.333333333333333,7,0.5,7,,,,,,,,,,,
1000,68,100,1,0.001,0.001,200000,2000,249,0,14.142135623731,14.142135623731,SuSiE-RSS: reference R0,5,1,1,FALSE,FALSE,,,,TRUE,0.0739999999999981,1,TRUE,0,1,3,0.409808993533379,0.31084850431135,0.155424252155675,8,1,8,,,,,,,,,,,
2000,69,100,1,0.001,0.001,200000,2000,497,0,14.142135623731,14.142135623731,SuSiE-RSS: reference R0,5,1,1,FALSE,FALSE,,,,TRUE,0.211999999999989,1,TRUE,0,1,1,1,2.11984913443241e-15,1.0599245672162e-15,9,1,9,,,,,,,,,,,
500,70,100,1,0.001,0.001,200000,2000,124,0,14.142135623731,14.142135623731,SuSiE-RSS: reference R0,5,3,3,FALSE,FALSE,,,,TRUE,0.032,1,TRUE,2,1,3.33333333333333,0.999999814745003,2.00000037080193,0.500000092700482,10,0.333333333333333,10,,,,,,,,,,,
1000,71,100,1,0.001,0.001,200000,2000,249,0,14.142135623731,14.142135623731,SuSiE-RSS: reference R0,5,2,2,FALSE,FALSE,,,,TRUE,0.106000000000002,0,FALSE,2,0,2.5,0.00202494603366943,1.00295443771653,0.334318145905509,11,0,11,,,,,,,,,,,
2000,72,100,1,0.001,0.001,200000,2000,497,0,14.142135623731,14.142135623731,SuSiE-RSS: reference R0,5,1,1,FALSE,FALSE,,,,TRUE,0.278000000000006,1,TRUE,0,1,1,1,2.42274158280016e-29,1.21137079140008e-29,12,1,12,,,,,,,,,,,
500,73,100,1,0.001,0.001,200000,2000,124,0,14.142135623731,14.142135623731,SuSiE-RSS: reference R0,5,1,1,FALSE,FALSE,,,,TRUE,0.0199999999999996,1,TRUE,0,1,6,0.160891492014747,0.000476980196991536,0.000238490098495768,13,1,13,,,,,,,,,,,
1000,74,100,1,0.001,0.001,200000,2000,249,0,14.142135623731,14.142135623731,SuSiE-RSS: reference R0,5,1,1,FALSE,FALSE,,,,TRUE,0.0869999999999962,1,TRUE,0,1,1,1,3.48188694055564e-18,1.74094347027782e-18,14,1,14,,,,,,,,,,,
2000,75,100,1,0.001,0.001,200000,2000,497,0,14.142135623731,14.142135623731,SuSiE-RSS: reference R0,5,4,4,FALSE,FALSE,,,,TRUE,0.305000000000007,0,FALSE,4,0,2.5,0.00841113381634506,3.54433392043131,0.708866784086263,15,0,15,,,,,,,,,,,
500,76,100,1,0.001,0.001,200000,2000,124,0,14.142135623731,14.142135623731,SuSiE-RSS: reference R0,5,1,1,FALSE,FALSE,,,,TRUE,0.0239999999999974,1,TRUE,0,1,1,0.999999999974814,1.73258429812576e-10,8.66292149062879e-11,16,1,16,,,,,,,,,,,
1000,77,100,1,0.001,0.001,200000,2000,249,0,14.142135623731,14.142135623731,SuSiE-RSS: reference R0,5,2,2,FALSE,FALSE,,,,TRUE,0.140999999999998,1,TRUE,1,1,1.5,0.996015606292073,1.02005403584805,0.340018011949349,17,0.5,17,,,,,,,,,,,
2000,78,100,1,0.001,0.001,200000,2000,497,0,14.142135623731,14.142135623731,SuSiE-RSS: reference R0,5,1,1,FALSE,FALSE,,,,TRUE,0.210000000000008,1,TRUE,0,1,6,0.209894529586105,0.283929498038561,0.14196474901928,18,1,18,,,,,,,,,,,
500,79,100,1,0.001,0.001,200000,2000,124,0,14.142135623731,14.142135623731,SuSiE-RSS: reference R0,5,4,4,FALSE,FALSE,,,,TRUE,0.0509999999999984,1,TRUE,3,1,2.25,0.999999992239961,3.00000001546486,0.600000003092973,19,0.25,19,,,,,,,,,,,
1000,80,100,1,0.001,0.001,200000,2000,249,0,14.142135623731,14.142135623731,SuSiE-RSS: reference R0,5,3,3,FALSE,FALSE,,,,TRUE,0.109000000000002,1,TRUE,2,1,1.66666666666667,0.999999988400227,2.00000005137105,0.500000012842762,20,0.333333333333333,20,,,,,,,,,,,
500,61,100,1,0.001,0.001,200000,2000,124,0,14.142135623731,14.142135623731,collapsed-R,0,1,1,TRUE,FALSE,0.004,90.7942998568947,152.262040860013,TRUE,0.981000000000002,1,TRUE,0,1,1,0.999999995789031,1.00000001193925,0.333333337313084,1,1,1,,,,,,,,,,,
1000,62,100,1,0.001,0.001,200000,2000,249,0,14.142135623731,14.142135623731,collapsed-R,0,1,1,TRUE,FALSE,0.004,85.6962791218088,143.712660087273,TRUE,1.547,1,TRUE,0,1,1,0.999999700638264,0,0,2,1,2,,,,,,,,,,,
2000,63,100,1,0.001,0.001,200000,2000,497,0,14.142135623731,14.142135623731,collapsed-R,0,1,1,TRUE,FALSE,0.004,91.6865229942408,153.758299061342,TRUE,4.04700000000001,1,TRUE,0,1,1,0.979435291915346,0.00281680301725123,0.00140840150862561,3,1,3,,,,,,,,,,,
500,64,100,1,0.001,0.001,200000,2000,124,0,14.142135623731,14.142135623731,collapsed-R,0,1,1,TRUE,FALSE,0.004,100.791084738747,169.026649106879,TRUE,1.34,1,TRUE,0,1,2,0.643479755963986,0,0,4,1,4,,,,,,,,,,,
1000,65,100,1,0.001,0.001,200000,2000,249,0,14.142135623731,14.142135623731,collapsed-R,0,1,1,TRUE,FALSE,0.002,63.7737030410389,106.948499999822,TRUE,1.924,1,TRUE,0,1,6,0.0709853801292829,0,0,5,1,5,,,,,,,,,,,
2000,66,100,1,0.001,0.001,200000,2000,497,0,14.142135623731,14.142135623731,collapsed-R,0,1,1,TRUE,FALSE,0.002,65.1213562361095,109.208514407956,TRUE,4.411,1,TRUE,0,1,1,0.991660976437958,0.000678725328549581,0.00033936266427479,6,1,6,,,,,,,,,,,
500,67,100,1,0.001,0.001,200000,2000,124,0,14.142135623731,14.142135623731,collapsed-R,0,1,1,TRUE,FALSE,0.004,92.4523945970389,155.042665739234,TRUE,0.899000000000001,1,TRUE,0,1,1,1,0,0,7,1,7,,,,,,,,,,,
1000,68,100,1,0.001,0.001,200000,2000,249,0,14.142135623731,14.142135623731,collapsed-R,0,1,1,TRUE,FALSE,0.004,95.2072455955642,159.662550863761,TRUE,1.784,1,TRUE,0,1,3,0.335928350887532,0,0,8,1,8,,,,,,,,,,,
2000,69,100,1,0.001,0.001,200000,2000,497,0,14.142135623731,14.142135623731,collapsed-R,0,1,1,TRUE,FALSE,0.004,133.511045469855,223.898023252946,TRUE,4.36,1,TRUE,0,1,1,0.999999999999998,0,0,9,1,9,,,,,,,,,,,
500,70,100,1,0.001,0.001,200000,2000,124,0,14.142135623731,14.142135623731,collapsed-R,0,1,1,TRUE,FALSE,0.004,126.819767764999,212.676750541903,TRUE,0.844999999999999,1,TRUE,0,1,1,0.999999999967444,1.33399196056308e-11,6.66995980281539e-12,10,1,10,,,,,,,,,,,
1000,71,100,1,0.001,0.001,200000,2000,249,0,14.142135623731,14.142135623731,collapsed-R,0,1,1,TRUE,FALSE,0.004,75.8821870202051,127.254427632884,TRUE,2.3,0,FALSE,1,0,2,0.0020475610518722,8.77636725670602e-05,4.38818362835301e-05,11,0,11,,,,,,,,,,,
2000,72,100,1,0.001,0.001,200000,2000,497,0,14.142135623731,14.142135623731,collapsed-R,0,1,1,TRUE,FALSE,0.004,100.471887943071,168.491356080529,TRUE,3.991,1,TRUE,0,1,1,1,0,0,12,1,12,,,,,,,,,,,
500,73,100,1,0.001,0.001,200000,2000,124,0,14.142135623731,14.142135623731,collapsed-R,0,1,1,TRUE,FALSE,0.002,94.3370479604606,158.203229429692,TRUE,0.977,1,TRUE,0,1,6,0.15732774658072,0,0,13,1,13,,,,,,,,,,,
1000,74,100,1,0.001,0.001,200000,2000,249,0,14.142135623731,14.142135623731,collapsed-R,0,1,1,TRUE,FALSE,0.002,108.269809459115,181.568470462936,TRUE,1.782,1,TRUE,0,1,1,1,0,0,14,1,14,,,,,,,,,,,
2000,75,100,1,0.001,0.001,200000,2000,497,0,14.142135623731,14.142135623731,collapsed-R,0,1,1,TRUE,FALSE,0.004,61.7399941702987,103.537970223591,TRUE,4.36200000000001,1,TRUE,0,1,2,0.256377710412405,0.0484007669400119,0.0242003834700059,15,1,15,,,,,,,,,,,
500,76,100,1,0.001,0.001,200000,2000,124,0,14.142135623731,14.142135623731,collapsed-R,0,1,1,TRUE,FALSE,0.004,94.323207074611,158.180018264123,TRUE,1.092,1,TRUE,0,1,1,0.999999999888149,0,0,16,1,16,,,,,,,,,,,
1000,77,100,1,0.001,0.001,200000,2000,249,0,14.142135623731,14.142135623731,collapsed-R,0,1,1,TRUE,FALSE,0.001,43.410230177824,72.7989560082109,TRUE,1.901,1,TRUE,0,1,1,0.98598845141232,0,0,17,1,17,,,,,,,,,,,
2000,78,100,1,0.001,0.001,200000,2000,497,0,14.142135623731,14.142135623731,collapsed-R,0,1,1,TRUE,FALSE,0.004,138.387410351217,232.07568715899,TRUE,4.52500000000001,1,TRUE,0,1,5,0.232022135394428,0.131664892506767,0.0658324462533837,18,1,18,,,,,,,,,,,
500,79,100,1,0.001,0.001,200000,2000,124,0,14.142135623731,14.142135623731,collapsed-R,0,1,1,TRUE,FALSE,0.004,67.2338989965059,112.75124861714,TRUE,1.167,1,TRUE,0,1,1,0.999999999972378,0,0,19,1,19,,,,,,,,,,,
1000,80,100,1,0.001,0.001,200000,2000,249,0,14.142135623731,14.142135623731,collapsed-R,0,1,1,TRUE,FALSE,0.004,31.9854161993688,53.6395429663415,TRUE,1.806,1,TRUE,0,1,1,0.999999962714702,0,0,20,1,20,,,,,,,,,,,
500,61,200,1,0.001,0.001,200000,2000,124,0,14.142135623731,14.142135623731,AIW-N,1,1,1,TRUE,FALSE,0.002,119.125710241485,169.635011383875,TRUE,1.323,1,TRUE,0,1,1,0.999999999999869,0,0,1,1,1,,,,,,,,,,,
1000,62,200,1,0.001,0.001,200000,2000,249,0,14.142135623731,14.142135623731,AIW-N,1,1,1,TRUE,FALSE,0.002,104.726198705585,149.130106956753,TRUE,3.39100000000001,1,TRUE,0,1,1,0.999998651624322,0,0,2,1,2,,,,,,,,,,,
2000,63,200,1,0.001,0.001,200000,2000,497,0,14.142135623731,14.142135623731,AIW-N,1,1,1,TRUE,FALSE,0.002,126.448647534887,180.062874089679,TRUE,8.62799999999999,1,TRUE,0,1,1,0.99812279608844,0.000440177696493464,0.000220088848246732,3,1,3,,,,,,,,,,,
500,64,200,1,0.001,0.001,200000,2000,124,0,14.142135623731,14.142135623731,AIW-N,5,1,1,TRUE,FALSE,0.004,220.755695701221,314.356110678538,TRUE,1.306,1,TRUE,0,1,2,0.473144778312586,0,0,4,1,4,,,,,,,,,,,
1000,65,200,1,0.001,0.001,200000,2000,249,0,14.142135623731,14.142135623731,AIW-N,1,1,1,TRUE,FALSE,0.002,125.246063229765,178.350394039186,TRUE,3.918,1,TRUE,0,1,6,0.201297659297653,0,0,5,1,5,,,,,,,,,,,
2000,66,200,1,0.001,0.001,200000,2000,497,0,14.142135623731,14.142135623731,AIW-N,5,2,2,FALSE,FALSE,0.002,239.393547221089,340.89641124283,TRUE,8.58199999999999,1,TRUE,1,1,1.5,0.989764013196576,1.00749490022818,0.335831633409392,6,0.5,6,,,,,,,,,,,
500,67,200,1,0.001,0.001,200000,2000,124,0,14.142135623731,14.142135623731,AIW-N,5,1,1,TRUE,FALSE,0.002,190.872529727303,271.802482331679,TRUE,1.545,1,TRUE,0,1,1,1,7.14786510747702e-20,3.57393255373851e-20,7,1,7,,,,,,,,,,,
1000,68,200,1,0.001,0.001,200000,2000,249,0,14.142135623731,14.142135623731,AIW-N,5,1,1,TRUE,FALSE,0.002,175.129547673219,249.384475886665,TRUE,4.289,1,TRUE,0,1,2,0.598022886769551,0,0,8,1,8,,,,,,,,,,,
2000,69,200,1,0.001,0.001,200000,2000,497,0,14.142135623731,14.142135623731,AIW-N,5,1,1,TRUE,FALSE,0.002,139.897641525239,199.21424153194,TRUE,9.501,1,TRUE,0,1,1,1,3.93906518172711e-16,1.96953259086356e-16,9,1,9,,,,,,,,,,,
500,70,200,1,0.001,0.001,200000,2000,124,0,14.142135623731,14.142135623731,AIW-N,5,1,1,TRUE,FALSE,0.002,253.82367476224,361.444912861429,TRUE,1.346,1,TRUE,0,1,1,0.99999993909143,0,0,10,1,10,,,,,,,,,,,
1000,71,200,1,0.001,0.001,200000,2000,249,0,14.142135623731,14.142135623731,AIW-N,5,1,1,TRUE,FALSE,0.002,237.541646081785,338.259304020462,TRUE,3.876,1,TRUE,0,1,2,0.577399459294667,0,0,11,1,11,,,,,,,,,,,
2000,72,200,1,0.001,0.001,200000,2000,497,0,14.142135623731,14.142135623731,AIW-N,3,1,1,TRUE,FALSE,0.002,177.267480518235,252.428892257966,TRUE,10.003,1,TRUE,0,1,1,1,0,0,12,1,12,,,,,,,,,,,
500,73,200,1,0.001,0.001,200000,2000,124,0,14.142135623731,14.142135623731,AIW-N,5,1,1,TRUE,FALSE,0.002,255.530139950288,363.87491928921,TRUE,1.228,1,TRUE,0,1,6,0.139061480288063,0,0,13,1,13,,,,,,,,,,,
1000,74,200,1,0.001,0.001,200000,2000,249,0,14.142135623731,14.142135623731,AIW-N,4,1,1,TRUE,FALSE,0.002,235.295786112983,335.061199424888,TRUE,3.794,1,TRUE,0,1,1,1,2.61084051452152e-40,1.30542025726076e-40,14,1,14,,,,,,,,,,,
2000,75,200,1,0.001,0.001,200000,2000,497,0,14.142135623731,14.142135623731,AIW-N,5,1,1,TRUE,FALSE,0.002,282.875312989161,402.814445696565,TRUE,10.686,1,TRUE,0,1,1,0.972462381962555,0.00534748830268186,0.00267374415134093,15,1,15,,,,,,,,,,,
500,76,200,1,0.001,0.001,200000,2000,124,0,14.142135623731,14.142135623731,AIW-N,5,1,1,TRUE,FALSE,0.004,330.358125350405,470.429970498976,TRUE,1.202,1,TRUE,0,1,1,0.999999999998682,0,0,16,1,16,,,,,,,,,,,
1000,77,200,1,0.001,0.001,200000,2000,249,0,14.142135623731,14.142135623731,AIW-N,5,1,1,TRUE,FALSE,0.002,321.667521069195,458.054550002533,TRUE,3.28700000000001,1,TRUE,0,1,2,0.928563271997223,0.00902886681253694,0.00451443340626847,17,1,17,,,,,,,,,,,
2000,78,200,1,0.001,0.001,200000,2000,497,0,14.142135623731,14.142135623731,AIW-N,1,1,1,TRUE,FALSE,0.002,145.769779355577,207.576165802342,TRUE,8.875,1,TRUE,0,1,3,0.333119967801439,0.00300182463203657,0.00150091231601829,18,1,18,,,,,,,,,,,
500,79,200,1,0.001,0.001,200000,2000,124,0,14.142135623731,14.142135623731,AIW-N,5,1,1,TRUE,FALSE,0.004,309.041288273317,440.074794501203,TRUE,1.509,1,TRUE,0,1,1,0.999999998539722,3.21218732043996e-10,1.60609366021998e-10,19,1,19,,,,,,,,,,,
1000,80,200,1,0.001,0.001,200000,2000,249,0,14.142135623731,14.142135623731,AIW-N,1,1,1,TRUE,FALSE,0.002,103.420455436731,147.270728541904,TRUE,3.44,1,TRUE,0,1,1,1,1.4514487065571e-18,7.2572435327855e-19,20,1,20,,,,,,,,,,,
500,61,200,1,0.001,0.001,200000,2000,124,0,14.142135623731,14.142135623731,SuSiE-RSS: finite R0 + EB mismatch,5,1,1,FALSE,FALSE,,,,TRUE,0.0460000000000003,1,TRUE,0,1,1,0.999999999999872,4.62912411090639e-15,2.31456205545319e-15,1,1,1,0.16.6,2000,eb,mle,0.00536252439345166,170.574983213201,0.00615240424928637,FALSE,FALSE,alpha_pip_fixed_point,2
1000,62,200,1,0.001,0.001,200000,2000,249,0,14.142135623731,14.142135623731,SuSiE-RSS: finite R0 + EB mismatch,5,1,1,FALSE,FALSE,,,,TRUE,0.141,1,TRUE,0,1,1,0.999998674255662,3.4725114495922e-08,1.7362557247961e-08,2,1,2,0.16.6,2000,eb,mle,0.00710382582933458,131.51274403763,0.00690454293966602,FALSE,FALSE,alpha_pip_fixed_point,2
2000,63,200,1,0.001,0.001,200000,2000,497,0,14.142135623731,14.142135623731,SuSiE-RSS: finite R0 + EB mismatch,5,1,1,FALSE,FALSE,,,,TRUE,1.039,1,TRUE,0,1,1,0.998129719850853,0.000433719986417476,0.000216859993208738,3,1,3,0.16.6,2000,eb,mle,0.00446437128339501,201.43537679078,0.00766870859465849,FALSE,FALSE,alpha_pip_fixed_point,2
500,64,200,1,0.001,0.001,200000,2000,124,0,14.142135623731,14.142135623731,SuSiE-RSS: finite R0 + EB mismatch,5,1,1,FALSE,FALSE,,,,TRUE,0.0949999999999998,1,TRUE,0,1,2,0.476740237320642,0.0039957206877449,0.00199786034387245,4,1,4,0.16.6,2000,eb,mle,0.000396091789843795,1115.95710543706,0.014360251649485,FALSE,FALSE,alpha_pip_fixed_point,8
1000,65,200,1,0.001,0.001,200000,2000,249,0,14.142135623731,14.142135623731,SuSiE-RSS: finite R0 + EB mismatch,5,1,1,FALSE,FALSE,,,,TRUE,0.331,1,TRUE,0,1,6,0.203352075997969,0.00236089702085798,0.00118044851042899,5,1,5,0.16.6,2000,eb,mle,0.00330665148076159,262.698070746401,0.00890907130663385,FALSE,FALSE,alpha_pip_fixed_point,12
2000,66,200,1,0.001,0.001,200000,2000,497,0,14.142135623731,14.142135623731,SuSiE-RSS: finite R0 + EB mismatch,5,1,1,FALSE,FALSE,,,,TRUE,1.599,1,TRUE,0,1,1,0.986972227507201,0.00188012128042765,0.000940060640213827,6,1,6,0.16.6,2000,eb,mle,0.0026702130478609,315.436213561341,0.00753128636040792,FALSE,FALSE,alpha_pip_fixed_point,16
500,67,200,1,0.001,0.001,200000,2000,124,0,14.142135623731,14.142135623731,SuSiE-RSS: finite R0 + EB mismatch,5,1,1,FALSE,FALSE,,,,TRUE,0.0519999999999996,1,TRUE,0,1,1,1,6.62179216568884e-20,3.31089608284442e-20,7,1,7,0.16.6,2000,eb,mle,0.00920625993987283,103.026295009064,0.00373326483324623,FALSE,FALSE,alpha_pip_fixed_point,2
1000,68,200,1,0.001,0.001,200000,2000,249,0,14.142135623731,14.142135623731,SuSiE-RSS: finite R0 + EB mismatch,5,1,1,FALSE,FALSE,,,,TRUE,0.271,1,TRUE,0,1,2,0.599480046574362,0.000241280586449733,0.000120640293224867,8,1,8,0.16.6,2000,eb,mle,0.00336265729932416,258.889133181701,0.00798272836971775,FALSE,FALSE,alpha_pip_fixed_point,7
2000,69,200,1,0.001,0.001,200000,2000,497,0,14.142135623731,14.142135623731,SuSiE-RSS: finite R0 + EB mismatch,5,1,1,FALSE,FALSE,,,,TRUE,0.873999999999999,1,TRUE,0,1,1,1,3.95176446286855e-16,1.97588223143427e-16,9,1,9,0.16.6,2000,eb,mle,0.00604650111933616,152.753353550393,0.00745704085773113,FALSE,FALSE,alpha_pip_fixed_point,2
500,70,200,1,0.001,0.001,200000,2000,124,0,14.142135623731,14.142135623731,SuSiE-RSS: finite R0 + EB mismatch,3,1,1,FALSE,FALSE,,,,TRUE,0.139,1,TRUE,0,1,1,0.999999961124308,4.39377447047469e-08,2.19688723523734e-08,10,1,10,0.16.6,2000,eb,mle,0,2000,0.00856000235032064,FALSE,FALSE,alpha_pip_fixed_point,11
1000,71,200,1,0.001,0.001,200000,2000,249,0,14.142135623731,14.142135623731,SuSiE-RSS: finite R0 + EB mismatch,5,1,1,FALSE,FALSE,,,,TRUE,0.152,1,TRUE,0,1,2,0.579060123850745,4.45915046690377e-05,2.22957523345189e-05,11,1,11,0.16.6,2000,eb,mle,0.0019144103685782,414.179798519041,0.00791192139291836,FALSE,FALSE,alpha_pip_fixed_point,2
2000,72,200,1,0.001,0.001,200000,2000,497,0,14.142135623731,14.142135623731,SuSiE-RSS: finite R0 + EB mismatch,1,1,1,FALSE,FALSE,,,,TRUE,0.817999999999998,1,TRUE,0,1,1,1,5.96779467475979e-32,2.98389733737989e-32,12,1,12,0.16.6,2000,eb,mle,0.00406571284902005,219.023848644935,0.00733702632650497,FALSE,FALSE,alpha_pip_fixed_point,2
500,73,200,1,0.001,0.001,200000,2000,124,0,14.142135623731,14.142135623731,SuSiE-RSS: finite R0 + EB mismatch,5,1,1,FALSE,FALSE,,,,TRUE,0.0549999999999997,1,TRUE,0,1,6,0.145790337453778,5.72166113099737e-05,2.86083056549868e-05,13,1,13,0.16.6,2000,eb,mle,0.00157231535753104,482.552038407612,0.00789636472078199,FALSE,FALSE,alpha_pip_fixed_point,2
1000,74,200,1,0.001,0.001,200000,2000,249,0,14.142135623731,14.142135623731,SuSiE-RSS: finite R0 + EB mismatch,5,1,1,FALSE,FALSE,,,,TRUE,0.161999999999999,1,TRUE,0,1,1,1,2.23806159724258e-40,1.11903079862129e-40,14,1,14,0.16.6,2000,eb,mle,0.00340718928251092,255.938457979532,0.00828677589544975,FALSE,FALSE,alpha_pip_fixed_point,2
2000,75,200,1,0.001,0.001,200000,2000,497,0,14.142135623731,14.142135623731,SuSiE-RSS: finite R0 + EB mismatch,5,1,1,FALSE,FALSE,,,,TRUE,1.734,1,TRUE,0,1,1,0.974149963926647,0.00205338328844992,0.00102669164422496,15,1,15,0.16.6,2000,eb,mle,0.00231984797254051,354.629047288341,0.0072407980720626,FALSE,FALSE,alpha_pip_fixed_point,12
500,76,200,1,0.001,0.001,200000,2000,124,0,14.142135623731,14.142135623731,SuSiE-RSS: finite R0 + EB mismatch,5,1,1,FALSE,FALSE,,,,TRUE,0.0449999999999999,1,TRUE,0,1,1,0.999999999998629,1.26242975596278e-13,6.31214877981391e-14,16,1,16,0.16.6,2000,eb,mle,0.00312850604337474,275.59551728621,0.0075379098165806,FALSE,FALSE,alpha_pip_fixed_point,2
1000,77,200,1,0.001,0.001,200000,2000,249,0,14.142135623731,14.142135623731,SuSiE-RSS: finite R0 + EB mismatch,1,1,1,FALSE,FALSE,,,,TRUE,0.144,1,TRUE,0,1,2,0.928562416211207,0.00902715626438037,0.00451357813219019,17,1,17,0.16.6,2000,eb,mle,0,2000,0.00919394040046469,FALSE,FALSE,alpha_pip_fixed_point,2
2000,78,200,1,0.001,0.001,200000,2000,497,0,14.142135623731,14.142135623731,SuSiE-RSS: finite R0 + EB mismatch,5,1,1,FALSE,FALSE,,,,TRUE,0.799000000000003,1,TRUE,0,1,3,0.334436345183165,0.00300228310937133,0.00150114155468567,18,1,18,0.16.6,2000,eb,mle,0.00426900418174836,209.687381660754,0.00747028612585483,FALSE,FALSE,alpha_pip_fixed_point,2
500,79,200,1,0.001,0.001,200000,2000,124,0,14.142135623731,14.142135623731,SuSiE-RSS: finite R0 + EB mismatch,5,1,1,FALSE,FALSE,,,,TRUE,0.147,1,TRUE,0,1,1,0.999999998974249,1.17820254860257e-09,5.89101274301286e-10,19,1,19,0.16.6,2000,eb,mle,0.000990040165093521,671.122848515453,0.0105436571597229,FALSE,FALSE,alpha_pip_fixed_point,12
1000,80,200,1,0.001,0.001,200000,2000,249,0,14.142135623731,14.142135623731,SuSiE-RSS: finite R0 + EB mismatch,5,1,1,FALSE,FALSE,,,,TRUE,0.161000000000001,1,TRUE,0,1,1,1,1.45109479464694e-18,7.25547397323468e-19,20,1,20,0.16.6,2000,eb,mle,0.0119890369226604,80.0702252857926,0.00462558070621223,FALSE,FALSE,alpha_pip_fixed_point,2
500,61,200,1,0.001,0.001,200000,2000,124,0,14.142135623731,14.142135623731,SuSiE-RSS: in-sample R,1,1,1,FALSE,FALSE,,,,TRUE,0.0129999999999981,1,TRUE,0,1,1,0.999999999999869,0,0,1,1,1,,,,,,,,,,,
1000,62,200,1,0.001,0.001,200000,2000,249,0,14.142135623731,14.142135623731,SuSiE-RSS: in-sample R,1,1,1,FALSE,FALSE,,,,TRUE,0.036999999999999,1,TRUE,0,1,1,0.999998651624322,0,0,2,1,2,,,,,,,,,,,
2000,63,200,1,0.001,0.001,200000,2000,497,0,14.142135623731,14.142135623731,SuSiE-RSS: in-sample R,5,1,1,FALSE,FALSE,,,,TRUE,0.134000000000015,1,TRUE,0,1,1,0.998345381224358,0,0,3,1,3,,,,,,,,,,,
500,64,200,1,0.001,0.001,200000,2000,124,0,14.142135623731,14.142135623731,SuSiE-RSS: in-sample R,1,1,1,FALSE,FALSE,,,,TRUE,0.0169999999999995,1,TRUE,0,1,2,0.473144778312586,0,0,4,1,4,,,,,,,,,,,
1000,65,200,1,0.001,0.001,200000,2000,249,0,14.142135623731,14.142135623731,SuSiE-RSS: in-sample R,1,1,1,FALSE,FALSE,,,,TRUE,0.0339999999999989,1,TRUE,0,1,6,0.201297659297653,0,0,5,1,5,,,,,,,,,,,
2000,66,200,1,0.001,0.001,200000,2000,497,0,14.142135623731,14.142135623731,SuSiE-RSS: in-sample R,1,1,1,FALSE,FALSE,,,,TRUE,0.109000000000009,1,TRUE,0,1,1,0.986012323709679,0,0,6,1,6,,,,,,,,,,,
500,67,200,1,0.001,0.001,200000,2000,124,0,14.142135623731,14.142135623731,SuSiE-RSS: in-sample R,2,1,1,FALSE,FALSE,,,,TRUE,0.0160000000000018,1,TRUE,0,1,1,1,0,0,7,1,7,,,,,,,,,,,
1000,68,200,1,0.001,0.001,200000,2000,249,0,14.142135623731,14.142135623731,SuSiE-RSS: in-sample R,1,1,1,FALSE,FALSE,,,,TRUE,0.0399999999999991,1,TRUE,0,1,2,0.598022886769551,0,0,8,1,8,,,,,,,,,,,
2000,69,200,1,0.001,0.001,200000,2000,497,0,14.142135623731,14.142135623731,SuSiE-RSS: in-sample R,5,1,1,FALSE,FALSE,,,,TRUE,0.111999999999995,1,TRUE,0,1,1,1,0,0,9,1,9,,,,,,,,,,,
500,70,200,1,0.001,0.001,200000,2000,124,0,14.142135623731,14.142135623731,SuSiE-RSS: in-sample R,1,1,1,FALSE,FALSE,,,,TRUE,0.0139999999999993,1,TRUE,0,1,1,0.99999993909143,0,0,10,1,10,,,,,,,,,,,
1000,71,200,1,0.001,0.001,200000,2000,249,0,14.142135623731,14.142135623731,SuSiE-RSS: in-sample R,1,1,1,FALSE,FALSE,,,,TRUE,0.0320000000000036,1,TRUE,0,1,2,0.577399459294667,0,0,11,1,11,,,,,,,,,,,
2000,72,200,1,0.001,0.001,200000,2000,497,0,14.142135623731,14.142135623731,SuSiE-RSS: in-sample R,1,1,1,FALSE,FALSE,,,,TRUE,0.11699999999999,1,TRUE,0,1,1,1,0,0,12,1,12,,,,,,,,,,,
500,73,200,1,0.001,0.001,200000,2000,124,0,14.142135623731,14.142135623731,SuSiE-RSS: in-sample R,1,1,1,FALSE,FALSE,,,,TRUE,0.0139999999999993,1,TRUE,0,1,6,0.139061480288063,0,0,13,1,13,,,,,,,,,,,
1000,74,200,1,0.001,0.001,200000,2000,249,0,14.142135623731,14.142135623731,SuSiE-RSS: in-sample R,5,1,1,FALSE,FALSE,,,,TRUE,0.0250000000000057,1,TRUE,0,1,1,1,0,0,14,1,14,,,,,,,,,,,
2000,75,200,1,0.001,0.001,200000,2000,497,0,14.142135623731,14.142135623731,SuSiE-RSS: in-sample R,5,1,1,FALSE,FALSE,,,,TRUE,0.144000000000005,1,TRUE,0,1,1,0.975176249301601,0,0,15,1,15,,,,,,,,,,,
500,76,200,1,0.001,0.001,200000,2000,124,0,14.142135623731,14.142135623731,SuSiE-RSS: in-sample R,1,1,1,FALSE,FALSE,,,,TRUE,0.014999999999997,1,TRUE,0,1,1,0.999999999998682,0,0,16,1,16,,,,,,,,,,,
1000,77,200,1,0.001,0.001,200000,2000,249,0,14.142135623731,14.142135623731,SuSiE-RSS: in-sample R,5,1,1,FALSE,FALSE,,,,TRUE,0.0450000000000017,1,TRUE,0,1,2,0.924284754949763,0,0,17,1,17,,,,,,,,,,,
2000,78,200,1,0.001,0.001,200000,2000,497,0,14.142135623731,14.142135623731,SuSiE-RSS: in-sample R,4,1,1,FALSE,FALSE,,,,TRUE,0.11099999999999,1,TRUE,0,1,3,0.332728004223156,0,0,18,1,18,,,,,,,,,,,
500,79,200,1,0.001,0.001,200000,2000,124,0,14.142135623731,14.142135623731,SuSiE-RSS: in-sample R,5,1,1,FALSE,FALSE,,,,TRUE,0.0199999999999996,1,TRUE,0,1,1,0.99999999838953,0,0,19,1,19,,,,,,,,,,,
1000,80,200,1,0.001,0.001,200000,2000,249,0,14.142135623731,14.142135623731,SuSiE-RSS: in-sample R,5,1,1,FALSE,FALSE,,,,TRUE,0.0399999999999991,1,TRUE,0,1,1,1,0,0,20,1,20,,,,,,,,,,,
500,61,200,1,0.001,0.001,200000,2000,124,0,14.142135623731,14.142135623731,SuSiE-RSS: reference R0,5,2,2,FALSE,FALSE,,,,TRUE,0.0190000000000019,1,TRUE,1,1,1,0.99999999999998,1.00000000000023,0.333333333333409,1,0.5,1,,,,,,,,,,,
1000,62,200,1,0.001,0.001,200000,2000,249,0,14.142135623731,14.142135623731,SuSiE-RSS: reference R0,5,2,2,FALSE,FALSE,,,,TRUE,0.0480000000000018,1,TRUE,1,1,2,0.999999886107779,1.00000246887242,0.333334156290807,2,0.5,2,,,,,,,,,,,
2000,63,200,1,0.001,0.001,200000,2000,497,0,14.142135623731,14.142135623731,SuSiE-RSS: reference R0,5,2,2,FALSE,FALSE,,,,TRUE,0.206000000000017,1,TRUE,1,1,2,0.998478160977883,1.00027132361947,0.333423774539824,3,0.5,3,,,,,,,,,,,
500,64,200,1,0.001,0.001,200000,2000,124,0,14.142135623731,14.142135623731,SuSiE-RSS: reference R0,5,1,1,FALSE,FALSE,,,,TRUE,0.0199999999999996,1,TRUE,0,1,2,0.476249345449272,0.00536843470631165,0.00268421735315582,4,1,4,,,,,,,,,,,
1000,65,200,1,0.001,0.001,200000,2000,249,0,14.142135623731,14.142135623731,SuSiE-RSS: reference R0,5,2,2,FALSE,FALSE,,,,TRUE,0.0629999999999953,1,TRUE,1,1,4.5,0.202085609276604,1.00364793885868,0.334549312952894,5,0.5,5,,,,,,,,,,,
2000,66,200,1,0.001,0.001,200000,2000,497,0,14.142135623731,14.142135623731,SuSiE-RSS: reference R0,5,2,2,FALSE,FALSE,,,,TRUE,0.259999999999991,1,TRUE,1,1,1.5,0.989779306312232,1.00752549902196,0.335841833007321,6,0.5,6,,,,,,,,,,,
500,67,200,1,0.001,0.001,200000,2000,124,0,14.142135623731,14.142135623731,SuSiE-RSS: reference R0,5,1,1,FALSE,FALSE,,,,TRUE,0.0250000000000021,1,TRUE,0,1,1,1,4.8557544959214e-19,2.4278772479607e-19,7,1,7,,,,,,,,,,,
1000,68,200,1,0.001,0.001,200000,2000,249,0,14.142135623731,14.142135623731,SuSiE-RSS: reference R0,5,1,1,FALSE,FALSE,,,,TRUE,0.0989999999999966,1,TRUE,0,1,2,0.599638929815484,0.00229393909359475,0.00114696954679738,8,1,8,,,,,,,,,,,
2000,69,200,1,0.001,0.001,200000,2000,497,0,14.142135623731,14.142135623731,SuSiE-RSS: reference R0,5,1,1,FALSE,FALSE,,,,TRUE,0.192999999999984,1,TRUE,0,1,1,1,1.68561736900907e-15,8.42808684504537e-16,9,1,9,,,,,,,,,,,
500,70,200,1,0.001,0.001,200000,2000,124,0,14.142135623731,14.142135623731,SuSiE-RSS: reference R0,5,1,1,FALSE,FALSE,,,,TRUE,0.0190000000000019,1,TRUE,0,1,1,0.999999974215578,7.00545712489267e-08,3.50272856244634e-08,10,1,10,,,,,,,,,,,
1000,71,200,1,0.001,0.001,200000,2000,249,0,14.142135623731,14.142135623731,SuSiE-RSS: reference R0,5,1,1,FALSE,FALSE,,,,TRUE,0.0350000000000037,1,TRUE,0,1,2,0.578193288833441,0.00182929352398049,0.000914646761990247,11,1,11,,,,,,,,,,,
2000,72,200,1,0.001,0.001,200000,2000,497,0,14.142135623731,14.142135623731,SuSiE-RSS: reference R0,5,1,1,FALSE,FALSE,,,,TRUE,0.258999999999986,1,TRUE,0,1,1,1,2.74743244064345e-28,1.37371622032172e-28,12,1,12,,,,,,,,,,,
500,73,200,1,0.001,0.001,200000,2000,124,0,14.142135623731,14.142135623731,SuSiE-RSS: reference R0,5,1,1,FALSE,FALSE,,,,TRUE,0.0139999999999993,1,TRUE,0,1,6,0.142863923146022,0.00283804753035934,0.00141902376517967,13,1,13,,,,,,,,,,,
1000,74,200,1,0.001,0.001,200000,2000,249,0,14.142135623731,14.142135623731,SuSiE-RSS: reference R0,5,1,1,FALSE,FALSE,,,,TRUE,0.0579999999999998,1,TRUE,0,1,1,1,4.72119852879271e-38,2.36059926439636e-38,14,1,14,,,,,,,,,,,
2000,75,200,1,0.001,0.001,200000,2000,497,0,14.142135623731,14.142135623731,SuSiE-RSS: reference R0,5,1,1,FALSE,FALSE,,,,TRUE,0.276999999999987,1,TRUE,0,1,1,0.978221606900519,0.00614272281784925,0.00307136140892463,15,1,15,,,,,,,,,,,
500,76,200,1,0.001,0.001,200000,2000,124,0,14.142135623731,14.142135623731,SuSiE-RSS: reference R0,5,1,1,FALSE,FALSE,,,,TRUE,0.0159999999999982,1,TRUE,0,1,1,0.999999999989539,1.83621885624546e-11,9.18109428122732e-12,16,1,16,,,,,,,,,,,
1000,77,200,1,0.001,0.001,200000,2000,249,0,14.142135623731,14.142135623731,SuSiE-RSS: reference R0,1,1,1,FALSE,FALSE,,,,TRUE,0.0379999999999967,1,TRUE,0,1,2,0.928563271997223,0.00902886681253694,0.00451443340626847,17,1,17,,,,,,,,,,,
2000,78,200,1,0.001,0.001,200000,2000,497,0,14.142135623731,14.142135623731,SuSiE-RSS: reference R0,5,1,1,FALSE,FALSE,,,,TRUE,0.176999999999993,1,TRUE,0,1,3,0.33334513043773,0.00262588008413901,0.0013129400420695,18,1,18,,,,,,,,,,,
500,79,200,1,0.001,0.001,200000,2000,124,0,14.142135623731,14.142135623731,SuSiE-RSS: reference R0,5,1,1,FALSE,FALSE,,,,TRUE,0.0210000000000008,1,TRUE,0,1,1,0.999999999168352,1.57247212500396e-09,7.8623606250198e-10,19,1,19,,,,,,,,,,,
1000,80,200,1,0.001,0.001,200000,2000,249,0,14.142135623731,14.142135623731,SuSiE-RSS: reference R0,5,3,3,FALSE,FALSE,,,,TRUE,0.0700000000000003,1,TRUE,2,1,2,1,2,0.5,20,0.333333333333333,20,,,,,,,,,,,
500,61,200,1,0.001,0.001,200000,2000,124,0,14.142135623731,14.142135623731,collapsed-R,0,1,1,TRUE,FALSE,0.002,118.646233703011,198.969733919949,TRUE,1.048,1,TRUE,0,1,1,0.999999999999869,0,0,1,1,1,,,,,,,,,,,
1000,62,200,1,0.001,0.001,200000,2000,249,0,14.142135623731,14.142135623731,collapsed-R,0,1,1,TRUE,FALSE,0.002,102.283029187129,171.528639946815,TRUE,1.713,1,TRUE,0,1,1,0.999998651624322,0,0,2,1,2,,,,,,,,,,,
2000,63,200,1,0.001,0.001,200000,2000,497,0,14.142135623731,14.142135623731,collapsed-R,0,1,1,TRUE,FALSE,0.002,122.511422796615,205.451656029923,TRUE,3.88199999999998,1,TRUE,0,1,1,0.99812279608844,0.000440177696493464,0.000220088848246732,3,1,3,,,,,,,,,,,
500,64,200,1,0.001,0.001,200000,2000,124,0,14.142135623731,14.142135623731,collapsed-R,0,1,1,TRUE,FALSE,0.002,105.298837390489,176.586150303851,TRUE,0.824999999999999,1,TRUE,0,1,2,0.473144778312586,0,0,4,1,4,,,,,,,,,,,
1000,65,200,1,0.001,0.001,200000,2000,249,0,14.142135623731,14.142135623731,collapsed-R,0,1,1,TRUE,FALSE,0.002,122.198291115871,204.926534201315,TRUE,1.965,1,TRUE,0,1,6,0.201297659297653,0,0,5,1,5,,,,,,,,,,,
2000,66,200,1,0.001,0.001,200000,2000,497,0,14.142135623731,14.142135623731,collapsed-R,0,1,1,TRUE,FALSE,0.002,157.468113596824,264.074026501874,TRUE,3.548,1,TRUE,0,1,1,0.986012323709679,0,0,6,1,6,,,,,,,,,,,
500,67,200,1,0.001,0.001,200000,2000,124,0,14.142135623731,14.142135623731,collapsed-R,0,1,1,TRUE,FALSE,0.001,99.8067163348908,167.375863293612,TRUE,0.900000000000002,1,TRUE,0,1,1,1,7.14786510747702e-20,3.57393255373851e-20,7,1,7,,,,,,,,,,,
1000,68,200,1,0.001,0.001,200000,2000,249,0,14.142135623731,14.142135623731,collapsed-R,0,1,1,TRUE,FALSE,0.002,131.148748908894,219.936451920215,TRUE,1.974,1,TRUE,0,1,2,0.598022886769551,0,0,8,1,8,,,,,,,,,,,
2000,69,200,1,0.001,0.001,200000,2000,497,0,14.142135623731,14.142135623731,collapsed-R,0,1,1,TRUE,FALSE,0.002,94.4885249620287,158.457256361322,TRUE,3.44900000000001,1,TRUE,0,1,1,1,3.93906518172711e-16,1.96953259086356e-16,9,1,9,,,,,,,,,,,
500,70,200,1,0.001,0.001,200000,2000,124,0,14.142135623731,14.142135623731,collapsed-R,0,1,1,TRUE,FALSE,0.002,188.56894534703,316.230121346969,TRUE,1.137,1,TRUE,0,1,1,0.99999993909143,0,0,10,1,10,,,,,,,,,,,
1000,71,200,1,0.001,0.001,200000,2000,249,0,14.142135623731,14.142135623731,collapsed-R,0,1,1,TRUE,FALSE,0.002,190.514597201329,319.492979506629,TRUE,1.771,1,TRUE,0,1,2,0.577399459294667,0,0,11,1,11,,,,,,,,,,,
2000,72,200,1,0.001,0.001,200000,2000,497,0,14.142135623731,14.142135623731,collapsed-R,0,1,1,TRUE,FALSE,0.002,147.229349876725,246.903619743268,TRUE,3.87100000000001,1,TRUE,0,1,1,1,0,0,12,1,12,,,,,,,,,,,
500,73,200,1,0.001,0.001,200000,2000,124,0,14.142135623731,14.142135623731,collapsed-R,0,1,1,TRUE,FALSE,0.002,219.50571203596,368.111079084305,TRUE,1.119,1,TRUE,0,1,6,0.139061480288063,0,0,13,1,13,,,,,,,,,,,
1000,74,200,1,0.001,0.001,200000,2000,249,0,14.142135623731,14.142135623731,collapsed-R,0,1,1,TRUE,FALSE,0.002,195.555876411669,327.947204742369,TRUE,2.099,1,TRUE,0,1,1,1,2.61084051452152e-40,1.30542025726076e-40,14,1,14,,,,,,,,,,,
2000,75,200,1,0.001,0.001,200000,2000,497,0,14.142135623731,14.142135623731,collapsed-R,0,1,1,TRUE,FALSE,0.002,215.00714040089,360.566974452293,TRUE,4.39399999999998,1,TRUE,0,1,1,0.972462381962555,0.00534748830268186,0.00267374415134093,15,1,15,,,,,,,,,,,
500,76,200,1,0.001,0.001,200000,2000,124,0,14.142135623731,14.142135623731,collapsed-R,0,1,1,TRUE,FALSE,0.002,153.31855490139,257.115216569631,TRUE,0.945,1,TRUE,0,1,1,0.999999999998682,0,0,16,1,16,,,,,,,,,,,
1000,77,200,1,0.001,0.001,200000,2000,249,0,14.142135623731,14.142135623731,collapsed-R,0,1,1,TRUE,FALSE,0.001,177.078745935776,296.961056934296,TRUE,1.346,1,TRUE,0,1,2,0.928563271997223,0.00902886681253694,0.00451443340626847,17,1,17,,,,,,,,,,,
2000,78,200,1,0.001,0.001,200000,2000,497,0,14.142135623731,14.142135623731,collapsed-R,0,1,1,TRUE,FALSE,0.002,140.083638592999,234.920261920459,TRUE,4.76499999999999,1,TRUE,0,1,3,0.333119967801439,0.00300182463203657,0.00150091231601829,18,1,18,,,,,,,,,,,
500,79,200,1,0.001,0.001,200000,2000,124,0,14.142135623731,14.142135623731,collapsed-R,0,1,1,TRUE,FALSE,0.002,134.580228227992,225.691042738342,TRUE,0.971999999999998,1,TRUE,0,1,1,0.999999998539722,3.21218732043996e-10,1.60609366021998e-10,19,1,19,,,,,,,,,,,
1000,80,200,1,0.001,0.001,200000,2000,249,0,14.142135623731,14.142135623731,collapsed-R,0,1,1,TRUE,FALSE,0.002,101.927039182957,170.93164470982,TRUE,1.719,1,TRUE,0,1,1,1,1.4514487065571e-18,7.2572435327855e-19,20,1,20,,,,,,,,,,,
500,61,500,1,0.001,0.001,200000,2000,124,0,14.142135623731,14.142135623731,AIW-N,5,1,1,TRUE,FALSE,0.001,285.96001922981,407.20706738325,TRUE,1.084,1,TRUE,0,1,1,0.999999999960832,1.23152580469792e-12,6.1576290234896e-13,1,1,1,,,,,,,,,,,
1000,62,500,1,0.001,0.001,200000,2000,249,0,14.142135623731,14.142135623731,AIW-N,5,1,1,TRUE,FALSE,0.002,639.946787955233,911.284226048252,TRUE,3.18199999999999,1,TRUE,0,1,1,0.999976046260988,0,0,2,1,2,,,,,,,,,,,
2000,63,500,1,0.001,0.001,200000,2000,497,0,14.142135623731,14.142135623731,AIW-N,5,1,1,TRUE,FALSE,0.002,752.329318768055,1071.31694992571,TRUE,7.79400000000001,1,TRUE,0,1,1,0.999852819488289,1.15437621921512e-05,5.77188109607558e-06,3,1,3,,,,,,,,,,,
500,64,500,1,0.001,0.001,200000,2000,124,0,14.142135623731,14.142135623731,AIW-N,5,1,1,TRUE,FALSE,0.002,354.807156517164,505.245390880442,TRUE,1.149,1,TRUE,0,1,2,0.562082547843099,8.45855076950548e-05,4.22927538475274e-05,4,1,4,,,,,,,,,,,
1000,65,500,1,0.001,0.001,200000,2000,249,0,14.142135623731,14.142135623731,AIW-N,5,1,1,TRUE,FALSE,0.002,1044.86706284456,1487.89069749065,TRUE,3.425,1,TRUE,0,1,6,0.0629469620054755,0,0,5,1,5,,,,,,,,,,,
2000,66,500,1,0.001,0.001,200000,2000,497,0,14.142135623731,14.142135623731,AIW-N,5,1,1,TRUE,FALSE,0.002,709.056660460234,1009.69668449537,TRUE,8.035,1,TRUE,0,1,1,0.998850064730208,9.87145629392952e-05,4.93572814696476e-05,6,1,6,,,,,,,,,,,
500,67,500,1,0.001,0.001,200000,2000,124,0,14.142135623731,14.142135623731,AIW-N,5,1,1,TRUE,FALSE,0.001,327.651445377558,466.575658217643,TRUE,1.23,1,TRUE,0,1,1,1,0,0,7,1,7,,,,,,,,,,,
1000,68,500,1,0.001,0.001,200000,2000,249,0,14.142135623731,14.142135623731,AIW-N,3,1,1,TRUE,FALSE,0.002,447.727101624414,637.563392713165,TRUE,4.208,1,TRUE,0,1,2,0.470418425255006,0.00212905891124023,0.00106452945562011,8,1,8,,,,,,,,,,,
2000,69,500,1,0.001,0.001,200000,2000,497,0,14.142135623731,14.142135623731,AIW-N,5,1,1,TRUE,FALSE,0.002,935.394312668762,1332.00150124032,TRUE,9.328,1,TRUE,0,1,1,1,6.63122277423306e-18,3.31561138711653e-18,9,1,9,,,,,,,,,,,
500,70,500,1,0.001,0.001,200000,2000,124,0,14.142135623731,14.142135623731,AIW-N,3,1,1,TRUE,FALSE,0.002,529.263059497915,753.670596725031,TRUE,1.166,1,TRUE,0,1,1,0.999999999588407,1.51887077636224e-10,7.59435388181118e-11,10,1,10,,,,,,,,,,,
1000,71,500,1,0.001,0.001,200000,2000,249,0,14.142135623731,14.142135623731,AIW-N,5,1,1,TRUE,FALSE,0.002,418.099396012503,595.373539921804,TRUE,3.21600000000001,1,TRUE,0,1,4,0.50587807229812,0.0329244713202627,0.0164622356601313,11,1,11,,,,,,,,,,,
2000,72,500,1,0.001,0.001,200000,2000,497,0,14.142135623731,14.142135623731,AIW-N,5,1,1,TRUE,FALSE,0.002,966.520264203283,1376.32485622548,TRUE,8.44499999999999,1,TRUE,0,1,1,1,1.26331021694803e-45,6.31655108474016e-46,12,1,12,,,,,,,,,,,
500,73,500,1,0.001,0.001,200000,2000,124,0,14.142135623731,14.142135623731,AIW-N,4,1,1,TRUE,FALSE,0.001,395.039793275209,562.536665623898,TRUE,1.249,1,TRUE,0,1,6,0.245678634282711,0.00214941202799378,0.00107470601399689,13,1,13,,,,,,,,,,,
1000,74,500,1,0.001,0.001,200000,2000,249,0,14.142135623731,14.142135623731,AIW-N,5,1,1,TRUE,FALSE,0.002,26765.1144865094,38113.5230287893,TRUE,3.14999999999999,1,TRUE,0,1,1,1,2.78882130916427e-26,1.39441065458214e-26,14,1,14,,,,,,,,,,,
2000,75,500,1,0.001,0.001,200000,2000,497,0,14.142135623731,14.142135623731,AIW-N,1,1,1,TRUE,FALSE,0.002,1375.48953164017,1958.69709305561,TRUE,7.81,1,TRUE,0,1,2,0.949340892686685,0,0,15,1,15,,,,,,,,,,,
500,76,500,1,0.001,0.001,200000,2000,124,0,14.142135623731,14.142135623731,AIW-N,3,1,1,TRUE,FALSE,0.001,219.369568306045,312.382265267808,TRUE,1.222,1,TRUE,0,1,1,0.999999999870587,0,0,16,1,16,,,,,,,,,,,
1000,77,500,1,0.001,0.001,200000,2000,249,0,14.142135623731,14.142135623731,AIW-N,5,1,1,TRUE,FALSE,0.001,609.666416818405,868.164977549408,TRUE,3.78700000000001,1,TRUE,0,1,2,0.816628241040393,0.0189366002478126,0.00946830012390629,17,1,17,,,,,,,,,,,
2000,78,500,1,0.001,0.001,200000,2000,497,0,14.142135623731,14.142135623731,AIW-N,5,1,1,TRUE,FALSE,0.002,887.111371332598,1263.24659277762,TRUE,7.77099999999999,1,TRUE,0,1,3,0.239596455957685,0,0,18,1,18,,,,,,,,,,,
500,79,500,1,0.001,0.001,200000,2000,124,0,14.142135623731,14.142135623731,AIW-N,5,1,1,TRUE,FALSE,0.002,542.487780762322,772.502599805546,TRUE,1.328,1,TRUE,0,1,1,0.999999999638443,0,0,19,1,19,,,,,,,,,,,
1000,80,500,1,0.001,0.001,200000,2000,249,0,14.142135623731,14.142135623731,AIW-N,5,1,1,TRUE,FALSE,0.002,752.290401745802,1071.26153208602,TRUE,2.77499999999999,1,TRUE,0,1,1,0.999999999999998,0,0,20,1,20,,,,,,,,,,,
500,61,500,1,0.001,0.001,200000,2000,124,0,14.142135623731,14.142135623731,SuSiE-RSS: finite R0 + EB mismatch,5,1,1,FALSE,FALSE,,,,TRUE,0.0490000000000004,1,TRUE,0,1,1,0.999999999961408,6.93568638287724e-13,3.46784319143862e-13,1,1,1,0.16.6,2000,eb,mle,0.00191778644983705,413.60145767522,0.0053724890458943,FALSE,FALSE,alpha_pip_fixed_point,2
1000,62,500,1,0.001,0.001,200000,2000,249,0,14.142135623731,14.142135623731,SuSiE-RSS: finite R0 + EB mismatch,5,1,1,FALSE,FALSE,,,,TRUE,0.304,1,TRUE,0,1,1,0.999977632002808,3.00947335364324e-06,1.50473667682162e-06,2,1,2,0.16.6,2000,eb,mle,0.000292542729308989,1261.76162245775,0.00723402615449803,FALSE,FALSE,alpha_pip_fixed_point,5
2000,63,500,1,0.001,0.001,200000,2000,497,0,14.142135623731,14.142135623731,SuSiE-RSS: finite R0 + EB mismatch,5,1,1,FALSE,FALSE,,,,TRUE,0.927,1,TRUE,0,1,1,0.999853793183915,1.0170254948537e-05,5.0851274742685e-06,3,1,3,0.16.6,2000,eb,mle,0.00225973505214481,362.353624933242,0.00557683110251469,FALSE,FALSE,alpha_pip_fixed_point,2
500,64,500,1,0.001,0.001,200000,2000,124,0,14.142135623731,14.142135623731,SuSiE-RSS: finite R0 + EB mismatch,1,1,1,FALSE,FALSE,,,,TRUE,0.0419999999999998,1,TRUE,0,1,2,0.562082237193904,8.39640945170743e-05,4.19820472585372e-05,4,1,4,0.16.6,2000,eb,mle,0,2000,0.00750163381492589,FALSE,FALSE,alpha_pip_fixed_point,2
1000,65,500,1,0.001,0.001,200000,2000,249,0,14.142135623731,14.142135623731,SuSiE-RSS: finite R0 + EB mismatch,5,1,1,FALSE,FALSE,,,,TRUE,0.166,1,TRUE,0,1,6,0.0665709782436178,0.000104036829434009,5.20184147170047e-05,5,1,5,0.16.6,2000,eb,mle,0.00021048471344133,1407.48981798125,0.00564333160283254,FALSE,FALSE,alpha_pip_fixed_point,2
2000,66,500,1,0.001,0.001,200000,2000,497,0,14.142135623731,14.142135623731,SuSiE-RSS: finite R0 + EB mismatch,5,1,1,FALSE,FALSE,,,,TRUE,0.912000000000003,1,TRUE,0,1,1,0.998852093847944,9.82074066292016e-05,4.91037033146008e-05,6,1,6,0.16.6,2000,eb,mle,0.00150644356006584,498.394283249705,0.0058470068861053,FALSE,FALSE,alpha_pip_fixed_point,2
500,67,500,1,0.001,0.001,200000,2000,124,0,14.142135623731,14.142135623731,SuSiE-RSS: finite R0 + EB mismatch,2,1,1,FALSE,FALSE,,,,TRUE,0.0609999999999999,1,TRUE,0,1,1,1,5.51275063579621e-21,2.75637531789811e-21,7,1,7,0.16.6,2000,eb,mle,0,2000,0.00648813964638439,FALSE,FALSE,alpha_pip_fixed_point,3
1000,68,500,1,0.001,0.001,200000,2000,249,0,14.142135623731,14.142135623731,SuSiE-RSS: finite R0 + EB mismatch,5,1,1,FALSE,FALSE,,,,TRUE,0.158000000000001,1,TRUE,0,1,2,0.472521971528428,0.00214386603074715,0.00107193301537358,8,1,8,0.16.6,2000,eb,mle,0.00425728253241855,210.204038373901,0.00515281846743466,FALSE,FALSE,alpha_pip_fixed_point,2
2000,69,500,1,0.001,0.001,200000,2000,497,0,14.142135623731,14.142135623731,SuSiE-RSS: finite R0 + EB mismatch,5,1,1,FALSE,FALSE,,,,TRUE,0.984000000000002,1,TRUE,0,1,1,1,5.87113813098775e-18,2.93556906549388e-18,9,1,9,0.16.6,2000,eb,mle,0.00242438500142365,341.952239364236,0.0047902927897717,FALSE,FALSE,alpha_pip_fixed_point,2
500,70,500,1,0.001,0.001,200000,2000,124,0,14.142135623731,14.142135623731,SuSiE-RSS: finite R0 + EB mismatch,1,1,1,FALSE,FALSE,,,,TRUE,0.0460000000000003,1,TRUE,0,1,1,0.999999999588361,1.51951565771651e-10,7.59757828858257e-11,10,1,10,0.16.6,2000,eb,mle,0,2000,0.00733024079047367,FALSE,FALSE,alpha_pip_fixed_point,2
1000,71,500,1,0.001,0.001,200000,2000,249,0,14.142135623731,14.142135623731,SuSiE-RSS: finite R0 + EB mismatch,5,1,1,FALSE,FALSE,,,,TRUE,0.285,1,TRUE,0,1,4,0.50367449066683,0.024456876284208,0.012228438142104,11,1,11,0.16.6,2000,eb,mle,0.000299165797263935,1251.30480236223,0.00792366661405027,FALSE,FALSE,alpha_pip_fixed_point,7
2000,72,500,1,0.001,0.001,200000,2000,497,0,14.142135623731,14.142135623731,SuSiE-RSS: finite R0 + EB mismatch,5,1,1,FALSE,FALSE,,,,TRUE,1.415,1,TRUE,0,1,1,1,7.68265161209353e-44,3.84132580604676e-44,12,1,12,0.16.6,2000,eb,mle,6.62210837083855e-05,1766.09460292549,0.00624657092955048,FALSE,FALSE,alpha_pip_fixed_point,9
500,73,500,1,0.001,0.001,200000,2000,124,0,14.142135623731,14.142135623731,SuSiE-RSS: finite R0 + EB mismatch,5,1,1,FALSE,FALSE,,,,TRUE,0.0459999999999994,1,TRUE,0,1,6,0.251561163458014,0.00216388040818774,0.00108194020409387,13,1,13,0.16.6,2000,eb,mle,0.00200919968801792,398.533446650444,0.00541787298741589,FALSE,FALSE,alpha_pip_fixed_point,2
1000,74,500,1,0.001,0.001,200000,2000,249,0,14.142135623731,14.142135623731,SuSiE-RSS: finite R0 + EB mismatch,5,1,1,FALSE,FALSE,,,,TRUE,0.167999999999999,1,TRUE,0,1,1,1,2.74774287330759e-26,1.3738714366538e-26,14,1,14,0.16.6,2000,eb,mle,0.0002335998853839,1363.140889092,0.00662807984640039,FALSE,FALSE,alpha_pip_fixed_point,2
2000,75,500,1,0.001,0.001,200000,2000,497,0,14.142135623731,14.142135623731,SuSiE-RSS: finite R0 + EB mismatch,1,1,1,FALSE,FALSE,,,,TRUE,0.842999999999996,1,TRUE,0,1,2,0.949340184626219,1.41612113405826e-06,7.08060567029128e-07,15,1,15,0.16.6,2000,eb,mle,0,2000,0.00744367478922999,FALSE,FALSE,alpha_pip_fixed_point,2
500,76,500,1,0.001,0.001,200000,2000,124,0,14.142135623731,14.142135623731,SuSiE-RSS: finite R0 + EB mismatch,2,1,1,FALSE,FALSE,,,,TRUE,0.0919999999999987,1,TRUE,0,1,1,0.999999999930439,1.19603843217106e-10,5.98019216085532e-11,16,1,16,0.16.6,2000,eb,mle,0,2000,0.00738866183245992,FALSE,FALSE,alpha_pip_fixed_point,6
1000,77,500,1,0.001,0.001,200000,2000,249,0,14.142135623731,14.142135623731,SuSiE-RSS: finite R0 + EB mismatch,5,1,1,FALSE,FALSE,,,,TRUE,0.173,1,TRUE,0,1,2,0.817366434726619,0.0189204172356975,0.00946020861784876,17,1,17,0.16.6,2000,eb,mle,0.00229551208275745,357.716214559736,0.00448684715588269,FALSE,FALSE,alpha_pip_fixed_point,2
2000,78,500,1,0.001,0.001,200000,2000,497,0,14.142135623731,14.142135623731,SuSiE-RSS: finite R0 + EB mismatch,4,1,1,FALSE,FALSE,,,,TRUE,0.920000000000002,1,TRUE,0,1,3,0.24068424772303,2.42514792646029e-05,1.21257396323015e-05,18,1,18,0.16.6,2000,eb,mle,0.000501012974371968,998.988050706732,0.00653908249152063,FALSE,FALSE,alpha_pip_fixed_point,2
500,79,500,1,0.001,0.001,200000,2000,124,0,14.142135623731,14.142135623731,SuSiE-RSS: finite R0 + EB mismatch,5,1,1,FALSE,FALSE,,,,TRUE,0.0519999999999996,1,TRUE,0,1,1,0.999999999640128,2.32970782821704e-12,1.16485391410852e-12,19,1,19,0.16.6,2000,eb,mle,0.000248146272976182,1336.63701353737,0.00880707807785865,FALSE,FALSE,alpha_pip_fixed_point,2
1000,80,500,1,0.001,0.001,200000,2000,249,0,14.142135623731,14.142135623731,SuSiE-RSS: finite R0 + EB mismatch,5,1,1,FALSE,FALSE,,,,TRUE,0.154999999999999,1,TRUE,0,1,1,0.999999999999998,1.41520979776611e-17,7.07604898883054e-18,20,1,20,0.16.6,2000,eb,mle,0.000574901607586698,930.317708097151,0.00616417580814198,FALSE,FALSE,alpha_pip_fixed_point,2
500,61,500,1,0.001,0.001,200000,2000,124,0,14.142135623731,14.142135623731,SuSiE-RSS: in-sample R,4,1,1,FALSE,FALSE,,,,TRUE,0.0169999999999959,1,TRUE,0,1,1,0.999999999961629,0,0,1,1,1,,,,,,,,,,,
1000,62,500,1,0.001,0.001,200000,2000,249,0,14.142135623731,14.142135623731,SuSiE-RSS: in-sample R,1,1,1,FALSE,FALSE,,,,TRUE,0.0349999999999966,1,TRUE,0,1,1,0.999976046260988,0,0,2,1,2,,,,,,,,,,,
2000,63,500,1,0.001,0.001,200000,2000,497,0,14.142135623731,14.142135623731,SuSiE-RSS: in-sample R,5,1,1,FALSE,FALSE,,,,TRUE,0.113,1,TRUE,0,1,1,0.999858778503166,0,0,3,1,3,,,,,,,,,,,
500,64,500,1,0.001,0.001,200000,2000,124,0,14.142135623731,14.142135623731,SuSiE-RSS: in-sample R,2,1,1,FALSE,FALSE,,,,TRUE,0.0109999999999957,1,TRUE,0,1,2,0.562417226009431,0,0,4,1,4,,,,,,,,,,,
1000,65,500,1,0.001,0.001,200000,2000,249,0,14.142135623731,14.142135623731,SuSiE-RSS: in-sample R,1,1,1,FALSE,FALSE,,,,TRUE,0.0320000000000107,1,TRUE,0,1,6,0.0629469620054755,0,0,5,1,5,,,,,,,,,,,
2000,66,500,1,0.001,0.001,200000,2000,497,0,14.142135623731,14.142135623731,SuSiE-RSS: in-sample R,5,1,1,FALSE,FALSE,,,,TRUE,0.105999999999995,1,TRUE,0,1,1,0.998802638054586,0,0,6,1,6,,,,,,,,,,,
500,67,500,1,0.001,0.001,200000,2000,124,0,14.142135623731,14.142135623731,SuSiE-RSS: in-sample R,1,1,1,FALSE,FALSE,,,,TRUE,0.0130000000000052,1,TRUE,0,1,1,1,0,0,7,1,7,,,,,,,,,,,
1000,68,500,1,0.001,0.001,200000,2000,249,0,14.142135623731,14.142135623731,SuSiE-RSS: in-sample R,5,1,1,FALSE,FALSE,,,,TRUE,0.0430000000000064,1,TRUE,0,1,2,0.47048233964023,0,0,8,1,8,,,,,,,,,,,
2000,69,500,1,0.001,0.001,200000,2000,497,0,14.142135623731,14.142135623731,SuSiE-RSS: in-sample R,5,1,1,FALSE,FALSE,,,,TRUE,0.11099999999999,1,TRUE,0,1,1,1,0,0,9,1,9,,,,,,,,,,,
500,70,500,1,0.001,0.001,200000,2000,124,0,14.142135623731,14.142135623731,SuSiE-RSS: in-sample R,5,1,1,FALSE,FALSE,,,,TRUE,0.0130000000000052,1,TRUE,0,1,1,0.999999999663768,0,0,10,1,10,,,,,,,,,,,
1000,71,500,1,0.001,0.001,200000,2000,249,0,14.142135623731,14.142135623731,SuSiE-RSS: in-sample R,5,1,1,FALSE,FALSE,,,,TRUE,0.0430000000000064,1,TRUE,0,1,4,0.493589754168527,0,0,11,1,11,,,,,,,,,,,
2000,72,500,1,0.001,0.001,200000,2000,497,0,14.142135623731,14.142135623731,SuSiE-RSS: in-sample R,5,1,1,FALSE,FALSE,,,,TRUE,0.103999999999985,1,TRUE,0,1,1,1,0,0,12,1,12,,,,,,,,,,,
500,73,500,1,0.001,0.001,200000,2000,124,0,14.142135623731,14.142135623731,SuSiE-RSS: in-sample R,5,1,1,FALSE,FALSE,,,,TRUE,0.00999999999999801,1,TRUE,0,1,6,0.250416491412528,0,0,13,1,13,,,,,,,,,,,
1000,74,500,1,0.001,0.001,200000,2000,249,0,14.142135623731,14.142135623731,SuSiE-RSS: in-sample R,5,1,1,FALSE,FALSE,,,,TRUE,0.034000000000006,1,TRUE,0,1,1,1,0,0,14,1,14,,,,,,,,,,,
2000,75,500,1,0.001,0.001,200000,2000,497,0,14.142135623731,14.142135623731,SuSiE-RSS: in-sample R,1,1,1,FALSE,FALSE,,,,TRUE,0.105999999999995,1,TRUE,0,1,2,0.949340892686685,0,0,15,1,15,,,,,,,,,,,
500,76,500,1,0.001,0.001,200000,2000,124,0,14.142135623731,14.142135623731,SuSiE-RSS: in-sample R,1,1,1,FALSE,FALSE,,,,TRUE,0.0149999999999935,1,TRUE,0,1,1,0.999999999870587,0,0,16,1,16,,,,,,,,,,,
1000,77,500,1,0.001,0.001,200000,2000,249,0,14.142135623731,14.142135623731,SuSiE-RSS: in-sample R,5,1,1,FALSE,FALSE,,,,TRUE,0.0529999999999973,1,TRUE,0,1,2,0.826557392528748,0,0,17,1,17,,,,,,,,,,,
2000,78,500,1,0.001,0.001,200000,2000,497,0,14.142135623731,14.142135623731,SuSiE-RSS: in-sample R,1,1,1,FALSE,FALSE,,,,TRUE,0.0939999999999941,1,TRUE,0,1,3,0.239596455957685,0,0,18,1,18,,,,,,,,,,,
500,79,500,1,0.001,0.001,200000,2000,124,0,14.142135623731,14.142135623731,SuSiE-RSS: in-sample R,1,1,1,FALSE,FALSE,,,,TRUE,0.0129999999999981,1,TRUE,0,1,1,0.999999999638443,0,0,19,1,19,,,,,,,,,,,
1000,80,500,1,0.001,0.001,200000,2000,249,0,14.142135623731,14.142135623731,SuSiE-RSS: in-sample R,1,1,1,FALSE,FALSE,,,,TRUE,0.0279999999999916,1,TRUE,0,1,1,0.999999999999998,0,0,20,1,20,,,,,,,,,,,
500,61,500,1,0.001,0.001,200000,2000,124,0,14.142135623731,14.142135623731,SuSiE-RSS: reference R0,5,1,1,FALSE,FALSE,,,,TRUE,0.0140000000000029,1,TRUE,0,1,1,0.999999999971352,1.95259360247272e-11,9.76296801236362e-12,1,1,1,,,,,,,,,,,
1000,62,500,1,0.001,0.001,200000,2000,249,0,14.142135623731,14.142135623731,SuSiE-RSS: reference R0,5,1,1,FALSE,FALSE,,,,TRUE,0.0439999999999969,1,TRUE,0,1,1,0.999981129285594,1.00657023062571e-05,5.03285115312857e-06,2,1,2,,,,,,,,,,,
2000,63,500,1,0.001,0.001,200000,2000,497,0,14.142135623731,14.142135623731,SuSiE-RSS: reference R0,5,1,1,FALSE,FALSE,,,,TRUE,0.127999999999986,1,TRUE,0,1,1,0.999897795497142,7.82530363667636e-05,3.91265181833818e-05,3,1,3,,,,,,,,,,,
500,64,500,1,0.001,0.001,200000,2000,124,0,14.142135623731,14.142135623731,SuSiE-RSS: reference R0,2,1,1,FALSE,FALSE,,,,TRUE,0.0159999999999982,1,TRUE,0,1,2,0.562842773341757,0.000539499112293298,0.000269749556146649,4,1,4,,,,,,,,,,,
1000,65,500,1,0.001,0.001,200000,2000,249,0,14.142135623731,14.142135623731,SuSiE-RSS: reference R0,5,1,1,FALSE,FALSE,,,,TRUE,0.0330000000000013,1,TRUE,0,1,6,0.0653282200028884,0.00222114817034133,0.00111057408517067,5,1,5,,,,,,,,,,,
2000,66,500,1,0.001,0.001,200000,2000,497,0,14.142135623731,14.142135623731,SuSiE-RSS: reference R0,5,1,1,FALSE,FALSE,,,,TRUE,0.138000000000005,1,TRUE,0,1,1,0.998845437498527,8.73124574782636e-05,4.36562287391318e-05,6,1,6,,,,,,,,,,,
500,67,500,1,0.001,0.001,200000,2000,124,0,14.142135623731,14.142135623731,SuSiE-RSS: reference R0,2,1,1,FALSE,FALSE,,,,TRUE,0.0129999999999981,1,TRUE,0,1,1,1,1.3388789653166e-20,6.694394826583e-21,7,1,7,,,,,,,,,,,
1000,68,500,1,0.001,0.001,200000,2000,249,0,14.142135623731,14.142135623731,SuSiE-RSS: reference R0,5,1,1,FALSE,FALSE,,,,TRUE,0.0550000000000068,1,TRUE,0,1,2,0.471955456579348,0.00349691797177198,0.00174845898588599,8,1,8,,,,,,,,,,,
2000,69,500,1,0.001,0.001,200000,2000,497,0,14.142135623731,14.142135623731,SuSiE-RSS: reference R0,5,1,1,FALSE,FALSE,,,,TRUE,0.278999999999996,1,TRUE,0,1,1,1,3.4739127733079e-16,1.73695638665395e-16,9,1,9,,,,,,,,,,,
500,70,500,1,0.001,0.001,200000,2000,124,0,14.142135623731,14.142135623731,SuSiE-RSS: reference R0,1,1,1,FALSE,FALSE,,,,TRUE,0.0130000000000052,1,TRUE,0,1,1,0.999999999588407,1.51887077636224e-10,7.59435388181118e-11,10,1,10,,,,,,,,,,,
1000,71,500,1,0.001,0.001,200000,2000,249,0,14.142135623731,14.142135623731,SuSiE-RSS: reference R0,5,1,1,FALSE,FALSE,,,,TRUE,0.0499999999999972,1,TRUE,0,1,4,0.500346565458162,0.0197243705650958,0.0098621852825479,11,1,11,,,,,,,,,,,
2000,72,500,1,0.001,0.001,200000,2000,497,0,14.142135623731,14.142135623731,SuSiE-RSS: reference R0,5,1,1,FALSE,FALSE,,,,TRUE,0.135999999999996,1,TRUE,0,1,1,1,1.0750648251863e-43,5.37532412593152e-44,12,1,12,,,,,,,,,,,
500,73,500,1,0.001,0.001,200000,2000,124,0,14.142135623731,14.142135623731,SuSiE-RSS: reference R0,5,1,1,FALSE,FALSE,,,,TRUE,0.0180000000000007,1,TRUE,0,1,6,0.24869347445124,0.00186982485864024,0.000934912429320121,13,1,13,,,,,,,,,,,
1000,74,500,1,0.001,0.001,200000,2000,249,0,14.142135623731,14.142135623731,SuSiE-RSS: reference R0,5,1,1,FALSE,FALSE,,,,TRUE,0.034000000000006,1,TRUE,0,1,1,1,6.80722989723609e-26,3.40361494861804e-26,14,1,14,,,,,,,,,,,
2000,75,500,1,0.001,0.001,200000,2000,497,0,14.142135623731,14.142135623731,SuSiE-RSS: reference R0,1,1,1,FALSE,FALSE,,,,TRUE,0.0980000000000132,1,TRUE,0,1,2,0.949340892686685,0,0,15,1,15,,,,,,,,,,,
500,76,500,1,0.001,0.001,200000,2000,124,0,14.142135623731,14.142135623731,SuSiE-RSS: reference R0,4,1,1,FALSE,FALSE,,,,TRUE,0.0169999999999959,1,TRUE,0,1,1,0.999999999945071,1.48516658103947e-10,7.42583290519734e-11,16,1,16,,,,,,,,,,,
1000,77,500,1,0.001,0.001,200000,2000,249,0,14.142135623731,14.142135623731,SuSiE-RSS: reference R0,5,1,1,FALSE,FALSE,,,,TRUE,0.0420000000000016,1,TRUE,0,1,2,0.813708898582166,0.0254820930893316,0.0127410465446658,17,1,17,,,,,,,,,,,
2000,78,500,1,0.001,0.001,200000,2000,497,0,14.142135623731,14.142135623731,SuSiE-RSS: reference R0,5,1,1,FALSE,FALSE,,,,TRUE,0.12700000000001,1,TRUE,0,1,3,0.240322796803124,0.00170192005605947,0.000850960028029733,18,1,18,,,,,,,,,,,
500,79,500,1,0.001,0.001,200000,2000,124,0,14.142135623731,14.142135623731,SuSiE-RSS: reference R0,5,1,1,FALSE,FALSE,,,,TRUE,0.0210000000000008,1,TRUE,0,1,1,0.999999999579794,1.22117468190833e-10,6.10587340954163e-11,19,1,19,,,,,,,,,,,
1000,80,500,1,0.001,0.001,200000,2000,249,0,14.142135623731,14.142135623731,SuSiE-RSS: reference R0,5,1,1,FALSE,FALSE,,,,TRUE,0.0280000000000058,1,TRUE,0,1,1,0.999999999999998,8.23636017487747e-16,4.11818008743874e-16,20,1,20,,,,,,,,,,,
500,61,500,1,0.001,0.001,200000,2000,124,0,14.142135623731,14.142135623731,collapsed-R,0,1,1,TRUE,FALSE,0.001,249.664198640541,418.686861120188,TRUE,0.579999999999998,1,TRUE,0,1,1,0.999999999960832,1.23152580469792e-12,6.1576290234896e-13,1,1,1,,,,,,,,,,,
1000,62,500,1,0.001,0.001,200000,2000,249,0,14.142135623731,14.142135623731,collapsed-R,0,1,1,TRUE,FALSE,0.001,256.823501681459,430.693012319807,TRUE,1.37900000000001,1,TRUE,0,1,1,0.999976046260988,0,0,2,1,2,,,,,,,,,,,
2000,63,500,1,0.001,0.001,200000,2000,497,0,14.142135623731,14.142135623731,collapsed-R,0,1,1,TRUE,FALSE,0.002,587.211939364351,984.754422314016,TRUE,3.779,1,TRUE,0,1,1,0.999852819488289,1.15437621921512e-05,5.77188109607558e-06,3,1,3,,,,,,,,,,,
500,64,500,1,0.001,0.001,200000,2000,124,0,14.142135623731,14.142135623731,collapsed-R,0,1,1,TRUE,FALSE,0.002,326.854776542543,548.135460261845,TRUE,0.716000000000001,1,TRUE,0,1,2,0.562082547843099,8.45855076950548e-05,4.22927538475274e-05,4,1,4,,,,,,,,,,,
1000,65,500,1,0.001,0.001,200000,2000,249,0,14.142135623731,14.142135623731,collapsed-R,0,1,1,TRUE,FALSE,0.001,325.629953676199,546.081432314986,TRUE,1.49300000000001,1,TRUE,0,1,6,0.0629469620054755,0,0,5,1,5,,,,,,,,,,,
2000,66,500,1,0.001,0.001,200000,2000,497,0,14.142135623731,14.142135623731,collapsed-R,0,1,1,TRUE,FALSE,0.001,257.376764643256,431.620834306741,TRUE,4.39400000000001,1,TRUE,0,1,1,0.998850064730208,9.87145629392952e-05,4.93572814696476e-05,6,1,6,,,,,,,,,,,
500,67,500,1,0.001,0.001,200000,2000,124,0,14.142135623731,14.142135623731,collapsed-R,0,1,1,TRUE,FALSE,0.001,299.880234686158,502.899153568686,TRUE,0.640000000000001,1,TRUE,0,1,1,1,0,0,7,1,7,,,,,,,,,,,
1000,68,500,1,0.001,0.001,200000,2000,249,0,14.142135623731,14.142135623731,collapsed-R,0,1,1,TRUE,FALSE,0.002,381.028474744502,638.984752146531,TRUE,1.45999999999999,1,TRUE,0,1,2,0.470418425255006,0.00212905891124023,0.00106452945562011,8,1,8,,,,,,,,,,,
2000,69,500,1,0.001,0.001,200000,2000,497,0,14.142135623731,14.142135623731,collapsed-R,0,1,1,TRUE,FALSE,0.002,753.224163347696,1263.15692193409,TRUE,3.696,1,TRUE,0,1,1,1,6.63122277423306e-18,3.31561138711653e-18,9,1,9,,,,,,,,,,,
500,70,500,1,0.001,0.001,200000,2000,124,0,14.142135623731,14.142135623731,collapsed-R,0,1,1,TRUE,FALSE,0.002,544.232522620709,912.677940434929,TRUE,1.12,1,TRUE,0,1,1,0.999999999588407,1.51887077636224e-10,7.59435388181118e-11,10,1,10,,,,,,,,,,,
1000,71,500,1,0.001,0.001,200000,2000,249,0,14.142135623731,14.142135623731,collapsed-R,0,1,1,TRUE,FALSE,0.002,342.843892817635,574.949208255174,TRUE,1.809,1,TRUE,0,1,4,0.50587807229812,0.0329244713202627,0.0164622356601313,11,1,11,,,,,,,,,,,
2000,72,500,1,0.001,0.001,200000,2000,497,0,14.142135623731,14.142135623731,collapsed-R,0,1,1,TRUE,FALSE,0.002,776.079575933079,1301.48544883977,TRUE,3.88900000000001,1,TRUE,0,1,1,1,1.26331021694803e-45,6.31655108474016e-46,12,1,12,,,,,,,,,,,
500,73,500,1,0.001,0.001,200000,2000,124,0,14.142135623731,14.142135623731,collapsed-R,0,1,1,TRUE,FALSE,0.001,350.341023697049,587.521896739952,TRUE,1.062,1,TRUE,0,1,6,0.245678634282711,0.00214941202799378,0.00107470601399689,13,1,13,,,,,,,,,,,
1000,74,500,1,0.001,0.001,200000,2000,249,0,14.142135623731,14.142135623731,collapsed-R,0,1,1,TRUE,FALSE,0.001,525.845037356189,881.842127646328,TRUE,1.35599999999999,1,TRUE,0,1,1,1,2.78882130916427e-26,1.39441065458214e-26,14,1,14,,,,,,,,,,,
2000,75,500,1,0.001,0.001,200000,2000,497,0,14.142135623731,14.142135623731,collapsed-R,0,1,1,TRUE,FALSE,0.001,368.747429126637,618.389438645369,TRUE,3.678,1,TRUE,0,1,2,0.949340892686685,0,0,15,1,15,,,,,,,,,,,
500,76,500,1,0.001,0.001,200000,2000,124,0,14.142135623731,14.142135623731,collapsed-R,0,1,1,TRUE,FALSE,0.001,192.297163916611,322.482343888157,TRUE,0.730999999999995,1,TRUE,0,1,1,0.999999999870587,0,0,16,1,16,,,,,,,,,,,
1000,77,500,1,0.001,0.001,200000,2000,249,0,14.142135623731,14.142135623731,collapsed-R,0,1,1,TRUE,FALSE,0.001,501.9002550202,841.686727668875,TRUE,1.82600000000001,1,TRUE,0,1,2,0.816628241040393,0.0189366002478126,0.00946830012390629,17,1,17,,,,,,,,,,,
2000,78,500,1,0.001,0.001,200000,2000,497,0,14.142135623731,14.142135623731,collapsed-R,0,1,1,TRUE,FALSE,0.002,753.520055367737,1263.6531328517,TRUE,3.77100000000002,1,TRUE,0,1,3,0.239596455957685,0,0,18,1,18,,,,,,,,,,,
500,79,500,1,0.001,0.001,200000,2000,124,0,14.142135623731,14.142135623731,collapsed-R,0,1,1,TRUE,FALSE,0.002,457.636401514086,767.456245339121,TRUE,1.348,1,TRUE,0,1,1,0.999999999638443,0,0,19,1,19,,,,,,,,,,,
1000,80,500,1,0.001,0.001,200000,2000,249,0,14.142135623731,14.142135623731,collapsed-R,0,1,1,TRUE,FALSE,0.001,261.240118900892,438.099679396796,TRUE,1.105,1,TRUE,0,1,1,0.999999999999998,0,0,20,1,20,,,,,,,,,,,
500,61,1000,1,0.001,0.001,200000,2000,124,0,14.142135623731,14.142135623731,AIW-N,5,1,1,TRUE,FALSE,0.002,1483.83492195174,2112.98092885928,TRUE,1.19,1,TRUE,0,1,1,0.999999999903759,1.53327390446947e-10,7.66636952234737e-11,1,1,1,,,,,,,,,,,
1000,62,1000,1,0.001,0.001,200000,2000,249,0,14.142135623731,14.142135623731,AIW-N,3,1,1,TRUE,FALSE,0.002,2121.41719108904,3020.8980801108,TRUE,3.304,1,TRUE,0,1,1,0.999999736211144,0,0,2,1,2,,,,,,,,,,,
2000,63,1000,1,0.001,0.001,200000,2000,497,0,14.142135623731,14.142135623731,AIW-N,5,1,1,TRUE,FALSE,0.002,1518.58055394117,2162.45870881223,TRUE,8.38999999999999,1,TRUE,0,1,1,0.999979274617141,4.17837287953558e-07,2.08918643976779e-07,3,1,3,,,,,,,,,,,
500,64,1000,1,0.001,0.001,200000,2000,124,0,14.142135623731,14.142135623731,AIW-N,4,1,1,TRUE,FALSE,0.004,4221.57119653596,6011.5173838672,TRUE,1.284,1,TRUE,0,1,2,0.529422762639226,0,0,4,1,4,,,,,,,,,,,
1000,65,1000,1,0.001,0.001,200000,2000,249,0,14.142135623731,14.142135623731,AIW-N,4,1,1,TRUE,FALSE,0.002,1281.04004778851,1824.20102805083,TRUE,3.78700000000001,1,TRUE,0,1,6,0.284963957920528,0.00309438672398128,0.00154719336199064,5,1,5,,,,,,,,,,,
2000,66,1000,1,0.001,0.001,200000,2000,497,0,14.142135623731,14.142135623731,AIW-N,5,1,1,TRUE,FALSE,0.002,1298.23014302272,1848.67972366435,TRUE,9.73099999999999,0,FALSE,1,0,1,0.0298221222841046,0.0029586548839543,0.00147932744197715,6,0,6,,,,,,,,,,,
500,67,1000,1,0.001,0.001,200000,2000,124,0,14.142135623731,14.142135623731,AIW-N,5,1,1,TRUE,FALSE,0.002,646.598611494627,920.756422768348,TRUE,1.461,1,TRUE,0,1,1,1,4.05516219552876e-18,2.02758109776438e-18,7,1,7,,,,,,,,,,,
1000,68,1000,1,0.001,0.001,200000,2000,249,0,14.142135623731,14.142135623731,AIW-N,3,1,1,TRUE,FALSE,0.001,354.808557637861,505.247386076315,TRUE,4.25,1,TRUE,0,1,2,0.488786964140416,0.0113487153665935,0.00567435768329676,8,1,8,,,,,,,,,,,
2000,69,1000,1,0.001,0.001,200000,2000,497,0,14.142135623731,14.142135623731,AIW-N,5,1,1,TRUE,FALSE,0.002,2304.64097998965,3281.80875550526,TRUE,7.91,1,TRUE,0,1,1,1,6.07378187673329e-17,3.03689093836664e-17,9,1,9,,,,,,,,,,,
500,70,1000,1,0.001,0.001,200000,2000,124,0,14.142135623731,14.142135623731,AIW-N,5,1,1,TRUE,FALSE,0.002,798.579730440238,1137.1775361469,TRUE,1.09,1,TRUE,0,1,1,0.999979041022317,4.61342894730381e-06,2.3067144736519e-06,10,1,10,,,,,,,,,,,
1000,71,1000,1,0.001,0.001,200000,2000,249,0,14.142135623731,14.142135623731,AIW-N,3,1,1,TRUE,FALSE,0.002,3578.31257891271,5095.51711237169,TRUE,2.89099999999999,1,TRUE,0,1,2,0.522694312252332,0,0,11,1,11,,,,,,,,,,,
2000,72,1000,1,0.001,0.001,200000,2000,497,0,14.142135623731,14.142135623731,AIW-N,5,1,1,TRUE,FALSE,0.001,573.625381595749,816.842543392346,TRUE,7.67400000000001,1,TRUE,0,1,1,1,4.57834647119391e-31,2.28917323559695e-31,12,1,12,,,,,,,,,,,
500,73,1000,1,0.001,0.001,200000,2000,124,0,14.142135623731,14.142135623731,AIW-N,1,1,1,TRUE,FALSE,0.002,Inf,Inf,TRUE,1.082,1,TRUE,0,1,6,0.180867612520707,0,0,13,1,13,,,,,,,,,,,
1000,74,1000,1,0.001,0.001,200000,2000,249,0,14.142135623731,14.142135623731,AIW-N,5,1,1,TRUE,FALSE,0.001,1447.49138543973,2061.22773286617,TRUE,3.134,1,TRUE,0,1,1,1,6.02318494859751e-33,3.01159247429876e-33,14,1,14,,,,,,,,,,,
2000,75,1000,1,0.001,0.001,200000,2000,497,0,14.142135623731,14.142135623731,AIW-N,4,1,1,TRUE,FALSE,0.001,829.564932650981,1181.300464095,TRUE,8.70500000000001,1,TRUE,0,1,2,0.91319723325551,0,0,15,1,15,,,,,,,,,,,
500,76,1000,1,0.001,0.001,200000,2000,124,0,14.142135623731,14.142135623731,AIW-N,2,1,1,TRUE,FALSE,0.001,403.053958517566,573.948836929015,TRUE,1.175,1,TRUE,0,1,1,0.999999998472353,0,0,16,1,16,,,,,,,,,,,
1000,77,1000,1,0.001,0.001,200000,2000,249,0,14.142135623731,14.142135623731,AIW-N,5,1,1,TRUE,FALSE,0.001,825.59251821318,1175.64374593557,TRUE,3.839,1,TRUE,0,1,2,0.856365480989291,0,0,17,1,17,,,,,,,,,,,
2000,78,1000,1,0.001,0.001,200000,2000,497,0,14.142135623731,14.142135623731,AIW-N,5,1,1,TRUE,FALSE,0.001,812.996976052396,1157.70769389861,TRUE,5.98899999999998,1,TRUE,0,1,3,0.27215850278826,0,0,18,1,18,,,,,,,,,,,
500,79,1000,1,0.001,0.001,200000,2000,124,0,14.142135623731,14.142135623731,AIW-N,5,1,1,TRUE,FALSE,0.002,3930.34025951599,5596.80452955077,TRUE,1.459,1,TRUE,0,1,1,0.99999999911806,5.95770951034153e-10,2.97885475517077e-10,19,1,19,,,,,,,,,,,
1000,80,1000,1,0.001,0.001,200000,2000,249,0,14.142135623731,14.142135623731,AIW-N,3,1,1,TRUE,FALSE,0.001,533.355499030309,759.49823061916,TRUE,2.622,1,TRUE,0,1,1,1,0,0,20,1,20,,,,,,,,,,,
500,61,1000,1,0.001,0.001,200000,2000,124,0,14.142135623731,14.142135623731,SuSiE-RSS: finite R0 + EB mismatch,5,1,1,FALSE,FALSE,,,,TRUE,0.0499999999999998,1,TRUE,0,1,1,0.999999999899897,1.44008963037502e-10,7.20044815187508e-11,1,1,1,0.16.6,2000,eb,mle,0.00104385004103435,647.731303831829,0.00500097472213274,FALSE,FALSE,alpha_pip_fixed_point,3
1000,62,1000,1,0.001,0.001,200000,2000,249,0,14.142135623731,14.142135623731,SuSiE-RSS: finite R0 + EB mismatch,1,1,1,FALSE,FALSE,,,,TRUE,0.124,1,TRUE,0,1,1,0.99999973619105,4.01816759381201e-11,2.009083796906e-11,2,1,2,0.16.6,2000,eb,mle,0,2000,0.00894797079120713,FALSE,FALSE,alpha_pip_fixed_point,2
2000,63,1000,1,0.001,0.001,200000,2000,497,0,14.142135623731,14.142135623731,SuSiE-RSS: finite R0 + EB mismatch,5,1,1,FALSE,FALSE,,,,TRUE,0.866,1,TRUE,0,1,1,0.999979330108871,3.88665009672055e-07,1.94332504836027e-07,3,1,3,0.16.6,2000,eb,mle,0.0015157108092176,496.102910907221,0.00467761239325502,FALSE,FALSE,alpha_pip_fixed_point,2
500,64,1000,1,0.001,0.001,200000,2000,124,0,14.142135623731,14.142135623731,SuSiE-RSS: finite R0 + EB mismatch,1,1,1,FALSE,FALSE,,,,TRUE,0.0490000000000004,1,TRUE,0,1,2,0.529422605095908,3.15086224548594e-07,1.57543112274297e-07,4,1,4,0.16.6,2000,eb,mle,0,2000,0.00675194174795277,FALSE,FALSE,alpha_pip_fixed_point,2
1000,65,1000,1,0.001,0.001,200000,2000,249,0,14.142135623731,14.142135623731,SuSiE-RSS: finite R0 + EB mismatch,5,1,1,FALSE,FALSE,,,,TRUE,0.153,1,TRUE,0,1,6,0.287737622150755,0.00308457877729637,0.00154228938864819,5,1,5,0.16.6,2000,eb,mle,0.00023224711807752,1365.65918159631,0.00606363777340311,FALSE,FALSE,alpha_pip_fixed_point,2
2000,66,1000,1,0.001,0.001,200000,2000,497,0,14.142135623731,14.142135623731,SuSiE-RSS: finite R0 + EB mismatch,2,1,1,FALSE,FALSE,,,,TRUE,0.885999999999999,0,FALSE,1,0,1,0.0302564605524673,0.0029854108186278,0.0014927054093139,6,0,6,0.16.6,2000,eb,mle,0.00162665144327372,470.222801749131,0.00523848240101065,FALSE,FALSE,alpha_pip_fixed_point,2
500,67,1000,1,0.001,0.001,200000,2000,124,0,14.142135623731,14.142135623731,SuSiE-RSS: finite R0 + EB mismatch,1,1,1,FALSE,FALSE,,,,TRUE,0.0539999999999994,1,TRUE,0,1,1,1,4.05704100886908e-18,2.02852050443454e-18,7,1,7,0.16.6,2000,eb,mle,0.00129619892272446,556.731210195366,0.00454676940894363,FALSE,FALSE,alpha_pip_fixed_point,2
1000,68,1000,1,0.001,0.001,200000,2000,249,0,14.142135623731,14.142135623731,SuSiE-RSS: finite R0 + EB mismatch,5,1,1,FALSE,FALSE,,,,TRUE,0.196000000000002,1,TRUE,0,1,2,0.49077706037267,0.0113600545686873,0.00568002728434363,8,1,8,0.16.6,2000,eb,mle,0.00388530974894888,228.034063098893,0.00398482877025436,FALSE,FALSE,alpha_pip_fixed_point,2
2000,69,1000,1,0.001,0.001,200000,2000,497,0,14.142135623731,14.142135623731,SuSiE-RSS: finite R0 + EB mismatch,2,1,1,FALSE,FALSE,,,,TRUE,1.085,1,TRUE,0,1,1,0.999999999999997,3.63455433471722e-15,1.81727716735861e-15,9,1,9,0.16.6,2000,eb,mle,0,2000,0.00733882706998738,FALSE,FALSE,alpha_pip_fixed_point,4
500,70,1000,1,0.001,0.001,200000,2000,124,0,14.142135623731,14.142135623731,SuSiE-RSS: finite R0 + EB mismatch,1,1,1,FALSE,FALSE,,,,TRUE,0.0499999999999998,1,TRUE,0,1,1,0.999979039882037,4.6156844729703e-06,2.30784223648515e-06,10,1,10,0.16.6,2000,eb,mle,0,2000,0.00581505430835959,FALSE,FALSE,alpha_pip_fixed_point,2
1000,71,1000,1,0.001,0.001,200000,2000,249,0,14.142135623731,14.142135623731,SuSiE-RSS: finite R0 + EB mismatch,1,1,1,FALSE,FALSE,,,,TRUE,0.161999999999999,1,TRUE,0,1,2,0.52269375921289,1.21472073574361e-06,6.07360367871806e-07,11,1,11,0.16.6,2000,eb,mle,0,2000,0.00626448317790268,FALSE,FALSE,alpha_pip_fixed_point,2
2000,72,1000,1,0.001,0.001,200000,2000,497,0,14.142135623731,14.142135623731,SuSiE-RSS: finite R0 + EB mismatch,5,1,1,FALSE,FALSE,,,,TRUE,0.949000000000005,1,TRUE,0,1,1,1,4.40156965660683e-31,2.20078482830342e-31,12,1,12,0.16.6,2000,eb,mle,0.000472041473351898,1028.76268905656,0.00606981425892729,FALSE,FALSE,alpha_pip_fixed_point,2
500,73,1000,1,0.001,0.001,200000,2000,124,0,14.142135623731,14.142135623731,SuSiE-RSS: finite R0 + EB mismatch,1,1,1,FALSE,FALSE,,,,TRUE,0.0500000000000007,1,TRUE,0,1,6,0.180867650943386,2.05079519893792e-06,1.02539759946896e-06,13,1,13,0.16.6,2000,eb,mle,0,2000,0.00602927764777905,FALSE,FALSE,alpha_pip_fixed_point,2
1000,74,1000,1,0.001,0.001,200000,2000,249,0,14.142135623731,14.142135623731,SuSiE-RSS: finite R0 + EB mismatch,5,1,1,FALSE,FALSE,,,,TRUE,0.157999999999999,1,TRUE,0,1,1,1,3.36202767465535e-33,1.68101383732767e-33,14,1,14,0.16.6,2000,eb,mle,0.00117667479868952,596.418578475442,0.00460662445204374,FALSE,FALSE,alpha_pip_fixed_point,2
2000,75,1000,1,0.001,0.001,200000,2000,497,0,14.142135623731,14.142135623731,SuSiE-RSS: finite R0 + EB mismatch,1,1,1,FALSE,FALSE,,,,TRUE,1.019,1,TRUE,0,1,2,0.913196296754066,1.87300343346131e-06,9.36501716730653e-07,15,1,15,0.16.6,2000,eb,mle,0,2000,0.00676300022242786,FALSE,FALSE,alpha_pip_fixed_point,2
500,76,1000,1,0.001,0.001,200000,2000,124,0,14.142135623731,14.142135623731,SuSiE-RSS: finite R0 + EB mismatch,1,1,1,FALSE,FALSE,,,,TRUE,0.0489999999999995,1,TRUE,0,1,1,0.999999998472197,3.1208706384847e-13,1.56043531924235e-13,16,1,16,0.16.6,2000,eb,mle,0,2000,0.00762063429610134,FALSE,FALSE,alpha_pip_fixed_point,2
1000,77,1000,1,0.001,0.001,200000,2000,249,0,14.142135623731,14.142135623731,SuSiE-RSS: finite R0 + EB mismatch,1,1,1,FALSE,FALSE,,,,TRUE,0.16,1,TRUE,0,1,2,0.856364378083618,2.20645278845022e-06,1.10322639422511e-06,17,1,17,0.16.6,2000,eb,mle,0,2000,0.00665766962921589,FALSE,FALSE,alpha_pip_fixed_point,2
2000,78,1000,1,0.001,0.001,200000,2000,497,0,14.142135623731,14.142135623731,SuSiE-RSS: finite R0 + EB mismatch,1,1,1,FALSE,FALSE,,,,TRUE,0.773999999999994,1,TRUE,0,1,3,0.272158858960048,1.91282030769196e-06,9.56410153845982e-07,18,1,18,0.16.6,2000,eb,mle,0,2000,0.00611029062295023,FALSE,FALSE,alpha_pip_fixed_point,2
500,79,1000,1,0.001,0.001,200000,2000,124,0,14.142135623731,14.142135623731,SuSiE-RSS: finite R0 + EB mismatch,5,1,1,FALSE,FALSE,,,,TRUE,0.122,1,TRUE,0,1,1,0.999999999091161,5.29792730702173e-10,2.64896365351086e-10,19,1,19,0.16.6,2000,eb,mle,0.000216082367444027,1396.48739511543,0.00616232272260046,FALSE,FALSE,alpha_pip_fixed_point,10
1000,80,1000,1,0.001,0.001,200000,2000,249,0,14.142135623731,14.142135623731,SuSiE-RSS: finite R0 + EB mismatch,5,1,1,FALSE,FALSE,,,,TRUE,0.407,1,TRUE,0,1,1,1,2.64114540771725e-21,1.32057270385862e-21,20,1,20,0.16.6,2000,eb,mle,0.000120641183761402,1611.23693716149,0.0055705497081133,FALSE,FALSE,alpha_pip_fixed_point,8
500,61,1000,1,0.001,0.001,200000,2000,124,0,14.142135623731,14.142135623731,SuSiE-RSS: in-sample R,2,1,1,FALSE,FALSE,,,,TRUE,0.0129999999999981,1,TRUE,0,1,1,0.999999999827408,0,0,1,1,1,,,,,,,,,,,
1000,62,1000,1,0.001,0.001,200000,2000,249,0,14.142135623731,14.142135623731,SuSiE-RSS: in-sample R,1,1,1,FALSE,FALSE,,,,TRUE,0.0319999999999965,1,TRUE,0,1,1,0.999999736211144,0,0,2,1,2,,,,,,,,,,,
2000,63,1000,1,0.001,0.001,200000,2000,497,0,14.142135623731,14.142135623731,SuSiE-RSS: in-sample R,5,1,1,FALSE,FALSE,,,,TRUE,0.158999999999992,1,TRUE,0,1,1,0.999979511499866,0,0,3,1,3,,,,,,,,,,,
500,64,1000,1,0.001,0.001,200000,2000,124,0,14.142135623731,14.142135623731,SuSiE-RSS: in-sample R,1,1,1,FALSE,FALSE,,,,TRUE,0.0109999999999957,1,TRUE,0,1,2,0.529422762639226,0,0,4,1,4,,,,,,,,,,,
1000,65,1000,1,0.001,0.001,200000,2000,249,0,14.142135623731,14.142135623731,SuSiE-RSS: in-sample R,5,1,1,FALSE,FALSE,,,,TRUE,0.0509999999999877,1,TRUE,0,1,6,0.287177260391577,0,0,5,1,5,,,,,,,,,,,
2000,66,1000,1,0.001,0.001,200000,2000,497,0,14.142135623731,14.142135623731,SuSiE-RSS: in-sample R,5,1,1,FALSE,FALSE,,,,TRUE,0.155000000000001,0,FALSE,1,0,1,0.0326272106245137,0,0,6,0,6,,,,,,,,,,,
500,67,1000,1,0.001,0.001,200000,2000,124,0,14.142135623731,14.142135623731,SuSiE-RSS: in-sample R,5,1,1,FALSE,FALSE,,,,TRUE,0.0140000000000029,1,TRUE,0,1,1,1,0,0,7,1,7,,,,,,,,,,,
1000,68,1000,1,0.001,0.001,200000,2000,249,0,14.142135623731,14.142135623731,SuSiE-RSS: in-sample R,5,1,1,FALSE,FALSE,,,,TRUE,0.0670000000000073,1,TRUE,0,1,2,0.495580203698223,0,0,8,1,8,,,,,,,,,,,
2000,69,1000,1,0.001,0.001,200000,2000,497,0,14.142135623731,14.142135623731,SuSiE-RSS: in-sample R,5,1,1,FALSE,FALSE,,,,TRUE,0.106999999999999,1,TRUE,0,1,1,1,0,0,9,1,9,,,,,,,,,,,
500,70,1000,1,0.001,0.001,200000,2000,124,0,14.142135623731,14.142135623731,SuSiE-RSS: in-sample R,2,1,1,FALSE,FALSE,,,,TRUE,0.0130000000000052,1,TRUE,0,1,1,0.99998137432258,0,0,10,1,10,,,,,,,,,,,
1000,71,1000,1,0.001,0.001,200000,2000,249,0,14.142135623731,14.142135623731,SuSiE-RSS: in-sample R,1,1,1,FALSE,FALSE,,,,TRUE,0.039999999999992,1,TRUE,0,1,2,0.522694312252332,0,0,11,1,11,,,,,,,,,,,
2000,72,1000,1,0.001,0.001,200000,2000,497,0,14.142135623731,14.142135623731,SuSiE-RSS: in-sample R,5,1,1,FALSE,FALSE,,,,TRUE,0.0989999999999895,1,TRUE,0,1,1,1,0,0,12,1,12,,,,,,,,,,,
500,73,1000,1,0.001,0.001,200000,2000,124,0,14.142135623731,14.142135623731,SuSiE-RSS: in-sample R,1,1,1,FALSE,FALSE,,,,TRUE,0.0130000000000052,1,TRUE,0,1,6,0.180867612520707,0,0,13,1,13,,,,,,,,,,,
1000,74,1000,1,0.001,0.001,200000,2000,249,0,14.142135623731,14.142135623731,SuSiE-RSS: in-sample R,5,1,1,FALSE,FALSE,,,,TRUE,0.0309999999999917,1,TRUE,0,1,1,1,0,0,14,1,14,,,,,,,,,,,
2000,75,1000,1,0.001,0.001,200000,2000,497,0,14.142135623731,14.142135623731,SuSiE-RSS: in-sample R,1,1,1,FALSE,FALSE,,,,TRUE,0.179000000000002,1,TRUE,0,1,2,0.91319723325551,0,0,15,1,15,,,,,,,,,,,
500,76,1000,1,0.001,0.001,200000,2000,124,0,14.142135623731,14.142135623731,SuSiE-RSS: in-sample R,1,1,1,FALSE,FALSE,,,,TRUE,0.0129999999999981,1,TRUE,0,1,1,0.999999998472353,0,0,16,1,16,,,,,,,,,,,
1000,77,1000,1,0.001,0.001,200000,2000,249,0,14.142135623731,14.142135623731,SuSiE-RSS: in-sample R,1,1,1,FALSE,FALSE,,,,TRUE,0.0349999999999966,1,TRUE,0,1,2,0.856365480989291,0,0,17,1,17,,,,,,,,,,,
2000,78,1000,1,0.001,0.001,200000,2000,497,0,14.142135623731,14.142135623731,SuSiE-RSS: in-sample R,1,1,1,FALSE,FALSE,,,,TRUE,0.0840000000000032,1,TRUE,0,1,3,0.27215850278826,0,0,18,1,18,,,,,,,,,,,
500,79,1000,1,0.001,0.001,200000,2000,124,0,14.142135623731,14.142135623731,SuSiE-RSS: in-sample R,5,1,1,FALSE,FALSE,,,,TRUE,0.0260000000000034,1,TRUE,0,1,1,0.999999998826946,0,0,19,1,19,,,,,,,,,,,
1000,80,1000,1,0.001,0.001,200000,2000,249,0,14.142135623731,14.142135623731,SuSiE-RSS: in-sample R,1,1,1,FALSE,FALSE,,,,TRUE,0.027000000000001,1,TRUE,0,1,1,1,0,0,20,1,20,,,,,,,,,,,
500,61,1000,1,0.001,0.001,200000,2000,124,0,14.142135623731,14.142135623731,SuSiE-RSS: reference R0,5,1,1,FALSE,FALSE,,,,TRUE,0.017000000000003,1,TRUE,0,1,1,0.999999999859909,6.3756134375999e-11,3.18780671879995e-11,1,1,1,,,,,,,,,,,
1000,62,1000,1,0.001,0.001,200000,2000,249,0,14.142135623731,14.142135623731,SuSiE-RSS: reference R0,1,1,1,FALSE,FALSE,,,,TRUE,0.0360000000000014,1,TRUE,0,1,1,0.999999736211144,0,0,2,1,2,,,,,,,,,,,
2000,63,1000,1,0.001,0.001,200000,2000,497,0,14.142135623731,14.142135623731,SuSiE-RSS: reference R0,5,1,1,FALSE,FALSE,,,,TRUE,0.164999999999992,1,TRUE,0,1,1,0.999981887160686,4.77158752400291e-06,2.38579376200146e-06,3,1,3,,,,,,,,,,,
500,64,1000,1,0.001,0.001,200000,2000,124,0,14.142135623731,14.142135623731,SuSiE-RSS: reference R0,5,1,1,FALSE,FALSE,,,,TRUE,0.0130000000000052,1,TRUE,0,1,2,0.532776712273257,9.15783403121577e-05,4.57891701560789e-05,4,1,4,,,,,,,,,,,
1000,65,1000,1,0.001,0.001,200000,2000,249,0,14.142135623731,14.142135623731,SuSiE-RSS: reference R0,5,1,1,FALSE,FALSE,,,,TRUE,0.0640000000000072,1,TRUE,0,1,6,0.286977932183097,0.00283822917675059,0.0014191145883753,5,1,5,,,,,,,,,,,
2000,66,1000,1,0.001,0.001,200000,2000,497,0,14.142135623731,14.142135623731,SuSiE-RSS: reference R0,5,1,1,FALSE,FALSE,,,,TRUE,0.171000000000021,0,FALSE,1,0,1,0.0303880017945691,0.0032883801713928,0.0016441900856964,6,0,6,,,,,,,,,,,
500,67,1000,1,0.001,0.001,200000,2000,124,0,14.142135623731,14.142135623731,SuSiE-RSS: reference R0,5,1,1,FALSE,FALSE,,,,TRUE,0.0150000000000006,1,TRUE,0,1,1,1,3.90809453311444e-18,1.95404726655722e-18,7,1,7,,,,,,,,,,,
1000,68,1000,1,0.001,0.001,200000,2000,249,0,14.142135623731,14.142135623731,SuSiE-RSS: reference R0,5,1,1,FALSE,FALSE,,,,TRUE,0.0630000000000024,1,TRUE,0,1,2,0.489338875549459,0.0119409603543157,0.00597048017715785,8,1,8,,,,,,,,,,,
2000,69,1000,1,0.001,0.001,200000,2000,497,0,14.142135623731,14.142135623731,SuSiE-RSS: reference R0,5,1,1,FALSE,FALSE,,,,TRUE,0.126000000000005,1,TRUE,0,1,1,0.999999999999994,1.05951804048572e-14,5.29759020242859e-15,9,1,9,,,,,,,,,,,
500,70,1000,1,0.001,0.001,200000,2000,124,0,14.142135623731,14.142135623731,SuSiE-RSS: reference R0,1,1,1,FALSE,FALSE,,,,TRUE,0.0110000000000028,1,TRUE,0,1,1,0.999979041022317,4.61342894730381e-06,2.3067144736519e-06,10,1,10,,,,,,,,,,,
1000,71,1000,1,0.001,0.001,200000,2000,249,0,14.142135623731,14.142135623731,SuSiE-RSS: reference R0,2,1,1,FALSE,FALSE,,,,TRUE,0.0240000000000009,1,TRUE,0,1,2,0.522610371467921,0.0011277792568011,0.000563889628400549,11,1,11,,,,,,,,,,,
2000,72,1000,1,0.001,0.001,200000,2000,497,0,14.142135623731,14.142135623731,SuSiE-RSS: reference R0,5,1,1,FALSE,FALSE,,,,TRUE,0.121000000000009,1,TRUE,0,1,1,1,7.62656496725447e-31,3.81328248362723e-31,12,1,12,,,,,,,,,,,
500,73,1000,1,0.001,0.001,200000,2000,124,0,14.142135623731,14.142135623731,SuSiE-RSS: reference R0,1,1,1,FALSE,FALSE,,,,TRUE,0.0159999999999982,1,TRUE,0,1,6,0.180867612520707,0,0,13,1,13,,,,,,,,,,,
1000,74,1000,1,0.001,0.001,200000,2000,249,0,14.142135623731,14.142135623731,SuSiE-RSS: reference R0,5,1,1,FALSE,FALSE,,,,TRUE,0.0300000000000011,1,TRUE,0,1,1,1,8.79186593173461e-32,4.39593296586731e-32,14,1,14,,,,,,,,,,,
2000,75,1000,1,0.001,0.001,200000,2000,497,0,14.142135623731,14.142135623731,SuSiE-RSS: reference R0,2,1,1,FALSE,FALSE,,,,TRUE,0.150999999999982,1,TRUE,0,1,2,0.90674838779072,0.0129362316856091,0.00646811584280455,15,1,15,,,,,,,,,,,
500,76,1000,1,0.001,0.001,200000,2000,124,0,14.142135623731,14.142135623731,SuSiE-RSS: reference R0,1,1,1,FALSE,FALSE,,,,TRUE,0.0150000000000006,1,TRUE,0,1,1,0.999999998472353,0,0,16,1,16,,,,,,,,,,,
1000,77,1000,1,0.001,0.001,200000,2000,249,0,14.142135623731,14.142135623731,SuSiE-RSS: reference R0,5,1,1,FALSE,FALSE,,,,TRUE,0.0339999999999918,1,TRUE,0,1,2,0.855560988074057,0.00266684144092985,0.00133342072046493,17,1,17,,,,,,,,,,,
2000,78,1000,1,0.001,0.001,200000,2000,497,0,14.142135623731,14.142135623731,SuSiE-RSS: reference R0,5,1,1,FALSE,FALSE,,,,TRUE,0.0730000000000075,1,TRUE,0,1,3,0.273411514639008,0.000389481699351798,0.000194740849675899,18,1,18,,,,,,,,,,,
500,79,1000,1,0.001,0.001,200000,2000,124,0,14.142135623731,14.142135623731,SuSiE-RSS: reference R0,5,1,1,FALSE,FALSE,,,,TRUE,0.0219999999999985,1,TRUE,0,1,1,0.999999999010729,3.70313828554934e-10,1.85156914277467e-10,19,1,19,,,,,,,,,,,
1000,80,1000,1,0.001,0.001,200000,2000,249,0,14.142135623731,14.142135623731,SuSiE-RSS: reference R0,5,1,1,FALSE,FALSE,,,,TRUE,0.0310000000000059,1,TRUE,0,1,1,1,5.26181617002187e-20,2.63090808501093e-20,20,1,20,,,,,,,,,,,
500,61,1000,1,0.001,0.001,200000,2000,124,0,14.142135623731,14.142135623731,collapsed-R,0,1,1,TRUE,FALSE,0.002,1325.59449603705,2223.02196985413,TRUE,0.725000000000001,1,TRUE,0,1,1,0.999999999903759,1.53327390446947e-10,7.66636952234737e-11,1,1,1,,,,,,,,,,,
1000,62,1000,1,0.001,0.001,200000,2000,249,0,14.142135623731,14.142135623731,collapsed-R,0,1,1,TRUE,FALSE,0.002,2405.65149529376,4034.27755760763,TRUE,1.28400000000001,1,TRUE,0,1,1,0.999999736211144,0,0,2,1,2,,,,,,,,,,,
2000,63,1000,1,0.001,0.001,200000,2000,497,0,14.142135623731,14.142135623731,collapsed-R,0,1,1,TRUE,FALSE,0.002,1152.55566962074,1932.83585795399,TRUE,3.92400000000001,1,TRUE,0,1,1,0.999979274617141,4.17837287953558e-07,2.08918643976779e-07,3,1,3,,,,,,,,,,,
500,64,1000,1,0.001,0.001,200000,2000,124,0,14.142135623731,14.142135623731,collapsed-R,0,1,1,TRUE,FALSE,0.004,3262.79502586975,5471.70725838357,TRUE,1.003,1,TRUE,0,1,2,0.529422762639226,0,0,4,1,4,,,,,,,,,,,
1000,65,1000,1,0.001,0.001,200000,2000,249,0,14.142135623731,14.142135623731,collapsed-R,0,1,1,TRUE,FALSE,0.002,1056.83855184862,1772.31825145013,TRUE,2.06699999999999,1,TRUE,0,1,6,0.284963957920528,0.00309438672398128,0.00154719336199064,5,1,5,,,,,,,,,,,
2000,66,1000,1,0.001,0.001,200000,2000,497,0,14.142135623731,14.142135623731,collapsed-R,0,1,1,TRUE,FALSE,0.002,1083.81149668893,1817.55187994733,TRUE,4.16500000000002,0,FALSE,1,0,1,0.0298221222841046,0.0029586548839543,0.00147932744197715,6,0,6,,,,,,,,,,,
500,67,1000,1,0.001,0.001,200000,2000,124,0,14.142135623731,14.142135623731,collapsed-R,0,1,1,TRUE,FALSE,0.002,520.159360082098,872.307246857679,TRUE,1.266,1,TRUE,0,1,1,1,4.05516219552876e-18,2.02758109776438e-18,7,1,7,,,,,,,,,,,
1000,68,1000,1,0.001,0.001,200000,2000,249,0,14.142135623731,14.142135623731,collapsed-R,0,1,1,TRUE,FALSE,0.001,303.240586423281,508.534463431842,TRUE,1.32299999999999,1,TRUE,0,1,2,0.488786964140416,0.0113487153665935,0.00567435768329676,8,1,8,,,,,,,,,,,
2000,69,1000,1,0.001,0.001,200000,2000,497,0,14.142135623731,14.142135623731,collapsed-R,0,1,1,TRUE,FALSE,0.002,1702.18984037256,2854.57236230478,TRUE,3.541,1,TRUE,0,1,1,1,6.07378187673329e-17,3.03689093836664e-17,9,1,9,,,,,,,,,,,
500,70,1000,1,0.001,0.001,200000,2000,124,0,14.142135623731,14.142135623731,collapsed-R,0,1,1,TRUE,FALSE,0.002,860.255152278102,1442.64789037038,TRUE,0.527000000000001,1,TRUE,0,1,1,0.999979041022317,4.61342894730381e-06,2.3067144736519e-06,10,1,10,,,,,,,,,,,
1000,71,1000,1,0.001,0.001,200000,2000,249,0,14.142135623731,14.142135623731,collapsed-R,0,1,1,TRUE,FALSE,0.002,3294.58585312985,5525.02047569877,TRUE,1.664,1,TRUE,0,1,2,0.522694312252332,0,0,11,1,11,,,,,,,,,,,
2000,72,1000,1,0.001,0.001,200000,2000,497,0,14.142135623731,14.142135623731,collapsed-R,0,1,1,TRUE,FALSE,0.001,470.299766517681,788.692708450151,TRUE,3.506,1,TRUE,0,1,1,1,4.57834647119391e-31,2.28917323559695e-31,12,1,12,,,,,,,,,,,
500,73,1000,1,0.001,0.001,200000,2000,124,0,14.142135623731,14.142135623731,collapsed-R,0,1,1,TRUE,FALSE,0.002,1e+08,1e+08,TRUE,1.01,1,TRUE,0,1,6,0.180867612520707,0,0,13,1,13,,,,,,,,,,,
1000,74,1000,1,0.001,0.001,200000,2000,249,0,14.142135623731,14.142135623731,collapsed-R,0,1,1,TRUE,FALSE,0.001,1179.32234542707,1977.72357328119,TRUE,1.462,1,TRUE,0,1,1,1,6.02318494859751e-33,3.01159247429876e-33,14,1,14,,,,,,,,,,,
2000,75,1000,1,0.001,0.001,200000,2000,497,0,14.142135623731,14.142135623731,collapsed-R,0,1,1,TRUE,FALSE,0.001,781.573323333881,1310.69846323092,TRUE,4.68299999999999,1,TRUE,0,1,2,0.91319723325551,0,0,15,1,15,,,,,,,,,,,
500,76,1000,1,0.001,0.001,200000,2000,124,0,14.142135623731,14.142135623731,collapsed-R,0,1,1,TRUE,FALSE,0.001,417.027486196046,699.35509435077,TRUE,0.522999999999996,1,TRUE,0,1,1,0.999999998472353,0,0,16,1,16,,,,,,,,,,,
1000,77,1000,1,0.001,0.001,200000,2000,249,0,14.142135623731,14.142135623731,collapsed-R,0,1,1,TRUE,FALSE,0.001,777.952438500014,1304.62623936452,TRUE,1.90299999999999,1,TRUE,0,1,2,0.856365480989291,0,0,17,1,17,,,,,,,,,,,
2000,78,1000,1,0.001,0.001,200000,2000,497,0,14.142135623731,14.142135623731,collapsed-R,0,1,1,TRUE,FALSE,0.001,688.78988123603,1155.10063083282,TRUE,2.93899999999999,1,TRUE,0,1,3,0.27215850278826,0,0,18,1,18,,,,,,,,,,,
500,79,1000,1,0.001,0.001,200000,2000,124,0,14.142135623731,14.142135623731,collapsed-R,0,1,1,TRUE,FALSE,0.002,2491.20065142743,4177.7434924438,TRUE,1.091,1,TRUE,0,1,1,0.99999999911806,5.95770951034153e-10,2.97885475517077e-10,19,1,19,,,,,,,,,,,
1000,80,1000,1,0.001,0.001,200000,2000,249,0,14.142135623731,14.142135623731,collapsed-R,0,1,1,TRUE,FALSE,0.001,488.160250190981,818.644739570275,TRUE,1.599,1,TRUE,0,1,1,1,0,0,20,1,20,,,,,,,,,,,
500,61,2000,1,0.001,0.001,200000,2000,124,0,14.142135623731,14.142135623731,AIW-N,3,1,1,TRUE,FALSE,0.001,1012.90539670402,1442.37728490653,TRUE,1.412,1,TRUE,0,1,1,0.999999999792345,4.59987490185291e-11,2.29993745092645e-11,1,1,1,,,,,,,,,,,
1000,62,2000,1,0.001,0.001,200000,2000,249,0,14.142135623731,14.142135623731,AIW-N,5,1,1,TRUE,FALSE,0.001,950.40948362258,1353.38310467855,TRUE,3.401,1,TRUE,0,1,1,0.99999999964893,0,0,2,1,2,,,,,,,,,,,
2000,63,2000,1,0.001,0.001,200000,2000,497,0,14.142135623731,14.142135623731,AIW-N,5,1,1,TRUE,FALSE,0.001,632.260215714904,900.338547178023,TRUE,9.15499999999997,1,TRUE,0,1,1,0.999129863431389,8.66344429305174e-05,4.33172214652587e-05,3,1,3,,,,,,,,,,,
500,64,2000,1,0.001,0.001,200000,2000,124,0,14.142135623731,14.142135623731,AIW-N,4,1,1,TRUE,FALSE,0.001,545.471902494168,776.751989151695,TRUE,1.127,1,TRUE,0,1,2,0.69147950879962,0,0,4,1,4,,,,,,,,,,,
1000,65,2000,1,0.001,0.001,200000,2000,249,0,14.142135623731,14.142135623731,AIW-N,5,1,1,TRUE,FALSE,0.001,2159.58098037585,3075.24331605521,TRUE,3.23399999999999,1,TRUE,0,1,6,0.156356447205559,0.00463848469041409,0.00231924234520704,5,1,5,,,,,,,,,,,
2000,66,2000,1,0.001,0.001,200000,2000,497,0,14.142135623731,14.142135623731,AIW-N,3,1,1,TRUE,FALSE,0.001,1126.6527089895,1604.35345760105,TRUE,8.34100000000001,1,TRUE,0,1,2,0.885310122421975,0.00520198591326924,0.00260099295663462,6,1,6,,,,,,,,,,,
500,67,2000,1,0.001,0.001,200000,2000,124,0,14.142135623731,14.142135623731,AIW-N,5,1,1,TRUE,FALSE,0.002,11505.535562617,16383.8826411667,TRUE,1.297,1,TRUE,0,1,1,1,1.21448337700823e-24,6.07241688504115e-25,7,1,7,,,,,,,,,,,
1000,68,2000,1,0.001,0.001,200000,2000,249,0,14.142135623731,14.142135623731,AIW-N,4,1,1,TRUE,FALSE,0.001,1769.1549164389,2519.27660100899,TRUE,3.78400000000001,1,TRUE,0,1,2,0.495326608009932,0.00527726762638418,0.00263863381319209,8,1,8,,,,,,,,,,,
2000,69,2000,1,0.001,0.001,200000,2000,497,0,14.142135623731,14.142135623731,AIW-N,3,1,1,TRUE,FALSE,0.001,1198.04491701254,1706.01596182586,TRUE,7.20800000000003,1,TRUE,0,1,1,0.999999999999566,0,0,9,1,9,,,,,,,,,,,
500,70,2000,1,0.001,0.001,200000,2000,124,0,14.142135623731,14.142135623731,AIW-N,4,1,1,TRUE,FALSE,0.001,1121.62720017022,1597.19713304239,TRUE,1.182,1,TRUE,0,1,1,0.99999999770168,0,0,10,1,10,,,,,,,,,,,
1000,71,2000,1,0.001,0.001,200000,2000,249,0,14.142135623731,14.142135623731,AIW-N,5,1,1,TRUE,FALSE,0.001,1060.20345208536,1509.72971576955,TRUE,3.574,1,TRUE,0,1,4,0.0786512532171345,0.0123475476743387,0.00617377383716937,11,1,11,,,,,,,,,,,
2000,72,2000,1,0.001,0.001,200000,2000,497,0,14.142135623731,14.142135623731,AIW-N,3,1,1,TRUE,FALSE,0.001,918.933177340479,1308.56084453284,TRUE,8.512,1,TRUE,0,1,1,1,0,0,12,1,12,,,,,,,,,,,
500,73,2000,1,0.001,0.001,200000,2000,124,0,14.142135623731,14.142135623731,AIW-N,4,1,1,TRUE,FALSE,0.001,1558.97665419728,2219.98275557693,TRUE,1.088,1,TRUE,0,1,6,0.288619021540543,0,0,13,1,13,,,,,,,,,,,
1000,74,2000,1,0.001,0.001,200000,2000,249,0,14.142135623731,14.142135623731,AIW-N,2,1,1,TRUE,FALSE,0.001,1357.78422653395,1933.48473858434,TRUE,3.40899999999999,1,TRUE,0,1,1,1,6.14536711569784e-26,3.07268355784892e-26,14,1,14,,,,,,,,,,,
2000,75,2000,1,0.001,0.001,200000,2000,497,0,14.142135623731,14.142135623731,AIW-N,5,1,1,TRUE,FALSE,0.001,4132.67383252855,5884.92753752065,TRUE,7.40499999999997,1,TRUE,0,1,1,0.987317096189553,0,0,15,1,15,,,,,,,,,,,
500,76,2000,1,0.001,0.001,200000,2000,124,0,14.142135623731,14.142135623731,AIW-N,5,1,1,TRUE,FALSE,0.001,436.878401050971,622.114843096582,TRUE,1.122,1,TRUE,0,1,1,1,0,0,16,1,16,,,,,,,,,,,
1000,77,2000,1,0.001,0.001,200000,2000,249,0,14.142135623731,14.142135623731,AIW-N,5,1,1,TRUE,FALSE,0.001,1365.5957846445,1944.60839733377,TRUE,4.021,1,TRUE,0,1,2,0.781685169967955,0.0174149243695376,0.0087074621847688,17,1,17,,,,,,,,,,,
2000,78,2000,1,0.001,0.001,200000,2000,497,0,14.142135623731,14.142135623731,AIW-N,5,1,1,TRUE,FALSE,0.001,1880.04819916045,2677.18863560449,TRUE,6.625,1,TRUE,0,1,4,0.544721339132131,0,0,18,1,18,,,,,,,,,,,
500,79,2000,1,0.001,0.001,200000,2000,124,0,14.142135623731,14.142135623731,AIW-N,5,1,1,TRUE,FALSE,0.001,641.951346955797,914.138718065055,TRUE,1.737,1,TRUE,0,1,1,0.999999999999995,3.10164497327025e-15,1.55082248663512e-15,19,1,19,,,,,,,,,,,
1000,80,2000,1,0.001,0.001,200000,2000,249,0,14.142135623731,14.142135623731,AIW-N,4,1,1,TRUE,FALSE,0.001,1805.94247896347,2571.66209004398,TRUE,2.821,1,TRUE,0,1,1,0.999999999994854,0,0,20,1,20,,,,,,,,,,,
500,61,2000,1,0.001,0.001,200000,2000,124,0,14.142135623731,14.142135623731,SuSiE-RSS: finite R0 + EB mismatch,5,1,1,FALSE,FALSE,,,,TRUE,0.0869999999999997,1,TRUE,0,1,1,0.999999999819297,6.00112617422333e-12,3.00056308711167e-12,1,1,1,0.16.6,2000,eb,mle,0.000119077869089904,1615.30568274082,0.00534195422316616,FALSE,FALSE,alpha_pip_fixed_point,8
1000,62,2000,1,0.001,0.001,200000,2000,249,0,14.142135623731,14.142135623731,SuSiE-RSS: finite R0 + EB mismatch,2,1,1,FALSE,FALSE,,,,TRUE,0.163,1,TRUE,0,1,1,0.99999999928158,7.3545033717281e-10,3.67725168586405e-10,2,1,2,0.16.6,2000,eb,mle,0,2000,0.00670961623743341,FALSE,FALSE,alpha_pip_fixed_point,2
2000,63,2000,1,0.001,0.001,200000,2000,497,0,14.142135623731,14.142135623731,SuSiE-RSS: finite R0 + EB mismatch,2,1,1,FALSE,FALSE,,,,TRUE,1.186,1,TRUE,0,1,1,0.99871999358608,0.00073355615060968,0.00036677807530484,3,1,3,0.16.6,2000,eb,mle,0,2000,0.00602424530934744,FALSE,FALSE,alpha_pip_fixed_point,6
500,64,2000,1,0.001,0.001,200000,2000,124,0,14.142135623731,14.142135623731,SuSiE-RSS: finite R0 + EB mismatch,1,1,1,FALSE,FALSE,,,,TRUE,0.0430000000000002,1,TRUE,0,1,2,0.691478629770334,1.75834043798388e-06,8.79170218991941e-07,4,1,4,0.16.6,2000,eb,mle,0,2000,0.00601700793486489,FALSE,FALSE,alpha_pip_fixed_point,2
1000,65,2000,1,0.001,0.001,200000,2000,249,0,14.142135623731,14.142135623731,SuSiE-RSS: finite R0 + EB mismatch,5,1,1,FALSE,FALSE,,,,TRUE,0.372,1,TRUE,0,1,6,0.15882603184812,0.0045542091746697,0.00227710458733485,5,1,5,0.16.6,2000,eb,mle,0,2000,0.00454964055098636,FALSE,FALSE,alpha_pip_fixed_point,9
2000,66,2000,1,0.001,0.001,200000,2000,497,0,14.142135623731,14.142135623731,SuSiE-RSS: finite R0 + EB mismatch,2,1,1,FALSE,FALSE,,,,TRUE,1.11,1,TRUE,0,1,2,0.888590893367205,0.00130736691738619,0.000653683458693097,6,1,6,0.16.6,2000,eb,mle,0,2000,0.00537090747505722,FALSE,FALSE,alpha_pip_fixed_point,3
500,67,2000,1,0.001,0.001,200000,2000,124,0,14.142135623731,14.142135623731,SuSiE-RSS: finite R0 + EB mismatch,1,1,1,FALSE,FALSE,,,,TRUE,0.0569999999999995,1,TRUE,0,1,1,1,1.21295349562118e-24,6.0647674781059e-25,7,1,7,0.16.6,2000,eb,mle,0,2000,0.00476695566908744,FALSE,FALSE,alpha_pip_fixed_point,2
1000,68,2000,1,0.001,0.001,200000,2000,249,0,14.142135623731,14.142135623731,SuSiE-RSS: finite R0 + EB mismatch,5,1,1,FALSE,FALSE,,,,TRUE,0.343999999999999,1,TRUE,0,1,2,0.496917221312162,0.00529214699007605,0.00264607349503803,8,1,8,0.16.6,2000,eb,mle,0.000480703662129853,1019.67601286228,0.00491233299934248,FALSE,FALSE,alpha_pip_fixed_point,11
2000,69,2000,1,0.001,0.001,200000,2000,497,0,14.142135623731,14.142135623731,SuSiE-RSS: finite R0 + EB mismatch,1,1,1,FALSE,FALSE,,,,TRUE,0.825000000000003,1,TRUE,0,1,1,0.999999999999565,2.84199626467602e-16,1.42099813233801e-16,9,1,9,0.16.6,2000,eb,mle,0,2000,0.0051298648331637,FALSE,FALSE,alpha_pip_fixed_point,2
500,70,2000,1,0.001,0.001,200000,2000,124,0,14.142135623731,14.142135623731,SuSiE-RSS: finite R0 + EB mismatch,1,1,1,FALSE,FALSE,,,,TRUE,0.0510000000000002,1,TRUE,0,1,1,0.999999997701443,4.7436482047895e-13,2.37182410239475e-13,10,1,10,0.16.6,2000,eb,mle,0,2000,0.00673484515960196,FALSE,FALSE,alpha_pip_fixed_point,2
1000,71,2000,1,0.001,0.001,200000,2000,249,0,14.142135623731,14.142135623731,SuSiE-RSS: finite R0 + EB mismatch,5,1,1,FALSE,FALSE,,,,TRUE,0.336,1,TRUE,0,1,4,0.0792565242133262,0.0301360460442009,0.0150680230221004,11,1,11,0.16.6,2000,eb,mle,0,2000,0.00534733252397144,FALSE,FALSE,alpha_pip_fixed_point,9
2000,72,2000,1,0.001,0.001,200000,2000,497,0,14.142135623731,14.142135623731,SuSiE-RSS: finite R0 + EB mismatch,1,1,1,FALSE,FALSE,,,,TRUE,0.991999999999997,1,TRUE,0,1,1,1,1.07503800206748e-40,5.37519001033742e-41,12,1,12,0.16.6,2000,eb,mle,0,2000,0.00524146258792117,FALSE,FALSE,alpha_pip_fixed_point,2
500,73,2000,1,0.001,0.001,200000,2000,124,0,14.142135623731,14.142135623731,SuSiE-RSS: finite R0 + EB mismatch,1,1,1,FALSE,FALSE,,,,TRUE,0.0500000000000007,1,TRUE,0,1,6,0.288618381045197,1.72753040818263e-06,8.63765204091316e-07,13,1,13,0.16.6,2000,eb,mle,0,2000,0.00760327694750051,FALSE,FALSE,alpha_pip_fixed_point,2
1000,74,2000,1,0.001,0.001,200000,2000,249,0,14.142135623731,14.142135623731,SuSiE-RSS: finite R0 + EB mismatch,2,1,1,FALSE,FALSE,,,,TRUE,0.202,1,TRUE,0,1,1,1,1.31670620947081e-25,6.58353104735404e-26,14,1,14,0.16.6,2000,eb,mle,0,2000,0.00655421413068876,FALSE,FALSE,alpha_pip_fixed_point,4
2000,75,2000,1,0.001,0.001,200000,2000,497,0,14.142135623731,14.142135623731,SuSiE-RSS: finite R0 + EB mismatch,1,1,1,FALSE,FALSE,,,,TRUE,0.849000000000004,1,TRUE,0,1,1,0.987316822167815,5.48070486038402e-07,2.74035243019201e-07,15,1,15,0.16.6,2000,eb,mle,0,2000,0.00610005438657694,FALSE,FALSE,alpha_pip_fixed_point,2
500,76,2000,1,0.001,0.001,200000,2000,124,0,14.142135623731,14.142135623731,SuSiE-RSS: finite R0 + EB mismatch,1,1,1,FALSE,FALSE,,,,TRUE,0.0429999999999993,1,TRUE,0,1,1,1,2.15997810747627e-19,1.07998905373814e-19,16,1,16,0.16.6,2000,eb,mle,0,2000,0.0093527782550086,FALSE,FALSE,alpha_pip_fixed_point,2
1000,77,2000,1,0.001,0.001,200000,2000,249,0,14.142135623731,14.142135623731,SuSiE-RSS: finite R0 + EB mismatch,5,1,1,FALSE,FALSE,,,,TRUE,0.198,1,TRUE,0,1,2,0.782696587891758,0.0170996893003472,0.00854984465017361,17,1,17,0.16.6,2000,eb,mle,0.00105605159853151,642.652210854529,0.00439522608009791,FALSE,FALSE,alpha_pip_fixed_point,2
2000,78,2000,1,0.001,0.001,200000,2000,497,0,14.142135623731,14.142135623731,SuSiE-RSS: finite R0 + EB mismatch,5,1,1,FALSE,FALSE,,,,TRUE,0.845999999999997,1,TRUE,0,1,4,0.545598255808374,8.61333354228687e-05,4.30666677114344e-05,18,1,18,0.16.6,2000,eb,mle,0.000299642897463639,1250.55822189113,0.00455608315559106,FALSE,FALSE,alpha_pip_fixed_point,2
500,79,2000,1,0.001,0.001,200000,2000,124,0,14.142135623731,14.142135623731,SuSiE-RSS: finite R0 + EB mismatch,5,1,1,FALSE,FALSE,,,,TRUE,0.0429999999999993,1,TRUE,0,1,1,0.999999999999995,3.06371482086223e-15,1.53185741043111e-15,19,1,19,0.16.6,2000,eb,mle,0.00279791397925633,303.221977980607,0.00339455187754985,FALSE,FALSE,alpha_pip_fixed_point,2
1000,80,2000,1,0.001,0.001,200000,2000,249,0,14.142135623731,14.142135623731,SuSiE-RSS: finite R0 + EB mismatch,1,1,1,FALSE,FALSE,,,,TRUE,0.131,1,TRUE,0,1,1,0.999999999994853,1.33872937766602e-15,6.6936468883301e-16,20,1,20,0.16.6,2000,eb,mle,0,2000,0.00468272066501643,FALSE,FALSE,alpha_pip_fixed_point,2
500,61,2000,1,0.001,0.001,200000,2000,124,0,14.142135623731,14.142135623731,SuSiE-RSS: in-sample R,5,1,1,FALSE,FALSE,,,,TRUE,0.0120000000000005,1,TRUE,0,1,1,0.999999999816294,0,0,1,1,1,,,,,,,,,,,
1000,62,2000,1,0.001,0.001,200000,2000,249,0,14.142135623731,14.142135623731,SuSiE-RSS: in-sample R,1,1,1,FALSE,FALSE,,,,TRUE,0.0379999999999967,1,TRUE,0,1,1,0.99999999964893,0,0,2,1,2,,,,,,,,,,,
2000,63,2000,1,0.001,0.001,200000,2000,497,0,14.142135623731,14.142135623731,SuSiE-RSS: in-sample R,2,1,1,FALSE,FALSE,,,,TRUE,0.103999999999985,1,TRUE,0,1,1,0.999086726003064,0,0,3,1,3,,,,,,,,,,,
500,64,2000,1,0.001,0.001,200000,2000,124,0,14.142135623731,14.142135623731,SuSiE-RSS: in-sample R,1,1,1,FALSE,FALSE,,,,TRUE,0.0159999999999982,1,TRUE,0,1,2,0.69147950879962,0,0,4,1,4,,,,,,,,,,,
1000,65,2000,1,0.001,0.001,200000,2000,249,0,14.142135623731,14.142135623731,SuSiE-RSS: in-sample R,5,1,1,FALSE,FALSE,,,,TRUE,0.0450000000000017,1,TRUE,0,1,6,0.159672878201304,0,0,5,1,5,,,,,,,,,,,
2000,66,2000,1,0.001,0.001,200000,2000,497,0,14.142135623731,14.142135623731,SuSiE-RSS: in-sample R,2,1,1,FALSE,FALSE,,,,TRUE,0.133999999999958,1,TRUE,0,1,2,0.887941305688685,0,0,6,1,6,,,,,,,,,,,
500,67,2000,1,0.001,0.001,200000,2000,124,0,14.142135623731,14.142135623731,SuSiE-RSS: in-sample R,5,1,1,FALSE,FALSE,,,,TRUE,0.0129999999999981,1,TRUE,0,1,1,1,0,0,7,1,7,,,,,,,,,,,
1000,68,2000,1,0.001,0.001,200000,2000,249,0,14.142135623731,14.142135623731,SuSiE-RSS: in-sample R,5,1,1,FALSE,FALSE,,,,TRUE,0.0870000000000033,1,TRUE,0,1,2,0.493949966808513,0,0,8,1,8,,,,,,,,,,,
2000,69,2000,1,0.001,0.001,200000,2000,497,0,14.142135623731,14.142135623731,SuSiE-RSS: in-sample R,1,1,1,FALSE,FALSE,,,,TRUE,0.0970000000000368,1,TRUE,0,1,1,0.999999999999566,0,0,9,1,9,,,,,,,,,,,
500,70,2000,1,0.001,0.001,200000,2000,124,0,14.142135623731,14.142135623731,SuSiE-RSS: in-sample R,1,1,1,FALSE,FALSE,,,,TRUE,0.0169999999999959,1,TRUE,0,1,1,0.99999999770168,0,0,10,1,10,,,,,,,,,,,
1000,71,2000,1,0.001,0.001,200000,2000,249,0,14.142135623731,14.142135623731,SuSiE-RSS: in-sample R,5,1,1,FALSE,FALSE,,,,TRUE,0.0519999999999925,1,TRUE,0,1,4,0.0838814141029406,0,0,11,1,11,,,,,,,,,,,
2000,72,2000,1,0.001,0.001,200000,2000,497,0,14.142135623731,14.142135623731,SuSiE-RSS: in-sample R,1,1,1,FALSE,FALSE,,,,TRUE,0.117999999999995,1,TRUE,0,1,1,1,0,0,12,1,12,,,,,,,,,,,
500,73,2000,1,0.001,0.001,200000,2000,124,0,14.142135623731,14.142135623731,SuSiE-RSS: in-sample R,1,1,1,FALSE,FALSE,,,,TRUE,0.0150000000000006,1,TRUE,0,1,6,0.288619021540543,0,0,13,1,13,,,,,,,,,,,
1000,74,2000,1,0.001,0.001,200000,2000,249,0,14.142135623731,14.142135623731,SuSiE-RSS: in-sample R,2,1,1,FALSE,FALSE,,,,TRUE,0.0390000000000015,1,TRUE,0,1,1,1,0,0,14,1,14,,,,,,,,,,,
2000,75,2000,1,0.001,0.001,200000,2000,497,0,14.142135623731,14.142135623731,SuSiE-RSS: in-sample R,1,1,1,FALSE,FALSE,,,,TRUE,0.0919999999999845,1,TRUE,0,1,1,0.987317096189553,0,0,15,1,15,,,,,,,,,,,
500,76,2000,1,0.001,0.001,200000,2000,124,0,14.142135623731,14.142135623731,SuSiE-RSS: in-sample R,1,1,1,FALSE,FALSE,,,,TRUE,0.0150000000000006,1,TRUE,0,1,1,1,0,0,16,1,16,,,,,,,,,,,
1000,77,2000,1,0.001,0.001,200000,2000,249,0,14.142135623731,14.142135623731,SuSiE-RSS: in-sample R,5,1,1,FALSE,FALSE,,,,TRUE,0.0660000000000025,1,TRUE,0,1,2,0.790961479022952,0,0,17,1,17,,,,,,,,,,,
2000,78,2000,1,0.001,0.001,200000,2000,497,0,14.142135623731,14.142135623731,SuSiE-RSS: in-sample R,1,1,1,FALSE,FALSE,,,,TRUE,0.0799999999999841,1,TRUE,0,1,4,0.544721339132131,0,0,18,1,18,,,,,,,,,,,
500,79,2000,1,0.001,0.001,200000,2000,124,0,14.142135623731,14.142135623731,SuSiE-RSS: in-sample R,5,1,1,FALSE,FALSE,,,,TRUE,0.0139999999999958,1,TRUE,0,1,1,0.999999999999994,0,0,19,1,19,,,,,,,,,,,
1000,80,2000,1,0.001,0.001,200000,2000,249,0,14.142135623731,14.142135623731,SuSiE-RSS: in-sample R,1,1,1,FALSE,FALSE,,,,TRUE,0.0310000000000059,1,TRUE,0,1,1,0.999999999994854,0,0,20,1,20,,,,,,,,,,,
500,61,2000,1,0.001,0.001,200000,2000,124,0,14.142135623731,14.142135623731,SuSiE-RSS: reference R0,5,1,1,FALSE,FALSE,,,,TRUE,0.0210000000000008,1,TRUE,0,1,1,0.99999999984189,5.17877763719782e-11,2.58938881859891e-11,1,1,1,,,,,,,,,,,
1000,62,2000,1,0.001,0.001,200000,2000,249,0,14.142135623731,14.142135623731,SuSiE-RSS: reference R0,2,1,1,FALSE,FALSE,,,,TRUE,0.0450000000000017,1,TRUE,0,1,1,0.999999998452011,2.39476355039982e-09,1.19738177519991e-09,2,1,2,,,,,,,,,,,
2000,63,2000,1,0.001,0.001,200000,2000,497,0,14.142135623731,14.142135623731,SuSiE-RSS: reference R0,4,1,1,FALSE,FALSE,,,,TRUE,0.160000000000025,1,TRUE,0,1,1,0.998649940615511,0.00087632942977068,0.00043816471488534,3,1,3,,,,,,,,,,,
500,64,2000,1,0.001,0.001,200000,2000,124,0,14.142135623731,14.142135623731,SuSiE-RSS: reference R0,1,1,1,FALSE,FALSE,,,,TRUE,0.0139999999999958,1,TRUE,0,1,2,0.69147950879962,0,0,4,1,4,,,,,,,,,,,
1000,65,2000,1,0.001,0.001,200000,2000,249,0,14.142135623731,14.142135623731,SuSiE-RSS: reference R0,5,1,1,FALSE,FALSE,,,,TRUE,0.0489999999999924,1,TRUE,0,1,6,0.1583399706727,0.00445712996809909,0.00222856498404955,5,1,5,,,,,,,,,,,
2000,66,2000,1,0.001,0.001,200000,2000,497,0,14.142135623731,14.142135623731,SuSiE-RSS: reference R0,5,1,1,FALSE,FALSE,,,,TRUE,0.158999999999992,1,TRUE,0,1,2,0.891928473637658,0.00775972946319572,0.00387986473159786,6,1,6,,,,,,,,,,,
500,67,2000,1,0.001,0.001,200000,2000,124,0,14.142135623731,14.142135623731,SuSiE-RSS: reference R0,1,1,1,FALSE,FALSE,,,,TRUE,0.0109999999999957,1,TRUE,0,1,1,1,1.21448337700823e-24,6.07241688504115e-25,7,1,7,,,,,,,,,,,
1000,68,2000,1,0.001,0.001,200000,2000,249,0,14.142135623731,14.142135623731,SuSiE-RSS: reference R0,5,1,1,FALSE,FALSE,,,,TRUE,0.0450000000000017,1,TRUE,0,1,2,0.496529984639843,0.00530758497231039,0.0026537924861552,8,1,8,,,,,,,,,,,
2000,69,2000,1,0.001,0.001,200000,2000,497,0,14.142135623731,14.142135623731,SuSiE-RSS: reference R0,2,1,1,FALSE,FALSE,,,,TRUE,0.0840000000000032,1,TRUE,0,1,1,0.999999999999611,9.12037326380854e-14,4.56018663190427e-14,9,1,9,,,,,,,,,,,
500,70,2000,1,0.001,0.001,200000,2000,124,0,14.142135623731,14.142135623731,SuSiE-RSS: reference R0,1,1,1,FALSE,FALSE,,,,TRUE,0.0139999999999958,1,TRUE,0,1,1,0.99999999770168,0,0,10,1,10,,,,,,,,,,,
1000,71,2000,1,0.001,0.001,200000,2000,249,0,14.142135623731,14.142135623731,SuSiE-RSS: reference R0,5,1,1,FALSE,FALSE,,,,TRUE,0.056999999999988,1,TRUE,0,1,4,0.0778687650025216,0.0365388972386792,0.0182694486193396,11,1,11,,,,,,,,,,,
2000,72,2000,1,0.001,0.001,200000,2000,497,0,14.142135623731,14.142135623731,SuSiE-RSS: reference R0,5,1,1,FALSE,FALSE,,,,TRUE,0.168000000000006,1,TRUE,0,1,1,1,5.16437413675537e-38,2.58218706837768e-38,12,1,12,,,,,,,,,,,
500,73,2000,1,0.001,0.001,200000,2000,124,0,14.142135623731,14.142135623731,SuSiE-RSS: reference R0,1,1,1,FALSE,FALSE,,,,TRUE,0.0149999999999935,1,TRUE,0,1,6,0.288619021540543,0,0,13,1,13,,,,,,,,,,,
1000,74,2000,1,0.001,0.001,200000,2000,249,0,14.142135623731,14.142135623731,SuSiE-RSS: reference R0,2,1,1,FALSE,FALSE,,,,TRUE,0.0459999999999923,1,TRUE,0,1,1,1,2.13405620781698e-25,1.06702810390849e-25,14,1,14,,,,,,,,,,,
2000,75,2000,1,0.001,0.001,200000,2000,497,0,14.142135623731,14.142135623731,SuSiE-RSS: reference R0,1,1,1,FALSE,FALSE,,,,TRUE,0.107000000000028,1,TRUE,0,1,1,0.987317096189553,0,0,15,1,15,,,,,,,,,,,
500,76,2000,1,0.001,0.001,200000,2000,124,0,14.142135623731,14.142135623731,SuSiE-RSS: reference R0,1,1,1,FALSE,FALSE,,,,TRUE,0.0150000000000006,1,TRUE,0,1,1,1,0,0,16,1,16,,,,,,,,,,,
1000,77,2000,1,0.001,0.001,200000,2000,249,0,14.142135623731,14.142135623731,SuSiE-RSS: reference R0,5,1,1,FALSE,FALSE,,,,TRUE,0.0450000000000017,1,TRUE,0,1,2,0.786060180502463,0.00963332738160222,0.00481666369080111,17,1,17,,,,,,,,,,,
2000,78,2000,1,0.001,0.001,200000,2000,497,0,14.142135623731,14.142135623731,SuSiE-RSS: reference R0,5,1,1,FALSE,FALSE,,,,TRUE,0.113999999999976,1,TRUE,0,1,4,0.54497089035873,0.00410227459046285,0.00205113729523142,18,1,18,,,,,,,,,,,
500,79,2000,1,0.001,0.001,200000,2000,124,0,14.142135623731,14.142135623731,SuSiE-RSS: reference R0,5,1,1,FALSE,FALSE,,,,TRUE,0.0290000000000035,1,TRUE,0,1,1,0.99999999999999,7.65539577041312e-15,3.82769788520656e-15,19,1,19,,,,,,,,,,,
1000,80,2000,1,0.001,0.001,200000,2000,249,0,14.142135623731,14.142135623731,SuSiE-RSS: reference R0,5,1,1,FALSE,FALSE,,,,TRUE,0.019999999999996,1,TRUE,0,1,1,0.999999999994876,4.60521651250585e-15,2.30260825625293e-15,20,1,20,,,,,,,,,,,
500,61,2000,1,0.001,0.001,200000,2000,124,0,14.142135623731,14.142135623731,collapsed-R,0,1,1,TRUE,FALSE,0.001,964.263657454432,1617.07015355108,TRUE,0.524000000000001,1,TRUE,0,1,1,0.999999999792345,4.59987490185291e-11,2.29993745092645e-11,1,1,1,,,,,,,,,,,
1000,62,2000,1,0.001,0.001,200000,2000,249,0,14.142135623731,14.142135623731,collapsed-R,0,1,1,TRUE,FALSE,0.001,895.376553182859,1501.54647968766,TRUE,1.78,1,TRUE,0,1,1,0.99999999964893,0,0,2,1,2,,,,,,,,,,,
2000,63,2000,1,0.001,0.001,200000,2000,497,0,14.142135623731,14.142135623731,collapsed-R,0,1,1,TRUE,FALSE,0.001,509.0820277669,853.730560565091,TRUE,3.78699999999998,1,TRUE,0,1,1,0.999129863431389,8.66344429305174e-05,4.33172214652587e-05,3,1,3,,,,,,,,,,,
500,64,2000,1,0.001,0.001,200000,2000,124,0,14.142135623731,14.142135623731,collapsed-R,0,1,1,TRUE,FALSE,0.001,567.267215453826,951.307120316066,TRUE,0.930999999999997,1,TRUE,0,1,2,0.69147950879962,0,0,4,1,4,,,,,,,,,,,
1000,65,2000,1,0.001,0.001,200000,2000,249,0,14.142135623731,14.142135623731,collapsed-R,0,1,1,TRUE,FALSE,0.001,1641.99623515352,2753.62768635246,TRUE,1.66900000000001,1,TRUE,0,1,6,0.156356447205559,0.00463848469041409,0.00231924234520704,5,1,5,,,,,,,,,,,
2000,66,2000,1,0.001,0.001,200000,2000,497,0,14.142135623731,14.142135623731,collapsed-R,0,1,1,TRUE,FALSE,0.001,1001.06004804312,1678.77770056832,TRUE,3.75400000000002,1,TRUE,0,1,2,0.885310122421975,0.00520198591326924,0.00260099295663462,6,1,6,,,,,,,,,,,
500,67,2000,1,0.001,0.001,200000,2000,124,0,14.142135623731,14.142135623731,collapsed-R,0,1,1,TRUE,FALSE,0.002,93971.677744587,157590.503577672,TRUE,0.944000000000003,1,TRUE,0,1,1,1,1.21448337700823e-24,6.07241688504115e-25,7,1,7,,,,,,,,,,,
1000,68,2000,1,0.001,0.001,200000,2000,249,0,14.142135623731,14.142135623731,collapsed-R,0,1,1,TRUE,FALSE,0.001,1297.9047812911,2176.58631822517,TRUE,1.33399999999999,1,TRUE,0,1,2,0.495326608009932,0.00527726762638418,0.00263863381319209,8,1,8,,,,,,,,,,,
2000,69,2000,1,0.001,0.001,200000,2000,497,0,14.142135623731,14.142135623731,collapsed-R,0,1,1,TRUE,FALSE,0.001,1148.41796717491,1925.89693095232,TRUE,4.08299999999997,1,TRUE,0,1,1,0.999999999999566,0,0,9,1,9,,,,,,,,,,,
500,70,2000,1,0.001,0.001,200000,2000,124,0,14.142135623731,14.142135623731,collapsed-R,0,1,1,TRUE,FALSE,0.001,1198.08490505884,2009.18838578368,TRUE,0.889999999999994,1,TRUE,0,1,1,0.99999999770168,0,0,10,1,10,,,,,,,,,,,
1000,71,2000,1,0.001,0.001,200000,2000,249,0,14.142135623731,14.142135623731,collapsed-R,0,1,1,TRUE,FALSE,0.001,882.458345095993,1479.88264472598,TRUE,1.744,1,TRUE,0,1,4,0.0786512532171345,0.0123475476743387,0.00617377383716937,11,1,11,,,,,,,,,,,
2000,72,2000,1,0.001,0.001,200000,2000,497,0,14.142135623731,14.142135623731,collapsed-R,0,1,1,TRUE,FALSE,0.001,872.556481328586,1463.27721918804,TRUE,4.09900000000002,1,TRUE,0,1,1,1,0,0,12,1,12,,,,,,,,,,,
500,73,2000,1,0.001,0.001,200000,2000,124,0,14.142135623731,14.142135623731,collapsed-R,0,1,1,TRUE,FALSE,0.001,1707.93757713938,2864.21131686274,TRUE,0.830999999999996,1,TRUE,0,1,6,0.288619021540543,0,0,13,1,13,,,,,,,,,,,
1000,74,2000,1,0.001,0.001,200000,2000,249,0,14.142135623731,14.142135623731,collapsed-R,0,1,1,TRUE,FALSE,0.001,1218.58792890145,2043.57195676774,TRUE,1.80800000000001,1,TRUE,0,1,1,1,6.14536711569784e-26,3.07268355784892e-26,14,1,14,,,,,,,,,,,
2000,75,2000,1,0.001,0.001,200000,2000,497,0,14.142135623731,14.142135623731,collapsed-R,0,1,1,TRUE,FALSE,0.001,4901.64064550592,8220.05136251343,TRUE,4.20999999999998,1,TRUE,0,1,1,0.987317096189553,0,0,15,1,15,,,,,,,,,,,
500,76,2000,1,0.001,0.001,200000,2000,124,0,14.142135623731,14.142135623731,collapsed-R,0,1,1,TRUE,FALSE,0.001,441.332838131377,740.115169546319,TRUE,0.978999999999999,1,TRUE,0,1,1,1,0,0,16,1,16,,,,,,,,,,,
1000,77,2000,1,0.001,0.001,200000,2000,249,0,14.142135623731,14.142135623731,collapsed-R,0,1,1,TRUE,FALSE,0.001,1042.66580044343,1748.55054734362,TRUE,1.88,1,TRUE,0,1,2,0.781685169967955,0.0174149243695376,0.0087074621847688,17,1,17,,,,,,,,,,,
2000,78,2000,1,0.001,0.001,200000,2000,497,0,14.142135623731,14.142135623731,collapsed-R,0,1,1,TRUE,FALSE,0.001,1583.95587611521,2656.2940042452,TRUE,2.93000000000001,1,TRUE,0,1,4,0.544721339132131,0,0,18,1,18,,,,,,,,,,,
500,79,2000,1,0.001,0.001,200000,2000,124,0,14.142135623731,14.142135623731,collapsed-R,0,1,1,TRUE,FALSE,0.001,512.568566960868,859.577486793376,TRUE,1.198,1,TRUE,0,1,1,0.999999999999995,3.10164497327025e-15,1.55082248663512e-15,19,1,19,,,,,,,,,,,
1000,80,2000,1,0.001,0.001,200000,2000,249,0,14.142135623731,14.142135623731,collapsed-R,0,1,1,TRUE,FALSE,0.001,1549.67158181787,2598.79924270857,TRUE,1.047,1,TRUE,0,1,1,0.999999999994854,0,0,20,1,20,,,,,,,,,,,
500,61,5000,1,0.001,0.001,200000,2000,124,0,14.142135623731,14.142135623731,AIW-N,3,1,1,TRUE,FALSE,0.001,Inf,Inf,TRUE,1.14,1,TRUE,0,1,1,0.999999999999955,5.99645905444267e-14,2.99822952722134e-14,1,1,1,,,,,,,,,,,
1000,62,5000,1,0.001,0.001,200000,2000,249,0,14.142135623731,14.142135623731,AIW-N,2,1,1,TRUE,FALSE,0.001,10648.0008958232,15162.7532756522,TRUE,3.292,1,TRUE,0,1,1,0.999694057080421,0,0,2,1,2,,,,,,,,,,,
2000,63,5000,1,0.001,0.001,200000,2000,497,0,14.142135623731,14.142135623731,AIW-N,5,1,1,TRUE,FALSE,0.001,2179.76825190993,3103.98999071974,TRUE,7.90600000000001,1,TRUE,0,1,1,0.999943014052612,3.78112333294228e-07,1.89056166647114e-07,3,1,3,,,,,,,,,,,
500,64,5000,1,0.001,0.001,200000,2000,124,0,14.142135623731,14.142135623731,AIW-N,3,1,1,TRUE,FALSE,0.001,2598.28695518965,3699.96062419006,TRUE,1.041,1,TRUE,0,1,2,0.214980527388075,0,0,4,1,4,,,,,,,,,,,
1000,65,5000,1,0.001,0.001,200000,2000,249,0,14.142135623731,14.142135623731,AIW-N,5,1,1,TRUE,FALSE,0.001,2900.1799270908,4129.8562161773,TRUE,3.363,1,TRUE,0,1,6,0.167304461920121,0.00381693659044227,0.00190846829522114,5,1,5,,,,,,,,,,,
2000,66,5000,1,0.001,0.001,200000,2000,497,0,14.142135623731,14.142135623731,AIW-N,5,1,1,TRUE,FALSE,0.001,2957.33204265942,4211.24082874701,TRUE,7.14100000000002,1,TRUE,0,1,1,0.962556046886354,0.00162039586114593,0.000810197930572966,6,1,6,,,,,,,,,,,
500,67,5000,1,0.001,0.001,200000,2000,124,0,14.142135623731,14.142135623731,AIW-N,2,1,1,TRUE,FALSE,0.001,2498.23613176131,3557.48825162811,TRUE,1.438,1,TRUE,0,1,1,1,2.47638868432952e-22,1.23819434216476e-22,7,1,7,,,,,,,,,,,
1000,68,5000,1,0.001,0.001,200000,2000,249,0,14.142135623731,14.142135623731,AIW-N,2,1,1,TRUE,FALSE,0.001,2097.35919608509,2986.63949522517,TRUE,2.98099999999999,1,TRUE,0,1,2,0.272247340592478,0,0,8,1,8,,,,,,,,,,,
2000,69,5000,1,0.001,0.001,200000,2000,497,0,14.142135623731,14.142135623731,AIW-N,2,1,1,TRUE,FALSE,0.001,3831.92452116123,5456.66051813359,TRUE,7.62599999999998,1,TRUE,0,1,1,1,9.84449534512897e-18,4.92224767256448e-18,9,1,9,,,,,,,,,,,
500,70,5000,1,0.001,0.001,200000,2000,124,0,14.142135623731,14.142135623731,AIW-N,5,1,1,TRUE,FALSE,0.001,Inf,Inf,TRUE,1.456,1,TRUE,0,1,1,0.99999999527322,3.93492542086484e-10,1.96746271043242e-10,10,1,10,,,,,,,,,,,
1000,71,5000,1,0.001,0.001,200000,2000,249,0,14.142135623731,14.142135623731,AIW-N,5,1,1,TRUE,FALSE,0.001,1282.25548932236,1825.93181679504,TRUE,3.22900000000001,1,TRUE,0,1,4,0.299412808482422,0,0,11,1,11,,,,,,,,,,,
2000,72,5000,1,0.001,0.001,200000,2000,497,0,14.142135623731,14.142135623731,AIW-N,5,1,1,TRUE,FALSE,0.001,3281.91275322585,4673.44376059361,TRUE,8.74799999999999,1,TRUE,0,1,1,1,4.30986848165288e-39,2.15493424082644e-39,12,1,12,,,,,,,,,,,
500,73,5000,1,0.001,0.001,200000,2000,124,0,14.142135623731,14.142135623731,AIW-N,5,1,1,TRUE,FALSE,0.001,7542.74653802289,10740.8710701446,TRUE,1.286,1,TRUE,0,1,6,0.111997271081425,0.000106413427174532,5.32067135872658e-05,13,1,13,,,,,,,,,,,
1000,74,5000,1,0.001,0.001,200000,2000,249,0,14.142135623731,14.142135623731,AIW-N,5,1,1,TRUE,FALSE,0.001,3083.59335687449,4391.03694018928,TRUE,3.066,1,TRUE,0,1,1,1,7.10317300410963e-23,3.55158650205482e-23,14,1,14,,,,,,,,,,,
2000,75,5000,1,0.001,0.001,200000,2000,497,0,14.142135623731,14.142135623731,AIW-N,5,1,1,TRUE,FALSE,0.001,2726.44123269075,3882.45231535163,TRUE,7.83500000000004,1,TRUE,0,1,2,0.881407403358793,0.00520261423555393,0.00260130711777697,15,1,15,,,,,,,,,,,
500,76,5000,1,0.001,0.001,200000,2000,124,0,14.142135623731,14.142135623731,AIW-N,4,1,1,TRUE,FALSE,0.001,4316.89458530926,6147.25788948038,TRUE,1.12,1,TRUE,0,1,1,0.999999999919525,9.48772698288794e-12,4.74386349144397e-12,16,1,16,,,,,,,,,,,
1000,77,5000,1,0.001,0.001,200000,2000,249,0,14.142135623731,14.142135623731,AIW-N,3,1,1,TRUE,FALSE,0.001,5357.63680766231,7629.27481411112,TRUE,3.386,1,TRUE,0,1,2,0.771315753087827,0.000403809504332248,0.000201904752166124,17,1,17,,,,,,,,,,,
2000,78,5000,1,0.001,0.001,200000,2000,497,0,14.142135623731,14.142135623731,AIW-N,5,1,1,TRUE,FALSE,0.001,Inf,Inf,TRUE,6.464,1,TRUE,0,1,6,0.0399646325664093,0.00601083145756457,0.00300541572878229,18,1,18,,,,,,,,,,,
500,79,5000,1,0.001,0.001,200000,2000,124,0,14.142135623731,14.142135623731,AIW-N,5,1,1,TRUE,FALSE,0.001,2489.26268095402,3544.71005767853,TRUE,1.334,1,TRUE,0,1,1,0.999999999105464,6.49470663085769e-10,3.24735331542884e-10,19,1,19,,,,,,,,,,,
1000,80,5000,1,0.001,0.001,200000,2000,249,0,14.142135623731,14.142135623731,AIW-N,5,1,1,TRUE,FALSE,0.001,3016.32803426195,4295.25112078901,TRUE,2.64400000000001,1,TRUE,0,1,1,1,0,0,20,1,20,,,,,,,,,,,
500,61,5000,1,0.001,0.001,200000,2000,124,0,14.142135623731,14.142135623731,SuSiE-RSS: finite R0 + EB mismatch,2,1,1,FALSE,FALSE,,,,TRUE,0.0910000000000002,1,TRUE,0,1,1,0.999999999999936,2.13723381694184e-14,1.06861690847092e-14,1,1,1,0.16.6,2000,eb,mle,0,2000,0.00370450750119098,FALSE,FALSE,alpha_pip_fixed_point,7
1000,62,5000,1,0.001,0.001,200000,2000,249,0,14.142135623731,14.142135623731,SuSiE-RSS: finite R0 + EB mismatch,1,1,1,FALSE,FALSE,,,,TRUE,0.144,1,TRUE,0,1,1,0.999694044639065,2.48857453277229e-08,1.24428726638614e-08,2,1,2,0.16.6,2000,eb,mle,0,2000,0.00553983058752184,FALSE,FALSE,alpha_pip_fixed_point,2
2000,63,5000,1,0.001,0.001,200000,2000,497,0,14.142135623731,14.142135623731,SuSiE-RSS: finite R0 + EB mismatch,1,1,1,FALSE,FALSE,,,,TRUE,0.949999999999999,1,TRUE,0,1,1,0.99994301102775,3.8011375012914e-07,1.9005687506457e-07,3,1,3,0.16.6,2000,eb,mle,0,2000,0.00514937231367884,FALSE,FALSE,alpha_pip_fixed_point,2
500,64,5000,1,0.001,0.001,200000,2000,124,0,14.142135623731,14.142135623731,SuSiE-RSS: finite R0 + EB mismatch,1,1,1,FALSE,FALSE,,,,TRUE,0.0449999999999999,1,TRUE,0,1,2,0.214981624436805,2.19733492156173e-06,1.09866746078086e-06,4,1,4,0.16.6,2000,eb,mle,0,2000,0.0049206720294522,FALSE,FALSE,alpha_pip_fixed_point,2
1000,65,5000,1,0.001,0.001,200000,2000,249,0,14.142135623731,14.142135623731,SuSiE-RSS: finite R0 + EB mismatch,5,1,1,FALSE,FALSE,,,,TRUE,0.350000000000001,1,TRUE,0,1,6,0.169949690148062,0.00406847126253987,0.00203423563126993,5,1,5,0.16.6,2000,eb,mle,0.000177824848123472,1475.30737884345,0.00449894788738428,FALSE,FALSE,alpha_pip_fixed_point,11
2000,66,5000,1,0.001,0.001,200000,2000,497,0,14.142135623731,14.142135623731,SuSiE-RSS: finite R0 + EB mismatch,1,1,1,FALSE,FALSE,,,,TRUE,0.942,1,TRUE,0,1,1,0.962555459507472,0.00161922151070091,0.000809610755350453,6,1,6,0.16.6,2000,eb,mle,0,2000,0.00528934446447793,FALSE,FALSE,alpha_pip_fixed_point,2
500,67,5000,1,0.001,0.001,200000,2000,124,0,14.142135623731,14.142135623731,SuSiE-RSS: finite R0 + EB mismatch,2,1,1,FALSE,FALSE,,,,TRUE,0.0629999999999997,1,TRUE,0,1,1,1,1.60020689240313e-22,8.00103446201564e-23,7,1,7,0.16.6,2000,eb,mle,0,2000,0.00447229760645961,FALSE,FALSE,alpha_pip_fixed_point,4
1000,68,5000,1,0.001,0.001,200000,2000,249,0,14.142135623731,14.142135623731,SuSiE-RSS: finite R0 + EB mismatch,1,1,1,FALSE,FALSE,,,,TRUE,0.162000000000001,1,TRUE,0,1,2,0.272248319062197,1.95675202988536e-06,9.78376014942678e-07,8,1,8,0.16.6,2000,eb,mle,0,2000,0.00441707257794668,FALSE,FALSE,alpha_pip_fixed_point,2
2000,69,5000,1,0.001,0.001,200000,2000,497,0,14.142135623731,14.142135623731,SuSiE-RSS: finite R0 + EB mismatch,2,1,1,FALSE,FALSE,,,,TRUE,1.166,1,TRUE,0,1,1,1,2.53089856701916e-18,1.26544928350958e-18,9,1,9,0.16.6,2000,eb,mle,0,2000,0.00561714280841655,FALSE,FALSE,alpha_pip_fixed_point,2
500,70,5000,1,0.001,0.001,200000,2000,124,0,14.142135623731,14.142135623731,SuSiE-RSS: finite R0 + EB mismatch,5,1,1,FALSE,FALSE,,,,TRUE,0.048,1,TRUE,0,1,1,0.999999995298784,4.1688874061883e-10,2.08444370309415e-10,10,1,10,0.16.6,2000,eb,mle,0.000869918416756698,729.970476904394,0.00399087202829195,FALSE,FALSE,alpha_pip_fixed_point,2
1000,71,5000,1,0.001,0.001,200000,2000,249,0,14.142135623731,14.142135623731,SuSiE-RSS: finite R0 + EB mismatch,1,1,1,FALSE,FALSE,,,,TRUE,0.154999999999999,1,TRUE,0,1,4,0.299412569499296,9.47953186997782e-07,4.73976593498891e-07,11,1,11,0.16.6,2000,eb,mle,0,2000,0.00677864801470888,FALSE,FALSE,alpha_pip_fixed_point,2
2000,72,5000,1,0.001,0.001,200000,2000,497,0,14.142135623731,14.142135623731,SuSiE-RSS: finite R0 + EB mismatch,5,1,1,FALSE,FALSE,,,,TRUE,1.133,1,TRUE,0,1,1,1,4.25222828375186e-39,2.12611414187593e-39,12,1,12,0.16.6,2000,eb,mle,0.000132472044802883,1581.09754923897,0.00481974814371702,FALSE,FALSE,alpha_pip_fixed_point,2
500,73,5000,1,0.001,0.001,200000,2000,124,0,14.142135623731,14.142135623731,SuSiE-RSS: finite R0 + EB mismatch,1,1,1,FALSE,FALSE,,,,TRUE,0.048,1,TRUE,0,1,6,0.111997511782942,0.000105588767381884,5.2794383690942e-05,13,1,13,0.16.6,2000,eb,mle,0,2000,0.00568637874011384,FALSE,FALSE,alpha_pip_fixed_point,2
1000,74,5000,1,0.001,0.001,200000,2000,249,0,14.142135623731,14.142135623731,SuSiE-RSS: finite R0 + EB mismatch,5,1,1,FALSE,FALSE,,,,TRUE,0.154000000000002,1,TRUE,0,1,1,1,7.05193774896562e-23,3.52596887448281e-23,14,1,14,0.16.6,2000,eb,mle,0.000464300122021093,1037.02154252981,0.00429529392526553,FALSE,FALSE,alpha_pip_fixed_point,2
2000,75,5000,1,0.001,0.001,200000,2000,497,0,14.142135623731,14.142135623731,SuSiE-RSS: finite R0 + EB mismatch,1,1,1,FALSE,FALSE,,,,TRUE,0.922999999999995,1,TRUE,0,1,2,0.881406349535534,0.00520050681325854,0.00260025340662927,15,1,15,0.16.6,2000,eb,mle,0,2000,0.00479469072930745,FALSE,FALSE,alpha_pip_fixed_point,2
500,76,5000,1,0.001,0.001,200000,2000,124,0,14.142135623731,14.142135623731,SuSiE-RSS: finite R0 + EB mismatch,1,1,1,FALSE,FALSE,,,,TRUE,0.0449999999999999,1,TRUE,0,1,1,0.999999999919515,9.50667554458029e-12,4.75333777229014e-12,16,1,16,0.16.6,2000,eb,mle,0,2000,0.00476535353306444,FALSE,FALSE,alpha_pip_fixed_point,2
1000,77,5000,1,0.001,0.001,200000,2000,249,0,14.142135623731,14.142135623731,SuSiE-RSS: finite R0 + EB mismatch,1,1,1,FALSE,FALSE,,,,TRUE,0.157,1,TRUE,0,1,2,0.771314675742343,0.00040165576133025,0.000200827880665125,17,1,17,0.16.6,2000,eb,mle,0,2000,0.00533175485255511,FALSE,FALSE,alpha_pip_fixed_point,2
2000,78,5000,1,0.001,0.001,200000,2000,497,0,14.142135623731,14.142135623731,SuSiE-RSS: finite R0 + EB mismatch,5,1,1,FALSE,FALSE,,,,TRUE,1.135,1,TRUE,0,1,6,0.0400063402230284,0.00227308121158213,0.00113654060579106,18,1,18,0.16.6,2000,eb,mle,0,2000,0.0043528434931352,FALSE,FALSE,alpha_pip_fixed_point,14
500,79,5000,1,0.001,0.001,200000,2000,124,0,14.142135623731,14.142135623731,SuSiE-RSS: finite R0 + EB mismatch,1,1,1,FALSE,FALSE,,,,TRUE,0.0449999999999999,1,TRUE,0,1,1,0.99999999910537,6.49657742661545e-10,3.24828871330772e-10,19,1,19,0.16.6,2000,eb,mle,7.49300523521016e-05,1739.34202240584,0.0052768346109626,FALSE,FALSE,alpha_pip_fixed_point,2
1000,80,5000,1,0.001,0.001,200000,2000,249,0,14.142135623731,14.142135623731,SuSiE-RSS: finite R0 + EB mismatch,1,1,1,FALSE,FALSE,,,,TRUE,0.155000000000001,1,TRUE,0,1,1,1,6.50418267577193e-26,3.25209133788597e-26,20,1,20,0.16.6,2000,eb,mle,0,2000,0.00607586243710847,FALSE,FALSE,alpha_pip_fixed_point,2
500,61,5000,1,0.001,0.001,200000,2000,124,0,14.142135623731,14.142135623731,SuSiE-RSS: in-sample R,4,1,1,FALSE,FALSE,,,,TRUE,0.0140000000000029,1,TRUE,0,1,1,0.999999999999925,0,0,1,1,1,,,,,,,,,,,
1000,62,5000,1,0.001,0.001,200000,2000,249,0,14.142135623731,14.142135623731,SuSiE-RSS: in-sample R,1,1,1,FALSE,FALSE,,,,TRUE,0.0389999999999873,1,TRUE,0,1,1,0.999694057080421,0,0,2,1,2,,,,,,,,,,,
2000,63,5000,1,0.001,0.001,200000,2000,497,0,14.142135623731,14.142135623731,SuSiE-RSS: in-sample R,5,1,1,FALSE,FALSE,,,,TRUE,0.11099999999999,1,TRUE,0,1,1,0.999943194106048,0,0,3,1,3,,,,,,,,,,,
500,64,5000,1,0.001,0.001,200000,2000,124,0,14.142135623731,14.142135623731,SuSiE-RSS: in-sample R,1,1,1,FALSE,FALSE,,,,TRUE,0.0130000000000052,1,TRUE,0,1,2,0.214980527388075,0,0,4,1,4,,,,,,,,,,,
1000,65,5000,1,0.001,0.001,200000,2000,249,0,14.142135623731,14.142135623731,SuSiE-RSS: in-sample R,5,1,1,FALSE,FALSE,,,,TRUE,0.0609999999999928,1,TRUE,0,1,6,0.168883225955192,0,0,5,1,5,,,,,,,,,,,
2000,66,5000,1,0.001,0.001,200000,2000,497,0,14.142135623731,14.142135623731,SuSiE-RSS: in-sample R,2,1,1,FALSE,FALSE,,,,TRUE,0.0960000000000036,1,TRUE,0,1,1,0.961754203888759,0,0,6,1,6,,,,,,,,,,,
500,67,5000,1,0.001,0.001,200000,2000,124,0,14.142135623731,14.142135623731,SuSiE-RSS: in-sample R,2,1,1,FALSE,FALSE,,,,TRUE,0.0210000000000008,1,TRUE,0,1,1,1,0,0,7,1,7,,,,,,,,,,,
1000,68,5000,1,0.001,0.001,200000,2000,249,0,14.142135623731,14.142135623731,SuSiE-RSS: in-sample R,1,1,1,FALSE,FALSE,,,,TRUE,0.0300000000000011,1,TRUE,0,1,2,0.272247340592478,0,0,8,1,8,,,,,,,,,,,
2000,69,5000,1,0.001,0.001,200000,2000,497,0,14.142135623731,14.142135623731,SuSiE-RSS: in-sample R,2,1,1,FALSE,FALSE,,,,TRUE,0.108000000000004,1,TRUE,0,1,1,1,0,0,9,1,9,,,,,,,,,,,
500,70,5000,1,0.001,0.001,200000,2000,124,0,14.142135623731,14.142135623731,SuSiE-RSS: in-sample R,5,1,1,FALSE,FALSE,,,,TRUE,0.0139999999999958,1,TRUE,0,1,1,0.999999995497665,0,0,10,1,10,,,,,,,,,,,
1000,71,5000,1,0.001,0.001,200000,2000,249,0,14.142135623731,14.142135623731,SuSiE-RSS: in-sample R,1,1,1,FALSE,FALSE,,,,TRUE,0.0319999999999965,1,TRUE,0,1,4,0.299412808482422,0,0,11,1,11,,,,,,,,,,,
2000,72,5000,1,0.001,0.001,200000,2000,497,0,14.142135623731,14.142135623731,SuSiE-RSS: in-sample R,5,1,1,FALSE,FALSE,,,,TRUE,0.13900000000001,1,TRUE,0,1,1,1,0,0,12,1,12,,,,,,,,,,,
500,73,5000,1,0.001,0.001,200000,2000,124,0,14.142135623731,14.142135623731,SuSiE-RSS: in-sample R,2,1,1,FALSE,FALSE,,,,TRUE,0.0130000000000052,1,TRUE,0,1,6,0.113639208213458,0,0,13,1,13,,,,,,,,,,,
1000,74,5000,1,0.001,0.001,200000,2000,249,0,14.142135623731,14.142135623731,SuSiE-RSS: in-sample R,5,1,1,FALSE,FALSE,,,,TRUE,0.0440000000000111,1,TRUE,0,1,1,1,0,0,14,1,14,,,,,,,,,,,
2000,75,5000,1,0.001,0.001,200000,2000,497,0,14.142135623731,14.142135623731,SuSiE-RSS: in-sample R,5,1,1,FALSE,FALSE,,,,TRUE,0.130999999999972,1,TRUE,0,1,2,0.878990965360966,0,0,15,1,15,,,,,,,,,,,
500,76,5000,1,0.001,0.001,200000,2000,124,0,14.142135623731,14.142135623731,SuSiE-RSS: in-sample R,2,1,1,FALSE,FALSE,,,,TRUE,0.0120000000000005,1,TRUE,0,1,1,0.999999999924387,0,0,16,1,16,,,,,,,,,,,
1000,77,5000,1,0.001,0.001,200000,2000,249,0,14.142135623731,14.142135623731,SuSiE-RSS: in-sample R,5,1,1,FALSE,FALSE,,,,TRUE,0.0310000000000059,1,TRUE,0,1,2,0.772016195875583,0,0,17,1,17,,,,,,,,,,,
2000,78,5000,1,0.001,0.001,200000,2000,497,0,14.142135623731,14.142135623731,SuSiE-RSS: in-sample R,5,1,1,FALSE,FALSE,,,,TRUE,0.107000000000028,1,TRUE,0,1,6,0.0397117119969264,0,0,18,1,18,,,,,,,,,,,
500,79,5000,1,0.001,0.001,200000,2000,124,0,14.142135623731,14.142135623731,SuSiE-RSS: in-sample R,5,1,1,FALSE,FALSE,,,,TRUE,0.019999999999996,1,TRUE,0,1,1,0.999999999433456,0,0,19,1,19,,,,,,,,,,,
1000,80,5000,1,0.001,0.001,200000,2000,249,0,14.142135623731,14.142135623731,SuSiE-RSS: in-sample R,1,1,1,FALSE,FALSE,,,,TRUE,0.0319999999999965,1,TRUE,0,1,1,1,0,0,20,1,20,,,,,,,,,,,
500,61,5000,1,0.001,0.001,200000,2000,124,0,14.142135623731,14.142135623731,SuSiE-RSS: reference R0,3,1,1,FALSE,FALSE,,,,TRUE,0.0129999999999981,1,TRUE,0,1,1,0.99999999999993,1.07304679753465e-14,5.36523398767323e-15,1,1,1,,,,,,,,,,,
1000,62,5000,1,0.001,0.001,200000,2000,249,0,14.142135623731,14.142135623731,SuSiE-RSS: reference R0,1,1,1,FALSE,FALSE,,,,TRUE,0.0390000000000015,1,TRUE,0,1,1,0.999694057080421,0,0,2,1,2,,,,,,,,,,,
2000,63,5000,1,0.001,0.001,200000,2000,497,0,14.142135623731,14.142135623731,SuSiE-RSS: reference R0,5,1,1,FALSE,FALSE,,,,TRUE,0.103999999999985,1,TRUE,0,1,1,0.999943886143669,1.40372829125134e-06,7.0186414562567e-07,3,1,3,,,,,,,,,,,
500,64,5000,1,0.001,0.001,200000,2000,124,0,14.142135623731,14.142135623731,SuSiE-RSS: reference R0,5,1,1,FALSE,FALSE,,,,TRUE,0.0109999999999957,1,TRUE,0,1,2,0.2208365362768,0.000454226776350613,0.000227113388175306,4,1,4,,,,,,,,,,,
1000,65,5000,1,0.001,0.001,200000,2000,249,0,14.142135623731,14.142135623731,SuSiE-RSS: reference R0,5,1,1,FALSE,FALSE,,,,TRUE,0.0459999999999923,1,TRUE,0,1,6,0.169430394294584,0.00433656895823778,0.00216828447911889,5,1,5,,,,,,,,,,,
2000,66,5000,1,0.001,0.001,200000,2000,497,0,14.142135623731,14.142135623731,SuSiE-RSS: reference R0,2,1,1,FALSE,FALSE,,,,TRUE,0.0989999999999895,1,TRUE,0,1,1,0.962221797670503,0.000937544786765231,0.000468772393382615,6,1,6,,,,,,,,,,,
500,67,5000,1,0.001,0.001,200000,2000,124,0,14.142135623731,14.142135623731,SuSiE-RSS: reference R0,2,1,1,FALSE,FALSE,,,,TRUE,0.017000000000003,1,TRUE,0,1,1,1,9.80418915908022e-23,4.90209457954011e-23,7,1,7,,,,,,,,,,,
1000,68,5000,1,0.001,0.001,200000,2000,249,0,14.142135623731,14.142135623731,SuSiE-RSS: reference R0,5,1,1,FALSE,FALSE,,,,TRUE,0.0240000000000009,1,TRUE,0,1,2,0.274934264992845,7.34761901324009e-05,3.67380950662005e-05,8,1,8,,,,,,,,,,,
2000,69,5000,1,0.001,0.001,200000,2000,497,0,14.142135623731,14.142135623731,SuSiE-RSS: reference R0,2,1,1,FALSE,FALSE,,,,TRUE,0.107000000000028,1,TRUE,0,1,1,1,7.09107785415036e-18,3.54553892707518e-18,9,1,9,,,,,,,,,,,
500,70,5000,1,0.001,0.001,200000,2000,124,0,14.142135623731,14.142135623731,SuSiE-RSS: reference R0,5,1,1,FALSE,FALSE,,,,TRUE,0.0200000000000031,1,TRUE,0,1,1,0.999999995069603,8.60987763295728e-10,4.30493881647864e-10,10,1,10,,,,,,,,,,,
1000,71,5000,1,0.001,0.001,200000,2000,249,0,14.142135623731,14.142135623731,SuSiE-RSS: reference R0,1,1,1,FALSE,FALSE,,,,TRUE,0.0390000000000015,1,TRUE,0,1,4,0.299412808482422,0,0,11,1,11,,,,,,,,,,,
2000,72,5000,1,0.001,0.001,200000,2000,497,0,14.142135623731,14.142135623731,SuSiE-RSS: reference R0,5,1,1,FALSE,FALSE,,,,TRUE,0.149000000000001,1,TRUE,0,1,1,1,2.20454422828397e-39,1.10227211414199e-39,12,1,12,,,,,,,,,,,
500,73,5000,1,0.001,0.001,200000,2000,124,0,14.142135623731,14.142135623731,SuSiE-RSS: reference R0,2,1,1,FALSE,FALSE,,,,TRUE,0.0129999999999981,1,TRUE,0,1,6,0.112688305934485,0.000436777677847583,0.000218388838923791,13,1,13,,,,,,,,,,,
1000,74,5000,1,0.001,0.001,200000,2000,249,0,14.142135623731,14.142135623731,SuSiE-RSS: reference R0,5,1,1,FALSE,FALSE,,,,TRUE,0.0420000000000016,1,TRUE,0,1,1,1,1.8312505137763e-23,9.15625256888148e-24,14,1,14,,,,,,,,,,,
2000,75,5000,1,0.001,0.001,200000,2000,497,0,14.142135623731,14.142135623731,SuSiE-RSS: reference R0,5,1,1,FALSE,FALSE,,,,TRUE,0.122000000000014,1,TRUE,0,1,2,0.880926249125229,0.00386123839165704,0.00193061919582852,15,1,15,,,,,,,,,,,
500,76,5000,1,0.001,0.001,200000,2000,124,0,14.142135623731,14.142135623731,SuSiE-RSS: reference R0,2,1,1,FALSE,FALSE,,,,TRUE,0.0120000000000005,1,TRUE,0,1,1,0.999999999930172,1.16083667850509e-11,5.80418339252544e-12,16,1,16,,,,,,,,,,,
1000,77,5000,1,0.001,0.001,200000,2000,249,0,14.142135623731,14.142135623731,SuSiE-RSS: reference R0,5,1,1,FALSE,FALSE,,,,TRUE,0.039999999999992,1,TRUE,0,1,2,0.764928590787124,0.0138640975892035,0.00693204879460173,17,1,17,,,,,,,,,,,
2000,78,5000,1,0.001,0.001,200000,2000,497,0,14.142135623731,14.142135623731,SuSiE-RSS: reference R0,5,1,1,FALSE,FALSE,,,,TRUE,0.131000000000029,1,TRUE,0,1,6,0.0386986357216318,0.00358610494871066,0.00179305247435533,18,1,18,,,,,,,,,,,
500,79,5000,1,0.001,0.001,200000,2000,124,0,14.142135623731,14.142135623731,SuSiE-RSS: reference R0,5,1,1,FALSE,FALSE,,,,TRUE,0.0159999999999911,1,TRUE,0,1,1,0.999999999361813,1.45162182338703e-10,7.25810911693513e-11,19,1,19,,,,,,,,,,,
1000,80,5000,1,0.001,0.001,200000,2000,249,0,14.142135623731,14.142135623731,SuSiE-RSS: reference R0,1,1,1,FALSE,FALSE,,,,TRUE,0.027000000000001,1,TRUE,0,1,1,1,0,0,20,1,20,,,,,,,,,,,
500,61,5000,1,0.001,0.001,200000,2000,124,0,14.142135623731,14.142135623731,collapsed-R,0,1,1,TRUE,FALSE,0.001,1e+08,1e+08,TRUE,0.646000000000001,1,TRUE,0,1,1,0.999999999999955,5.99645905444267e-14,2.99822952722134e-14,1,1,1,,,,,,,,,,,
1000,62,5000,1,0.001,0.001,200000,2000,249,0,14.142135623731,14.142135623731,collapsed-R,0,1,1,TRUE,FALSE,0.001,27995.5011823583,46948.4554828149,TRUE,1.666,1,TRUE,0,1,1,0.999694057080421,0,0,2,1,2,,,,,,,,,,,
2000,63,5000,1,0.001,0.001,200000,2000,497,0,14.142135623731,14.142135623731,collapsed-R,0,1,1,TRUE,FALSE,0.001,1858.31912462621,3116.40117199816,TRUE,4.45100000000002,1,TRUE,0,1,1,0.999943014052612,3.78112333294228e-07,1.89056166647114e-07,3,1,3,,,,,,,,,,,
500,64,5000,1,0.001,0.001,200000,2000,124,0,14.142135623731,14.142135623731,collapsed-R,0,1,1,TRUE,FALSE,0.001,2126.8904405308,3566.79526877014,TRUE,0.983000000000004,1,TRUE,0,1,2,0.214980527388075,0,0,4,1,4,,,,,,,,,,,
1000,65,5000,1,0.001,0.001,200000,2000,249,0,14.142135623731,14.142135623731,collapsed-R,0,1,1,TRUE,FALSE,0.001,2038.34803430842,3418.30965353523,TRUE,1.28999999999999,1,TRUE,0,1,6,0.167304461920121,0.00381693659044227,0.00190846829522114,5,1,5,,,,,,,,,,,
2000,66,5000,1,0.001,0.001,200000,2000,497,0,14.142135623731,14.142135623731,collapsed-R,0,1,1,TRUE,FALSE,0.001,2889.07800801737,4844.98381944513,TRUE,4.22300000000001,1,TRUE,0,1,1,0.962556046886354,0.00162039586114593,0.000810197930572966,6,1,6,,,,,,,,,,,
500,67,5000,1,0.001,0.001,200000,2000,124,0,14.142135623731,14.142135623731,collapsed-R,0,1,1,TRUE,FALSE,0.001,2044.66219404418,3428.89849941209,TRUE,0.708000000000013,1,TRUE,0,1,1,1,2.47638868432952e-22,1.23819434216476e-22,7,1,7,,,,,,,,,,,
1000,68,5000,1,0.001,0.001,200000,2000,249,0,14.142135623731,14.142135623731,collapsed-R,0,1,1,TRUE,FALSE,0.001,1925.56672180351,3229.17539246448,TRUE,1.607,1,TRUE,0,1,2,0.272247340592478,0,0,8,1,8,,,,,,,,,,,
2000,69,5000,1,0.001,0.001,200000,2000,497,0,14.142135623731,14.142135623731,collapsed-R,0,1,1,TRUE,FALSE,0.001,3620.32983108852,6071.29312673544,TRUE,4.34899999999999,1,TRUE,0,1,1,1,9.84449534512897e-18,4.92224767256448e-18,9,1,9,,,,,,,,,,,
500,70,5000,1,0.001,0.001,200000,2000,124,0,14.142135623731,14.142135623731,collapsed-R,0,1,1,TRUE,FALSE,0.001,1e+08,1e+08,TRUE,0.440000000000005,1,TRUE,0,1,1,0.99999999527322,3.93492542086484e-10,1.96746271043242e-10,10,1,10,,,,,,,,,,,
1000,71,5000,1,0.001,0.001,200000,2000,249,0,14.142135623731,14.142135623731,collapsed-R,0,1,1,TRUE,FALSE,0.001,1379.42953076627,2313.30332309503,TRUE,1.548,1,TRUE,0,1,4,0.299412808482422,0,0,11,1,11,,,,,,,,,,,
2000,72,5000,1,0.001,0.001,200000,2000,497,0,14.142135623731,14.142135623731,collapsed-R,0,1,1,TRUE,FALSE,0.001,2876.55325593104,4823.97981019635,TRUE,4.31099999999998,1,TRUE,0,1,1,1,4.30986848165288e-39,2.15493424082644e-39,12,1,12,,,,,,,,,,,
500,73,5000,1,0.001,0.001,200000,2000,124,0,14.142135623731,14.142135623731,collapsed-R,0,1,1,TRUE,FALSE,0.001,6117.75658265553,10259.4777891133,TRUE,0.941000000000003,1,TRUE,0,1,6,0.111997271081425,0.000106413427174532,5.32067135872658e-05,13,1,13,,,,,,,,,,,
1000,74,5000,1,0.001,0.001,200000,2000,249,0,14.142135623731,14.142135623731,collapsed-R,0,1,1,TRUE,FALSE,0.001,2597.3470520103,4355.75100622128,TRUE,1.899,1,TRUE,0,1,1,1,7.10317300410963e-23,3.55158650205482e-23,14,1,14,,,,,,,,,,,
2000,75,5000,1,0.001,0.001,200000,2000,497,0,14.142135623731,14.142135623731,collapsed-R,0,1,1,TRUE,FALSE,0.001,2352.02528582805,3944.34640433363,TRUE,3.91299999999995,1,TRUE,0,1,2,0.881407403358793,0.00520261423555393,0.00260130711777697,15,1,15,,,,,,,,,,,
500,76,5000,1,0.001,0.001,200000,2000,124,0,14.142135623731,14.142135623731,collapsed-R,0,1,1,TRUE,FALSE,0.001,3931.23667505785,6592.68390407201,TRUE,0.847000000000001,1,TRUE,0,1,1,0.999999999919525,9.48772698288794e-12,4.74386349144397e-12,16,1,16,,,,,,,,,,,
1000,77,5000,1,0.001,0.001,200000,2000,249,0,14.142135623731,14.142135623731,collapsed-R,0,1,1,TRUE,FALSE,0.001,4833.64401004146,8106.02100483953,TRUE,1.78700000000001,1,TRUE,0,1,2,0.771315753087827,0.000403809504332248,0.000201904752166124,17,1,17,,,,,,,,,,,
2000,78,5000,1,0.001,0.001,200000,2000,497,0,14.142135623731,14.142135623731,collapsed-R,0,1,1,TRUE,FALSE,0.001,98938932.5333645,1e+08,TRUE,2.43099999999998,1,TRUE,0,1,6,0.0399646325664093,0.00601083145756457,0.00300541572878229,18,1,18,,,,,,,,,,,
500,79,5000,1,0.001,0.001,200000,2000,124,0,14.142135623731,14.142135623731,collapsed-R,0,1,1,TRUE,FALSE,0.001,1813.64872624652,3041.48891391541,TRUE,0.923999999999992,1,TRUE,0,1,1,0.999999999105464,6.49470663085769e-10,3.24735331542884e-10,19,1,19,,,,,,,,,,,
1000,80,5000,1,0.001,0.001,200000,2000,249,0,14.142135623731,14.142135623731,collapsed-R,0,1,1,TRUE,FALSE,0.001,3414.81892715919,5726.65134084597,TRUE,1.47600000000001,1,TRUE,0,1,1,1,0,0,20,1,20,,,,,,,,,,,
500,61,20,2,0.001,0.001,200000,2000,124;231,0.00184856377518075,8.20585391153116,11.5027955434753,AIW-N,1,1,1,TRUE,FALSE,0.006,14.2809450245338,20.3360657149361,TRUE,1.308,0.5,FALSE,0,1,2,0.455215896633213,1.17903351493771,0.393011171645904,1,1,1,,,,,,,,,,,
1000,62,20,2,0.001,0.001,200000,2000,249;724,0.00352832307256432,8.19302964069284,11.4981306087802,AIW-N,1,0,1,TRUE,FALSE,0.008,10.8786239857866,15.4911605557602,TRUE,4.298,0,FALSE,1,0,2,0.000105936362844006,2.73616505440025,0.912055018133415,2,0,2,,,,,,,,,,,
2000,63,20,2,0.001,0.001,200000,2000,497;1172,0.000807341513957111,8.21379557913546,11.5056870990097,AIW-N,1,1,1,TRUE,FALSE,0.008,23.6919438249398,33.7373280067143,TRUE,8.764,0.5,FALSE,0,1,1,0.499524164724191,1.00845590388618,0.336151967962058,3,1,3,,,,,,,,,,,
500,64,20,2,0.001,0.001,200000,2000,124;40,0.000988930715702707,8.21241097204742,11.5051828155527,AIW-N,1,1,1,TRUE,FALSE,0.01,16.4357478527395,23.4045049423011,TRUE,1.497,0.5,FALSE,0,1,4,0.0441742959665572,2.28161273630466,0.76053757876822,4,1,4,,,,,,,,,,,
1000,65,20,2,0.001,0.001,200000,2000,249;765,0.000123180499888902,8.22088797413731,11.5082711844461,AIW-N,1,0,1,TRUE,FALSE,0.01,11.6412652813215,16.5771617606018,TRUE,4.402,0.5,FALSE,0,1,7,0.0853560756852212,1.49219168199072,0.49739722733024,5,1,5,,,,,,,,,,,
2000,66,20,2,0.001,0.001,200000,2000,497;902,4.23359164217536e-05,8.2196267558947,11.507811544068,AIW-N,1,0,1,TRUE,FALSE,0.008,8.58117247504869,12.2195896044693,TRUE,9.984,0.5,FALSE,0,1,2,0.329787669641497,1.75079694320277,0.583598981067589,6,1,6,,,,,,,,,,,
500,67,20,2,0.001,0.001,200000,2000,124;268,0.00114653844265769,8.22868259368428,11.5111130250427,AIW-N,1,1,1,TRUE,FALSE,0.002,12.7636072161557,18.1753766758057,TRUE,1.813,0.5,FALSE,0,1,1,0.499999979637832,1.00000008144805,0.333333360482684,7,1,7,,,,,,,,,,,
1000,68,20,2,0.001,0.001,200000,2000,249;515,0.000650433672198929,8.22490460946171,11.5097353609434,AIW-N,1,1,1,TRUE,FALSE,0.008,9.36393685479565,13.334246081229,TRUE,4.645,0.5,FALSE,0,1,2,0.432500892500858,1.6263941841244,0.542131394708135,8,1,8,,,,,,,,,,,
2000,69,20,2,0.001,0.001,200000,2000,497;167,0.000792319897176672,8.21391011014667,11.5057288148115,AIW-N,1,1,1,TRUE,FALSE,0.008,20.2388930212288,28.8201836622298,TRUE,10.061,0.5,FALSE,0,1,1,0.49999999487866,1.00000002046937,0.333333340156456,9,1,9,,,,,,,,,,,
500,70,20,2,0.001,0.001,200000,2000,124;377,0.000354445017716966,8.22264993993658,11.5089134053926,AIW-N,1,1,1,TRUE,FALSE,0.006,8.95816844159162,12.7564318608265,TRUE,1.196,0.5,FALSE,0,1,1,0.499999999157938,1.00000000552909,0.333333335176363,10,1,10,,,,,,,,,,,
1000,71,20,2,0.001,0.001,200000,2000,249;333,0.000528379763332646,8.21592230081458,11.5064617882386,AIW-N,1,1,1,TRUE,FALSE,0.008,17.6770189387939,25.1720749688425,TRUE,3.927,0.5,FALSE,0,1,2,0.141135254870374,1.55865613305006,0.519552044350021,11,1,11,,,,,,,,,,,
2000,72,20,2,0.001,0.001,200000,2000,497;1523,0.00184987289800479,8.2058439228432,11.5027919079049,AIW-N,1,0,1,TRUE,FALSE,0.006,8.92576025328358,12.7102826006758,TRUE,8.045,0.5,FALSE,0,1,2,0.475056309582752,1.13124343209189,0.37708114403063,12,1,12,,,,,,,,,,,
500,73,20,2,0.001,0.001,200000,2000,124;445,0.000519956364144367,8.22391076709117,11.5093730282145,AIW-N,1,1,1,TRUE,FALSE,0.01,11.7375337585354,16.7142480721543,TRUE,1.332,0.5,FALSE,0,1,5,0.0286064757933361,1.84459149957422,0.614863833191406,13,1,13,,,,,,,,,,,
1000,74,20,2,0.001,0.001,200000,2000,249;900,0.00108188158432466,8.22819028738556,11.5109334761593,AIW-N,1,1,1,TRUE,FALSE,0.008,7.87184953532182,11.2095137382983,TRUE,4.216,0.5,FALSE,0,1,1,0.499999137949426,1.00000348886354,0.333334496287846,14,1,14,,,,,,,,,,,
2000,75,20,2,0.001,0.001,200000,2000,497;1341,0.00222781028604474,8.20295985100387,11.5017423329007,AIW-N,1,1,1,TRUE,FALSE,0.01,13.0499733101,18.5831619935824,TRUE,9.202,0.5,FALSE,0,1,1,0.483038189782267,1.2354103330245,0.411803444341499,15,1,15,,,,,,,,,,,
500,76,20,2,0.001,0.001,200000,2000,124;322,0.00168717476269915,8.23279819731669,11.5126143362831,AIW-N,1,1,1,TRUE,FALSE,0.006,19.6053071380509,27.9179573645845,TRUE,1.449,0.5,FALSE,0,1,2,0.140265305389962,2.43899332481015,0.812997774936718,16,1,16,,,,,,,,,,,
1000,77,20,2,0.001,0.001,200000,2000,249;701,2.9405110919919e-05,8.21972529261314,11.5078474530676,AIW-N,1,1,1,TRUE,FALSE,0.006,11.0872246280709,15.7882078703729,TRUE,4.84,0.5,FALSE,0,1,1,0.494702647648041,1.10035178296725,0.366783927655749,17,1,17,,,,,,,,,,,
2000,78,20,2,0.001,0.001,200000,2000,497;1590,0.000591230940966806,8.21544317858052,11.5062872480632,AIW-N,1,1,1,TRUE,FALSE,0.006,17.4358505889722,24.8286512386964,TRUE,11.453,0.5,FALSE,0,1,6,0.0534968725643601,1.58474803187014,0.528249343956712,18,1,18,,,,,,,,,,,
500,79,20,2,0.001,0.001,200000,2000,124;215,0.00421380222554274,8.25201147984381,11.5196303942505,AIW-N,1,1,1,TRUE,FALSE,0.008,12.9848876574624,18.4904800242265,TRUE,1.457,0.5,FALSE,0,1,1,0.499999293593614,1.00000282550877,0.333334275169591,19,1,19,,,,,,,,,,,
1000,80,20,2,0.001,0.001,200000,2000,249;815,0.00044999295086381,8.22337781992308,11.5091787409185,AIW-N,1,1,1,TRUE,FALSE,0.008,21.984607700936,31.3060813661329,TRUE,3.784,0.5,FALSE,0,1,1,0.499971247899774,1.00011486702341,0.333371622341138,20,1,20,,,,,,,,,,,
500,61,20,2,0.001,0.001,200000,2000,124;231,0.00184856377518075,8.20585391153116,11.5027955434753,SuSiE-RSS: finite R0 + EB mismatch,5,2,2,FALSE,FALSE,,,,TRUE,0.101,1,TRUE,0,2,5.5,0.411775027931792,2.27146682453457,0.567866706133641,1,1,1,0.16.6,2000,eb,mle,0.0274642380087665,35.7599588333682,0.0126263501647049,FALSE,TRUE,alpha_pip_fixed_point,11
1000,62,20,2,0.001,0.001,200000,2000,249;724,0.00352832307256432,8.19302964069284,11.4981306087802,SuSiE-RSS: finite R0 + EB mismatch,5,1,1,FALSE,FALSE,,,,TRUE,0.499,0,FALSE,1,0,1,0.00456015694086276,2.99999308267271,0.999997694224238,2,0,2,0.16.6,2000,eb,mle,0.068005590010926,14.5973489147456,0.0154545371704485,FALSE,FALSE,alpha_pip_fixed_point,20
2000,63,20,2,0.001,0.001,200000,2000,497;1172,0.000807341513957111,8.21379557913546,11.5056870990097,SuSiE-RSS: finite R0 + EB mismatch,5,1,1,FALSE,FALSE,,,,TRUE,0.961,0.5,FALSE,0,1,1,0.500918229675082,1.00845592791338,0.336151975971125,3,1,3,0.16.6,2000,eb,mle,0.03729372557183,26.4594184582152,0.0119244801444711,FALSE,FALSE,alpha_pip_fixed_point,2
500,64,20,2,0.001,0.001,200000,2000,124;40,0.000988930715702707,8.21241097204742,11.5051828155527,SuSiE-RSS: finite R0 + EB mismatch,5,1,1,FALSE,FALSE,,,,TRUE,0.176,0.5,FALSE,0,1,4,0.0617961556832223,2.14529724714939,0.715099082383129,4,1,4,0.16.6,2000,eb,mle,0.0405108707593717,24.3837787758136,0.0191910360426083,FALSE,FALSE,alpha_pip_fixed_point,19
1000,65,20,2,0.001,0.001,200000,2000,249;765,0.000123180499888902,8.22088797413731,11.5082711844461,SuSiE-RSS: finite R0 + EB mismatch,5,1,1,FALSE,FALSE,,,,TRUE,0.281000000000001,0.5,FALSE,0,1,6,0.102071764661387,1.33653043354381,0.445510144514603,5,1,5,0.16.6,2000,eb,mle,0.0901700609720086,11.0289988699657,0.0100282167982607,FALSE,FALSE,alpha_pip_fixed_point,10
2000,66,20,2,0.001,0.001,200000,2000,497;902,4.23359164217536e-05,8.2196267558947,11.507811544068,SuSiE-RSS: finite R0 + EB mismatch,5,1,1,FALSE,FALSE,,,,TRUE,1.368,0.5,FALSE,0,1,1,0.495990711058686,1.73798427242389,0.579328090807962,6,1,6,0.16.6,2000,eb,mle,0.0831872139578203,11.9492566750282,0.0134679393896536,FALSE,FALSE,alpha_pip_fixed_point,9
500,67,20,2,0.001,0.001,200000,2000,124;268,0.00114653844265769,8.22868259368428,11.5111130250427,SuSiE-RSS: finite R0 + EB mismatch,5,1,1,FALSE,FALSE,,,,TRUE,0.0459999999999994,0.5,FALSE,0,1,1,0.50408618143558,1.00000007440707,0.333333358135689,7,1,7,0.16.6,2000,eb,mle,0.055833266445403,17.7515003673572,0.00731810894838707,FALSE,FALSE,alpha_pip_fixed_point,2
1000,68,20,2,0.001,0.001,200000,2000,249;515,0.000650433672198929,8.22490460946171,11.5097353609434,SuSiE-RSS: finite R0 + EB mismatch,5,1,1,FALSE,FALSE,,,,TRUE,0.167000000000001,0.5,FALSE,0,1,2,0.435130041919898,1.62617163172314,0.542057210574379,8,1,8,0.16.6,2000,eb,mle,0.107718988806571,9.24052249081153,0.0116292198825572,FALSE,FALSE,alpha_pip_fixed_point,4
2000,69,20,2,0.001,0.001,200000,2000,497;167,0.000792319897176672,8.21391011014667,11.5057288148115,SuSiE-RSS: finite R0 + EB mismatch,5,1,1,FALSE,FALSE,,,,TRUE,1.169,0.5,FALSE,0,1,1,0.501027597537986,1.00000002050463,0.333333340168211,9,1,9,0.16.6,2000,eb,mle,0.0387911042038599,25.4510536230173,0.0135115448110004,FALSE,FALSE,alpha_pip_fixed_point,2
500,70,20,2,0.001,0.001,200000,2000,124;377,0.000354445017716966,8.22264993993658,11.5089134053926,SuSiE-RSS: finite R0 + EB mismatch,5,1,1,FALSE,FALSE,,,,TRUE,0.0560000000000001,0.5,FALSE,0,1,1,0.504341958847008,1.00000000426208,0.333333334754026,10,1,10,0.16.6,2000,eb,mle,0.0995121688525463,9.99878326280833,0.00967509202366755,FALSE,FALSE,alpha_pip_fixed_point,2
1000,71,20,2,0.001,0.001,200000,2000,249;333,0.000528379763332646,8.21592230081458,11.5064617882386,SuSiE-RSS: finite R0 + EB mismatch,5,1,1,FALSE,FALSE,,,,TRUE,0.149999999999999,0.5,FALSE,0,1,2,0.144746426954603,1.55888200184348,0.519627333947825,11,1,11,0.16.6,2000,eb,mle,0.0741627188592959,13.3935652930685,0.00786901127624657,FALSE,FALSE,alpha_pip_fixed_point,2
2000,72,20,2,0.001,0.001,200000,2000,497;1523,0.00184987289800479,8.2058439228432,11.5027919079049,SuSiE-RSS: finite R0 + EB mismatch,5,1,1,FALSE,FALSE,,,,TRUE,1.586,0.5,FALSE,0,1,4,0.121969949633433,1.25633876986435,0.418779589954783,12,1,12,0.16.6,2000,eb,mle,0.0682840554379513,14.5382529953047,0.0157669044491357,FALSE,FALSE,alpha_pip_fixed_point,14
500,73,20,2,0.001,0.001,200000,2000,124;445,0.000519956364144367,8.22391076709117,11.5093730282145,SuSiE-RSS: finite R0 + EB mismatch,5,1,1,FALSE,FALSE,,,,TRUE,0.0449999999999999,0.5,FALSE,0,1,5,0.0368255736232566,1.84435661725813,0.614785539086045,13,1,13,0.16.6,2000,eb,mle,0.0750628418588313,13.2340178770437,0.01475353420556,FALSE,FALSE,alpha_pip_fixed_point,2
1000,74,20,2,0.001,0.001,200000,2000,249;900,0.00108188158432466,8.22819028738556,11.5109334761593,SuSiE-RSS: finite R0 + EB mismatch,5,1,1,FALSE,FALSE,,,,TRUE,0.141,0.5,FALSE,0,1,1,0.502021125375264,1.00000348450949,0.333334494836496,14,1,14,0.16.6,2000,eb,mle,0.108002427578987,9.21638365438436,0.0130901012915971,FALSE,FALSE,alpha_pip_fixed_point,2
2000,75,20,2,0.001,0.001,200000,2000,497;1341,0.00222781023930337,8.2029598513606,11.5017423330305,SuSiE-RSS: finite R0 + EB mismatch,5,1,1,FALSE,FALSE,,,,TRUE,1.083,0.5,FALSE,0,1,1,0.48431820156412,1.23537146691397,0.411790488971322,15,1,15,0.16.6,2000,eb,mle,0.094812081379308,10.4918493597927,0.010149246961588,FALSE,FALSE,alpha_pip_fixed_point,3
500,76,20,2,0.001,0.001,200000,2000,124;322,0.00168717476269915,8.23279819731669,11.5126143362831,SuSiE-RSS: finite R0 + EB mismatch,5,2,2,FALSE,FALSE,,,,TRUE,0.103000000000001,1,TRUE,0,2,3,0.187839893342364,2.03014461294939,0.507536153237347,16,1,16,0.16.6,2000,eb,mle,0.0204283121724739,47.7821618752065,0.0121879537860447,FALSE,FALSE,alpha_pip_fixed_point,8
1000,77,20,2,0.001,0.001,200000,2000,249;701,2.9405110919919e-05,8.21972529261314,11.5078474530676,SuSiE-RSS: finite R0 + EB mismatch,1,1,1,FALSE,FALSE,,,,TRUE,0.141,0.5,FALSE,0,1,1,0.494702448157751,1.10035098494878,0.366783661649593,17,1,17,0.16.6,2000,eb,mle,0.0561807672456499,17.6426687321659,0.0138881822987693,FALSE,FALSE,alpha_pip_fixed_point,2
2000,78,20,2,0.001,0.001,200000,2000,497;1590,0.000591230547945318,8.21544318157663,11.5062872491546,SuSiE-RSS: finite R0 + EB mismatch,5,1,1,FALSE,FALSE,,,,TRUE,1.058,0.5,FALSE,0,1,6,0.0554294020027152,1.58522281756578,0.52840760585526,18,1,18,0.16.6,2000,eb,mle,0.0352208057166863,27.9948892511366,0.0147174056435286,FALSE,FALSE,alpha_pip_fixed_point,2
500,79,20,2,0.001,0.001,200000,2000,124;215,0.00421380222554274,8.25201147984381,11.5196303942505,SuSiE-RSS: finite R0 + EB mismatch,2,1,1,FALSE,FALSE,,,,TRUE,0.112,0.5,FALSE,0,1,1,0.505418989665244,1.00000436613546,0.333334788711821,19,1,19,0.16.6,2000,eb,mle,0.0660088628824831,15.0355900952169,0.0133508159535447,FALSE,FALSE,alpha_pip_fixed_point,8
1000,80,20,2,0.001,0.001,200000,2000,249;815,0.00044999295086381,8.22337781992308,11.5091787409185,SuSiE-RSS: finite R0 + EB mismatch,2,1,1,FALSE,FALSE,,,,TRUE,0.135,0.5,FALSE,0,1,1,0.501331117311092,1.00010365358613,0.333367884528709,20,1,20,0.16.6,2000,eb,mle,0.0351656638514346,28.0381715076299,0.0131335242758411,FALSE,FALSE,alpha_pip_fixed_point,3
500,61,20,2,0.001,0.001,200000,2000,124;231,0.00184856377518075,8.20585391153116,11.5027955434753,SuSiE-RSS: in-sample R,2,2,2,FALSE,FALSE,,,,TRUE,0.0149999999999997,1,TRUE,0,2,1,0.976222855012896,0,0,1,1,1,,,,,,,,,,,
1000,62,20,2,0.001,0.001,200000,2000,249;724,0.00352832307256432,8.19302964069284,11.4981306087802,SuSiE-RSS: in-sample R,2,2,2,FALSE,FALSE,,,,TRUE,0.0649999999999995,1,TRUE,0,2,1.5,0.919440460874823,0,0,2,1,2,,,,,,,,,,,
2000,63,20,2,0.001,0.001,200000,2000,497;1172,0.000807341513957111,8.21379557913546,11.5056870990097,SuSiE-RSS: in-sample R,2,2,2,FALSE,FALSE,,,,TRUE,0.108000000000001,1,TRUE,0,2,1,0.997619140355764,0,0,3,1,3,,,,,,,,,,,
500,64,20,2,0.001,0.001,200000,2000,124;40,0.000988930715702707,8.21241097204742,11.5051828155527,SuSiE-RSS: in-sample R,2,2,2,FALSE,FALSE,,,,TRUE,0.0169999999999995,1,TRUE,0,2,2,0.311105499780035,0,0,4,1,4,,,,,,,,,,,
1000,65,20,2,0.001,0.001,200000,2000,249;765,0.000123180499888902,8.22088797413731,11.5082711844461,SuSiE-RSS: in-sample R,2,2,2,FALSE,FALSE,,,,TRUE,0.0519999999999996,1,TRUE,0,2,3.5,0.594486989904807,0,0,5,1,5,,,,,,,,,,,
2000,66,20,2,0.001,0.001,200000,2000,497;902,4.23359164217536e-05,8.2196267558947,11.507811544068,SuSiE-RSS: in-sample R,5,2,2,FALSE,FALSE,,,,TRUE,0.189999999999998,1,TRUE,0,2,2.5,0.486774341933817,0,0,6,1,6,,,,,,,,,,,
500,67,20,2,0.001,0.001,200000,2000,124;268,0.00114653844265769,8.22868259368428,11.5111130250427,SuSiE-RSS: in-sample R,2,2,2,FALSE,FALSE,,,,TRUE,0.0110000000000001,1,TRUE,0,2,1,0.990424315147147,0,0,7,1,7,,,,,,,,,,,
1000,68,20,2,0.001,0.001,200000,2000,249;515,0.000650433672198929,8.22490460946171,11.5097353609434,SuSiE-RSS: in-sample R,2,2,2,FALSE,FALSE,,,,TRUE,0.0489999999999995,1,TRUE,0,2,2.5,0.683179536927766,0,0,8,1,8,,,,,,,,,,,
2000,69,20,2,0.001,0.001,200000,2000,497;167,0.000792319897176672,8.21391011014667,11.5057288148115,SuSiE-RSS: in-sample R,2,2,2,FALSE,FALSE,,,,TRUE,0.134,1,TRUE,0,2,2,0.682429890133168,0,0,9,1,9,,,,,,,,,,,
500,70,20,2,0.001,0.001,200000,2000,124;377,0.000354445017716966,8.22264993993658,11.5089134053926,SuSiE-RSS: in-sample R,3,2,2,FALSE,FALSE,,,,TRUE,0.016,1,TRUE,0,2,1.5,0.807993207592088,0,0,10,1,10,,,,,,,,,,,
1000,71,20,2,0.001,0.001,200000,2000,249;333,0.000528379763332646,8.21592230081458,11.5064617882386,SuSiE-RSS: in-sample R,5,2,2,FALSE,FALSE,,,,TRUE,0.0590000000000011,1,TRUE,0,2,2,0.514993312272309,0,0,11,1,11,,,,,,,,,,,
2000,72,20,2,0.001,0.001,200000,2000,497;1523,0.00184987289800479,8.2058439228432,11.5027919079049,SuSiE-RSS: in-sample R,3,2,2,FALSE,FALSE,,,,TRUE,0.155999999999999,1,TRUE,0,2,2.5,0.601179355033314,0,0,12,1,12,,,,,,,,,,,
500,73,20,2,0.001,0.001,200000,2000,124;445,0.000519956364144367,8.22391076709117,11.5093730282145,SuSiE-RSS: in-sample R,2,2,2,FALSE,FALSE,,,,TRUE,0.0170000000000003,1,TRUE,0,2,3.5,0.546301523153199,0,0,13,1,13,,,,,,,,,,,
1000,74,20,2,0.001,0.001,200000,2000,249;900,0.00108188158432466,8.22819028738556,11.5109334761593,SuSiE-RSS: in-sample R,2,2,2,FALSE,FALSE,,,,TRUE,0.0289999999999999,1,TRUE,0,2,1,0.999999932565481,0,0,14,1,14,,,,,,,,,,,
2000,75,20,2,0.001,0.001,200000,2000,497;1341,0.00222781028604474,8.20295985100387,11.5017423329007,SuSiE-RSS: in-sample R,3,2,2,FALSE,FALSE,,,,TRUE,0.126999999999999,1,TRUE,0,2,3,0.585192129599717,0,0,15,1,15,,,,,,,,,,,
500,76,20,2,0.001,0.001,200000,2000,124;322,0.00168717476269915,8.23279819731669,11.5126143362831,SuSiE-RSS: in-sample R,5,2,2,FALSE,FALSE,,,,TRUE,0.0309999999999997,1,TRUE,0,2,2,0.685943399993336,0,0,16,1,16,,,,,,,,,,,
1000,77,20,2,0.001,0.001,200000,2000,249;701,2.9405110919919e-05,8.21972529261314,11.5078474530676,SuSiE-RSS: in-sample R,3,2,2,FALSE,FALSE,,,,TRUE,0.0489999999999995,1,TRUE,0,2,1.5,0.969493502254425,0,0,17,1,17,,,,,,,,,,,
2000,78,20,2,0.001,0.001,200000,2000,497;1590,0.000591230940966806,8.21544317858052,11.5062872480632,SuSiE-RSS: in-sample R,5,2,2,FALSE,FALSE,,,,TRUE,0.175000000000001,1,TRUE,0,2,4,0.599629521418094,0,0,18,1,18,,,,,,,,,,,
500,79,20,2,0.001,0.001,200000,2000,124;215,0.00421380222554274,8.25201147984381,11.5196303942505,SuSiE-RSS: in-sample R,2,2,2,FALSE,FALSE,,,,TRUE,0.0179999999999998,1,TRUE,0,2,1.5,0.758347381487102,0,0,19,1,19,,,,,,,,,,,
1000,80,20,2,0.001,0.001,200000,2000,249;815,0.00044999295086381,8.22337781992308,11.5091787409185,SuSiE-RSS: in-sample R,5,2,2,FALSE,FALSE,,,,TRUE,0.0489999999999995,1,TRUE,0,2,1,0.999976556981132,0,0,20,1,20,,,,,,,,,,,
500,61,20,2,0.001,0.001,200000,2000,124;231,0.00184856377518075,8.20585391153116,11.5027955434753,SuSiE-RSS: reference R0,5,4,4,FALSE,FALSE,,,,TRUE,0.0259999999999998,0.5,FALSE,3,1,4.25,0.50320265255719,3.8922782646524,0.648713044108733,1,0.25,1,,,,,,,,,,,
1000,62,20,2,0.001,0.001,200000,2000,249;724,0.00352832307256432,8.19302964069284,11.4981306087802,SuSiE-RSS: reference R0,5,4,4,FALSE,FALSE,,,,TRUE,0.0590000000000011,0,FALSE,4,0,1,0.0014516428296561,5.68026657197909,0.946711095329849,2,0,2,,,,,,,,,,,
2000,63,20,2,0.001,0.001,200000,2000,497;1172,0.000807341513957111,8.21379557913546,11.5056870990097,SuSiE-RSS: reference R0,5,4,4,FALSE,FALSE,,,,TRUE,0.211000000000002,1,TRUE,2,2,1.25,0.996892012106061,2.01100941170314,0.335168235283856,3,0.5,3,,,,,,,,,,,
500,64,20,2,0.001,0.001,200000,2000,124;40,0.000988930715702707,8.21241097204742,11.5051828155527,SuSiE-RSS: reference R0,5,5,5,FALSE,FALSE,,,,TRUE,0.016,0.5,FALSE,4,1,1.6,0.0558886976054616,4.5763321664763,0.653761738068043,4,0.2,4,,,,,,,,,,,
1000,65,20,2,0.001,0.001,200000,2000,249;765,0.000123180499888902,8.22088797413731,11.5082711844461,SuSiE-RSS: reference R0,5,5,5,FALSE,FALSE,,,,TRUE,0.0749999999999993,0.5,FALSE,4,1,2,0.0983744133723316,5.37623945846374,0.768034208351962,5,0.2,5,,,,,,,,,,,
2000,66,20,2,0.001,0.001,200000,2000,497;902,4.23359164217536e-05,8.2196267558947,11.507811544068,SuSiE-RSS: reference R0,5,5,5,FALSE,FALSE,,,,TRUE,0.18,0.5,FALSE,4,1,1,0.497148485564722,5.74561625917178,0.820802322738826,6,0.2,6,,,,,,,,,,,
500,67,20,2,0.001,0.001,200000,2000,124;268,0.00114653844265769,8.22868259368428,11.5111130250427,SuSiE-RSS: reference R0,5,4,4,FALSE,FALSE,,,,TRUE,0.0720000000000001,0.5,FALSE,3,1,2.5,0.500004531475397,3.99923029734418,0.666538382890697,7,0.25,7,,,,,,,,,,,
1000,68,20,2,0.001,0.001,200000,2000,249;515,0.000650433672198929,8.22490460946171,11.5097353609434,SuSiE-RSS: reference R0,5,5,5,FALSE,FALSE,,,,TRUE,0.0630000000000006,0.5,FALSE,4,1,1.4,0.480455130609165,5.72643077250042,0.818061538928632,8,0.2,8,,,,,,,,,,,
2000,69,20,2,0.001,0.001,200000,2000,497;167,0.000792319897176672,8.21391011014667,11.5057288148115,SuSiE-RSS: reference R0,5,4,4,FALSE,FALSE,,,,TRUE,0.273,0.5,FALSE,3,1,1.25,0.499999964332223,4.00000007305214,0.666666678842024,9,0.25,9,,,,,,,,,,,
500,70,20,2,0.001,0.001,200000,2000,124;377,0.000354445017716966,8.22264993993658,11.5089134053926,SuSiE-RSS: reference R0,5,4,4,FALSE,FALSE,,,,TRUE,0.016,1,TRUE,2,2,1.25,0.692380629510342,2.46788531810494,0.411314219684156,10,0.5,10,,,,,,,,,,,
1000,71,20,2,0.001,0.001,200000,2000,249;333,0.000528379763332646,8.21592230081458,11.5064617882386,SuSiE-RSS: reference R0,5,5,5,FALSE,FALSE,,,,TRUE,0.048,1,TRUE,3,2,1.8,0.483964771113531,4.17735343496405,0.596764776423436,11,0.4,11,,,,,,,,,,,
2000,72,20,2,0.001,0.001,200000,2000,497;1523,0.00184987289800479,8.2058439228432,11.5027919079049,SuSiE-RSS: reference R0,5,4,4,FALSE,FALSE,,,,TRUE,0.158999999999999,1,TRUE,2,2,2,0.709614481836417,2.51793245822257,0.419655409703762,12,0.5,12,,,,,,,,,,,
500,73,20,2,0.001,0.001,200000,2000,124;445,0.000519956364144367,8.22391076709117,11.5093730282145,SuSiE-RSS: reference R0,5,4,4,FALSE,FALSE,,,,TRUE,0.0170000000000003,1,TRUE,2,2,2.25,0.53127105800142,2.80470613242185,0.467451022070308,13,0.5,13,,,,,,,,,,,
1000,74,20,2,0.001,0.001,200000,2000,249;900,0.00108188158432466,8.22819028738556,11.5109334761593,SuSiE-RSS: reference R0,5,4,4,FALSE,FALSE,,,,TRUE,0.0440000000000005,0.5,FALSE,3,1,1,0.500000145278391,3.99999994774101,0.666666657956835,14,0.25,14,,,,,,,,,,,
2000,75,20,2,0.001,0.001,200000,2000,497;1341,0.00222781028604474,8.20295985100387,11.5017423329007,SuSiE-RSS: reference R0,5,5,5,FALSE,FALSE,,,,TRUE,0.193999999999999,0.5,FALSE,4,1,2.6,0.49619465299846,5.28065437578158,0.754379196540226,15,0.2,15,,,,,,,,,,,
500,76,20,2,0.001,0.001,200000,2000,124;322,0.00168717476269915,8.23279819731669,11.5126143362831,SuSiE-RSS: reference R0,5,5,5,FALSE,FALSE,,,,TRUE,0.0259999999999998,0.5,FALSE,4,1,3.2,0.0943546378994968,5.47807509610253,0.782582156586075,16,0.2,16,,,,,,,,,,,
1000,77,20,2,0.001,0.001,200000,2000,249;701,2.9405110919919e-05,8.21972529261314,11.5078474530676,SuSiE-RSS: reference R0,5,5,5,FALSE,FALSE,,,,TRUE,0.0670000000000002,0.5,FALSE,4,1,1.6,0.459124795174238,5.04174285536559,0.720248979337942,17,0.2,17,,,,,,,,,,,
2000,78,20,2,0.001,0.001,200000,2000,497;1590,0.000591230940966806,8.21544317858052,11.5062872480632,SuSiE-RSS: reference R0,5,4,4,FALSE,FALSE,,,,TRUE,0.465,1,TRUE,2,2,3,0.119770389777551,4.25973017872215,0.709955029787026,18,0.5,18,,,,,,,,,,,
500,79,20,2,0.001,0.001,200000,2000,124;215,0.00421380222554274,8.25201147984381,11.5196303942505,SuSiE-RSS: reference R0,5,5,5,FALSE,FALSE,,,,TRUE,0.0220000000000002,0.5,FALSE,4,1,1.2,0.502179204049183,4.96656188997364,0.709508841424806,19,0.2,19,,,,,,,,,,,
1000,80,20,2,0.001,0.001,200000,2000,249;815,0.00044999295086381,8.22337781992308,11.5091787409185,SuSiE-RSS: reference R0,5,5,5,FALSE,FALSE,,,,TRUE,0.0640000000000001,0.5,FALSE,4,1,1,0.499958295595851,5.00016641624112,0.714309488034446,20,0.2,20,,,,,,,,,,,
500,61,20,2,0.001,0.001,200000,2000,124;231,0.00184856377518075,8.20585391153116,11.5027955434753,collapsed-R,0,0,1,TRUE,FALSE,0.006,8.66178288693861,14.5258099013961,TRUE,0.461,0.5,FALSE,0,1,2,0.455215896633213,1.17903351493771,0.393011171645904,1,1,1,,,,,,,,,,,
1000,62,20,2,0.001,0.001,200000,2000,249;724,0.00352832307256432,8.19302964069284,11.4981306087802,collapsed-R,0,0,1,TRUE,FALSE,0.006,4.12569132734035,6.91878435594977,TRUE,0.929,0,FALSE,1,0,2,0.000105936362844006,2.73616505440025,0.912055018133415,2,0,2,,,,,,,,,,,
2000,63,20,2,0.001,0.001,200000,2000,497;1172,0.000807341513957111,8.21379557913546,11.5056870990097,collapsed-R,0,0,1,TRUE,FALSE,0.006,13.0423142588977,21.8719610121715,TRUE,2.842,0.5,FALSE,0,1,1,0.499524164724191,1.00845590388618,0.336151967962058,3,1,3,,,,,,,,,,,
500,64,20,2,0.001,0.001,200000,2000,124;40,0.000988930715702707,8.21241097204742,11.5051828155527,collapsed-R,0,0,1,TRUE,FALSE,0.01,10.2634184213005,17.2117526925209,TRUE,0.411000000000001,0.5,FALSE,0,1,4,0.0441742959665572,2.28161273630466,0.76053757876822,4,1,4,,,,,,,,,,,
1000,65,20,2,0.001,0.001,200000,2000,249;765,0.000123180499888902,8.22088797413731,11.5082711844461,collapsed-R,0,0,1,TRUE,FALSE,0.008,5.46872228676065,9.17104727489762,TRUE,1.23,0.5,FALSE,0,1,7,0.0853560756852212,1.49219168199072,0.49739722733024,5,1,5,,,,,,,,,,,
2000,66,20,2,0.001,0.001,200000,2000,497;902,4.23359164217536e-05,8.2196267558947,11.507811544068,collapsed-R,0,0,1,TRUE,FALSE,0.008,4.56631790288352,7.65771512313566,TRUE,3.267,0.5,FALSE,0,1,2,0.329787669641497,1.75079694320277,0.583598981067589,6,1,6,,,,,,,,,,,
500,67,20,2,0.001,0.001,200000,2000,124;268,0.00114653844265769,8.22868259368428,11.5111130250427,collapsed-R,0,0,1,TRUE,FALSE,0.002,5.15590657132819,8.64645532011737,TRUE,0.576,0.5,FALSE,0,1,1,0.499999979637832,1.00000008144805,0.333333360482684,7,1,7,,,,,,,,,,,
1000,68,20,2,0.001,0.001,200000,2000,249;515,0.000650433672198929,8.22490460946171,11.5097353609434,collapsed-R,0,0,1,TRUE,FALSE,0.008,5.08603230037486,8.52927616772863,TRUE,1.258,0.5,FALSE,0,1,2,0.432500892500858,1.6263941841244,0.542131394708135,8,1,8,,,,,,,,,,,
2000,69,20,2,0.001,0.001,200000,2000,497;167,0.000792319897176672,8.21391011014667,11.5057288148115,collapsed-R,0,0,1,TRUE,FALSE,0.008,12.0732376626168,20.2468195602084,TRUE,3.613,0.5,FALSE,0,1,1,0.49999999487866,1.00000002046937,0.333333340156456,9,1,9,,,,,,,,,,,
500,70,20,2,0.001,0.001,200000,2000,124;377,0.000354445017716966,8.22264993993658,11.5089134053926,collapsed-R,0,0,1,TRUE,FALSE,0.004,2.71394205777209,4.55128083088379,TRUE,0.553999999999999,0.5,FALSE,0,1,1,0.499999999157938,1.00000000552909,0.333333335176363,10,1,10,,,,,,,,,,,
1000,71,20,2,0.001,0.001,200000,2000,249;333,0.000528379763332646,8.21592230081458,11.5064617882386,collapsed-R,0,0,1,TRUE,FALSE,0.008,12.427148076128,20.8403273236667,TRUE,1.106,0.5,FALSE,0,1,2,0.141135254870374,1.55865613305006,0.519552044350021,11,1,11,,,,,,,,,,,
2000,72,20,2,0.001,0.001,200000,2000,497;1523,0.00184987289800479,8.2058439228432,11.5027919079049,collapsed-R,0,0,1,TRUE,FALSE,0.006,4.14270591429701,6.94731781827609,TRUE,2.915,0.5,FALSE,0,1,2,0.475056309582752,1.13124343209189,0.37708114403063,12,1,12,,,,,,,,,,,
500,73,20,2,0.001,0.001,200000,2000,124;445,0.000519956364144367,8.22391076709117,11.5093730282145,collapsed-R,0,0,1,TRUE,FALSE,0.01,5.70690017417782,9.5704715920962,TRUE,0.536000000000001,0.5,FALSE,0,1,5,0.0286064757933361,1.84459149957422,0.614863833191406,13,1,13,,,,,,,,,,,
1000,74,20,2,0.001,0.001,200000,2000,249;900,0.00108188158432466,8.22819028738556,11.5109334761593,collapsed-R,0,0,1,TRUE,FALSE,0.008,2.65337409708036,4.44970836080376,TRUE,1.29,0.5,FALSE,0,1,1,0.499999137949426,1.00000348886354,0.333334496287846,14,1,14,,,,,,,,,,,
2000,75,20,2,0.001,0.001,200000,2000,497;1341,0.00222781028604474,8.20295985100387,11.5017423329007,collapsed-R,0,0,1,TRUE,FALSE,0.01,8.24014365102503,13.818720902769,TRUE,3.382,0.5,FALSE,0,1,1,0.483038189782267,1.2354103330245,0.411803444341499,15,1,15,,,,,,,,,,,
500,76,20,2,0.001,0.001,200000,2000,124;322,0.00168717476269915,8.23279819731669,11.5126143362831,collapsed-R,0,0,1,TRUE,FALSE,0.004,11.2676165096524,18.8957928866871,TRUE,0.516,0.5,FALSE,0,1,2,0.140265305389962,2.43899332481015,0.812997774936718,16,1,16,,,,,,,,,,,
1000,77,20,2,0.001,0.001,200000,2000,249;701,2.9405110919919e-05,8.21972529261314,11.5078474530676,collapsed-R,0,0,1,TRUE,FALSE,0.006,4.34251960701305,7.28240538096089,TRUE,1.134,0.5,FALSE,0,1,1,0.494702647648041,1.10035178296725,0.366783927655749,17,1,17,,,,,,,,,,,
2000,78,20,2,0.001,0.001,200000,2000,497;1590,0.000591230940966806,8.21544317858052,11.5062872480632,collapsed-R,0,1,1,TRUE,FALSE,0.006,11.9123895158885,19.9770772181451,TRUE,3.725,0.5,FALSE,0,1,6,0.0534968725643601,1.58474803187014,0.528249343956712,18,1,18,,,,,,,,,,,
500,79,20,2,0.001,0.001,200000,2000,124;215,0.00421380222554274,8.25201147984381,11.5196303942505,collapsed-R,0,0,1,TRUE,FALSE,0.008,5.8425702925997,9.79799038068969,TRUE,0.589,0.5,FALSE,0,1,1,0.499999293593614,1.00000282550877,0.333334275169591,19,1,19,,,,,,,,,,,
1000,80,20,2,0.001,0.001,200000,2000,249;815,0.00044999295086381,8.22337781992308,11.5091787409185,collapsed-R,0,0,1,TRUE,FALSE,0.006,11.44075290988,19.1861426298688,TRUE,1.181,0.5,FALSE,0,1,1,0.499971247899774,1.00011486702341,0.333371622341138,20,1,20,,,,,,,,,,,
500,61,50,2,0.001,0.001,200000,2000,124;285,0.00043150897230762,8.21666071715394,11.5067308018097,AIW-N,1,1,1,TRUE,FALSE,0.004,29.6447981085391,42.2141925065597,TRUE,1.429,0,FALSE,1,0,2,0.0209441963061608,2.91617605990249,0.972058686634162,1,0,1,,,,,,,,,,,
1000,62,50,2,0.001,0.001,200000,2000,249;869,0.00121843910382089,8.21066073017161,11.5045454554148,AIW-N,1,1,1,TRUE,FALSE,0.006,22.8082493027526,32.4789470071197,TRUE,3.215,0.5,FALSE,0,1,1,0.499999908078461,1.00000373724525,0.333334579081751,2,1,2,,,,,,,,,,,
2000,63,50,2,0.001,0.001,200000,2000,497;666,0.000135166299435392,8.21891933343867,11.5075537527413,AIW-N,2,2,2,FALSE,FALSE,0.006,73.4229361465042,104.554261072622,TRUE,9.59700000000001,1,TRUE,0,2,2,0.479796207937389,1.92762726251667,0.481906815629169,3,1,3,,,,,,,,,,,
500,64,50,2,0.001,0.001,200000,2000,124;418,0.000578806328248997,8.22435903709041,11.5095364534348,AIW-N,2,2,2,FALSE,FALSE,0.006,58.9422818739337,83.9338093884816,TRUE,1.53,0.5,FALSE,1,1,2,0.237051209188216,1.0953150042184,0.273828751054601,4,0.5,4,,,,,,,,,,,
1000,65,50,2,0.001,0.001,200000,2000,249;519,0.000141753462421882,8.22102948904316,11.5083227616178,AIW-N,1,1,1,TRUE,FALSE,0.004,25.2131613563257,35.9035417714078,TRUE,3.491,0.5,FALSE,0,1,5,0.0940619159828767,1.29498743705887,0.431662479019623,5,1,5,,,,,,,,,,,
2000,66,50,2,0.001,0.001,200000,2000,497;261,0.000156502477461884,8.22114186642893,11.508363719663,AIW-N,1,1,1,TRUE,FALSE,0.004,29.4971328012013,42.0039171089107,TRUE,9.498,0.5,FALSE,0,1,2,0.0853932507109608,1.58509647746915,0.528365492489716,6,1,6,,,,,,,,,,,
500,67,50,2,0.001,0.001,200000,2000,124;308,0.000543293727699536,8.21580861175681,11.5064203715954,AIW-N,2,2,2,FALSE,FALSE,0.004,50.4230796813204,71.8024654662003,TRUE,1.798,1,TRUE,0,2,1.5,0.679159295023653,0.437659890384054,0.109414972596014,7,1,7,,,,,,,,,,,
1000,68,50,2,0.001,0.001,200000,2000,249;684,3.23097436890659e-05,8.22019556643504,11.5080188358263,AIW-N,1,1,1,TRUE,FALSE,0.006,32.2082425885672,45.8645374461196,TRUE,3.865,0.5,FALSE,0,1,2,0.226922276805927,1.13594781382236,0.378649271274119,8,1,8,,,,,,,,,,,
2000,69,50,2,0.001,0.001,200000,2000,497;1671,0.00116742700818401,8.21104977533475,11.5046871196452,AIW-N,1,1,1,TRUE,FALSE,0.004,21.0060663856906,29.9126385332234,TRUE,11.112,0.5,FALSE,0,1,1,0.499999999999961,1.00000000000016,0.333333333333385,9,1,9,,,,,,,,,,,
500,70,50,2,0.001,0.001,200000,2000,124;398,0.00108163706329026,8.21170402315348,11.5049253641486,AIW-N,1,1,1,TRUE,FALSE,0.004,22.7057872683461,32.3330410701249,TRUE,1.327,0.5,FALSE,0,1,1,0.499997169888125,1.00001083383751,0.333336944612503,10,1,10,,,,,,,,,,,
1000,71,50,2,0.001,0.001,200000,2000,249;549,0.000275741900921223,8.22205034623302,11.5086948473661,AIW-N,1,1,1,TRUE,FALSE,0.006,31.6003357168277,44.9988780607626,TRUE,3.59,0.5,FALSE,0,1,4,0.0229920512162701,2.09938198789364,0.699793995964548,11,1,11,,,,,,,,,,,
2000,72,50,2,0.001,0.001,200000,2000,497;855,0.000433675043491177,8.21664420640864,11.5067247865597,AIW-N,2,2,2,FALSE,FALSE,0.006,61.6058598348735,87.7267444048599,TRUE,8.286,1,TRUE,0,2,1,0.999999999995605,1.62065040940933e-11,4.05162602352333e-12,12,1,12,,,,,,,,,,,
500,73,50,2,0.001,0.001,200000,2000,124;301,8.57787815101272e-06,8.2200147294902,11.5079529322258,AIW-N,2,2,2,FALSE,FALSE,0.006,54.355446308334,77.4021555430676,TRUE,1.21,1,TRUE,0,2,5.5,0.458282899573629,0.293954023697353,0.0734885059243382,13,1,13,,,,,,,,,,,
1000,74,50,2,0.001,0.001,200000,2000,249;83,1.13369965026019e-06,8.21995800418638,11.5079322596702,AIW-N,1,1,1,TRUE,FALSE,0.004,26.0729388133647,37.1278648702314,TRUE,3.588,0.5,FALSE,0,1,1,0.499999999999997,1.00000000000001,0.333333333333337,14,1,14,,,,,,,,,,,
2000,75,50,2,0.001,0.001,200000,2000,497;1739,8.72068217687922e-05,8.21928481881952,11.5076869369662,AIW-N,1,1,1,TRUE,FALSE,0.004,17.8994747398622,25.4888520295638,TRUE,9.325,0.5,FALSE,0,1,2,0.394537428765915,1.2888175873468,0.429605862448935,15,1,15,,,,,,,,,,,
500,76,50,2,0.001,0.001,200000,2000,124;52,0.000244048586150926,8.22180888373917,11.5086068351512,AIW-N,1,1,1,TRUE,FALSE,0.006,43.1990835305233,61.5154949474652,TRUE,1.238,0.5,FALSE,0,1,1,0.499859502954603,1.00056196711578,0.333520655705261,16,1,16,,,,,,,,,,,
1000,77,50,2,0.001,0.001,200000,2000,249;107,0.000530631023499129,8.22399207913239,11.5094026715523,AIW-N,2,2,2,FALSE,FALSE,0.004,65.1289723070466,92.7436565652344,TRUE,4.366,1,TRUE,0,2,1.5,0.588420315945492,0.259656135981502,0.0649140339953755,17,1,17,,,,,,,,,,,
2000,78,50,2,0.001,0.001,200000,2000,497;1840,6.1408557876959e-05,8.2194814148568,11.5077585791016,AIW-N,1,1,1,TRUE,FALSE,0.004,38.3661079437732,54.633337711933,TRUE,10.595,0.5,FALSE,0,1,6,0.157701102925033,1.14403096945139,0.381343656483796,18,1,18,,,,,,,,,,,
500,79,50,2,0.001,0.001,200000,2000,124;448,0.00363639841712356,8.19220400823104,11.4978304633313,AIW-N,1,1,1,TRUE,FALSE,0.006,46.3641013946703,66.0224803860105,TRUE,1.923,0.5,FALSE,0,1,1,0.499999969250509,1.00000009166634,0.333333363888782,19,1,19,,,,,,,,,,,
1000,80,50,2,0.001,0.001,200000,2000,249;610,0.000957949554918643,8.22724658908056,11.5105893224354,AIW-N,1,1,1,TRUE,FALSE,0.002,15.6094972431918,22.2279240743052,TRUE,3.462,0.5,FALSE,0,1,1,0.493783308208359,1.02486941362575,0.341623137875249,20,1,20,,,,,,,,,,,
500,61,50,2,0.001,0.001,200000,2000,124;285,0.00043150897230762,8.21666071715394,11.5067308018097,SuSiE-RSS: finite R0 + EB mismatch,5,1,1,FALSE,FALSE,,,,TRUE,0.0650000000000004,0,FALSE,1,0,2,0.028763779059564,2.91823050193919,0.972743500646398,1,0,1,0.16.6,2000,eb,mle,0.0503853373370589,19.6520265430513,0.00459907303472951,FALSE,FALSE,alpha_pip_fixed_point,6
1000,62,50,2,0.001,0.001,200000,2000,249;869,0.00121843910382089,8.21066073017161,11.5045454554148,SuSiE-RSS: finite R0 + EB mismatch,5,1,1,FALSE,FALSE,,,,TRUE,0.171,0.5,FALSE,0,1,1,0.502628881137592,1.00000372055156,0.333334573517187,2,1,2,0.16.6,2000,eb,mle,0.0534164429907288,18.5472175931924,0.00759590031238955,FALSE,FALSE,alpha_pip_fixed_point,2
2000,63,50,2,0.001,0.001,200000,2000,497;666,0.000135166299435392,8.21891933343867,11.5075537527413,SuSiE-RSS: finite R0 + EB mismatch,5,2,2,FALSE,FALSE,,,,TRUE,1.18,1,TRUE,0,2,4,0.437574665255904,1.81818835348588,0.454547088371469,3,1,3,0.16.6,2000,eb,mle,0.0124565019999864,77.1813256387449,0.0100238284558695,FALSE,FALSE,alpha_pip_fixed_point,6
500,64,50,2,0.001,0.001,200000,2000,124;418,0.000578806328248997,8.22435903709041,11.5095364534348,SuSiE-RSS: finite R0 + EB mismatch,5,2,2,FALSE,FALSE,,,,TRUE,0.0840000000000005,1,TRUE,0,2,2.5,0.286273542694426,0.780132792132626,0.195033198033157,4,1,4,0.16.6,2000,eb,mle,0.00834783557928002,113.021991767321,0.0145522645356067,FALSE,TRUE,alpha_pip_fixed_point,6
1000,65,50,2,0.001,0.001,200000,2000,249;519,0.000141753462421882,8.22102948904316,11.5083227616178,SuSiE-RSS: finite R0 + EB mismatch,5,1,1,FALSE,FALSE,,,,TRUE,0.465,0.5,FALSE,0,1,6,0.147976945305026,1.16228471153493,0.387428237178309,5,1,5,0.16.6,2000,eb,mle,0.0224892435955992,43.4986038510388,0.008549076621654,FALSE,TRUE,alpha_pip_fixed_point,18
2000,66,50,2,0.001,0.001,200000,2000,497;261,0.000156502477461884,8.22114186642893,11.508363719663,SuSiE-RSS: finite R0 + EB mismatch,5,2,2,FALSE,FALSE,,,,TRUE,1.187,0.5,FALSE,1,1,3,0.162446674330913,1.79828512354025,0.449571280885061,6,0.5,6,0.16.6,2000,eb,mle,0.0163297371267295,59.4186345556027,0.0097359800405133,FALSE,TRUE,alpha_pip_fixed_point,7
500,67,50,2,0.001,0.001,200000,2000,124;308,0.000543293727699536,8.21580861175681,11.5064203715954,SuSiE-RSS: finite R0 + EB mismatch,5,2,2,FALSE,FALSE,,,,TRUE,0.0829999999999993,1,TRUE,0,2,1.5,0.733626353401075,0.22617939429772,0.0565448485744301,7,1,7,0.16.6,2000,eb,mle,0.0264893068934776,37.0517110330708,0.00514292852237169,FALSE,TRUE,alpha_pip_fixed_point,6
1000,68,50,2,0.001,0.001,200000,2000,249;684,3.23097436890659e-05,8.22019556643504,11.5080188358263,SuSiE-RSS: finite R0 + EB mismatch,5,1,1,FALSE,FALSE,,,,TRUE,0.3,0.5,FALSE,0,1,2,0.331952626651869,1.19526362020435,0.398421206734785,8,1,8,0.16.6,2000,eb,mle,0.0200157856154153,48.7429542668165,0.00975327783242708,FALSE,FALSE,alpha_pip_fixed_point,9
2000,69,50,2,0.001,0.001,200000,2000,497;1671,0.00116742700818401,8.21104977533475,11.5046871196452,SuSiE-RSS: finite R0 + EB mismatch,1,1,1,FALSE,FALSE,,,,TRUE,0.988,0.5,FALSE,0,1,1,0.499999999999961,1.00000000000016,0.333333333333385,9,1,9,0.16.6,2000,eb,mle,0.0377578490060749,26.1384271719304,0.00915520959174296,FALSE,FALSE,alpha_pip_fixed_point,2
500,70,50,2,0.001,0.001,200000,2000,124;398,0.00108163706329026,8.21170402315348,11.5049253641486,SuSiE-RSS: finite R0 + EB mismatch,5,1,1,FALSE,FALSE,,,,TRUE,0.267,0.5,FALSE,0,1,1,0.91053911332651,1.0121847188937,0.3373949062979,10,1,10,0.16.6,2000,eb,mle,0.020456207220237,47.7185584915536,0.00889873858453013,FALSE,TRUE,alpha_pip_fixed_point,27
1000,71,50,2,0.001,0.001,200000,2000,249;549,0.000275741900921223,8.22205034623302,11.5086948473661,SuSiE-RSS: finite R0 + EB mismatch,5,1,1,FALSE,FALSE,,,,TRUE,0.189,0.5,FALSE,0,1,4,0.0291328527239996,2.09420381601391,0.698067938671305,11,1,11,0.16.6,2000,eb,mle,0.031586701025062,31.1655598130493,0.00911084149963223,FALSE,FALSE,alpha_pip_fixed_point,3
2000,72,50,2,0.001,0.001,200000,2000,497;855,0.000433675023841386,8.21664420655842,11.5067247866142,SuSiE-RSS: finite R0 + EB mismatch,2,2,2,FALSE,FALSE,,,,TRUE,0.882000000000001,1,TRUE,0,2,1,0.999532162754726,0.00187134896620004,0.000467837241550009,12,1,12,0.16.6,2000,eb,mle,0.0144714919589388,66.793610332399,0.0105853419277673,FALSE,TRUE,alpha_pip_fixed_point,4
500,73,50,2,0.001,0.001,200000,2000,124;301,8.57787815101272e-06,8.2200147294902,11.5079529322258,SuSiE-RSS: finite R0 + EB mismatch,5,2,2,FALSE,FALSE,,,,TRUE,0.172,1,TRUE,0,2,6.5,0.284658425454237,0.930409457691525,0.232602364422881,13,1,13,0.16.6,2000,eb,mle,0.0115598834904971,82.9195407060087,0.0149350988772433,FALSE,FALSE,alpha_pip_fixed_point,16
1000,74,50,2,0.001,0.001,200000,2000,249;83,1.13369965026019e-06,8.21995800418638,11.5079322596702,SuSiE-RSS: finite R0 + EB mismatch,2,1,1,FALSE,FALSE,,,,TRUE,0.39,0.5,FALSE,0,1,1,0.536563717515345,1.00000000000006,0.333333333333354,14,1,14,0.16.6,2000,eb,mle,0.0298978501115282,32.897063322934,0.00903653109685677,FALSE,FALSE,alpha_pip_fixed_point,13
2000,75,50,2,0.001,0.001,200000,2000,497;1739,8.72068217687922e-05,8.21928481881952,11.5076869369662,SuSiE-RSS: finite R0 + EB mismatch,5,1,1,FALSE,FALSE,,,,TRUE,1.051,0.5,FALSE,0,1,2,0.396583953545629,1.28800708805942,0.429335696019807,15,1,15,0.16.6,2000,eb,mle,0.0581449878084621,17.0517556123646,0.00742329023648805,FALSE,FALSE,alpha_pip_fixed_point,2
500,76,50,2,0.001,0.001,200000,2000,124;52,0.000244048586150926,8.22180888373917,11.5086068351512,SuSiE-RSS: finite R0 + EB mismatch,5,1,1,FALSE,FALSE,,,,TRUE,0.093,0.5,FALSE,0,1,1,0.938770513063542,1.02166818923396,0.340556063077985,16,1,16,0.16.6,2000,eb,mle,0.00789922712617632,119.05857348273,0.0133146827649017,FALSE,FALSE,alpha_pip_fixed_point,7
1000,77,50,2,0.001,0.001,200000,2000,249;107,0.000530631023499129,8.22399207913239,11.5094026715523,SuSiE-RSS: finite R0 + EB mismatch,5,2,2,FALSE,FALSE,,,,TRUE,0.238,1,TRUE,0,2,2,0.619898913955852,0.584974499836709,0.146243624959177,17,1,17,0.16.6,2000,eb,mle,0.015369460221963,63.0141155409948,0.00869090187733705,FALSE,TRUE,alpha_pip_fixed_point,7
2000,78,50,2,0.001,0.001,200000,2000,497;1840,6.1408557876959e-05,8.2194814148568,11.5077585791016,SuSiE-RSS: finite R0 + EB mismatch,5,2,2,FALSE,FALSE,,,,TRUE,1.079,1,TRUE,0,2,5,0.350378071820518,0.293160365410473,0.0732900913526183,18,1,18,0.16.6,2000,eb,mle,0.011432464083727,83.8049872166605,0.0110146214007983,FALSE,FALSE,alpha_pip_fixed_point,5
500,79,50,2,0.001,0.001,200000,2000,124;448,0.00363639841712356,8.19220400823104,11.4978304633313,SuSiE-RSS: finite R0 + EB mismatch,5,2,2,FALSE,FALSE,,,,TRUE,0.13,1,TRUE,0,2,3,0.675289378319338,0.5651553521722,0.14128883804305,19,1,19,0.16.6,2000,eb,mle,0.00820160296667563,114.921354586009,0.0138104006865596,FALSE,FALSE,alpha_pip_fixed_point,11
1000,80,50,2,0.001,0.001,200000,2000,249;610,0.000957949554918643,8.22724658908056,11.5105893224354,SuSiE-RSS: finite R0 + EB mismatch,5,1,1,FALSE,FALSE,,,,TRUE,0.216,0.5,FALSE,0,1,1,0.49631200099838,1.02459355252343,0.341531184174476,20,1,20,0.16.6,2000,eb,mle,0.0488771588257492,20.2522790654881,0.00754459463263176,FALSE,FALSE,alpha_pip_fixed_point,2
500,61,50,2,0.001,0.001,200000,2000,124;285,0.00043150897230762,8.21666071715394,11.5067308018097,SuSiE-RSS: in-sample R,3,2,2,FALSE,FALSE,,,,TRUE,0.0190000000000001,1,TRUE,0,2,1.5,0.551610778008842,0,0,1,1,1,,,,,,,,,,,
1000,62,50,2,0.001,0.001,200000,2000,249;869,0.00121843910382089,8.21066073017161,11.5045454554148,SuSiE-RSS: in-sample R,3,2,2,FALSE,FALSE,,,,TRUE,0.0440000000000005,1,TRUE,0,2,2.5,0.802466975192933,0,0,2,1,2,,,,,,,,,,,
2000,63,50,2,0.001,0.001,200000,2000,497;666,0.000135166299435392,8.21891933343867,11.5075537527413,SuSiE-RSS: in-sample R,5,2,2,FALSE,FALSE,,,,TRUE,0.146000000000001,1,TRUE,0,2,2.5,0.692285853294412,0,0,3,1,3,,,,,,,,,,,
500,64,50,2,0.001,0.001,200000,2000,124;418,0.000578806328248997,8.22435903709041,11.5095364534348,SuSiE-RSS: in-sample R,2,2,2,FALSE,FALSE,,,,TRUE,0.132,1,TRUE,0,2,2.5,0.181037439144203,0,0,4,1,4,,,,,,,,,,,
1000,65,50,2,0.001,0.001,200000,2000,249;519,0.000141753462421882,8.22102948904316,11.5083227616178,SuSiE-RSS: in-sample R,2,2,2,FALSE,FALSE,,,,TRUE,0.0410000000000004,1,TRUE,0,2,4,0.216806256451197,0,0,5,1,5,,,,,,,,,,,
2000,66,50,2,0.001,0.001,200000,2000,497;261,0.000156502477461884,8.22114186642893,11.508363719663,SuSiE-RSS: in-sample R,2,2,2,FALSE,FALSE,,,,TRUE,0.149000000000001,1,TRUE,0,2,3,0.555458931609945,0,0,6,1,6,,,,,,,,,,,
500,67,50,2,0.001,0.001,200000,2000,124;308,0.000543293727699536,8.21580861175681,11.5064203715954,SuSiE-RSS: in-sample R,3,2,2,FALSE,FALSE,,,,TRUE,0.0190000000000001,1,TRUE,0,2,1.5,0.788741434266562,0,0,7,1,7,,,,,,,,,,,
1000,68,50,2,0.001,0.001,200000,2000,249;684,3.23097436890659e-05,8.22019556643504,11.5080188358263,SuSiE-RSS: in-sample R,2,2,2,FALSE,FALSE,,,,TRUE,0.0410000000000004,1,TRUE,0,2,2.5,0.354333447957713,0,0,8,1,8,,,,,,,,,,,
2000,69,50,2,0.001,0.001,200000,2000,497;1671,0.00116742700818401,8.21104977533475,11.5046871196452,SuSiE-RSS: in-sample R,2,2,2,FALSE,FALSE,,,,TRUE,0.097999999999999,1,TRUE,0,2,1,0.999829261217095,0,0,9,1,9,,,,,,,,,,,
500,70,50,2,0.001,0.001,200000,2000,124;398,0.00108163706329026,8.21170402315348,11.5049253641486,SuSiE-RSS: in-sample R,2,2,2,FALSE,FALSE,,,,TRUE,0.0130000000000017,1,TRUE,0,2,1,0.999999878347026,0,0,10,1,10,,,,,,,,,,,
1000,71,50,2,0.001,0.001,200000,2000,249;549,0.000275741900921223,8.22205034623302,11.5086948473661,SuSiE-RSS: in-sample R,2,2,2,FALSE,FALSE,,,,TRUE,0.0549999999999997,1,TRUE,0,2,4.5,0.405252975774797,0,0,11,1,11,,,,,,,,,,,
2000,72,50,2,0.001,0.001,200000,2000,497;855,0.000433675043491177,8.21664420640864,11.5067247865597,SuSiE-RSS: in-sample R,2,2,2,FALSE,FALSE,,,,TRUE,0.0929999999999964,1,TRUE,0,2,1,0.999999999996269,0,0,12,1,12,,,,,,,,,,,
500,73,50,2,0.001,0.001,200000,2000,124;301,8.57787815101272e-06,8.2200147294902,11.5079529322258,SuSiE-RSS: in-sample R,2,2,2,FALSE,FALSE,,,,TRUE,0.0200000000000014,1,TRUE,0,2,5,0.483339635468492,0,0,13,1,13,,,,,,,,,,,
1000,74,50,2,0.001,0.001,200000,2000,249;83,1.13369965026019e-06,8.21995800418638,11.5079322596702,SuSiE-RSS: in-sample R,2,2,2,FALSE,FALSE,,,,TRUE,0.0459999999999994,1,TRUE,0,2,1.5,0.907659769782969,0,0,14,1,14,,,,,,,,,,,
2000,75,50,2,0.001,0.001,200000,2000,497;1739,8.72068217687922e-05,8.21928481881952,11.5076869369662,SuSiE-RSS: in-sample R,2,2,2,FALSE,FALSE,,,,TRUE,0.129999999999995,1,TRUE,0,2,2.5,0.695256134268391,0,0,15,1,15,,,,,,,,,,,
500,76,50,2,0.001,0.001,200000,2000,124;52,0.000244048586150926,8.22180888373917,11.5086068351512,SuSiE-RSS: in-sample R,5,2,2,FALSE,FALSE,,,,TRUE,0.0129999999999999,1,TRUE,0,2,1,0.999999994659499,0,0,16,1,16,,,,,,,,,,,
1000,77,50,2,0.001,0.001,200000,2000,249;107,0.000530631023499129,8.22399207913239,11.5094026715523,SuSiE-RSS: in-sample R,2,2,2,FALSE,FALSE,,,,TRUE,0.0500000000000007,1,TRUE,0,2,2,0.554788350598054,0,0,17,1,17,,,,,,,,,,,
2000,78,50,2,0.001,0.001,200000,2000,497;1840,6.1408557876959e-05,8.2194814148568,11.5077585791016,SuSiE-RSS: in-sample R,2,2,2,FALSE,FALSE,,,,TRUE,0.144000000000005,1,TRUE,0,2,3.5,0.387122541800885,0,0,18,1,18,,,,,,,,,,,
500,79,50,2,0.001,0.001,200000,2000,124;448,0.00363639841712356,8.19220400823104,11.4978304633313,SuSiE-RSS: in-sample R,2,2,2,FALSE,FALSE,,,,TRUE,0.0129999999999999,1,TRUE,0,2,1.5,0.814723210837964,0,0,19,1,19,,,,,,,,,,,
1000,80,50,2,0.001,0.001,200000,2000,249;610,0.000957949554918643,8.22724658908056,11.5105893224354,SuSiE-RSS: in-sample R,5,2,2,FALSE,FALSE,,,,TRUE,0.0629999999999988,1,TRUE,0,2,1,0.999999969411697,0,0,20,1,20,,,,,,,,,,,
500,61,50,2,0.001,0.001,200000,2000,124;285,0.00043150897230762,8.21666071715394,11.5067308018097,SuSiE-RSS: reference R0,5,3,3,FALSE,FALSE,,,,TRUE,0.0419999999999998,0,FALSE,3,0,1,0.0044185723209193,4.99022734583277,0.998045469166554,1,0,1,,,,,,,,,,,
1000,62,50,2,0.001,0.001,200000,2000,249;869,0.00121843910382089,8.21066073017161,11.5045454554148,SuSiE-RSS: reference R0,5,4,4,FALSE,FALSE,,,,TRUE,0.0509999999999984,1,TRUE,2,2,1.5,0.858274475993839,2.2895189849094,0.381586497484901,2,0.5,2,,,,,,,,,,,
2000,63,50,2,0.001,0.001,200000,2000,497;666,0.000135166299435392,8.21891933343867,11.5075537527413,SuSiE-RSS: reference R0,5,3,3,FALSE,FALSE,,,,TRUE,0.317999999999998,1,TRUE,1,2,1.66666666666667,0.601819350031352,2.48430175207654,0.496860350415308,3,0.666666666666667,3,,,,,,,,,,,
500,64,50,2,0.001,0.001,200000,2000,124;418,0.000578806328248997,8.22435903709041,11.5095364534348,SuSiE-RSS: reference R0,5,3,3,FALSE,FALSE,,,,TRUE,0.0259999999999998,0.5,FALSE,2,1,2.66666666666667,0.235680922441393,2.19007807854716,0.438015615709433,4,0.333333333333333,4,,,,,,,,,,,
1000,65,50,2,0.001,0.001,200000,2000,249;519,0.000141753462421882,8.22102948904316,11.5083227616178,SuSiE-RSS: reference R0,5,5,5,FALSE,FALSE,,,,TRUE,0.088000000000001,0.5,FALSE,4,1,1.8,0.0942111910595614,3.86267073075215,0.551810104393165,5,0.2,5,,,,,,,,,,,
2000,66,50,2,0.001,0.001,200000,2000,497;261,0.000156502477461884,8.22114186642893,11.508363719663,SuSiE-RSS: reference R0,5,4,4,FALSE,FALSE,,,,TRUE,0.251999999999995,0.5,FALSE,3,1,1.5,0.042840782251695,4.62638374741709,0.771063957902848,6,0.25,6,,,,,,,,,,,
500,67,50,2,0.001,0.001,200000,2000,124;308,0.000543293727699536,8.21580861175681,11.5064203715954,SuSiE-RSS: reference R0,5,4,4,FALSE,FALSE,,,,TRUE,0.0330000000000013,1,TRUE,2,2,1.5,0.633529637605108,2.62017852005012,0.436696420008354,7,0.5,7,,,,,,,,,,,
1000,68,50,2,0.001,0.001,200000,2000,249;684,3.23097436890659e-05,8.22019556643504,11.5080188358263,SuSiE-RSS: reference R0,5,4,4,FALSE,FALSE,,,,TRUE,0.0889999999999986,1,TRUE,2,2,1.75,0.396897587615964,2.21675537438982,0.369459229064971,8,0.5,8,,,,,,,,,,,
2000,69,50,2,0.001,0.001,200000,2000,497;1671,0.00116742700818401,8.21104977533475,11.5046871196452,SuSiE-RSS: reference R0,5,3,3,FALSE,FALSE,,,,TRUE,0.336999999999989,1,TRUE,1,2,1,0.998349836175375,1.00605422150784,0.201210844301568,9,0.666666666666667,9,,,,,,,,,,,
500,70,50,2,0.001,0.001,200000,2000,124;398,0.00108163706329026,8.21170402315348,11.5049253641486,SuSiE-RSS: reference R0,5,5,5,FALSE,FALSE,,,,TRUE,0.0180000000000007,0.5,FALSE,4,1,1.4,0.500576192218841,4.99769474478442,0.713956392112059,10,0.2,10,,,,,,,,,,,
1000,71,50,2,0.001,0.001,200000,2000,249;549,0.000275741900921223,8.22205034623302,11.5086948473661,SuSiE-RSS: reference R0,5,4,4,FALSE,FALSE,,,,TRUE,0.075999999999997,0.5,FALSE,3,1,3.5,0.305060466934144,3.8031070125312,0.633851168755199,11,0.25,11,,,,,,,,,,,
2000,72,50,2,0.001,0.001,200000,2000,497;855,0.000433675043491177,8.21664420640864,11.5067247865597,SuSiE-RSS: reference R0,5,4,4,FALSE,FALSE,,,,TRUE,0.166000000000004,1,TRUE,2,2,1,0.999999999999991,2.00000000001489,0.333333333335814,12,0.5,12,,,,,,,,,,,
500,73,50,2,0.001,0.001,200000,2000,124;301,8.57787815101272e-06,8.2200147294902,11.5079529322258,SuSiE-RSS: reference R0,5,4,4,FALSE,FALSE,,,,TRUE,0.0230000000000015,1,TRUE,2,2,3.25,0.392827800839415,2.54372418150604,0.423954030251006,13,0.5,13,,,,,,,,,,,
1000,74,50,2,0.001,0.001,200000,2000,249;83,1.13369965026019e-06,8.21995800418638,11.5079322596702,SuSiE-RSS: reference R0,5,4,4,FALSE,FALSE,,,,TRUE,0.0599999999999987,1,TRUE,2,2,1.75,0.993687292593113,2.34411009386224,0.390685015643707,14,0.5,14,,,,,,,,,,,
2000,75,50,2,0.001,0.001,200000,2000,497;1739,8.72068217687922e-05,8.21928481881952,11.5076869369662,SuSiE-RSS: reference R0,5,5,5,FALSE,FALSE,,,,TRUE,0.156000000000006,1,TRUE,3,2,1.6,0.681182402333468,3.48902120504661,0.498431600720945,15,0.4,15,,,,,,,,,,,
500,76,50,2,0.001,0.001,200000,2000,124;52,0.000244048586150926,8.22180888373917,11.5086068351512,SuSiE-RSS: reference R0,5,3,3,FALSE,FALSE,,,,TRUE,0.0220000000000002,1,TRUE,1,2,1,0.997283100253604,1.01087406485582,0.202174812971165,16,0.666666666666667,16,,,,,,,,,,,
1000,77,50,2,0.001,0.001,200000,2000,249;107,0.000530631023499129,8.22399207913239,11.5094026715523,SuSiE-RSS: reference R0,5,3,3,FALSE,FALSE,,,,TRUE,0.0839999999999996,0.5,FALSE,2,1,1.66666666666667,0.503001551884102,1.60818489214597,0.321636978429193,17,0.333333333333333,17,,,,,,,,,,,
2000,78,50,2,0.001,0.001,200000,2000,497;1840,6.1408557876959e-05,8.2194814148568,11.5077585791016,SuSiE-RSS: reference R0,5,4,4,FALSE,FALSE,,,,TRUE,0.295000000000002,1,TRUE,2,2,2.5,0.307218892760889,2.36485056534858,0.39414176089143,18,0.5,18,,,,,,,,,,,
500,79,50,2,0.001,0.001,200000,2000,124;448,0.00363639841712356,8.19220400823104,11.4978304633313,SuSiE-RSS: reference R0,5,4,4,FALSE,FALSE,,,,TRUE,0.0499999999999989,1,TRUE,2,2,1.75,0.621368358674584,2.77343229991366,0.462238716652276,19,0.5,19,,,,,,,,,,,
1000,80,50,2,0.001,0.001,200000,2000,249;610,0.000957949554918643,8.22724658908056,11.5105893224354,SuSiE-RSS: reference R0,5,4,4,FALSE,FALSE,,,,TRUE,0.0629999999999988,1,TRUE,2,2,1.25,0.999962589794311,2.00014954765563,0.333358257942606,20,0.5,20,,,,,,,,,,,
500,61,50,2,0.001,0.001,200000,2000,124;285,0.00043150897230762,8.21666071715394,11.5067308018097,collapsed-R,0,1,1,TRUE,FALSE,0.004,27.3899984948063,45.9330274757902,TRUE,0.571,0,FALSE,1,0,2,0.0209441963061608,2.91617605990249,0.972058686634162,1,0,1,,,,,,,,,,,
1000,62,50,2,0.001,0.001,200000,2000,249;869,0.00121843910382089,8.21066073017161,11.5045454554148,collapsed-R,0,0,1,TRUE,FALSE,0.006,14.5663987528458,24.4278507085224,TRUE,1.167,0.5,FALSE,0,1,1,0.499999908078461,1.00000373724525,0.333334579081751,2,1,2,,,,,,,,,,,
2000,63,50,2,0.001,0.001,200000,2000,497;666,0.000135166299435392,8.21891933343867,11.5075537527413,collapsed-R,0,1,1,TRUE,FALSE,0.006,40.587854533455,68.0658320526041,TRUE,2.842,0.5,FALSE,0,1,2,0.417070131322947,1.28853309671876,0.429511032239587,3,1,3,,,,,,,,,,,
500,64,50,2,0.001,0.001,200000,2000,124;418,0.000578806328248997,8.22435903709041,11.5095364534348,collapsed-R,0,1,1,TRUE,FALSE,0.004,18.888048549516,31.6752574175383,TRUE,0.648999999999999,0,FALSE,1,0,1,0.00458707989405899,1.75636017689377,0.585453392297925,4,0,4,,,,,,,,,,,
1000,65,50,2,0.001,0.001,200000,2000,249;519,0.000141753462421882,8.22102948904316,11.5083227616178,collapsed-R,0,1,1,TRUE,FALSE,0.004,19.4828837848374,32.6727961071724,TRUE,1.365,0.5,FALSE,0,1,5,0.0940619159828767,1.29498743705887,0.431662479019623,5,1,5,,,,,,,,,,,
2000,66,50,2,0.001,0.001,200000,2000,497;261,0.000156502477461884,8.22114186642893,11.508363719663,collapsed-R,0,1,1,TRUE,FALSE,0.004,21.9229662656178,36.7648144274411,TRUE,3.368,0.5,FALSE,0,1,2,0.0853932507109608,1.58509647746915,0.528365492489716,6,1,6,,,,,,,,,,,
500,67,50,2,0.001,0.001,200000,2000,124;308,0.000543293727699536,8.21580861175681,11.5064203715954,collapsed-R,0,0,1,TRUE,FALSE,0.004,19.015379779618,31.8887918904194,TRUE,0.536000000000001,0.5,FALSE,0,1,2,0.464097050816525,1.22911872476681,0.409706241588937,7,1,7,,,,,,,,,,,
1000,68,50,2,0.001,0.001,200000,2000,249;684,3.23097436890659e-05,8.22019556643504,11.5080188358263,collapsed-R,0,1,1,TRUE,FALSE,0.006,26.2119495241888,43.9574393520647,TRUE,1.385,0.5,FALSE,0,1,2,0.226922276805927,1.13594781382236,0.378649271274119,8,1,8,,,,,,,,,,,
2000,69,50,2,0.001,0.001,200000,2000,497;1671,0.00116742700818401,8.21104977533475,11.5046871196452,collapsed-R,0,0,1,TRUE,FALSE,0.004,14.8039307551251,24.8261918763448,TRUE,3.687,0.5,FALSE,0,1,1,0.499999999999961,1.00000000000016,0.333333333333385,9,1,9,,,,,,,,,,,
500,70,50,2,0.001,0.001,200000,2000,124;398,0.00108163706329026,8.21170402315348,11.5049253641486,collapsed-R,0,1,1,TRUE,FALSE,0.004,16.2245861985227,27.2086310549226,TRUE,0.561999999999999,0.5,FALSE,0,1,1,0.499997169888125,1.00001083383751,0.333336944612503,10,1,10,,,,,,,,,,,
1000,71,50,2,0.001,0.001,200000,2000,249;549,0.000275741900921223,8.22205034623302,11.5086948473661,collapsed-R,0,1,1,TRUE,FALSE,0.006,23.601676727628,39.5800118722322,TRUE,1.27,0.5,FALSE,0,1,4,0.0229920512162701,2.09938198789364,0.699793995964548,11,1,11,,,,,,,,,,,
2000,72,50,2,0.001,0.001,200000,2000,497;855,0.000433675043491177,8.21664420640864,11.5067247865597,collapsed-R,0,0,1,TRUE,FALSE,0.004,18.7919121408032,31.514036660127,TRUE,3.105,0.5,FALSE,0,1,1,0.499999999999652,1.00001217792038,0.333337392640126,12,1,12,,,,,,,,,,,
500,73,50,2,0.001,0.001,200000,2000,124;301,8.57787815101272e-06,8.2200147294902,11.5079529322258,collapsed-R,0,1,1,TRUE,FALSE,0.006,33.3774722315635,55.9740209323319,TRUE,0.633000000000001,0.5,FALSE,0,1,6,0.133432631056368,1.13368507745945,0.377895025819818,13,1,13,,,,,,,,,,,
1000,74,50,2,0.001,0.001,200000,2000,249;83,1.13369965026019e-06,8.21995800418638,11.5079322596702,collapsed-R,0,1,1,TRUE,FALSE,0.004,21.2681031368894,35.6666089605635,TRUE,1.33,0.5,FALSE,0,1,1,0.499999999999997,1.00000000000001,0.333333333333337,14,1,14,,,,,,,,,,,
2000,75,50,2,0.001,0.001,200000,2000,497;1739,8.72068217687922e-05,8.21928481881952,11.5076869369662,collapsed-R,0,0,1,TRUE,FALSE,0.004,10.2695547352144,17.2220432909545,TRUE,3.136,0.5,FALSE,0,1,2,0.394537428765915,1.2888175873468,0.429605862448935,15,1,15,,,,,,,,,,,
500,76,50,2,0.001,0.001,200000,2000,124;52,0.000244048586150926,8.22180888373917,11.5086068351512,collapsed-R,0,1,1,TRUE,FALSE,0.006,38.3274616631472,64.2751532090978,TRUE,0.606999999999999,0.5,FALSE,0,1,1,0.499859502954603,1.00056196711578,0.333520655705261,16,1,16,,,,,,,,,,,
1000,77,50,2,0.001,0.001,200000,2000,249;107,0.000530631023499129,8.22399207913239,11.5094026715523,collapsed-R,0,1,1,TRUE,FALSE,0.002,18.9931536218232,31.8515186237975,TRUE,1.554,0.5,FALSE,0,1,1,0.490767346920439,1.18803702779141,0.396012342597136,17,1,17,,,,,,,,,,,
2000,78,50,2,0.001,0.001,200000,2000,497;1840,6.1408557876959e-05,8.2194814148568,11.5077585791016,collapsed-R,0,1,1,TRUE,FALSE,0.004,30.6842015597569,51.4574060157123,TRUE,3.78100000000001,0.5,FALSE,0,1,6,0.157701102925033,1.14403096945139,0.381343656483796,18,1,18,,,,,,,,,,,
500,79,50,2,0.001,0.001,200000,2000,124;448,0.00363639841712356,8.19220400823104,11.4978304633313,collapsed-R,0,1,1,TRUE,FALSE,0.004,31.585584627947,52.9690254210672,TRUE,0.734999999999999,0.5,FALSE,0,1,1,0.499999969250509,1.00000009166634,0.333333363888782,19,1,19,,,,,,,,,,,
1000,80,50,2,0.001,0.001,200000,2000,249;610,0.000957949554918643,8.22724658908056,11.5105893224354,collapsed-R,0,0,1,TRUE,FALSE,0.002,10.8402357613844,18.1790753718417,TRUE,1.099,0.5,FALSE,0,1,1,0.493783308208359,1.02486941362575,0.341623137875249,20,1,20,,,,,,,,,,,
500,61,100,2,0.001,0.001,200000,2000,124;256,0.000427709672313705,8.2166896770252,11.5067413525887,AIW-N,2,2,2,FALSE,FALSE,0.006,116.953009845196,166.541086019559,TRUE,1.45,1,TRUE,0,2,1,0.999899612873591,0.00036381335202533,9.09533380063326e-05,1,1,1,,,,,,,,,,,
1000,62,100,2,0.001,0.001,200000,2000,249;734,0.000686482148061261,8.22517917369737,11.5098354666387,AIW-N,2,2,2,FALSE,FALSE,0.004,97.9789995887888,139.522095414435,TRUE,3.73200000000001,1,TRUE,0,2,2,0.551898296738479,0.497434391589436,0.124358597897359,2,1,2,,,,,,,,,,,
2000,63,100,2,0.001,0.001,200000,2000,497;1381,0.000638748733049788,8.22481560929673,11.5097029121514,AIW-N,2,2,2,FALSE,FALSE,0.002,69.9267375784493,99.5756743117118,TRUE,12.773,1,TRUE,0,2,2,0.596794516911734,0.65210817200046,0.163027043000115,3,1,3,,,,,,,,,,,
500,64,100,2,0.001,0.001,200000,2000,124;168,0.00276106540613666,8.19888922643917,11.5002614111243,AIW-N,2,2,2,FALSE,FALSE,0.004,115.3712637696,164.28867960791,TRUE,1.091,1,TRUE,0,2,1.5,0.77277406915189,0.129996807953317,0.0324992019883293,4,1,4,,,,,,,,,,,
1000,65,100,2,0.001,0.001,200000,2000,249;846,0.000196874616682828,8.22144946848656,11.5084758331183,AIW-N,2,2,2,FALSE,FALSE,0.004,78.3112565702899,111.515229356093,TRUE,3.45,1,TRUE,0,2,3.5,0.531176422022708,0.175150944805174,0.0437877362012936,5,1,5,,,,,,,,,,,
2000,66,100,2,0.001,0.001,200000,2000,497;1132,0.000180519786291054,8.2213248593621,11.5084304157547,AIW-N,2,2,2,FALSE,FALSE,0.004,135.803022710009,193.383504339053,TRUE,8.56099999999999,1,TRUE,0,2,1,0.994352264735481,0.046366556245995,0.0115916390614987,6,1,6,,,,,,,,,,,
500,67,100,2,0.001,0.001,200000,2000,124;440,0.000196802827402049,8.21844960105231,11.5073825869556,AIW-N,2,2,2,FALSE,FALSE,0.004,82.2671150043973,117.148371766262,TRUE,1.432,1,TRUE,0,2,1,0.99968431870987,0.0012401215258104,0.000310030381452601,7,1,7,,,,,,,,,,,
1000,68,100,2,0.001,0.001,200000,2000,249;151,0.000666410044378332,8.21487005116623,11.506078472489,AIW-N,5,2,2,FALSE,FALSE,0.004,156.177833744295,222.397235251876,TRUE,3.496,1,TRUE,0,2,2.5,0.536696379951865,1.41958432503796,0.354896081259491,8,1,8,,,,,,,,,,,
2000,69,100,2,0.001,0.001,200000,2000,497;1489,0.000667996733641663,8.22503837988629,11.5097841331245,AIW-N,2,2,2,FALSE,FALSE,0.004,123.737315807995,176.201937710585,TRUE,8.71799999999999,0.5,FALSE,1,1,4,0.504453465932647,1.64747458741665,0.411868646854162,9,0.5,9,,,,,,,,,,,
500,70,100,2,0.001,0.001,200000,2000,124;172,0.00135799439277407,8.23029249225991,11.5117002261176,AIW-N,4,2,2,FALSE,FALSE,0.004,106.509795686707,151.669949057871,TRUE,1.498,1,TRUE,0,2,1.5,0.680434999204566,0.218183084607729,0.0545457711519321,10,1,10,,,,,,,,,,,
1000,71,100,2,0.001,0.001,200000,2000,249;579,0.000159960881610367,8.21873037621747,11.5074848977489,AIW-N,2,2,2,FALSE,FALSE,0.006,119.052524933921,169.530795505904,TRUE,4.819,0.5,FALSE,1,1,5,0.0499729453674895,2.19280299925452,0.54820074981363,11,0.5,11,,,,,,,,,,,
2000,72,100,2,0.001,0.001,200000,2000,497;295,0.000157941716138301,8.22115283237867,11.5083677164312,AIW-N,2,2,2,FALSE,FALSE,0.002,80.1755767014765,114.170021222903,TRUE,9.336,1,TRUE,0,2,1.5,0.527175809226796,0.22145796293682,0.055364490734205,12,1,12,,,,,,,,,,,
500,73,100,2,0.001,0.001,200000,2000,124;455,0.00181740486128641,8.23378934239623,11.5129759742276,AIW-N,5,2,2,FALSE,FALSE,0.004,126.66473855748,180.370587705851,TRUE,1.271,1,TRUE,0,2,4,0.124976770453434,0.540619128724857,0.135154782181214,13,1,13,,,,,,,,,,,
1000,74,100,2,0.001,0.001,200000,2000,249;438,5.88502493709322e-05,8.22039780165125,11.5080925390103,AIW-N,2,2,2,FALSE,FALSE,0.002,127.202821548414,181.136817884942,TRUE,4.003,1,TRUE,0,2,3.5,0.515132609507615,1.78568292549898,0.446420731374746,14,1,14,,,,,,,,,,,
2000,75,100,2,0.001,0.001,200000,2000,497;1530,0.000587578013788847,8.21547102587351,11.5062973923902,AIW-N,2,2,2,FALSE,FALSE,0.004,66.7023965726556,94.9842127194616,TRUE,7.75800000000001,0.5,FALSE,1,1,1.5,0.492337851482676,1.15634236462693,0.289085591156732,15,0.5,15,,,,,,,,,,,
500,76,100,2,0.001,0.001,200000,2000,124;423,0.000520290851218411,8.21598396204137,11.5064842514487,AIW-N,2,2,2,FALSE,FALSE,0.002,52.0326459519078,74.0944878355166,TRUE,2.027,1,TRUE,0,2,3,0.766113199102555,0.744385289254612,0.186096322313653,16,1,16,,,,,,,,,,,
1000,77,100,2,0.001,0.001,200000,2000,249;127,0.000176744415787381,8.21860246857931,11.5074382895599,AIW-N,2,2,2,FALSE,FALSE,0.002,73.0611709038296,104.039107367053,TRUE,4.189,1,TRUE,0,2,1.5,0.852534366269854,0.494052186982911,0.123513046745728,17,1,17,,,,,,,,,,,
2000,78,100,2,0.001,0.001,200000,2000,497;808,0.00391809769959133,8.24976460834667,11.5188092871813,AIW-N,2,2,2,FALSE,FALSE,0.004,133.766556373472,190.483576275824,TRUE,7.851,1,TRUE,0,2,3.5,0.568183755948172,0.720168423409861,0.180042105852465,18,1,18,,,,,,,,,,,
500,79,100,2,0.001,0.001,200000,2000,124;441,0.00319225023813925,8.24424737639752,11.516793745002,AIW-N,2,2,2,FALSE,FALSE,0.006,77.6552282957902,110.581045093205,TRUE,1.559,1,TRUE,0,2,1.5,0.964086547120775,0.136788569959959,0.0341971424899898,19,1,19,,,,,,,,,,,
1000,80,100,2,0.001,0.001,200000,2000,249;512,0.00379356632039857,8.24881823378069,11.5184634891107,AIW-N,2,2,2,FALSE,FALSE,0.004,43.0935955817943,61.365280108475,TRUE,4.052,1,TRUE,0,2,3,0.602118410884207,0.403907540054887,0.100976885013722,20,1,20,,,,,,,,,,,
500,61,100,2,0.001,0.001,200000,2000,124;256,0.000427709672313705,8.2166896770252,11.5067413525887,SuSiE-RSS: finite R0 + EB mismatch,5,2,2,FALSE,FALSE,,,,TRUE,0.0960000000000001,1,TRUE,0,2,1,0.985643088263181,0.0576935750745955,0.0144233937686489,1,1,1,0.16.6,2000,eb,mle,0.00826822245492521,114.048201347616,0.00775648042000908,FALSE,TRUE,alpha_pip_fixed_point,6
1000,62,100,2,0.001,0.001,200000,2000,249;734,0.000686482148061261,8.22517917369737,11.5098354666387,SuSiE-RSS: finite R0 + EB mismatch,5,2,2,FALSE,FALSE,,,,TRUE,0.281000000000001,1,TRUE,0,2,2,0.572508713031759,0.335180572153388,0.083795143038347,2,1,2,0.16.6,2000,eb,mle,0.00141247845414897,522.881707676539,0.019136620248678,FALSE,FALSE,alpha_pip_fixed_point,11
2000,63,100,2,0.001,0.001,200000,2000,497;1381,0.000638748733049788,8.22481560929673,11.5097029121514,SuSiE-RSS: finite R0 + EB mismatch,5,2,2,FALSE,FALSE,,,,TRUE,0.966999999999999,1,TRUE,0,2,3,0.538636490803608,0.483612626915189,0.120903156728797,3,1,3,0.16.6,2000,eb,mle,0.00912979847620096,103.844333032659,0.00840436657220878,FALSE,FALSE,alpha_pip_fixed_point,4
500,64,100,2,0.001,0.001,200000,2000,124;168,0.00276106540613666,8.19888922643917,11.5002614111243,SuSiE-RSS: finite R0 + EB mismatch,5,2,2,FALSE,FALSE,,,,TRUE,0.145,1,TRUE,0,2,1.5,0.753437985941436,0.209549340969834,0.0523873352424586,4,1,4,0.16.6,2000,eb,mle,0.0028236841694278,300.870945921483,0.0111918228786563,FALSE,FALSE,alpha_pip_fixed_point,16
1000,65,100,2,0.001,0.001,200000,2000,249;846,0.000196874616682828,8.22144946848656,11.5084758331183,SuSiE-RSS: finite R0 + EB mismatch,5,2,2,FALSE,FALSE,,,,TRUE,0.211,1,TRUE,0,2,3.5,0.53981929591061,0.223325168278064,0.0558312920695159,5,1,5,0.16.6,2000,eb,mle,0.00921790610288062,102.902825918803,0.00867528404274397,FALSE,FALSE,alpha_pip_fixed_point,5
2000,66,100,2,0.001,0.001,200000,2000,497;1132,0.000180519786291054,8.2213248593621,11.5084304157547,SuSiE-RSS: finite R0 + EB mismatch,5,2,2,FALSE,FALSE,,,,TRUE,1.306,1,TRUE,0,2,1.5,0.97252698860519,0.0410963658110565,0.0102740914527641,6,1,6,0.16.6,2000,eb,mle,0.00699995452140715,133.334141846553,0.0077968363806713,FALSE,FALSE,alpha_pip_fixed_point,4
500,67,100,2,0.001,0.001,200000,2000,124;440,0.000196802827402049,8.21844960105231,11.5073825869556,SuSiE-RSS: finite R0 + EB mismatch,5,2,2,FALSE,FALSE,,,,TRUE,0.0819999999999999,1,TRUE,0,2,1,0.985698148652956,0.0575209162612605,0.0143802290653151,7,1,7,0.16.6,2000,eb,mle,0.00862120377099496,109.634651862505,0.00831639421663518,FALSE,FALSE,alpha_pip_fixed_point,5
1000,68,100,2,0.001,0.001,200000,2000,249;151,0.000666410044378332,8.21487005116623,11.506078472489,SuSiE-RSS: finite R0 + EB mismatch,5,2,2,FALSE,FALSE,,,,TRUE,0.252999999999999,1,TRUE,0,2,3,0.497046408001062,1.32375182332982,0.330937955832455,8,1,8,0.16.6,2000,eb,mle,0.00306997291002293,280.114170388362,0.0108983783676539,FALSE,FALSE,alpha_pip_fixed_point,8
2000,69,100,2,0.001,0.001,200000,2000,497;1489,0.000667996733641663,8.22503837988629,11.5097841331245,SuSiE-RSS: finite R0 + EB mismatch,5,2,2,FALSE,FALSE,,,,TRUE,1.134,0.5,FALSE,1,1,4,0.514465217990332,1.61029095318561,0.402572738296403,9,0.5,9,0.16.6,2000,eb,mle,0.00529262438924988,172.633323482156,0.00982943947432312,FALSE,FALSE,alpha_pip_fixed_point,4
500,70,100,2,0.001,0.001,200000,2000,124;172,0.00135799439277407,8.23029249225991,11.5117002261176,SuSiE-RSS: finite R0 + EB mismatch,5,2,2,FALSE,FALSE,,,,TRUE,0.0820000000000007,1,TRUE,0,2,1.5,0.709978568037557,0.100524440182484,0.025131110045621,10,1,10,0.16.6,2000,eb,mle,0.00527921989221419,173.033734422739,0.00960080716629982,FALSE,FALSE,alpha_pip_fixed_point,6
1000,71,100,2,0.001,0.001,200000,2000,249;579,0.000159960881610367,8.21873037621747,11.5074848977489,SuSiE-RSS: finite R0 + EB mismatch,5,1,1,FALSE,FALSE,,,,TRUE,0.25,0.5,FALSE,0,1,3,0.0666019403458095,1.33741172412297,0.445803908040991,11,1,11,0.16.6,2000,eb,mle,0.00580318106340718,158.650051448697,0.00968734930390726,FALSE,FALSE,alpha_pip_fixed_point,7
2000,72,100,2,0.001,0.001,200000,2000,497;295,0.000157941734551027,8.22115283251896,11.5083677164823,SuSiE-RSS: finite R0 + EB mismatch,5,2,2,FALSE,FALSE,,,,TRUE,1.026,1,TRUE,0,2,2,0.585807288653625,0.295871054547862,0.0739677636369655,12,1,12,0.16.6,2000,eb,mle,0.00760983285158544,123.307103648197,0.00777610436597798,FALSE,FALSE,alpha_pip_fixed_point,4
500,73,100,2,0.001,0.001,200000,2000,124;455,0.00181740486128641,8.23378934239623,11.5129759742276,SuSiE-RSS: finite R0 + EB mismatch,5,2,2,FALSE,FALSE,,,,TRUE,0.106,1,TRUE,0,2,4,0.165967033783608,0.355085135334896,0.0887712838337239,13,1,13,0.16.6,2000,eb,mle,0.00199832321982408,400.26846489079,0.016303908488566,FALSE,FALSE,alpha_pip_fixed_point,9
1000,74,100,2,0.001,0.001,200000,2000,249;438,5.88502493709322e-05,8.22039780165125,11.5080925390103,SuSiE-RSS: finite R0 + EB mismatch,5,2,2,FALSE,FALSE,,,,TRUE,0.183,1,TRUE,0,2,3.5,0.531160330762634,1.67460858721115,0.418652146802787,14,1,14,0.16.6,2000,eb,mle,0.00741270019039211,126.379109019477,0.00609303257379903,FALSE,FALSE,alpha_pip_fixed_point,4
2000,75,100,2,0.001,0.001,200000,2000,497;1530,0.000587578013788847,8.21547102587351,11.5062973923902,SuSiE-RSS: finite R0 + EB mismatch,5,1,1,FALSE,FALSE,,,,TRUE,0.992000000000001,0,FALSE,1,0,1,0.00930796363037772,1.60140513603137,0.533801712010457,15,0,15,0.16.6,2000,eb,mle,0.0306691999364458,32.0829537504654,0.00558343958617792,FALSE,FALSE,alpha_pip_fixed_point,2
500,76,100,2,0.001,0.001,200000,2000,124;423,0.000520290851218411,8.21598396204137,11.5064842514487,SuSiE-RSS: finite R0 + EB mismatch,5,2,2,FALSE,FALSE,,,,TRUE,0.077,1,TRUE,0,2,3.5,0.638453395557365,1.26364976359648,0.315912440899119,16,1,16,0.16.6,2000,eb,mle,0.0117907855361824,81.3617646371044,0.00807315440802441,FALSE,TRUE,alpha_pip_fixed_point,6
1000,77,100,2,0.001,0.001,200000,2000,249;127,0.000176744415787381,8.21860246857931,11.5074382895599,SuSiE-RSS: finite R0 + EB mismatch,5,2,2,FALSE,FALSE,,,,TRUE,0.210000000000001,1,TRUE,0,2,1.5,0.820711025793672,0.623473920315431,0.155868480078858,17,1,17,0.16.6,2000,eb,mle,0.00741380607058499,126.361448724012,0.00871505574749374,FALSE,FALSE,alpha_pip_fixed_point,5
2000,78,100,2,0.001,0.001,200000,2000,497;808,0.00391809769959133,8.24976460834667,11.5188092871813,SuSiE-RSS: finite R0 + EB mismatch,5,2,2,FALSE,FALSE,,,,TRUE,1.074,1,TRUE,0,2,4,0.51402724791222,0.514764557564841,0.12869113939121,18,1,18,0.16.6,2000,eb,mle,0.00382320182642858,231.310042914676,0.0107160983539838,FALSE,FALSE,alpha_pip_fixed_point,10
500,79,100,2,0.001,0.001,200000,2000,124;441,0.00319225023813925,8.24424737639752,11.516793745002,SuSiE-RSS: finite R0 + EB mismatch,5,2,2,FALSE,FALSE,,,,TRUE,0.122,1,TRUE,0,2,2.5,0.74633942802533,1.01380027973494,0.253450069933735,19,1,19,0.16.6,2000,eb,mle,0.0145919640333749,66.2604282509925,0.00767287629031025,FALSE,TRUE,alpha_pip_fixed_point,10
1000,80,100,2,0.001,0.001,200000,2000,249;512,0.00379356632039857,8.24881823378069,11.5184634891107,SuSiE-RSS: finite R0 + EB mismatch,5,2,2,FALSE,FALSE,,,,TRUE,0.221,1,TRUE,0,2,3.5,0.585174798324162,0.386446875673455,0.0966117189183639,20,1,20,0.16.6,2000,eb,mle,0.0201248414135213,48.4852212897219,0.00917202489829599,FALSE,TRUE,alpha_pip_fixed_point,8
500,61,100,2,0.001,0.001,200000,2000,124;256,0.000427709672313705,8.2166896770252,11.5067413525887,SuSiE-RSS: in-sample R,5,2,2,FALSE,FALSE,,,,TRUE,0.0159999999999982,1,TRUE,0,2,1,0.999982005526812,0,0,1,1,1,,,,,,,,,,,
1000,62,100,2,0.001,0.001,200000,2000,249;734,0.000686482148061261,8.22517917369737,11.5098354666387,SuSiE-RSS: in-sample R,2,2,2,FALSE,FALSE,,,,TRUE,0.0399999999999991,1,TRUE,0,2,2,0.608049572534009,0,0,2,1,2,,,,,,,,,,,
2000,63,100,2,0.001,0.001,200000,2000,497;1381,0.000638748733049788,8.22481560929673,11.5097029121514,SuSiE-RSS: in-sample R,5,2,2,FALSE,FALSE,,,,TRUE,0.116000000000014,1,TRUE,0,2,2.5,0.589527617520041,0,0,3,1,3,,,,,,,,,,,
500,64,100,2,0.001,0.001,200000,2000,124;168,0.00276106540613666,8.19888922643917,11.5002614111243,SuSiE-RSS: in-sample R,2,2,2,FALSE,FALSE,,,,TRUE,0.014999999999997,1,TRUE,0,2,1.5,0.802968990002809,0,0,4,1,4,,,,,,,,,,,
1000,65,100,2,0.001,0.001,200000,2000,249;846,0.000196874616682828,8.22144946848656,11.5084758331183,SuSiE-RSS: in-sample R,2,2,2,FALSE,FALSE,,,,TRUE,0.0459999999999994,1,TRUE,0,2,3.5,0.541676140422598,0,0,5,1,5,,,,,,,,,,,
2000,66,100,2,0.001,0.001,200000,2000,497;1132,0.000180519786291054,8.2213248593621,11.5084304157547,SuSiE-RSS: in-sample R,5,2,2,FALSE,FALSE,,,,TRUE,0.103000000000009,1,TRUE,0,2,1,0.98278029899603,0,0,6,1,6,,,,,,,,,,,
500,67,100,2,0.001,0.001,200000,2000,124;440,0.000196802827402049,8.21844960105231,11.5073825869556,SuSiE-RSS: in-sample R,2,2,2,FALSE,FALSE,,,,TRUE,0.0130000000000017,1,TRUE,0,2,1,0.999994349091322,0,0,7,1,7,,,,,,,,,,,
1000,68,100,2,0.001,0.001,200000,2000,249;151,0.000666410044378332,8.21487005116623,11.506078472489,SuSiE-RSS: in-sample R,2,2,2,FALSE,FALSE,,,,TRUE,0.0480000000000018,1,TRUE,0,2,2.5,0.375908314632131,0,0,8,1,8,,,,,,,,,,,
2000,69,100,2,0.001,0.001,200000,2000,497;1489,0.000667996733641663,8.22503837988629,11.5097841331245,SuSiE-RSS: in-sample R,2,2,2,FALSE,FALSE,,,,TRUE,0.137999999999991,1,TRUE,0,2,3,0.916321870502497,0,0,9,1,9,,,,,,,,,,,
500,70,100,2,0.001,0.001,200000,2000,124;172,0.00135799439277407,8.23029249225991,11.5117002261176,SuSiE-RSS: in-sample R,5,2,2,FALSE,FALSE,,,,TRUE,0.00899999999999679,1,TRUE,0,2,1.5,0.734829214231687,0,0,10,1,10,,,,,,,,,,,
1000,71,100,2,0.001,0.001,200000,2000,249;579,0.000159960881610367,8.21873037621747,11.5074848977489,SuSiE-RSS: in-sample R,2,2,2,FALSE,FALSE,,,,TRUE,0.0409999999999968,0.5,FALSE,1,1,3,0.101924913824993,0,0,11,0.5,11,,,,,,,,,,,
2000,72,100,2,0.001,0.001,200000,2000,497;295,0.000157941716138301,8.22115283237867,11.5083677164312,SuSiE-RSS: in-sample R,2,2,2,FALSE,FALSE,,,,TRUE,0.146000000000001,1,TRUE,0,2,1.5,0.582531455625023,0,0,12,1,12,,,,,,,,,,,
500,73,100,2,0.001,0.001,200000,2000,124;455,0.00181740486128641,8.23378934239623,11.5129759742276,SuSiE-RSS: in-sample R,2,2,2,FALSE,FALSE,,,,TRUE,0.0180000000000007,1,TRUE,0,2,4,0.228977302452346,0,0,13,1,13,,,,,,,,,,,
1000,74,100,2,0.001,0.001,200000,2000,249;438,5.88502493709322e-05,8.22039780165125,11.5080925390103,SuSiE-RSS: in-sample R,2,2,2,FALSE,FALSE,,,,TRUE,0.0399999999999991,1,TRUE,0,2,2,0.909614307372584,0,0,14,1,14,,,,,,,,,,,
2000,75,100,2,0.001,0.001,200000,2000,497;1530,0.000587578013788847,8.21547102587351,11.5062973923902,SuSiE-RSS: in-sample R,5,2,2,FALSE,FALSE,,,,TRUE,0.150999999999996,1,TRUE,0,2,2,0.478620663898194,0,0,15,1,15,,,,,,,,,,,
500,76,100,2,0.001,0.001,200000,2000,124;423,0.000520290851218411,8.21598396204137,11.5064842514487,SuSiE-RSS: in-sample R,2,2,2,FALSE,FALSE,,,,TRUE,0.0119999999999969,1,TRUE,0,2,2,0.952209512583437,0,0,16,1,16,,,,,,,,,,,
1000,77,100,2,0.001,0.001,200000,2000,249;127,0.000176744415787381,8.21860246857931,11.5074382895599,SuSiE-RSS: in-sample R,2,2,2,FALSE,FALSE,,,,TRUE,0.0540000000000021,1,TRUE,0,2,1,0.976045879419988,0,0,17,1,17,,,,,,,,,,,
2000,78,100,2,0.001,0.001,200000,2000,497;808,0.00391809769959133,8.24976460834667,11.5188092871813,SuSiE-RSS: in-sample R,5,2,2,FALSE,FALSE,,,,TRUE,0.155999999999992,1,TRUE,0,2,4,0.416455107372832,0,0,18,1,18,,,,,,,,,,,
500,79,100,2,0.001,0.001,200000,2000,124;441,0.00319225023813925,8.24424737639752,11.516793745002,SuSiE-RSS: in-sample R,2,2,2,FALSE,FALSE,,,,TRUE,0.0199999999999996,1,TRUE,0,2,1,0.998283682085722,0,0,19,1,19,,,,,,,,,,,
1000,80,100,2,0.001,0.001,200000,2000,249;512,0.00379356632039857,8.24881823378069,11.5184634891107,SuSiE-RSS: in-sample R,2,2,2,FALSE,FALSE,,,,TRUE,0.0260000000000034,1,TRUE,0,2,3.5,0.607946482719695,0,0,20,1,20,,,,,,,,,,,
500,61,100,2,0.001,0.001,200000,2000,124;256,0.000427709672313705,8.2166896770252,11.5067413525887,SuSiE-RSS: reference R0,5,4,4,FALSE,FALSE,,,,TRUE,0.0259999999999998,1,TRUE,2,2,1.25,0.966649830631689,2.13333980495932,0.355556634159887,1,0.5,1,,,,,,,,,,,
1000,62,100,2,0.001,0.001,200000,2000,249;734,0.000686482148061261,8.22517917369737,11.5098354666387,SuSiE-RSS: reference R0,5,3,3,FALSE,FALSE,,,,TRUE,0.106999999999999,1,TRUE,1,2,2,0.557932696137489,1.43727934144225,0.287455868288451,2,0.666666666666667,2,,,,,,,,,,,
2000,63,100,2,0.001,0.001,200000,2000,497;1381,0.000638748733049788,8.22481560929673,11.5097029121514,SuSiE-RSS: reference R0,5,2,2,FALSE,FALSE,,,,TRUE,0.613,1,TRUE,0,2,2,0.609926814590932,0.68362552476945,0.170906381192363,3,1,3,,,,,,,,,,,
500,64,100,2,0.001,0.001,200000,2000,124;168,0.00276106540613666,8.19888922643917,11.5002614111243,SuSiE-RSS: reference R0,5,4,4,FALSE,FALSE,,,,TRUE,0.0210000000000008,1,TRUE,2,2,1.25,0.7727649015134,2.13053167685804,0.355088612809674,4,0.5,4,,,,,,,,,,,
1000,65,100,2,0.001,0.001,200000,2000,249;846,0.000196874616682828,8.22144946848656,11.5084758331183,SuSiE-RSS: reference R0,5,3,3,FALSE,FALSE,,,,TRUE,0.0670000000000002,1,TRUE,1,2,3.33333333333333,0.532585337106483,1.17514569053117,0.235029138106234,5,0.666666666666667,5,,,,,,,,,,,
2000,66,100,2,0.001,0.001,200000,2000,497;1132,0.000180519786291054,8.2213248593621,11.5084304157547,SuSiE-RSS: reference R0,5,2,2,FALSE,FALSE,,,,TRUE,0.239000000000004,1,TRUE,0,2,1,0.993844334224781,0.0443345285598818,0.0110836321399704,6,1,6,,,,,,,,,,,
500,67,100,2,0.001,0.001,200000,2000,124;440,0.000196802827402049,8.21844960105231,11.5073825869556,SuSiE-RSS: reference R0,5,3,3,FALSE,FALSE,,,,TRUE,0.0360000000000014,1,TRUE,1,2,1.33333333333333,0.997873038205898,1.00848546262231,0.201697092524461,7,0.666666666666667,7,,,,,,,,,,,
1000,68,100,2,0.001,0.001,200000,2000,249;151,0.000666410044378332,8.21487005116623,11.506078472489,SuSiE-RSS: reference R0,5,2,2,FALSE,FALSE,,,,TRUE,0.0750000000000028,1,TRUE,0,2,2.5,0.537355894145451,1.42218616462629,0.355546541156573,8,1,8,,,,,,,,,,,
2000,69,100,2,0.001,0.001,200000,2000,497;1489,0.000667996733641663,8.22503837988629,11.5097841331245,SuSiE-RSS: reference R0,5,2,2,FALSE,FALSE,,,,TRUE,0.204000000000008,0.5,FALSE,1,1,4,0.505694701736805,1.64277878240858,0.410694695602145,9,0.5,9,,,,,,,,,,,
500,70,100,2,0.001,0.001,200000,2000,124;172,0.00135799439277407,8.23029249225991,11.5117002261176,SuSiE-RSS: reference R0,5,2,2,FALSE,FALSE,,,,TRUE,0.0199999999999996,1,TRUE,0,2,1.5,0.680991182581955,0.217022810471196,0.0542557026177989,10,1,10,,,,,,,,,,,
1000,71,100,2,0.001,0.001,200000,2000,249;579,0.000159960881610367,8.21873037621747,11.5074848977489,SuSiE-RSS: reference R0,5,3,3,FALSE,FALSE,,,,TRUE,0.0949999999999989,0,FALSE,3,0,1.66666666666667,0.0186799283443388,3.14336807117695,0.62867361423539,11,0,11,,,,,,,,,,,
2000,72,100,2,0.001,0.001,200000,2000,497;295,0.000157941716138301,8.22115283237867,11.5083677164312,SuSiE-RSS: reference R0,5,2,2,FALSE,FALSE,,,,TRUE,0.212999999999994,1,TRUE,0,2,1.5,0.526107755820227,0.225774618386104,0.056443654596526,12,1,12,,,,,,,,,,,
500,73,100,2,0.001,0.001,200000,2000,124;455,0.00181740486128641,8.23378934239623,11.5129759742276,SuSiE-RSS: reference R0,5,2,2,FALSE,FALSE,,,,TRUE,0.0209999999999972,1,TRUE,0,2,4,0.124789738825563,0.54143576863286,0.135358942158215,13,1,13,,,,,,,,,,,
1000,74,100,2,0.001,0.001,200000,2000,249;438,5.88502493709322e-05,8.22039780165125,11.5080925390103,SuSiE-RSS: reference R0,5,3,3,FALSE,FALSE,,,,TRUE,0.0959999999999965,0.5,FALSE,2,1,2.66666666666667,0.505142791463253,2.82320026883564,0.564640053767127,14,0.333333333333333,14,,,,,,,,,,,
2000,75,100,2,0.001,0.001,200000,2000,497;1530,0.000587578013788847,8.21547102587351,11.5062973923902,SuSiE-RSS: reference R0,5,4,4,FALSE,FALSE,,,,TRUE,0.141999999999996,0.5,FALSE,3,1,2,0.475355294547782,3.21631599570187,0.536052665950311,15,0.25,15,,,,,,,,,,,
500,76,100,2,0.001,0.001,200000,2000,124;423,0.000520290851218411,8.21598396204137,11.5064842514487,SuSiE-RSS: reference R0,5,3,3,FALSE,FALSE,,,,TRUE,0.0440000000000005,1,TRUE,1,2,3,0.52592315935463,2.70521010657384,0.541042021314769,16,0.666666666666667,16,,,,,,,,,,,
1000,77,100,2,0.001,0.001,200000,2000,249;127,0.000176744415787381,8.21860246857931,11.5074382895599,SuSiE-RSS: reference R0,5,3,3,FALSE,FALSE,,,,TRUE,0.103999999999999,1,TRUE,1,2,1.33333333333333,0.936499871491691,1.15819742496622,0.231639484993244,17,0.666666666666667,17,,,,,,,,,,,
2000,78,100,2,0.001,0.001,200000,2000,497;808,0.00391809769959133,8.24976460834667,11.5188092871813,SuSiE-RSS: reference R0,5,3,3,FALSE,FALSE,,,,TRUE,0.182999999999993,1,TRUE,1,2,2.66666666666667,0.578050570188155,1.74872401803548,0.349744803607097,18,0.666666666666667,18,,,,,,,,,,,
500,79,100,2,0.001,0.001,200000,2000,124;441,0.00319225023813925,8.24424737639752,11.516793745002,SuSiE-RSS: reference R0,5,4,4,FALSE,FALSE,,,,TRUE,0.032,1,TRUE,2,2,2,0.99993187712199,2.00700413987551,0.334500689979252,19,0.5,19,,,,,,,,,,,
1000,80,100,2,0.001,0.001,200000,2000,249;512,0.00379356632039857,8.24881823378069,11.5184634891107,SuSiE-RSS: reference R0,5,3,3,FALSE,FALSE,,,,TRUE,0.0790000000000006,1,TRUE,1,2,1.66666666666667,0.587608844568953,1.59487459103739,0.318974918207477,20,0.666666666666667,20,,,,,,,,,,,
500,61,100,2,0.001,0.001,200000,2000,124;256,0.000427709672313705,8.2166896770252,11.5067413525887,collapsed-R,0,2,2,FALSE,FALSE,0.004,42.4693364646975,71.2210772512977,TRUE,0.981000000000002,1,TRUE,0,2,3.5,0.751247767321932,1.00032430742608,0.250081076856519,1,1,1,,,,,,,,,,,
1000,62,100,2,0.001,0.001,200000,2000,249;734,0.000686482148061261,8.22517917369737,11.5098354666387,collapsed-R,0,2,2,FALSE,FALSE,0.004,51.8320185706056,86.9222951429056,TRUE,1.296,1,TRUE,0,2,3,0.583292189172826,0.401759763335279,0.10043994083382,2,1,2,,,,,,,,,,,
2000,63,100,2,0.001,0.001,200000,2000,497;1381,0.000638748733049788,8.22481560929673,11.5097029121514,collapsed-R,0,1,1,TRUE,FALSE,0.002,33.0415657971184,55.4107058417676,TRUE,3.56999999999999,0.5,FALSE,0,1,2,0.464406532007597,1.16615353003861,0.388717843346202,3,1,3,,,,,,,,,,,
500,64,100,2,0.001,0.001,200000,2000,124;168,0.00276106540613666,8.19888922643917,11.5002614111243,collapsed-R,0,2,2,FALSE,FALSE,0.004,71.6692872393023,120.18939470031,TRUE,0.936,1,TRUE,0,2,2,0.65480260598366,0.600070510460905,0.150017627615226,4,1,4,,,,,,,,,,,
1000,65,100,2,0.001,0.001,200000,2000,249;846,0.000196874616682828,8.22144946848656,11.5084758331183,collapsed-R,0,1,1,TRUE,FALSE,0.002,29.6105696851173,49.6569253619416,TRUE,1.465,0.5,FALSE,0,1,6,0.031181447439267,1.17508616191975,0.391695387306584,5,1,5,,,,,,,,,,,
2000,66,100,2,0.001,0.001,200000,2000,497;1132,0.000180519786291054,8.2213248593621,11.5084304157547,collapsed-R,0,1,1,TRUE,FALSE,0.002,44.1090806520629,73.9709282535095,TRUE,4.039,0.5,FALSE,0,1,1,0.497696780993068,1.05974148800906,0.353247162669686,6,1,6,,,,,,,,,,,
500,67,100,2,0.001,0.001,200000,2000,124;440,0.000196802827402049,8.21844960105231,11.5073825869556,collapsed-R,0,1,1,TRUE,FALSE,0.004,50.7142119630628,85.0477334620563,TRUE,0.864000000000001,0.5,FALSE,0,1,1,0.499999997452376,1.00000059076778,0.333333530255927,7,1,7,,,,,,,,,,,
1000,68,100,2,0.001,0.001,200000,2000,249;151,0.000666410044378332,8.21487005116623,11.506078472489,collapsed-R,0,2,2,FALSE,FALSE,0.004,76.0526425685291,127.540281587423,TRUE,1.31,1,TRUE,0,2,3.5,0.429168780663227,1.27152969100676,0.317882422751691,8,1,8,,,,,,,,,,,
2000,69,100,2,0.001,0.001,200000,2000,497;1489,0.000667996733641663,8.22503837988629,11.5097841331245,collapsed-R,0,2,2,FALSE,FALSE,0.004,81.150406454312,136.089231623881,TRUE,3.797,1,TRUE,0,2,4.5,0.528118328837338,1.55527822557503,0.388819556393758,9,1,9,,,,,,,,,,,
500,70,100,2,0.001,0.001,200000,2000,124;172,0.00135799439277407,8.23029249225991,11.5117002261176,collapsed-R,0,2,2,FALSE,FALSE,0.004,59.8206647549642,100.319254794075,TRUE,0.964000000000002,1,TRUE,0,2,2,0.716153049189418,0.110219963085197,0.0275549907712992,10,1,10,,,,,,,,,,,
1000,71,100,2,0.001,0.001,200000,2000,249;579,0.000159960881610367,8.21873037621747,11.5074848977489,collapsed-R,0,1,1,TRUE,FALSE,0.004,69.363520346312,116.322623620765,TRUE,1.505,0.5,FALSE,0,1,3,0.0543417665075745,1.27092191308115,0.423640637693716,11,1,11,,,,,,,,,,,
2000,72,100,2,0.001,0.001,200000,2000,497;295,0.000157941716138301,8.22115283237867,11.5083677164312,collapsed-R,0,1,1,TRUE,FALSE,0.002,44.0963004034995,73.9494957766687,TRUE,3.999,0.5,FALSE,0,1,1,0.499999999989083,1.0000000000451,0.333333333348365,12,1,12,,,,,,,,,,,
500,73,100,2,0.001,0.001,200000,2000,124;455,0.00181740486128641,8.23378934239623,11.5129759742276,collapsed-R,0,2,2,FALSE,FALSE,0.004,62.9029180826992,105.488193624687,TRUE,1.004,1,TRUE,0,2,5,0.240974100736312,0.385572442548955,0.0963931106372388,13,1,13,,,,,,,,,,,
1000,74,100,2,0.001,0.001,200000,2000,249;438,5.88502493709322e-05,8.22039780165125,11.5080925390103,collapsed-R,0,2,2,FALSE,FALSE,0.002,69.0013026351099,115.715184519079,TRUE,1.613,1,TRUE,0,2,4,0.546204253369011,1.5493822054713,0.387345551367824,14,1,14,,,,,,,,,,,
2000,75,100,2,0.001,0.001,200000,2000,497;1530,0.000587578013788847,8.21547102587351,11.5062973923902,collapsed-R,0,1,1,TRUE,FALSE,0.004,33.9541124464083,56.9410465726267,TRUE,3.905,0,FALSE,1,0,1,0.00715808388730071,1.60140831338244,0.533802771127479,15,0,15,,,,,,,,,,,
500,76,100,2,0.001,0.001,200000,2000,124;423,0.000520290851218411,8.21598396204137,11.5064842514487,collapsed-R,0,1,1,TRUE,FALSE,0.002,29.5337334995914,49.5280710788147,TRUE,1.004,0.5,FALSE,0,1,1,0.49999971175427,1.00000097141123,0.333333657137077,16,1,16,,,,,,,,,,,
1000,77,100,2,0.001,0.001,200000,2000,249;127,0.000176744415787381,8.21860246857931,11.5074382895599,collapsed-R,0,1,1,TRUE,FALSE,0.002,41.6728327436337,69.8853405110738,TRUE,1.664,0.5,FALSE,0,1,2,0.409033546696913,1.2680524555295,0.422684151843167,17,1,17,,,,,,,,,,,
2000,78,100,2,0.001,0.001,200000,2000,497;808,0.00391809769959133,8.24976460834667,11.5188092871813,collapsed-R,0,2,2,FALSE,FALSE,0.004,77.6003138972062,130.135726405615,TRUE,3.76699999999998,1,TRUE,0,2,4.5,0.422969056748022,0.554170839029874,0.138542709757468,18,1,18,,,,,,,,,,,
500,79,100,2,0.001,0.001,200000,2000,124;441,0.00319225023813925,8.24424737639752,11.516793745002,collapsed-R,0,2,2,FALSE,FALSE,0.006,47.3713047969685,79.4416781445162,TRUE,0.972000000000001,1,TRUE,0,2,4,0.639527281002242,1.44243621670329,0.360609054175823,19,1,19,,,,,,,,,,,
1000,80,100,2,0.001,0.001,200000,2000,249;512,0.00379356632039857,8.24881823378069,11.5184634891107,collapsed-R,0,1,1,TRUE,FALSE,0.004,18.0121599758771,30.2063922795459,TRUE,1.223,0.5,FALSE,0,1,1,0.499999480489187,1.00007359694745,0.33335786564915,20,1,20,,,,,,,,,,,
500,61,200,2,0.001,0.001,200000,2000,124;246,0.000518118891898669,8.22389677045931,11.5093679255864,AIW-N,2,2,2,FALSE,FALSE,0.002,120.690807801343,171.863710309113,TRUE,1.799,1,TRUE,0,2,1,0.999737647167601,0.00702531497365703,0.00175632874341426,1,1,1,,,,,,,,,,,
1000,62,200,2,0.001,0.001,200000,2000,249;805,8.23355425503127e-05,8.21932194074588,11.5077004645786,AIW-N,5,2,2,FALSE,FALSE,0.004,206.224236668937,293.663313016566,TRUE,3.52499999999999,1,TRUE,0,2,2.5,0.556627603009904,0.205599574276173,0.0513998935690432,2,1,2,,,,,,,,,,,
2000,63,200,2,0.001,0.001,200000,2000,497;1219,0.000146790704879277,8.21883074532932,11.5075214715662,AIW-N,5,2,2,FALSE,FALSE,0.002,169.673006203577,241.614360833893,TRUE,9.89099999999999,1,TRUE,0,2,3.5,0.55621181544313,0.240697107928537,0.0601742769821342,3,1,3,,,,,,,,,,,
500,64,200,2,0.001,0.001,200000,2000,124;416,0.00523183180630226,8.25974328156065,11.5224572005016,AIW-N,5,2,2,FALSE,FALSE,0.002,172.738169316357,245.979153106493,TRUE,1.294,1,TRUE,0,2,2.5,0.476645396520579,0.471681519431425,0.117920379857856,4,1,4,,,,,,,,,,,
1000,65,200,2,0.001,0.001,200000,2000,249;873,0.000786405123606109,8.21395520649059,11.5057452404386,AIW-N,2,2,2,FALSE,FALSE,0.002,144.012313546978,205.073534490897,TRUE,3.37299999999999,1,TRUE,0,2,5,0.191213519122102,0.336849917160819,0.0842124792902048,5,1,5,,,,,,,,,,,
2000,66,200,2,0.001,0.001,200000,2000,497;956,0.00243164674370857,8.20140403825992,11.5011762530387,AIW-N,2,2,2,FALSE,FALSE,0.002,160.808326677346,228.991057188541,TRUE,11.295,1,TRUE,0,2,1,0.984878758705537,0.0335789090009902,0.00839472725024755,6,1,6,,,,,,,,,,,
500,67,200,2,0.001,0.001,200000,2000,124;247,0.00147474290817595,8.23118124270785,11.512024429015,AIW-N,5,2,2,FALSE,FALSE,0.002,169.330664408912,241.126866118291,TRUE,1.278,1,TRUE,0,2,1.5,0.783647221952598,0.0969054054799544,0.0242263513699886,7,1,7,,,,,,,,,,,
1000,68,200,2,0.001,0.001,200000,2000,249;691,2.71188590054157e-05,8.22015601212381,11.5080044206962,AIW-N,2,2,2,FALSE,FALSE,0.002,128.995348130144,183.689375737325,TRUE,3.71499999999999,1,TRUE,0,2,1.5,0.774761700430672,0.0412053144754597,0.0103013286188649,8,1,8,,,,,,,,,,,
2000,69,200,2,0.001,0.001,200000,2000,497;1125,0.00249059440999965,8.23891135434961,11.5148453494101,AIW-N,2,2,2,FALSE,FALSE,0.002,113.004910347753,160.918992335201,TRUE,9.95500000000001,1,TRUE,0,2,1,0.999997290387569,6.20721542208034e-05,1.55180385552008e-05,9,1,9,,,,,,,,,,,
500,70,200,2,0.001,0.001,200000,2000,124;72,0.000325390961452004,8.21746956433776,11.5070254946755,AIW-N,5,2,2,FALSE,FALSE,0.002,277.836274997022,395.638855595759,TRUE,1.715,1,TRUE,0,2,1,0.999999634003518,0.000538736583971715,0.000134684145992929,10,1,10,,,,,,,,,,,
1000,71,200,2,0.001,0.001,200000,2000,249;643,0.000136079780933637,8.22098625916791,11.5083070057895,AIW-N,5,2,2,FALSE,FALSE,0.002,214.708337419615,305.744672485531,TRUE,3.06999999999999,1,TRUE,0,2,2.5,0.425078394579223,0.555241410154335,0.138810352538584,11,1,11,,,,,,,,,,,
2000,72,200,2,0.001,0.001,200000,2000,497;1260,4.36944189174588e-05,8.22028231664911,11.5080504511596,AIW-N,4,2,2,FALSE,FALSE,0.002,180.86133595488,257.546542399749,TRUE,7.71200000000002,1,TRUE,0,2,1,0.999999992234483,2.91135014202656e-08,7.2783753550664e-09,12,1,12,,,,,,,,,,,
500,73,200,2,0.001,0.001,200000,2000,124;457,0.00111072093770996,8.22840987699472,11.511013561639,AIW-N,4,2,2,FALSE,FALSE,0.002,228.497867259778,325.380962977924,TRUE,1.40600000000001,1,TRUE,0,2,4,0.331996340910309,0.207075000786053,0.0517687501965132,13,1,13,,,,,,,,,,,
1000,74,200,2,0.001,0.001,200000,2000,249;832,0.0012465959740731,8.21044598502091,11.5044672617202,AIW-N,4,2,2,FALSE,FALSE,0.002,212.841982009992,303.086982382229,TRUE,3.66499999999999,1,TRUE,0,2,1,0.998901239811529,0.00376514173105682,0.000941285432764204,14,1,14,,,,,,,,,,,
2000,75,200,2,0.001,0.001,200000,2000,497;1476,0.000680950311498303,8.22513704076042,11.5098201048746,AIW-N,5,2,2,FALSE,FALSE,0.002,275.038058096771,391.654194729802,TRUE,8.60399999999999,1,TRUE,0,2,3.5,0.506051659498944,0.26515663104516,0.0662891577612901,15,1,15,,,,,,,,,,,
500,76,200,2,0.001,0.001,200000,2000,124;401,0.000634472205050132,8.22478303626992,11.5096910363352,AIW-N,4,2,2,FALSE,FALSE,0.002,198.564687376213,282.756114823728,TRUE,1.168,1,TRUE,0,2,1,0.999134345865508,0.00330413550050548,0.000826033875126369,16,1,16,,,,,,,,,,,
1000,77,200,2,0.001,0.001,200000,2000,249;539,0.00109835398735651,8.21157654032771,11.5048789401444,AIW-N,5,2,2,FALSE,FALSE,0.002,269.111281577857,383.214464966869,TRUE,3.745,1,TRUE,0,2,1.5,0.844505485033305,0.355468460620807,0.0888671151552018,17,1,17,,,,,,,,,,,
2000,78,200,2,0.001,0.001,200000,2000,497;1010,0.000494867590922855,8.22371965606988,11.5093033571167,AIW-N,2,2,2,FALSE,FALSE,0.002,142.891177734609,203.477037094083,TRUE,8.92699999999999,1,TRUE,0,2,2.5,0.237229323017687,0.494129261621722,0.12353231540543,18,1,18,,,,,,,,,,,
500,79,200,2,0.001,0.001,200000,2000,124;219,0.000473316449894876,8.2235554898839,11.5092435099367,AIW-N,5,2,2,FALSE,FALSE,0.002,176.861444294429,251.850696675267,TRUE,1.636,1,TRUE,0,2,1.5,0.702479384146501,0.501371413622105,0.125342853405526,19,1,19,,,,,,,,,,,
1000,80,200,2,0.001,0.001,200000,2000,249;829,0.000536568946257533,8.21585987487199,11.5064390465693,AIW-N,2,2,2,FALSE,FALSE,0.002,124.638571108123,177.485325257967,TRUE,3.09699999999999,1,TRUE,0,2,1,0.999999999582796,1.63076964543684e-09,4.07692411359209e-10,20,1,20,,,,,,,,,,,
500,61,200,2,0.001,0.001,200000,2000,124;246,0.000518118891898669,8.22389677045931,11.5093679255864,SuSiE-RSS: finite R0 + EB mismatch,5,2,2,FALSE,FALSE,,,,TRUE,0.0730000000000004,1,TRUE,0,2,1,0.989006826737712,0.0361667203782731,0.00904168009456826,1,1,1,0.16.6,2000,eb,mle,0.00599139011038096,154.050208506312,0.00559265567730399,FALSE,FALSE,alpha_pip_fixed_point,5
1000,62,200,2,0.001,0.001,200000,2000,249;805,8.23355425503127e-05,8.21932194074588,11.5077004645786,SuSiE-RSS: finite R0 + EB mismatch,5,2,2,FALSE,FALSE,,,,TRUE,0.228,1,TRUE,0,2,2.5,0.587763042000543,0.050149850536625,0.0125374626341562,2,1,2,0.16.6,2000,eb,mle,0.00428048680404507,209.183717263656,0.00904234818062879,FALSE,FALSE,alpha_pip_fixed_point,5
2000,63,200,2,0.001,0.001,200000,2000,497;1219,0.000146790704879277,8.21883074532932,11.5075214715662,SuSiE-RSS: finite R0 + EB mismatch,5,2,2,FALSE,FALSE,,,,TRUE,1.134,1,TRUE,0,2,3.5,0.554853093441478,0.204232394008743,0.0510580985021857,3,1,3,0.16.6,2000,eb,mle,0.00495229909663545,183.408867025855,0.00723494223551975,FALSE,FALSE,alpha_pip_fixed_point,4
500,64,200,2,0.001,0.001,200000,2000,124;416,0.00523183180630226,8.25974328156065,11.5224572005016,SuSiE-RSS: finite R0 + EB mismatch,5,2,2,FALSE,FALSE,,,,TRUE,0.214,1,TRUE,0,2,2.5,0.47617510443812,0.494666931962133,0.123666732990533,4,1,4,0.16.6,2000,eb,mle,0.00020045750969277,1427.63834517045,0.0130518669805174,FALSE,FALSE,alpha_pip_fixed_point,25
1000,65,200,2,0.001,0.001,200000,2000,249;873,0.000786405123606109,8.21395520649059,11.5057452404386,SuSiE-RSS: finite R0 + EB mismatch,5,2,2,FALSE,FALSE,,,,TRUE,0.404,1,TRUE,0,2,5,0.201662619656413,0.239603465341585,0.0599008663353963,5,1,5,0.16.6,2000,eb,mle,0.00317331532125754,272.23363978937,0.00843023624477652,FALSE,FALSE,alpha_pip_fixed_point,15
2000,66,200,2,0.001,0.001,200000,2000,497;956,0.00243164674370857,8.20140403825992,11.5011762530387,SuSiE-RSS: finite R0 + EB mismatch,5,2,2,FALSE,FALSE,,,,TRUE,1.424,1,TRUE,0,2,1.5,0.964579080912669,0.0477516926128176,0.0119379231532044,6,1,6,0.16.6,2000,eb,mle,0.00270511403715315,312.00137917346,0.00782486225612875,FALSE,FALSE,alpha_pip_fixed_point,13
500,67,200,2,0.001,0.001,200000,2000,124;247,0.00147474290817595,8.23118124270785,11.512024429015,SuSiE-RSS: finite R0 + EB mismatch,5,2,2,FALSE,FALSE,,,,TRUE,0.0600000000000005,1,TRUE,0,2,1.5,0.772432951501288,0.145700558909419,0.0364251397273548,7,1,7,0.16.6,2000,eb,mle,0.00573202677630901,160.4614415011,0.00525956039224257,FALSE,FALSE,alpha_pip_fixed_point,3
1000,68,200,2,0.001,0.001,200000,2000,249;691,2.71188590054157e-05,8.22015601212381,11.5080044206962,SuSiE-RSS: finite R0 + EB mismatch,5,2,2,FALSE,FALSE,,,,TRUE,0.324999999999999,1,TRUE,0,2,1.5,0.767982093821866,0.0704232750705338,0.0176058187676334,8,1,8,0.16.6,2000,eb,mle,0.0026287077912021,319.620772132185,0.00850295726335092,FALSE,FALSE,alpha_pip_fixed_point,11
2000,69,200,2,0.001,0.001,200000,2000,497;1125,0.00249059440999965,8.23891135434961,11.5148453494101,SuSiE-RSS: finite R0 + EB mismatch,5,2,2,FALSE,FALSE,,,,TRUE,0.946000000000002,1,TRUE,0,2,1,0.999416936385706,0.00226304781659269,0.000565761954148172,9,1,9,0.16.6,2000,eb,mle,0.00510540223410709,178.399329474577,0.00720716992036635,FALSE,FALSE,alpha_pip_fixed_point,4
500,70,200,2,0.001,0.001,200000,2000,124;72,0.000325390961452004,8.21746956433776,11.5070254946755,SuSiE-RSS: finite R0 + EB mismatch,2,2,2,FALSE,FALSE,,,,TRUE,0.0540000000000003,1,TRUE,0,2,1,0.999830908665635,0.000136162301392421,3.40405753481053e-05,10,1,10,0.16.6,2000,eb,mle,0.00325079601301386,266.610073309872,0.00483398323516317,FALSE,FALSE,alpha_pip_fixed_point,3
1000,71,200,2,0.001,0.001,200000,2000,249;643,0.000136079780933637,8.22098625916791,11.5083070057895,SuSiE-RSS: finite R0 + EB mismatch,5,2,2,FALSE,FALSE,,,,TRUE,0.209999999999999,1,TRUE,0,2,2.5,0.41302792747634,0.512648515336871,0.128162128834218,11,1,11,0.16.6,2000,eb,mle,0.00213416053028699,379.627584766464,0.00714390497027953,FALSE,FALSE,alpha_pip_fixed_point,4
2000,72,200,2,0.001,0.001,200000,2000,497;1260,4.36944189174588e-05,8.22028231664911,11.5080504511596,SuSiE-RSS: finite R0 + EB mismatch,5,2,2,FALSE,FALSE,,,,TRUE,1.089,1,TRUE,0,2,1,0.999995500846361,1.80167607526478e-05,4.50419018816195e-06,12,1,12,0.16.6,2000,eb,mle,0.00421618060377728,212.035985050929,0.00727707029520351,FALSE,FALSE,alpha_pip_fixed_point,4
500,73,200,2,0.001,0.001,200000,2000,124;457,0.00111072093770996,8.22840987699472,11.511013561639,SuSiE-RSS: finite R0 + EB mismatch,5,2,2,FALSE,FALSE,,,,TRUE,0.0510000000000002,1,TRUE,0,2,4,0.329371909389247,0.244275579819999,0.0610688949549998,13,1,13,0.16.6,2000,eb,mle,0.0030450281916258,282.085203824962,0.00692725387848898,FALSE,FALSE,alpha_pip_fixed_point,4
1000,74,200,2,0.001,0.001,200000,2000,249;832,0.0012465959740731,8.21044598502091,11.5044672617202,SuSiE-RSS: finite R0 + EB mismatch,5,2,2,FALSE,FALSE,,,,TRUE,0.199999999999999,1,TRUE,0,2,1,0.984566048078855,0.0597238651581996,0.0149309662895499,14,1,14,0.16.6,2000,eb,mle,0.00244140452092773,339.973639424677,0.00942689551545837,FALSE,FALSE,alpha_pip_fixed_point,4
2000,75,200,2,0.001,0.001,200000,2000,497;1476,0.000680950296244553,8.22513704064424,11.5098201048323,SuSiE-RSS: finite R0 + EB mismatch,5,2,2,FALSE,FALSE,,,,TRUE,1.189,1,TRUE,0,2,3.5,0.494529737522127,0.378911723456918,0.0947279308642296,15,1,15,0.16.6,2000,eb,mle,0.00153755700464914,490.783814989362,0.00837408635030685,FALSE,FALSE,alpha_pip_fixed_point,9
500,76,200,2,0.001,0.001,200000,2000,124;401,0.000634472205050132,8.22478303626992,11.5096910363352,SuSiE-RSS: finite R0 + EB mismatch,5,2,2,FALSE,FALSE,,,,TRUE,0.0519999999999996,1,TRUE,0,2,1,0.997587666482622,0.00953946844581882,0.00238486711145471,16,1,16,0.16.6,2000,eb,mle,0.000973053172138238,678.862120468083,0.00971788187208865,FALSE,FALSE,alpha_pip_fixed_point,3
1000,77,200,2,0.001,0.001,200000,2000,249;539,0.00109835398735651,8.21157654032771,11.5048789401444,SuSiE-RSS: finite R0 + EB mismatch,5,2,2,FALSE,FALSE,,,,TRUE,0.266999999999999,1,TRUE,0,2,1.5,0.83467478749421,0.395720690177652,0.0989301725444129,17,1,17,0.16.6,2000,eb,mle,0.00103333772486959,652.17204519314,0.008450131906659,FALSE,FALSE,alpha_pip_fixed_point,4
2000,78,200,2,0.001,0.001,200000,2000,497;1010,0.000494867590922855,8.22371965606988,11.5093033571167,SuSiE-RSS: finite R0 + EB mismatch,5,2,2,FALSE,FALSE,,,,TRUE,0.923999999999999,1,TRUE,0,2,3,0.284782124960715,0.382945991841781,0.0957364979604451,18,1,18,0.16.6,2000,eb,mle,0.00430718632749595,208.021893031323,0.00796793771478105,FALSE,FALSE,alpha_pip_fixed_point,4
500,79,200,2,0.001,0.001,200000,2000,124;219,0.000473316449894876,8.2235554898839,11.5092435099367,SuSiE-RSS: finite R0 + EB mismatch,5,2,2,FALSE,FALSE,,,,TRUE,0.149,1,TRUE,0,2,1.5,0.725183091385413,0.408755810939819,0.102188952734955,19,1,19,0.16.6,2000,eb,mle,0.00254771523932117,328.114643749569,0.00886724581805422,FALSE,FALSE,alpha_pip_fixed_point,14
1000,80,200,2,0.001,0.001,200000,2000,249;829,0.000536568946257533,8.21585987487199,11.5064390465693,SuSiE-RSS: finite R0 + EB mismatch,5,2,2,FALSE,FALSE,,,,TRUE,0.17,1,TRUE,0,2,1,0.999913795745741,0.000345845588078404,8.6461397019601e-05,20,1,20,0.16.6,2000,eb,mle,0.00948029130793678,100.197476120237,0.004997674324669,FALSE,FALSE,alpha_pip_fixed_point,4
500,61,200,2,0.001,0.001,200000,2000,124;246,0.000518118891898669,8.22389677045931,11.5093679255864,SuSiE-RSS: in-sample R,2,2,2,FALSE,FALSE,,,,TRUE,0.0120000000000005,1,TRUE,0,2,1,0.9979850369212,0,0,1,1,1,,,,,,,,,,,
1000,62,200,2,0.001,0.001,200000,2000,249;805,8.23355425503127e-05,8.21932194074588,11.5077004645786,SuSiE-RSS: in-sample R,2,2,2,FALSE,FALSE,,,,TRUE,0.027000000000001,1,TRUE,0,2,2.5,0.591615247165746,0,0,2,1,2,,,,,,,,,,,
2000,63,200,2,0.001,0.001,200000,2000,497;1219,0.000146790704879277,8.21883074532932,11.5075214715662,SuSiE-RSS: in-sample R,5,2,2,FALSE,FALSE,,,,TRUE,0.10499999999999,1,TRUE,0,2,3.5,0.549295389788336,0,0,3,1,3,,,,,,,,,,,
500,64,200,2,0.001,0.001,200000,2000,124;416,0.00523183180630226,8.25974328156065,11.5224572005016,SuSiE-RSS: in-sample R,2,2,2,FALSE,FALSE,,,,TRUE,0.0169999999999995,1,TRUE,0,2,2.5,0.392919501307222,0,0,4,1,4,,,,,,,,,,,
1000,65,200,2,0.001,0.001,200000,2000,249;873,0.000786405123606109,8.21395520649059,11.5057452404386,SuSiE-RSS: in-sample R,2,2,2,FALSE,FALSE,,,,TRUE,0.0449999999999946,1,TRUE,0,2,5,0.237607382678392,0,0,5,1,5,,,,,,,,,,,
2000,66,200,2,0.001,0.001,200000,2000,497;956,0.00243164674370857,8.20140403825992,11.5011762530387,SuSiE-RSS: in-sample R,2,2,2,FALSE,FALSE,,,,TRUE,0.119,1,TRUE,0,2,1,0.97648403145529,0,0,6,1,6,,,,,,,,,,,
500,67,200,2,0.001,0.001,200000,2000,124;247,0.00147474290817595,8.23118124270785,11.512024429015,SuSiE-RSS: in-sample R,3,2,2,FALSE,FALSE,,,,TRUE,0.0159999999999982,1,TRUE,0,2,1.5,0.807572555589482,0,0,7,1,7,,,,,,,,,,,
1000,68,200,2,0.001,0.001,200000,2000,249;691,2.71188590054157e-05,8.22015601212381,11.5080044206962,SuSiE-RSS: in-sample R,2,2,2,FALSE,FALSE,,,,TRUE,0.0409999999999968,1,TRUE,0,2,1.5,0.785063029029177,0,0,8,1,8,,,,,,,,,,,
2000,69,200,2,0.001,0.001,200000,2000,497;1125,0.00249059440999965,8.23891135434961,11.5148453494101,SuSiE-RSS: in-sample R,5,2,2,FALSE,FALSE,,,,TRUE,0.12700000000001,1,TRUE,0,2,1,0.999981852945636,0,0,9,1,9,,,,,,,,,,,
500,70,200,2,0.001,0.001,200000,2000,124;72,0.000325390961452004,8.21746956433776,11.5070254946755,SuSiE-RSS: in-sample R,2,2,2,FALSE,FALSE,,,,TRUE,0.0130000000000017,1,TRUE,0,2,1,0.999864949192576,0,0,10,1,10,,,,,,,,,,,
1000,71,200,2,0.001,0.001,200000,2000,249;643,0.000136079780933637,8.22098625916791,11.5083070057895,SuSiE-RSS: in-sample R,2,2,2,FALSE,FALSE,,,,TRUE,0.0409999999999968,1,TRUE,0,2,2.5,0.516950354974447,0,0,11,1,11,,,,,,,,,,,
2000,72,200,2,0.001,0.001,200000,2000,497;1260,4.36944189174588e-05,8.22028231664911,11.5080504511596,SuSiE-RSS: in-sample R,2,2,2,FALSE,FALSE,,,,TRUE,0.0940000000000225,1,TRUE,0,2,1,0.999999998288336,0,0,12,1,12,,,,,,,,,,,
500,73,200,2,0.001,0.001,200000,2000,124;457,0.00111072093770996,8.22840987699472,11.511013561639,SuSiE-RSS: in-sample R,2,2,2,FALSE,FALSE,,,,TRUE,0.0180000000000007,1,TRUE,0,2,4,0.350097798562554,0,0,13,1,13,,,,,,,,,,,
1000,74,200,2,0.001,0.001,200000,2000,249;832,0.0012465959740731,8.21044598502091,11.5044672617202,SuSiE-RSS: in-sample R,2,2,2,FALSE,FALSE,,,,TRUE,0.0259999999999963,1,TRUE,0,2,1,0.999451973219651,0,0,14,1,14,,,,,,,,,,,
2000,75,200,2,0.001,0.001,200000,2000,497;1476,0.000680950311498303,8.22513704076042,11.5098201048746,SuSiE-RSS: in-sample R,5,2,2,FALSE,FALSE,,,,TRUE,0.135999999999996,1,TRUE,0,2,3.5,0.509378056325239,0,0,15,1,15,,,,,,,,,,,
500,76,200,2,0.001,0.001,200000,2000,124;401,0.000634472205050132,8.22478303626992,11.5096910363352,SuSiE-RSS: in-sample R,2,2,2,FALSE,FALSE,,,,TRUE,0.0110000000000028,1,TRUE,0,2,1,0.999958645789476,0,0,16,1,16,,,,,,,,,,,
1000,77,200,2,0.001,0.001,200000,2000,249;539,0.00109835398735651,8.21157654032771,11.5048789401444,SuSiE-RSS: in-sample R,5,2,2,FALSE,FALSE,,,,TRUE,0.041000000000011,1,TRUE,0,2,1.5,0.933271040833329,0,0,17,1,17,,,,,,,,,,,
2000,78,200,2,0.001,0.001,200000,2000,497;1010,0.000494867590922855,8.22371965606988,11.5093033571167,SuSiE-RSS: in-sample R,2,2,2,FALSE,FALSE,,,,TRUE,0.138000000000005,1,TRUE,0,2,3,0.276880527024218,0,0,18,1,18,,,,,,,,,,,
500,79,200,2,0.001,0.001,200000,2000,124;219,0.000473316449894876,8.2235554898839,11.5092435099367,SuSiE-RSS: in-sample R,2,2,2,FALSE,FALSE,,,,TRUE,0.0139999999999958,1,TRUE,0,2,1.5,0.824466024858724,0,0,19,1,19,,,,,,,,,,,
1000,80,200,2,0.001,0.001,200000,2000,249;829,0.000536568946257533,8.21585987487199,11.5064390465693,SuSiE-RSS: in-sample R,3,2,2,FALSE,FALSE,,,,TRUE,0.0420000000000016,1,TRUE,0,2,1,0.999999999990413,0,0,20,1,20,,,,,,,,,,,
500,61,200,2,0.001,0.001,200000,2000,124;246,0.000518118891898669,8.22389677045931,11.5093679255864,SuSiE-RSS: reference R0,5,2,2,FALSE,FALSE,,,,TRUE,0.0739999999999981,1,TRUE,0,2,1,0.998945128752228,0.00461788850135106,0.00115447212533777,1,1,1,,,,,,,,,,,
1000,62,200,2,0.001,0.001,200000,2000,249;805,8.23355425503127e-05,8.21932194074588,11.5077004645786,SuSiE-RSS: reference R0,5,2,2,FALSE,FALSE,,,,TRUE,0.0630000000000024,1,TRUE,0,2,2.5,0.556615672924629,0.205014878779456,0.0512537196948639,2,1,2,,,,,,,,,,,
2000,63,200,2,0.001,0.001,200000,2000,497;1219,0.000146790704879277,8.21883074532932,11.5075214715662,SuSiE-RSS: reference R0,5,2,2,FALSE,FALSE,,,,TRUE,0.217999999999989,1,TRUE,0,2,3.5,0.556207307250598,0.240699602815694,0.0601749007039236,3,1,3,,,,,,,,,,,
500,64,200,2,0.001,0.001,200000,2000,124;416,0.00523183180630226,8.25974328156065,11.5224572005016,SuSiE-RSS: reference R0,5,2,2,FALSE,FALSE,,,,TRUE,0.0199999999999996,1,TRUE,0,2,2.5,0.476731600361897,0.471443002995911,0.117860750748978,4,1,4,,,,,,,,,,,
1000,65,200,2,0.001,0.001,200000,2000,249;873,0.000786405123606109,8.21395520649059,11.5057452404386,SuSiE-RSS: reference R0,5,4,4,FALSE,FALSE,,,,TRUE,0.0530000000000044,1,TRUE,2,2,3.5,0.189251975634088,2.3548921045604,0.392482017426734,5,0.5,5,,,,,,,,,,,
2000,66,200,2,0.001,0.001,200000,2000,497;956,0.00243164674370857,8.20140403825992,11.5011762530387,SuSiE-RSS: reference R0,5,3,3,FALSE,FALSE,,,,TRUE,0.342999999999989,1,TRUE,1,2,1,0.982150530317175,1.02266522659566,0.204533045319131,6,0.666666666666667,6,,,,,,,,,,,
500,67,200,2,0.001,0.001,200000,2000,124;247,0.00147474290817595,8.23118124270785,11.512024429015,SuSiE-RSS: reference R0,5,2,2,FALSE,FALSE,,,,TRUE,0.0139999999999958,1,TRUE,0,2,1.5,0.783610558164937,0.0970464521365609,0.0242616130341402,7,1,7,,,,,,,,,,,
1000,68,200,2,0.001,0.001,200000,2000,249;691,2.71188590054157e-05,8.22015601212381,11.5080044206962,SuSiE-RSS: reference R0,5,2,2,FALSE,FALSE,,,,TRUE,0.0420000000000016,1,TRUE,0,2,1.5,0.775759964541451,0.0378122095949198,0.00945305239872994,8,1,8,,,,,,,,,,,
2000,69,200,2,0.001,0.001,200000,2000,497;1125,0.00249059440999965,8.23891135434961,11.5148453494101,SuSiE-RSS: reference R0,5,2,2,FALSE,FALSE,,,,TRUE,0.396000000000015,1,TRUE,0,2,1,0.999998822488613,6.8023756578535e-05,1.70059391446337e-05,9,1,9,,,,,,,,,,,
500,70,200,2,0.001,0.001,200000,2000,124;72,0.000325390961452004,8.21746956433776,11.5070254946755,SuSiE-RSS: reference R0,5,2,2,FALSE,FALSE,,,,TRUE,0.0310000000000024,1,TRUE,0,2,1,0.999999640755062,0.000538763640526558,0.000134690910131639,10,1,10,,,,,,,,,,,
1000,71,200,2,0.001,0.001,200000,2000,249;643,0.000136079780933637,8.22098625916791,11.5083070057895,SuSiE-RSS: reference R0,5,2,2,FALSE,FALSE,,,,TRUE,0.0279999999999987,1,TRUE,0,2,2.5,0.424807613913588,0.556042261755208,0.139010565438802,11,1,11,,,,,,,,,,,
2000,72,200,2,0.001,0.001,200000,2000,497;1260,4.36944189174588e-05,8.22028231664911,11.5080504511596,SuSiE-RSS: reference R0,5,2,2,FALSE,FALSE,,,,TRUE,0.138999999999982,1,TRUE,0,2,1,0.999999993303171,2.48912686560029e-08,6.22281716400073e-09,12,1,12,,,,,,,,,,,
500,73,200,2,0.001,0.001,200000,2000,124;457,0.00111072093770996,8.22840987699472,11.511013561639,SuSiE-RSS: reference R0,5,2,2,FALSE,FALSE,,,,TRUE,0.0309999999999988,1,TRUE,0,2,4,0.332917351457535,0.206467968077658,0.0516169920194144,13,1,13,,,,,,,,,,,
1000,74,200,2,0.001,0.001,200000,2000,249;832,0.0012465959740731,8.21044598502091,11.5044672617202,SuSiE-RSS: reference R0,5,2,2,FALSE,FALSE,,,,TRUE,0.0559999999999974,1,TRUE,0,2,1,0.998955164991624,0.00353948336104933,0.000884870840262333,14,1,14,,,,,,,,,,,
2000,75,200,2,0.001,0.001,200000,2000,497;1476,0.000680950311498303,8.22513704076042,11.5098201048746,SuSiE-RSS: reference R0,5,2,2,FALSE,FALSE,,,,TRUE,0.158000000000015,1,TRUE,0,2,3.5,0.506016574023225,0.265475237576689,0.0663688093941722,15,1,15,,,,,,,,,,,
500,76,200,2,0.001,0.001,200000,2000,124;401,0.000634472205050132,8.22478303626992,11.5096910363352,SuSiE-RSS: reference R0,5,2,2,FALSE,FALSE,,,,TRUE,0.0189999999999984,1,TRUE,0,2,1,0.999191152552805,0.00308099021406488,0.000770247553516219,16,1,16,,,,,,,,,,,
1000,77,200,2,0.001,0.001,200000,2000,249;539,0.00109835398735651,8.21157654032771,11.5048789401444,SuSiE-RSS: reference R0,5,2,2,FALSE,FALSE,,,,TRUE,0.0500000000000114,1,TRUE,0,2,1.5,0.844417848106977,0.35581850656928,0.08895462664232,17,1,17,,,,,,,,,,,
2000,78,200,2,0.001,0.001,200000,2000,497;1010,0.000494867590922855,8.22371965606988,11.5093033571167,SuSiE-RSS: reference R0,5,2,2,FALSE,FALSE,,,,TRUE,0.205000000000013,1,TRUE,0,2,2.5,0.231935862393768,0.503481456906007,0.125870364226502,18,1,18,,,,,,,,,,,
500,79,200,2,0.001,0.001,200000,2000,124;219,0.000473316449894876,8.2235554898839,11.5092435099367,SuSiE-RSS: reference R0,5,2,2,FALSE,FALSE,,,,TRUE,0.0269999999999939,1,TRUE,0,2,1.5,0.702056694989155,0.503060293202239,0.12576507330056,19,1,19,,,,,,,,,,,
1000,80,200,2,0.001,0.001,200000,2000,249;829,0.000536568946257533,8.21585987487199,11.5064390465693,SuSiE-RSS: reference R0,5,3,3,FALSE,FALSE,,,,TRUE,0.0779999999999959,1,TRUE,1,2,1,0.999999999944738,1.00000000019105,0.200000000038209,20,0.666666666666667,20,,,,,,,,,,,
500,61,200,2,0.001,0.001,200000,2000,124;246,0.000518118891898669,8.22389677045931,11.5093679255864,collapsed-R,0,2,2,FALSE,FALSE,0.002,78.2155961495785,131.167554742843,TRUE,1.199,1,TRUE,0,2,1.5,0.958684018766257,0.158074105299232,0.039518526324808,1,1,1,,,,,,,,,,,
1000,62,200,2,0.001,0.001,200000,2000,249;805,8.23355425503127e-05,8.21932194074588,11.5077004645786,collapsed-R,0,2,2,FALSE,FALSE,0.002,56.8805328198174,95.3886535388337,TRUE,1.576,1,TRUE,0,2,2.5,0.601110578757695,0.296686220187874,0.0741715550469686,2,1,2,,,,,,,,,,,
2000,63,200,2,0.001,0.001,200000,2000,497;1219,0.000146790704879277,8.21883074532932,11.5075214715662,collapsed-R,0,2,2,FALSE,FALSE,0.002,78.1953690999841,131.133633980673,TRUE,3.66899999999998,1,TRUE,0,2,4.5,0.498059024857414,0.418686856239341,0.104671714059835,3,1,3,,,,,,,,,,,
500,64,200,2,0.001,0.001,200000,2000,124;416,0.00523183180630226,8.25974328156065,11.5224572005016,collapsed-R,0,2,2,FALSE,FALSE,0.002,142.696257260963,239.301623426635,TRUE,0.869000000000003,1,TRUE,0,2,2.5,0.449037439024735,0.614813354368446,0.153703338592111,4,1,4,,,,,,,,,,,
1000,65,200,2,0.001,0.001,200000,2000,249;873,0.000786405123606109,8.21395520649059,11.5057452404386,collapsed-R,0,2,2,FALSE,FALSE,0.002,93.6592802382117,157.066612959481,TRUE,1.898,1,TRUE,0,2,5,0.205966623194939,0.225517839084673,0.0563794597711683,5,1,5,,,,,,,,,,,
2000,66,200,2,0.001,0.001,200000,2000,497;956,0.00243164674370857,8.20140403825992,11.5011762530387,collapsed-R,0,2,2,FALSE,FALSE,0.002,85.2741552643475,143.004758378311,TRUE,4.16999999999999,1,TRUE,0,2,1.5,0.885082597551429,0.366201336480545,0.0915503341201363,6,1,6,,,,,,,,,,,
500,67,200,2,0.001,0.001,200000,2000,124;247,0.00147474290817595,8.23118124270785,11.512024429015,collapsed-R,0,2,2,FALSE,FALSE,0.002,138.124242726748,231.634355052756,TRUE,0.825000000000003,1,TRUE,0,2,1.5,0.769360503072551,0.156675035370679,0.0391687588426698,7,1,7,,,,,,,,,,,
1000,68,200,2,0.001,0.001,200000,2000,249;691,2.71188590054157e-05,8.22015601212381,11.5080044206962,collapsed-R,0,1,1,TRUE,FALSE,0.002,90.8331465426764,152.327186752068,TRUE,1.795,0.5,FALSE,0,1,2,0.274028574317721,1.04529893745552,0.348432979151841,8,1,8,,,,,,,,,,,
2000,69,200,2,0.001,0.001,200000,2000,497;1125,0.00249059440999965,8.23891135434961,11.5148453494101,collapsed-R,0,1,1,TRUE,FALSE,0.002,68.9432865315469,115.617891513404,TRUE,3.476,0.5,FALSE,0,1,1,0.499981833514934,1.00007266359597,0.333357554531991,9,1,9,,,,,,,,,,,
500,70,200,2,0.001,0.001,200000,2000,124;72,0.000325390961452004,8.21746956433776,11.5070254946755,collapsed-R,0,2,2,FALSE,FALSE,0.002,217.782281334391,365.220885797773,TRUE,1.382,1,TRUE,0,2,1,0.999834501080866,0.000278392905998422,6.95982264996055e-05,10,1,10,,,,,,,,,,,
1000,71,200,2,0.001,0.001,200000,2000,249;643,0.000136079780933637,8.22098625916791,11.5083070057895,collapsed-R,0,2,2,FALSE,FALSE,0.002,132.820679125109,222.740278892808,TRUE,1.73099999999999,1,TRUE,0,2,3,0.397679990663518,0.486443664621911,0.121610916155478,11,1,11,,,,,,,,,,,
2000,72,200,2,0.001,0.001,200000,2000,497;1260,4.36944189174588e-05,8.22028231664911,11.5080504511596,collapsed-R,0,2,2,FALSE,FALSE,0.002,87.5748049330966,146.862947872803,TRUE,3.67099999999999,1,TRUE,0,2,1,0.999493217830119,0.00202972824384131,0.000507432060960327,12,1,12,,,,,,,,,,,
500,73,200,2,0.001,0.001,200000,2000,124;457,0.00111072093770996,8.22840987699472,11.511013561639,collapsed-R,0,2,2,FALSE,FALSE,0.002,197.334601341757,330.930126450127,TRUE,0.958000000000002,1,TRUE,0,2,4,0.329664227255491,0.271336897478316,0.067834224369579,13,1,13,,,,,,,,,,,
1000,74,200,2,0.001,0.001,200000,2000,249;832,0.0012465959740731,8.21044598502091,11.5044672617202,collapsed-R,0,2,2,FALSE,FALSE,0.002,191.556657643679,321.240514868449,TRUE,1.97999999999999,1,TRUE,0,2,1.5,0.955831004941565,0.174913216082167,0.0437283040205417,14,1,14,,,,,,,,,,,
2000,75,200,2,0.001,0.001,200000,2000,497;1476,0.000680950311498303,8.22513704076042,11.5098201048746,collapsed-R,0,2,2,FALSE,FALSE,0.002,216.082109987782,362.369698449511,TRUE,4.06,1,TRUE,0,2,3.5,0.467203725373727,0.577749150275472,0.144437287568868,15,1,15,,,,,,,,,,,
500,76,200,2,0.001,0.001,200000,2000,124;401,0.000634472205050132,8.22478303626992,11.5096910363352,collapsed-R,0,2,2,FALSE,FALSE,0.002,113.954407736792,191.101541774601,TRUE,1.15,1,TRUE,0,2,1.5,0.969481539531154,0.122570844449041,0.0306427111122603,16,1,16,,,,,,,,,,,
1000,77,200,2,0.001,0.001,200000,2000,249;539,0.00109835398735651,8.21157654032771,11.5048789401444,collapsed-R,0,2,2,FALSE,FALSE,0.002,234.13505867892,392.644493404549,TRUE,1.595,1,TRUE,0,2,1.5,0.818531030391381,0.45998463629766,0.114996159074415,17,1,17,,,,,,,,,,,
2000,78,200,2,0.001,0.001,200000,2000,497;1010,0.000494867590922855,8.22371965606988,11.5093033571167,collapsed-R,0,2,2,FALSE,FALSE,0.002,81.9598538589083,137.446674921389,TRUE,4.27000000000001,1,TRUE,0,2,5,0.285019551378129,0.815310712381065,0.203827678095266,18,1,18,,,,,,,,,,,
500,79,200,2,0.001,0.001,200000,2000,124;219,0.000473316449894876,8.2235554898839,11.5092435099367,collapsed-R,0,2,2,FALSE,FALSE,0.002,91.3014289351154,153.112496324188,TRUE,0.835999999999999,1,TRUE,0,2,1.5,0.72908022603057,0.387393089739415,0.0968482724348537,19,1,19,,,,,,,,,,,
1000,80,200,2,0.001,0.001,200000,2000,249;829,0.000536568946257533,8.21585987487199,11.5064390465693,collapsed-R,0,2,2,FALSE,FALSE,0.002,73.1480566000587,122.669290918299,TRUE,1.785,1,TRUE,0,2,1,0.999775329141368,0.000900880312934367,0.000225220078233592,20,1,20,,,,,,,,,,,
500,61,500,2,0.001,0.001,200000,2000,124;77,0.0005436500368077,8.21580589560007,11.5064193821114,AIW-N,5,2,2,FALSE,FALSE,0.002,334.04237414918,475.676340788432,TRUE,1.417,1,TRUE,0,2,4.5,0.588359395351267,0.288896806778471,0.0722242016946178,1,1,1,,,,,,,,,,,
1000,62,500,2,0.001,0.001,200000,2000,249;890,0.00054310211951747,8.21581007239238,11.5064209036987,AIW-N,4,2,2,FALSE,FALSE,0.002,601.481001651505,856.508946351742,TRUE,3.893,1,TRUE,0,2,1,0.995882714784207,0.0164119316978472,0.00410298292446181,2,1,2,,,,,,,,,,,
2000,63,500,2,0.001,0.001,200000,2000,497;1577,0.000248735132173233,8.21805380877515,11.5072383698245,AIW-N,5,2,2,FALSE,FALSE,0.002,621.645263846131,885.22285571689,TRUE,7.88600000000002,1,TRUE,0,2,2,0.556881345143377,0.123557245287078,0.0308893113217694,3,1,3,,,,,,,,,,,
500,64,500,2,0.001,0.001,200000,2000,124;182,0.000162963687541307,8.22119109605347,11.5083816624532,AIW-N,5,2,2,FALSE,FALSE,0.002,514.645167457566,732.854718459574,TRUE,1.279,1,TRUE,0,2,1.5,0.803939047505486,0.127858608876568,0.0319646522191419,4,1,4,,,,,,,,,,,
1000,65,500,2,0.001,0.001,200000,2000,249;124,0.000122301016096245,8.22088127294902,11.5082687421166,AIW-N,4,2,2,FALSE,FALSE,0.001,367.40359428726,523.182718265058,TRUE,3.425,1,TRUE,0,2,4,0.087902544690686,0.272802753843376,0.0682006884608439,5,1,5,,,,,,,,,,,
2000,66,500,2,0.001,0.001,200000,2000,497;1219,0.000166726197547979,8.2212197634835,11.5083921109481,AIW-N,5,2,2,FALSE,FALSE,0.002,595.127910580472,847.462144666592,TRUE,8.405,1,TRUE,0,2,1.5,0.920763048019234,0.0948036977712001,0.0237009244428,6,1,6,,,,,,,,,,,
500,67,500,2,0.001,0.001,200000,2000,124;374,0.000447092980169483,8.21654192844398,11.5066875245082,AIW-N,5,2,2,FALSE,FALSE,0.002,356.775006256899,508.047608909825,TRUE,1.172,1,TRUE,0,2,1.5,0.750401945062097,0.164625708930192,0.041156427232548,7,1,7,,,,,,,,,,,
1000,68,500,2,0.001,0.001,200000,2000,249;107,0.000431872628746297,8.21665794520671,11.506729791924,AIW-N,4,2,2,FALSE,FALSE,0.001,318.146059570004,453.039988827686,TRUE,3.55900000000001,1,TRUE,0,2,2,0.634005283487777,0.047892990332371,0.0119732475830927,8,1,8,,,,,,,,,,,
2000,69,500,2,0.001,0.001,200000,2000,497;1186,0.000104177853591834,8.21915548888092,11.5076398081573,AIW-N,4,2,2,FALSE,FALSE,0.002,939.75183924998,1338.20661909197,TRUE,7.274,1,TRUE,0,2,1,0.998907006425795,0.00458832964610537,0.00114708241152634,9,1,9,,,,,,,,,,,
500,70,500,2,0.001,0.001,200000,2000,124;377,0.0002455824153237,8.21807783702573,11.5072471249912,AIW-N,5,2,2,FALSE,FALSE,0.001,306.377049909338,436.280919070897,TRUE,1.132,1,TRUE,0,2,1.5,0.775510728662828,0.163181648184914,0.0407954120462285,10,1,10,,,,,,,,,,,
1000,71,500,2,0.001,0.001,200000,2000,249;873,0.000108386331081984,8.21912341739565,11.5076281211501,AIW-N,5,2,2,FALSE,FALSE,0.002,516.888295672014,736.048933036948,TRUE,3.024,1,TRUE,0,2,3,0.610350622530954,0.422707488819681,0.10567687220492,11,1,11,,,,,,,,,,,
2000,72,500,2,0.001,0.001,200000,2000,497;1455,3.03630495276558e-05,8.21971799285685,11.507844792861,AIW-N,5,2,2,FALSE,FALSE,0.002,925.71327513755,1318.21570379587,TRUE,8.227,1,TRUE,0,2,1,0.999313935779335,0.00272903815272449,0.000682259538181123,12,1,12,,,,,,,,,,,
500,73,500,2,0.001,0.001,200000,2000,124;396,0.00181505650379759,8.23377147050372,11.5129694530463,AIW-N,4,2,2,FALSE,FALSE,0.001,387.526762420451,551.838109686722,TRUE,1.177,1,TRUE,0,2,4,0.378418318383148,0.265909543893679,0.0664773859734198,13,1,13,,,,,,,,,,,
1000,74,500,2,0.001,0.001,200000,2000,249;829,0.000449399583887882,8.21652434630397,11.5066811189929,AIW-N,5,2,2,FALSE,FALSE,0.002,1105.3671235112,1574.04278387996,TRUE,3.31,1,TRUE,0,2,3.5,0.56857457889006,0.127594730298719,0.0318986825746796,14,1,14,,,,,,,,,,,
2000,75,500,2,0.001,0.001,200000,2000,497;281,0.000387098945481671,8.22289870164331,11.509004085034,AIW-N,2,2,2,FALSE,FALSE,0.002,766.338207922693,1091.26560808192,TRUE,8.261,1,TRUE,0,2,2,0.844402153752258,0.373796441282912,0.0934491103207279,15,1,15,,,,,,,,,,,
500,76,500,2,0.001,0.001,200000,2000,124;401,0.000788822356164849,8.2139367766699,11.505738527661,AIW-N,5,2,2,FALSE,FALSE,0.002,362.797954316297,516.624286946407,TRUE,1.421,1,TRUE,0,2,1,0.994283647470812,0.0223397583030856,0.0055849395757714,16,1,16,,,,,,,,,,,
1000,77,500,2,0.001,0.001,200000,2000,249;913,0.001090086420822,8.21163958876183,11.5049018997255,AIW-N,5,2,2,FALSE,FALSE,0.001,590.645708734803,841.079489238359,TRUE,4.033,1,TRUE,0,2,1.5,0.826177386421993,0.177047613342379,0.0442619033355949,17,1,17,,,,,,,,,,,
2000,78,500,2,0.001,0.001,200000,2000,497;1267,0.000632126937732626,8.22476517303289,11.5096845235834,AIW-N,5,2,2,FALSE,FALSE,0.002,735.6306651558,1047.53806718186,TRUE,6.48600000000002,1,TRUE,0,2,3,0.326291005365209,0.211148999619512,0.0527872499048779,18,1,18,,,,,,,,,,,
500,79,500,2,0.001,0.001,200000,2000,124;452,0.000228013760681583,8.21821173454124,11.5072959135372,AIW-N,5,2,2,FALSE,FALSE,0.002,501.893880155131,714.696885340907,TRUE,1.131,1,TRUE,0,2,1,0.999988692116516,0.000413506980516875,0.000103376745129219,19,1,19,,,,,,,,,,,
1000,80,500,2,0.001,0.001,200000,2000,249;778,0.00330739684103032,8.24512280365838,11.5171134875633,AIW-N,4,2,2,FALSE,FALSE,0.002,668.573825686017,952.049127776888,TRUE,2.726,1,TRUE,0,2,3,0.831610391842615,0.327198849189202,0.0817997122973006,20,1,20,,,,,,,,,,,
500,61,500,2,0.001,0.001,200000,2000,124;77,0.0005436500368077,8.21580589560007,11.5064193821114,SuSiE-RSS: finite R0 + EB mismatch,5,2,2,FALSE,FALSE,,,,TRUE,0.0750000000000002,1,TRUE,0,2,4.5,0.586795989667904,0.407503857533698,0.101875964383424,1,1,1,0.16.6,2000,eb,mle,0.00422541203221849,211.621757675705,0.00510194808177688,FALSE,FALSE,alpha_pip_fixed_point,5
1000,62,500,2,0.001,0.001,200000,2000,249;890,0.00054310211951747,8.21581007239238,11.5064209036987,SuSiE-RSS: finite R0 + EB mismatch,2,2,2,FALSE,FALSE,,,,TRUE,0.148999999999999,1,TRUE,0,2,1,0.994392355650898,0.0218620415756646,0.00546551039391616,2,1,2,0.16.6,2000,eb,mle,0,2000,0.00799852654352705,FALSE,FALSE,alpha_pip_fixed_point,3
2000,63,500,2,0.001,0.001,200000,2000,497;1577,0.000248735132173233,8.21805380877515,11.5072383698245,SuSiE-RSS: finite R0 + EB mismatch,5,2,2,FALSE,FALSE,,,,TRUE,1.022,1,TRUE,0,2,2,0.581381765471556,0.287664709976538,0.0719161774941346,3,1,3,0.16.6,2000,eb,mle,0.00298186577273982,287.20234071893,0.00553559086484625,FALSE,FALSE,alpha_pip_fixed_point,4
500,64,500,2,0.001,0.001,200000,2000,124;182,0.000162963687541307,8.22119109605347,11.5083816624532,SuSiE-RSS: finite R0 + EB mismatch,5,2,2,FALSE,FALSE,,,,TRUE,0.0779999999999994,1,TRUE,0,2,1.5,0.801980062067417,0.119010241650986,0.0297525604127464,4,1,4,0.16.6,2000,eb,mle,0,2000,0.00702737262230427,FALSE,FALSE,alpha_pip_fixed_point,4
1000,65,500,2,0.001,0.001,200000,2000,249;124,0.000122301016096245,8.22088127294902,11.5082687421166,SuSiE-RSS: finite R0 + EB mismatch,5,2,2,FALSE,FALSE,,,,TRUE,0.281000000000001,1,TRUE,0,2,4,0.113153651230743,0.196457677790097,0.0491144194475242,5,1,5,0.16.6,2000,eb,mle,0.000637354129720921,879.233629938439,0.00525479696909093,FALSE,FALSE,alpha_pip_fixed_point,4
2000,66,500,2,0.001,0.001,200000,2000,497;1219,0.000166726197547979,8.2212197634835,11.5083921109481,SuSiE-RSS: finite R0 + EB mismatch,5,2,2,FALSE,FALSE,,,,TRUE,1.203,1,TRUE,0,2,1.5,0.881870341336657,0.247865957564971,0.0619664893912428,6,1,6,0.16.6,2000,eb,mle,0.00122768741493175,578.80840675077,0.00604182516901286,FALSE,FALSE,alpha_pip_fixed_point,7
500,67,500,2,0.001,0.001,200000,2000,124;374,0.000447092980169483,8.21654192844398,11.5066875245082,SuSiE-RSS: finite R0 + EB mismatch,5,2,2,FALSE,FALSE,,,,TRUE,0.187,1,TRUE,0,2,2,0.746293801658893,0.153835679741108,0.0384589199352771,7,1,7,0.16.6,2000,eb,mle,7.80063343715372e-05,1730.08484602041,0.00756225381999541,FALSE,FALSE,alpha_pip_fixed_point,18
1000,68,500,2,0.001,0.001,200000,2000,249;107,0.000431872628746297,8.21665794520671,11.506729791924,SuSiE-RSS: finite R0 + EB mismatch,5,2,2,FALSE,FALSE,,,,TRUE,0.326000000000001,1,TRUE,0,2,2.5,0.578077658213404,0.229020497684659,0.0572551244211647,8,1,8,0.16.6,2000,eb,mle,0.00404912079849408,219.822696361687,0.00450907191949605,FALSE,FALSE,alpha_pip_fixed_point,5
2000,69,500,2,0.001,0.001,200000,2000,497;1186,0.000104177853591834,8.21915548888092,11.5076398081573,SuSiE-RSS: finite R0 + EB mismatch,5,2,2,FALSE,FALSE,,,,TRUE,0.870999999999999,1,TRUE,0,2,1,0.99238768839328,0.021581611557129,0.00539540288928225,9,1,9,0.16.6,2000,eb,mle,0.00184873878624079,425.760414848227,0.00528584772810577,FALSE,FALSE,alpha_pip_fixed_point,3
500,70,500,2,0.001,0.001,200000,2000,124;377,0.0002455824153237,8.21807783702573,11.5072471249912,SuSiE-RSS: finite R0 + EB mismatch,3,2,2,FALSE,FALSE,,,,TRUE,0.0800000000000001,1,TRUE,0,2,1.5,0.773356481726348,0.169397895626725,0.0423494739066813,10,1,10,0.16.6,2000,eb,mle,0,2000,0.00673899672270759,FALSE,FALSE,alpha_pip_fixed_point,5
1000,71,500,2,0.001,0.001,200000,2000,249;873,0.000108386331081984,8.21912341739565,11.5076281211501,SuSiE-RSS: finite R0 + EB mismatch,5,2,2,FALSE,FALSE,,,,TRUE,0.18,1,TRUE,0,2,3,0.629433445625884,0.300025774060608,0.0750064435151521,11,1,11,0.16.6,2000,eb,mle,0.000885623951633812,721.696531602881,0.00707353978680709,FALSE,FALSE,alpha_pip_fixed_point,4
2000,72,500,2,0.001,0.001,200000,2000,497;1455,3.03630500713493e-05,8.21971799285271,11.5078447928595,SuSiE-RSS: finite R0 + EB mismatch,5,2,2,FALSE,FALSE,,,,TRUE,1.211,1,TRUE,0,2,1,0.996204872663666,0.015184508864071,0.00379612721601776,12,1,12,0.16.6,2000,eb,mle,0.00064944078111021,869.988272935758,0.00530664094050194,FALSE,FALSE,alpha_pip_fixed_point,3
500,73,500,2,0.001,0.001,200000,2000,124;396,0.00181505650379759,8.23377147050372,11.5129694530463,SuSiE-RSS: finite R0 + EB mismatch,5,2,2,FALSE,FALSE,,,,TRUE,0.0629999999999988,1,TRUE,0,2,4,0.367780317194257,0.265172276363931,0.0662930690909828,13,1,13,0.16.6,2000,eb,mle,0.00123161286722383,577.496286224315,0.00620874893552731,FALSE,FALSE,alpha_pip_fixed_point,4
1000,74,500,2,0.001,0.001,200000,2000,249;829,0.000449399583887882,8.21652434630397,11.5066811189929,SuSiE-RSS: finite R0 + EB mismatch,2,2,2,FALSE,FALSE,,,,TRUE,0.17,1,TRUE,0,2,3.5,0.568046135128331,0.126392935568643,0.0315982338921609,14,1,14,0.16.6,2000,eb,mle,0,2000,0.00787041549750749,FALSE,FALSE,alpha_pip_fixed_point,3
2000,75,500,2,0.001,0.001,200000,2000,497;281,0.000387098945481671,8.22289870164331,11.509004085034,SuSiE-RSS: finite R0 + EB mismatch,2,2,2,FALSE,FALSE,,,,TRUE,0.971000000000004,1,TRUE,0,2,2,0.832687383476266,0.419647886227738,0.104911971556934,15,1,15,0.16.6,2000,eb,mle,0,2000,0.00768068746314012,FALSE,FALSE,alpha_pip_fixed_point,4
500,76,500,2,0.001,0.001,200000,2000,124;401,0.000788822356164849,8.2139367766699,11.505738527661,SuSiE-RSS: finite R0 + EB mismatch,3,2,2,FALSE,FALSE,,,,TRUE,0.0889999999999986,1,TRUE,0,2,1,0.993064687457721,0.0272225448322119,0.00680563620805298,16,1,16,0.16.6,2000,eb,mle,0,2000,0.00754506948558921,FALSE,FALSE,alpha_pip_fixed_point,6
1000,77,500,2,0.001,0.001,200000,2000,249;913,0.001090086420822,8.21163958876183,11.5049018997255,SuSiE-RSS: finite R0 + EB mismatch,5,2,2,FALSE,FALSE,,,,TRUE,0.169,1,TRUE,0,2,1.5,0.812752521030409,0.232139595007774,0.0580348987519436,17,1,17,0.16.6,2000,eb,mle,0.0026061702055701,321.939859640261,0.00424635892135913,FALSE,FALSE,alpha_pip_fixed_point,3
2000,78,500,2,0.001,0.001,200000,2000,497;1267,0.000632126937732626,8.22476517303289,11.5096845235834,SuSiE-RSS: finite R0 + EB mismatch,5,2,2,FALSE,FALSE,,,,TRUE,0.923999999999999,1,TRUE,0,2,3.5,0.335105727348767,0.203794152832233,0.0509485382080582,18,1,18,0.16.6,2000,eb,mle,0.00125592210662681,569.501344180373,0.00613139804157744,FALSE,FALSE,alpha_pip_fixed_point,5
500,79,500,2,0.001,0.001,200000,2000,124;452,0.000228013760681583,8.21821173454124,11.5072959135372,SuSiE-RSS: finite R0 + EB mismatch,3,2,2,FALSE,FALSE,,,,TRUE,0.0630000000000006,1,TRUE,0,2,1,0.999972629758983,0.000349833507169859,8.74583767924649e-05,19,1,19,0.16.6,2000,eb,mle,0,2000,0.0091962746649478,FALSE,FALSE,alpha_pip_fixed_point,4
1000,80,500,2,0.001,0.001,200000,2000,249;778,0.00330739684103032,8.24512280365838,11.5171134875633,SuSiE-RSS: finite R0 + EB mismatch,5,2,2,FALSE,FALSE,,,,TRUE,0.175000000000001,1,TRUE,0,2,3,0.779428237488382,0.213698668924688,0.0534246672311721,20,1,20,0.16.6,2000,eb,mle,0.00234550450934329,351.431528826073,0.00500499521732915,FALSE,FALSE,alpha_pip_fixed_point,5
500,61,500,2,0.001,0.001,200000,2000,124;77,0.0005436500368077,8.21580589560007,11.5064193821114,SuSiE-RSS: in-sample R,5,2,2,FALSE,FALSE,,,,TRUE,0.0139999999999958,1,TRUE,0,2,2.5,0.601617547944481,0,0,1,1,1,,,,,,,,,,,
1000,62,500,2,0.001,0.001,200000,2000,249;890,0.00054310211951747,8.21581007239238,11.5064209036987,SuSiE-RSS: in-sample R,2,2,2,FALSE,FALSE,,,,TRUE,0.0320000000000107,1,TRUE,0,2,1,0.999256421020467,0,0,2,1,2,,,,,,,,,,,
2000,63,500,2,0.001,0.001,200000,2000,497;1577,0.000248735132173233,8.21805380877515,11.5072383698245,SuSiE-RSS: in-sample R,5,2,2,FALSE,FALSE,,,,TRUE,0.125999999999976,1,TRUE,0,2,1.5,0.587970649876391,0,0,3,1,3,,,,,,,,,,,
500,64,500,2,0.001,0.001,200000,2000,124;182,0.000162963687541307,8.22119109605347,11.5083816624532,SuSiE-RSS: in-sample R,3,2,2,FALSE,FALSE,,,,TRUE,0.0140000000000029,1,TRUE,0,2,1.5,0.771309286432619,0,0,4,1,4,,,,,,,,,,,
1000,65,500,2,0.001,0.001,200000,2000,249;124,0.000122301016096245,8.22088127294902,11.5082687421166,SuSiE-RSS: in-sample R,2,2,2,FALSE,FALSE,,,,TRUE,0.0369999999999919,1,TRUE,0,2,4,0.118669823200393,0,0,5,1,5,,,,,,,,,,,
2000,66,500,2,0.001,0.001,200000,2000,497;1219,0.000166726197547979,8.2212197634835,11.5083921109481,SuSiE-RSS: in-sample R,2,2,2,FALSE,FALSE,,,,TRUE,0.0910000000000082,1,TRUE,0,2,1.5,0.943679361428289,0,0,6,1,6,,,,,,,,,,,
500,67,500,2,0.001,0.001,200000,2000,124;374,0.000447092980169483,8.21654192844398,11.5066875245082,SuSiE-RSS: in-sample R,2,2,2,FALSE,FALSE,,,,TRUE,0.00999999999999801,1,TRUE,0,2,2,0.77160291090212,0,0,7,1,7,,,,,,,,,,,
1000,68,500,2,0.001,0.001,200000,2000,249;107,0.000431872628746297,8.21665794520671,11.506729791924,SuSiE-RSS: in-sample R,5,2,2,FALSE,FALSE,,,,TRUE,0.0489999999999924,1,TRUE,0,2,2,0.628639173399888,0,0,8,1,8,,,,,,,,,,,
2000,69,500,2,0.001,0.001,200000,2000,497;1186,0.000104177853591834,8.21915548888092,11.5076398081573,SuSiE-RSS: in-sample R,5,2,2,FALSE,FALSE,,,,TRUE,0.0809999999999889,1,TRUE,0,2,1,0.997774878882296,0,0,9,1,9,,,,,,,,,,,
500,70,500,2,0.001,0.001,200000,2000,124;377,0.0002455824153237,8.21807783702573,11.5072471249912,SuSiE-RSS: in-sample R,5,2,2,FALSE,FALSE,,,,TRUE,0.0150000000000006,1,TRUE,0,2,1.5,0.816268858276623,0,0,10,1,10,,,,,,,,,,,
1000,71,500,2,0.001,0.001,200000,2000,249;873,0.000108386331081984,8.21912341739565,11.5076281211501,SuSiE-RSS: in-sample R,3,2,2,FALSE,FALSE,,,,TRUE,0.0409999999999968,1,TRUE,0,2,2.5,0.690827391240141,0,0,11,1,11,,,,,,,,,,,
2000,72,500,2,0.001,0.001,200000,2000,497;1455,3.03630495276558e-05,8.21971799285685,11.507844792861,SuSiE-RSS: in-sample R,5,2,2,FALSE,FALSE,,,,TRUE,0.109999999999985,1,TRUE,0,2,1,0.999995710030834,0,0,12,1,12,,,,,,,,,,,
500,73,500,2,0.001,0.001,200000,2000,124;396,0.00181505650379759,8.23377147050372,11.5129694530463,SuSiE-RSS: in-sample R,4,2,2,FALSE,FALSE,,,,TRUE,0.017000000000003,1,TRUE,0,2,4.5,0.385043557394498,0,0,13,1,13,,,,,,,,,,,
1000,74,500,2,0.001,0.001,200000,2000,249;829,0.000449399583887882,8.21652434630397,11.5066811189929,SuSiE-RSS: in-sample R,2,2,2,FALSE,FALSE,,,,TRUE,0.0420000000000016,1,TRUE,0,2,3.5,0.5654467687293,0,0,14,1,14,,,,,,,,,,,
2000,75,500,2,0.001,0.001,200000,2000,497;281,0.000387098945481671,8.22289870164331,11.509004085034,SuSiE-RSS: in-sample R,2,2,2,FALSE,FALSE,,,,TRUE,0.157999999999987,1,TRUE,0,2,1.5,0.937599355375825,0,0,15,1,15,,,,,,,,,,,
500,76,500,2,0.001,0.001,200000,2000,124;401,0.000788822356164849,8.2139367766699,11.505738527661,SuSiE-RSS: in-sample R,2,2,2,FALSE,FALSE,,,,TRUE,0.0129999999999981,1,TRUE,0,2,1,0.999866171148441,0,0,16,1,16,,,,,,,,,,,
1000,77,500,2,0.001,0.001,200000,2000,249;913,0.001090086420822,8.21163958876183,11.5049018997255,SuSiE-RSS: in-sample R,5,2,2,FALSE,FALSE,,,,TRUE,0.0300000000000011,1,TRUE,0,2,1.5,0.870485117049258,0,0,17,1,17,,,,,,,,,,,
2000,78,500,2,0.001,0.001,200000,2000,497;1267,0.000632126937732626,8.22476517303289,11.5096845235834,SuSiE-RSS: in-sample R,2,2,2,FALSE,FALSE,,,,TRUE,0.122000000000014,1,TRUE,0,2,3,0.327390465935296,0,0,18,1,18,,,,,,,,,,,
500,79,500,2,0.001,0.001,200000,2000,124;452,0.000228013760681583,8.21821173454124,11.5072959135372,SuSiE-RSS: in-sample R,2,2,2,FALSE,FALSE,,,,TRUE,0.0129999999999981,1,TRUE,0,2,1,0.999885284225346,0,0,19,1,19,,,,,,,,,,,
1000,80,500,2,0.001,0.001,200000,2000,249;778,0.00330739684103032,8.24512280365838,11.5171134875633,SuSiE-RSS: in-sample R,2,2,2,FALSE,FALSE,,,,TRUE,0.0260000000000105,1,TRUE,0,2,2.5,0.78858325979719,0,0,20,1,20,,,,,,,,,,,
500,61,500,2,0.001,0.001,200000,2000,124;77,0.0005436500368077,8.21580589560007,11.5064193821114,SuSiE-RSS: reference R0,5,2,2,FALSE,FALSE,,,,TRUE,0.0249999999999986,1,TRUE,0,2,4.5,0.58841550152077,0.287647253641365,0.0719118134103411,1,1,1,,,,,,,,,,,
1000,62,500,2,0.001,0.001,200000,2000,249;890,0.00054310211951747,8.21581007239238,11.5064209036987,SuSiE-RSS: reference R0,2,2,2,FALSE,FALSE,,,,TRUE,0.0409999999999968,1,TRUE,0,2,1,0.995894577928448,0.0163690465481373,0.00409226163703433,2,1,2,,,,,,,,,,,
2000,63,500,2,0.001,0.001,200000,2000,497;1577,0.000248735132173233,8.21805380877515,11.5072383698245,SuSiE-RSS: reference R0,5,2,2,FALSE,FALSE,,,,TRUE,0.14500000000001,1,TRUE,0,2,2,0.556932936961066,0.123346695647328,0.0308366739118319,3,1,3,,,,,,,,,,,
500,64,500,2,0.001,0.001,200000,2000,124;182,0.000162963687541307,8.22119109605347,11.5083816624532,SuSiE-RSS: reference R0,5,2,2,FALSE,FALSE,,,,TRUE,0.0149999999999935,1,TRUE,0,2,1.5,0.803956053719378,0.127937126345994,0.0319842815864985,4,1,4,,,,,,,,,,,
1000,65,500,2,0.001,0.001,200000,2000,249;124,0.000122301016096245,8.22088127294902,11.5082687421166,SuSiE-RSS: reference R0,5,2,2,FALSE,FALSE,,,,TRUE,0.0489999999999924,1,TRUE,0,2,4,0.0878768244143622,0.27535210612311,0.0688380265307775,5,1,5,,,,,,,,,,,
2000,66,500,2,0.001,0.001,200000,2000,497;1219,0.000166726197547979,8.2212197634835,11.5083921109481,SuSiE-RSS: reference R0,5,2,2,FALSE,FALSE,,,,TRUE,0.155000000000001,1,TRUE,0,2,1.5,0.921082435198198,0.0935669814896608,0.0233917453724152,6,1,6,,,,,,,,,,,
500,67,500,2,0.001,0.001,200000,2000,124;374,0.000447092980169483,8.21654192844398,11.5066875245082,SuSiE-RSS: reference R0,5,2,2,FALSE,FALSE,,,,TRUE,0.0169999999999959,1,TRUE,0,2,1.5,0.750408557447452,0.164503330962467,0.0411258327406168,7,1,7,,,,,,,,,,,
1000,68,500,2,0.001,0.001,200000,2000,249;107,0.000431872628746297,8.21665794520671,11.506729791924,SuSiE-RSS: reference R0,5,2,2,FALSE,FALSE,,,,TRUE,0.0499999999999972,1,TRUE,0,2,2,0.634413902754968,0.0492366060371296,0.0123091515092824,8,1,8,,,,,,,,,,,
2000,69,500,2,0.001,0.001,200000,2000,497;1186,0.000104177853591834,8.21915548888092,11.5076398081573,SuSiE-RSS: reference R0,5,2,2,FALSE,FALSE,,,,TRUE,0.105000000000018,1,TRUE,0,2,1,0.998885952109587,0.00452917256592508,0.00113229314148127,9,1,9,,,,,,,,,,,
500,70,500,2,0.001,0.001,200000,2000,124;377,0.0002455824153237,8.21807783702573,11.5072471249912,SuSiE-RSS: reference R0,5,2,2,FALSE,FALSE,,,,TRUE,0.017000000000003,1,TRUE,0,2,1.5,0.775422467842359,0.163536806321561,0.0408842015803903,10,1,10,,,,,,,,,,,
1000,71,500,2,0.001,0.001,200000,2000,249;873,0.000108386331081984,8.21912341739565,11.5076281211501,SuSiE-RSS: reference R0,5,2,2,FALSE,FALSE,,,,TRUE,0.0250000000000057,1,TRUE,0,2,3,0.610297812013769,0.423007354908376,0.105751838727094,11,1,11,,,,,,,,,,,
2000,72,500,2,0.001,0.001,200000,2000,497;1455,3.03630495276558e-05,8.21971799285685,11.507844792861,SuSiE-RSS: reference R0,5,2,2,FALSE,FALSE,,,,TRUE,0.12700000000001,1,TRUE,0,2,1,0.999311948447815,0.00273699121479964,0.000684247803699909,12,1,12,,,,,,,,,,,
500,73,500,2,0.001,0.001,200000,2000,124;396,0.00181505650379759,8.23377147050372,11.5129694530463,SuSiE-RSS: reference R0,5,2,2,FALSE,FALSE,,,,TRUE,0.0120000000000005,1,TRUE,0,2,4,0.379483356487294,0.267444948260339,0.0668612370650848,13,1,13,,,,,,,,,,,
1000,74,500,2,0.001,0.001,200000,2000,249;829,0.000449399583887882,8.21652434630397,11.5066811189929,SuSiE-RSS: reference R0,5,2,2,FALSE,FALSE,,,,TRUE,0.0439999999999969,1,TRUE,0,2,3.5,0.5685724243198,0.127569773481853,0.0318924433704632,14,1,14,,,,,,,,,,,
2000,75,500,2,0.001,0.001,200000,2000,497;281,0.000387098945481671,8.22289870164331,11.509004085034,SuSiE-RSS: reference R0,2,2,2,FALSE,FALSE,,,,TRUE,0.155999999999978,1,TRUE,0,2,2,0.844599409077896,0.372979791025497,0.0932449477563742,15,1,15,,,,,,,,,,,
500,76,500,2,0.001,0.001,200000,2000,124;401,0.000788822356164849,8.2139367766699,11.505738527661,SuSiE-RSS: reference R0,3,2,2,FALSE,FALSE,,,,TRUE,0.0259999999999963,1,TRUE,0,2,1,0.994325273389223,0.0221731967578591,0.00554329918946478,16,1,16,,,,,,,,,,,
1000,77,500,2,0.001,0.001,200000,2000,249;913,0.001090086420822,8.21163958876183,11.5049018997255,SuSiE-RSS: reference R0,5,2,2,FALSE,FALSE,,,,TRUE,0.0500000000000114,1,TRUE,0,2,1.5,0.826208329238178,0.176924084698234,0.0442310211745586,17,1,17,,,,,,,,,,,
2000,78,500,2,0.001,0.001,200000,2000,497;1267,0.000632126937732626,8.22476517303289,11.5096845235834,SuSiE-RSS: reference R0,5,2,2,FALSE,FALSE,,,,TRUE,0.123000000000019,1,TRUE,0,2,3.5,0.326270474113902,0.211249211762225,0.0528123029405563,18,1,18,,,,,,,,,,,
500,79,500,2,0.001,0.001,200000,2000,124;452,0.000228013760681583,8.21821173454124,11.5072959135372,SuSiE-RSS: reference R0,5,2,2,FALSE,FALSE,,,,TRUE,0.0150000000000006,1,TRUE,0,2,1,0.999988663182087,0.000413389739689441,0.00010334743492236,19,1,19,,,,,,,,,,,
1000,80,500,2,0.001,0.001,200000,2000,249;778,0.00330739684103032,8.24512280365838,11.5171134875633,SuSiE-RSS: reference R0,5,2,2,FALSE,FALSE,,,,TRUE,0.0300000000000011,1,TRUE,0,2,3,0.830919921288223,0.325640531271817,0.0814101328179544,20,1,20,,,,,,,,,,,
500,61,500,2,0.001,0.001,200000,2000,124;77,0.0005436500368077,8.21580589560007,11.5064193821114,collapsed-R,0,2,2,FALSE,FALSE,0.002,269.119192058065,451.312885081374,TRUE,0.619,1,TRUE,0,2,4.5,0.583897332303197,0.452547624004279,0.11313690600107,1,1,1,,,,,,,,,,,
1000,62,500,2,0.001,0.001,200000,2000,249;890,0.00054310211951747,8.21581007239238,11.5064209036987,collapsed-R,0,2,2,FALSE,FALSE,0.002,613.726079413062,1029.2186351757,TRUE,1.497,1,TRUE,0,2,1,0.992546232141393,0.0269092623827085,0.00672731559567713,2,1,2,,,,,,,,,,,
2000,63,500,2,0.001,0.001,200000,2000,497;1577,0.000248735132173233,8.21805380877515,11.5072383698245,collapsed-R,0,2,2,FALSE,FALSE,0.002,504.866587150051,846.661266650636,TRUE,3.76600000000002,1,TRUE,0,2,2,0.568566434986471,0.201860410557529,0.0504651026393823,3,1,3,,,,,,,,,,,
500,64,500,2,0.001,0.001,200000,2000,124;182,0.000162963687541307,8.22119109605347,11.5083816624532,collapsed-R,0,2,2,FALSE,FALSE,0.002,425.473416452854,713.518919391437,TRUE,0.784999999999997,1,TRUE,0,2,1.5,0.792555706829661,0.0834756644546188,0.0208689161136547,4,1,4,,,,,,,,,,,
1000,65,500,2,0.001,0.001,200000,2000,249;124,0.000122301016096245,8.22088127294902,11.5082687421166,collapsed-R,0,2,2,FALSE,FALSE,0.001,333.314000577439,558.967578968366,TRUE,1.569,1,TRUE,0,2,4,0.131756687813812,0.163503548288194,0.0408758870720485,5,1,5,,,,,,,,,,,
2000,66,500,2,0.001,0.001,200000,2000,497;1219,0.000166726197547979,8.2212197634835,11.5083921109481,collapsed-R,0,2,2,FALSE,FALSE,0.002,490.47462678982,822.525949126528,TRUE,4.43000000000001,1,TRUE,0,2,1.5,0.873020393458533,0.283068142429202,0.0707670356073004,6,1,6,,,,,,,,,,,
500,67,500,2,0.001,0.001,200000,2000,124;374,0.000447092980169483,8.21654192844398,11.5066875245082,collapsed-R,0,2,2,FALSE,FALSE,0.002,279.253739355481,468.308520899141,TRUE,0.784999999999997,1,TRUE,0,2,2.5,0.727107165521629,0.183045388055936,0.0457613470139839,7,1,7,,,,,,,,,,,
1000,68,500,2,0.001,0.001,200000,2000,249;107,0.000431872628746297,8.21665794520671,11.506729791924,collapsed-R,0,2,2,FALSE,FALSE,0.001,262.773008671159,440.670335541533,TRUE,1.63,1,TRUE,0,2,2,0.576953599919975,0.239157437347386,0.0597893593368465,8,1,8,,,,,,,,,,,
2000,69,500,2,0.001,0.001,200000,2000,497;1186,0.000104177853591834,8.21915548888092,11.5076398081573,collapsed-R,0,2,2,FALSE,FALSE,0.002,838.71477951201,1406.52468524164,TRUE,3.43799999999999,1,TRUE,0,2,1,0.996535381897972,0.00495603840504901,0.00123900960126225,9,1,9,,,,,,,,,,,
500,70,500,2,0.001,0.001,200000,2000,124;377,0.0002455824153237,8.21807783702573,11.5072471249912,collapsed-R,0,2,2,FALSE,FALSE,0.001,269.312836422568,451.637626680647,TRUE,1.078,1,TRUE,0,2,1.5,0.765968833708611,0.202045569540434,0.0505113923851085,10,1,10,,,,,,,,,,,
1000,71,500,2,0.001,0.001,200000,2000,249;873,0.000108386331081984,8.21912341739565,11.5076281211501,collapsed-R,0,2,2,FALSE,FALSE,0.002,428.314826724498,718.283964416983,TRUE,1.824,1,TRUE,0,2,3.5,0.625956832916729,0.283921912664365,0.0709804781660913,11,1,11,,,,,,,,,,,
2000,72,500,2,0.001,0.001,200000,2000,497;1455,3.03630495276558e-05,8.21971799285685,11.507844792861,collapsed-R,0,2,2,FALSE,FALSE,0.002,778.996529548096,1306.37718005216,TRUE,3.81199999999998,1,TRUE,0,2,1,0.997875640687697,0.00848772510230387,0.00212193127557597,12,1,12,,,,,,,,,,,
500,73,500,2,0.001,0.001,200000,2000,124;396,0.00181505650379759,8.23377147050372,11.5129694530463,collapsed-R,0,2,2,FALSE,FALSE,0.001,363.981122050183,610.396341678156,TRUE,1.078,1,TRUE,0,2,4,0.361582482141548,0.284971545682641,0.0712428864206601,13,1,13,,,,,,,,,,,
1000,74,500,2,0.001,0.001,200000,2000,249;829,0.000449399583887882,8.21652434630397,11.5066811189929,collapsed-R,0,2,2,FALSE,FALSE,0.002,950.789859576231,1594.47459450934,TRUE,1.687,1,TRUE,0,2,3.5,0.570340612478826,0.127458314526992,0.0318645786317479,14,1,14,,,,,,,,,,,
2000,75,500,2,0.001,0.001,200000,2000,497;281,0.000387098945481671,8.22289870164331,11.509004085034,collapsed-R,0,2,2,FALSE,FALSE,0.002,775.357147354357,1300.27393611326,TRUE,4.333,1,TRUE,0,2,2,0.809250788501967,0.514232370406222,0.128558092601556,15,1,15,,,,,,,,,,,
500,76,500,2,0.001,0.001,200000,2000,124;401,0.000788822356164849,8.2139367766699,11.505738527661,collapsed-R,0,2,2,FALSE,FALSE,0.002,330.279804009502,553.879231323934,TRUE,0.582000000000001,1,TRUE,0,2,1,0.985023068147996,0.0596232155580168,0.0149058038895042,16,1,16,,,,,,,,,,,
1000,77,500,2,0.001,0.001,200000,2000,249;913,0.001090086420822,8.21163958876183,11.5049018997255,collapsed-R,0,2,2,FALSE,FALSE,0.001,503.791348377681,844.858091229371,TRUE,2.00699999999999,1,TRUE,0,2,1.5,0.808213275139909,0.24935043809712,0.0623376095242799,17,1,17,,,,,,,,,,,
2000,78,500,2,0.001,0.001,200000,2000,497;1267,0.000632126937732626,8.22476517303289,11.5096845235834,collapsed-R,0,2,2,FALSE,FALSE,0.002,602.070645086344,1009.6724718098,TRUE,3.29300000000001,1,TRUE,0,2,4,0.337085453134873,0.235020981568305,0.0587552453920762,18,1,18,,,,,,,,,,,
500,79,500,2,0.001,0.001,200000,2000,124;452,0.000228013760681583,8.21821173454124,11.5072959135372,collapsed-R,0,2,2,FALSE,FALSE,0.002,458.159650547137,768.333733967548,TRUE,1.419,1,TRUE,0,2,1,0.999796785315577,0.000362621702886375,9.06554257215937e-05,19,1,19,,,,,,,,,,,
1000,80,500,2,0.001,0.001,200000,2000,249;778,0.00330739684103032,8.24512280365838,11.5171134875633,collapsed-R,0,2,2,FALSE,FALSE,0.002,573.672296077402,962.048440521804,TRUE,0.986000000000004,1,TRUE,0,2,3,0.793616155433205,0.215611973907006,0.0539029934767515,20,1,20,,,,,,,,,,,
500,61,1000,2,0.001,0.001,200000,2000,124;224,6.78136212152506e-05,8.22046610052963,11.508117430353,AIW-N,5,2,2,FALSE,FALSE,0.002,1530.2569795522,2179.08593888234,TRUE,1.156,1,TRUE,0,2,4,0.578807387666985,0.124227844026752,0.0310569610066881,1,1,1,,,,,,,,,,,
1000,62,1000,2,0.001,0.001,200000,2000,249;441,1.02411744531245e-05,8.21987132605694,11.5079006715292,AIW-N,5,2,2,FALSE,FALSE,0.002,4227.92507675759,6020.56530930281,TRUE,3.53099999999999,1,TRUE,0,2,1,0.992957906462604,0.0031634790230205,0.000790869755755126,2,1,2,,,,,,,,,,,
2000,63,1000,2,0.001,0.001,200000,2000,497;1320,0.000183460127392169,8.22134726222735,11.5084385810829,AIW-N,5,1,1,TRUE,FALSE,0.002,1979.42574719845,2818.70226401059,TRUE,8.55500000000001,0.5,FALSE,0,1,1,0.498459751912401,1.00392644048484,0.334642146828279,3,1,3,,,,,,,,,,,
500,64,1000,2,0.001,0.001,200000,2000,124;438,0.000337362884522566,8.22251980382956,11.5088659684515,AIW-N,5,2,2,FALSE,FALSE,0.002,887.22402293698,1263.40700866226,TRUE,1.071,1,TRUE,0,2,1.5,0.759724284023166,0.0117776765512942,0.00294441913782355,4,1,4,,,,,,,,,,,
1000,65,1000,2,0.001,0.001,200000,2000,249;137,0.000148435726329662,8.21881820877231,11.5075169033126,AIW-N,5,2,2,FALSE,FALSE,0.002,1509.42136945457,2149.4160301033,TRUE,3.386,1,TRUE,0,2,3.5,0.60776569492683,0.0631265504649208,0.0157816376162302,5,1,5,,,,,,,,,,,
2000,66,1000,2,0.001,0.001,200000,2000,497;1759,0.000197441977705775,8.22145379124242,11.5084774086796,AIW-N,5,2,2,FALSE,FALSE,0.002,1338.19078951149,1905.58368426436,TRUE,9.91800000000001,0.5,FALSE,1,1,1,0.516090903520041,0.00781521789716422,0.00195380447429105,6,0.5,6,,,,,,,,,,,
500,67,1000,2,0.001,0.001,200000,2000,124;328,0.000672528553961645,8.22507289658004,11.5097967178731,AIW-N,5,2,2,FALSE,FALSE,0.002,716.909687574596,1020.87939510623,TRUE,1.375,1,TRUE,0,2,1,0.999999982062384,8.30255052896208e-08,2.07563763224052e-08,7,1,7,,,,,,,,,,,
1000,68,1000,2,0.001,0.001,200000,2000,249;802,0.00252511761038242,8.20069053271898,11.5009166718381,AIW-N,4,2,2,FALSE,FALSE,0.001,373.665202769543,532.099248743828,TRUE,3.931,1,TRUE,0,2,2,0.721573351042307,0.0282645731336498,0.00706614328341245,8,1,8,,,,,,,,,,,
2000,69,1000,2,0.001,0.001,200000,2000,497;1611,0.000423117663754359,8.22317309010934,11.5091041086003,AIW-N,5,2,2,FALSE,FALSE,0.002,2267.20886625367,3228.50542554523,TRUE,7.95400000000001,1,TRUE,0,2,1,0.999989927584981,0.000124234121454231,3.10585303635576e-05,9,1,9,,,,,,,,,,,
500,70,1000,2,0.001,0.001,200000,2000,124;445,2.70752838074352e-05,8.22015568008212,11.5080042996875,AIW-N,5,2,2,FALSE,FALSE,0.002,1414.50377626122,2014.25337739597,TRUE,1.348,1,TRUE,0,2,1,0.997815793872581,0.0400907310994815,0.0100226827748704,10,1,10,,,,,,,,,,,
1000,71,1000,2,0.001,0.001,200000,2000,249;650,5.46164144782458e-05,8.22036554063119,11.5080807816214,AIW-N,2,2,2,FALSE,FALSE,0.002,3659.80607808048,5211.5638551866,TRUE,3.44499999999999,1,TRUE,0,2,3,0.502573338673036,0.340956977229121,0.0852392443072803,11,1,11,,,,,,,,,,,
2000,72,1000,2,0.001,0.001,200000,2000,497;1543,0.000321055708662151,8.22239557008702,11.5088206835459,AIW-N,5,2,2,FALSE,FALSE,0.001,511.843640396115,728.865343924068,TRUE,8.30000000000001,1,TRUE,0,2,1,0.999999954467948,1.65521331056327e-07,4.13803327640817e-08,12,1,12,,,,,,,,,,,
500,73,1000,2,0.001,0.001,200000,2000,124;398,0.000284485443054191,8.21778133609635,11.5071390903579,AIW-N,5,2,2,FALSE,FALSE,0.001,707.404661164762,1007.34423749862,TRUE,1.246,1,TRUE,0,2,4,0.333977298144627,0.164033782989162,0.0410084457472905,13,1,13,,,,,,,,,,,
1000,74,1000,2,0.001,0.001,200000,2000,249;910,5.03596681492804e-05,8.2203331049333,11.5080689606064,AIW-N,4,2,2,FALSE,FALSE,0.001,1204.1086336663,1714.65069434081,TRUE,3.559,1,TRUE,0,2,1,0.999999962834784,8.04239382588497e-07,2.01059845647124e-07,14,1,14,,,,,,,,,,,
2000,75,1000,2,0.001,0.001,200000,2000,497;882,0.000157664840454977,8.22115072278862,11.508366947547,AIW-N,5,2,2,FALSE,FALSE,0.001,730.483454561364,1040.20843929538,TRUE,8.072,1,TRUE,0,2,2.5,0.736268110050131,0.214908883852883,0.0537272209632207,15,1,15,,,,,,,,,,,
500,76,1000,2,0.001,0.001,200000,2000,124;393,0.00166380548206799,8.20726353610797,11.5033086356449,AIW-N,5,2,2,FALSE,FALSE,0.001,408.063067770021,581.08180850451,TRUE,1.141,1,TRUE,0,2,4,0.572398944023091,0.127941255811114,0.0319853139527786,16,1,16,,,,,,,,,,,
1000,77,1000,2,0.001,0.001,200000,2000,249;718,0.000125520474634296,8.21899284248666,11.5075805393584,AIW-N,5,2,2,FALSE,FALSE,0.001,753.35025099523,1072.77075741721,TRUE,3.998,1,TRUE,0,2,1.5,0.86826525845819,0.0522715140891259,0.0130678785222815,17,1,17,,,,,,,,,,,
2000,78,1000,2,0.001,0.001,200000,2000,497;1577,0.000223861451894677,8.21824338065107,11.507307444589,AIW-N,5,2,2,FALSE,FALSE,0.001,820.921149052678,1168.99171625101,TRUE,6.53700000000001,1,TRUE,0,2,2,0.617645063366991,0.12477740241032,0.0311943506025799,18,1,18,,,,,,,,,,,
500,79,1000,2,0.001,0.001,200000,2000,124;224,7.58198714451234e-05,8.2193715936772,11.5077185586889,AIW-N,5,2,2,FALSE,FALSE,0.002,1478.42396158224,2105.27572129311,TRUE,1.449,1,TRUE,0,2,4,0.557581298741182,0.970298219062612,0.242574554765653,19,1,19,,,,,,,,,,,
1000,80,1000,2,0.001,0.001,200000,2000,249;822,0.00059947480546245,8.22451646792347,11.5095938493552,AIW-N,5,2,2,FALSE,FALSE,0.001,505.817959826604,720.284774793084,TRUE,2.911,1,TRUE,0,2,1,0.999657235206693,0.00103546941388527,0.000258867353471317,20,1,20,,,,,,,,,,,
500,61,1000,2,0.001,0.001,200000,2000,124;224,6.78136212152506e-05,8.22046610052963,11.508117430353,SuSiE-RSS: finite R0 + EB mismatch,5,2,2,FALSE,FALSE,,,,TRUE,0.0629999999999997,1,TRUE,0,2,4,0.578486701079093,0.123556826830811,0.0308892067077028,1,1,1,0.16.6,2000,eb,mle,0,2000,0.00588155494632947,FALSE,FALSE,alpha_pip_fixed_point,5
1000,62,1000,2,0.001,0.001,200000,2000,249;441,1.02411744531245e-05,8.21987132605694,11.5079006715292,SuSiE-RSS: finite R0 + EB mismatch,2,2,2,FALSE,FALSE,,,,TRUE,0.157999999999999,1,TRUE,0,2,1,0.991186279112296,0.0102499876960969,0.00256249692402422,2,1,2,0.16.6,2000,eb,mle,0,2000,0.00964345208375381,FALSE,FALSE,alpha_pip_fixed_point,3
2000,63,1000,2,0.001,0.001,200000,2000,497;1320,0.000183460128193369,8.22134726223345,11.5084385810851,SuSiE-RSS: finite R0 + EB mismatch,5,1,1,FALSE,FALSE,,,,TRUE,1.407,0.5,FALSE,0,1,1,0.5299360134752,1.00356583222939,0.334521944076463,3,1,3,0.16.6,2000,eb,mle,0.00429268942649474,208.651116525899,0.0038151337210134,FALSE,FALSE,alpha_pip_fixed_point,9
500,64,1000,2,0.001,0.001,200000,2000,124;438,0.000337362884522566,8.22251980382956,11.5088659684515,SuSiE-RSS: finite R0 + EB mismatch,2,2,2,FALSE,FALSE,,,,TRUE,0.0640000000000001,1,TRUE,0,2,1.5,0.759129629168283,0.0095201743035855,0.00238004357589638,4,1,4,0.16.6,2000,eb,mle,0,2000,0.00688518778671041,FALSE,FALSE,alpha_pip_fixed_point,3
1000,65,1000,2,0.001,0.001,200000,2000,249;137,0.000148435726329662,8.21881820877231,11.5075169033126,SuSiE-RSS: finite R0 + EB mismatch,5,2,2,FALSE,FALSE,,,,TRUE,0.206,1,TRUE,0,2,3.5,0.602939061945682,0.0846307931977627,0.0211576982994407,5,1,5,0.16.6,2000,eb,mle,0.000277339700164308,1286.43886294322,0.00586980750710093,FALSE,FALSE,alpha_pip_fixed_point,3
2000,66,1000,2,0.001,0.001,200000,2000,497;1759,0.000197441976770251,8.22145379123529,11.508477408677,SuSiE-RSS: finite R0 + EB mismatch,5,2,2,FALSE,FALSE,,,,TRUE,1.217,0.5,FALSE,1,1,1,0.524835682169658,0.025522846173237,0.00638071154330926,6,0.5,6,0.16.6,2000,eb,mle,0.00172403866878074,449.632469991279,0.00520611828655103,FALSE,FALSE,alpha_pip_fixed_point,4
500,67,1000,2,0.001,0.001,200000,2000,124;328,0.000672528553961645,8.22507289658004,11.5097967178731,SuSiE-RSS: finite R0 + EB mismatch,2,2,2,FALSE,FALSE,,,,TRUE,0.0570000000000004,1,TRUE,0,2,1,0.999999313027978,2.59285488541591e-06,6.48213721353976e-07,7,1,7,0.16.6,2000,eb,mle,0.00121926992010186,581.64223564195,0.00442778676241323,FALSE,FALSE,alpha_pip_fixed_point,3
1000,68,1000,2,0.001,0.001,200000,2000,249;802,0.00252511761038242,8.20069053271898,11.5009166718381,SuSiE-RSS: finite R0 + EB mismatch,5,2,2,FALSE,FALSE,,,,TRUE,0.222,1,TRUE,0,2,2,0.695959928314339,0.136738338426257,0.0341845846065643,8,1,8,0.16.6,2000,eb,mle,0.00266161928346659,316.293617397076,0.00420520534079665,FALSE,FALSE,alpha_pip_fixed_point,4
2000,69,1000,2,0.001,0.001,200000,2000,497;1611,0.000423117663754359,8.22317309010934,11.5091041086003,SuSiE-RSS: finite R0 + EB mismatch,5,2,2,FALSE,FALSE,,,,TRUE,1.03,1,TRUE,0,2,1,0.999915841912033,0.000172588191738634,4.31470479346585e-05,9,1,9,0.16.6,2000,eb,mle,0.000829510119094592,752.156742275124,0.00591930407301084,FALSE,FALSE,alpha_pip_fixed_point,4
500,70,1000,2,0.001,0.001,200000,2000,124;445,2.70752838074352e-05,8.22015568008212,11.5080042996875,SuSiE-RSS: finite R0 + EB mismatch,2,2,2,FALSE,FALSE,,,,TRUE,0.0510000000000002,1,TRUE,0,2,1,0.997361673357849,0.0391275581263666,0.00978188953159166,10,1,10,0.16.6,2000,eb,mle,0,2000,0.00716254868448864,FALSE,FALSE,alpha_pip_fixed_point,3
1000,71,1000,2,0.001,0.001,200000,2000,249;650,5.46164144782458e-05,8.22036554063119,11.5080807816214,SuSiE-RSS: finite R0 + EB mismatch,2,2,2,FALSE,FALSE,,,,TRUE,0.185000000000001,1,TRUE,0,2,3,0.497631297379781,0.360858086909506,0.0902145217273765,11,1,11,0.16.6,2000,eb,mle,0,2000,0.00648633115891843,FALSE,FALSE,alpha_pip_fixed_point,3
2000,72,1000,2,0.001,0.001,200000,2000,497;1543,0.000321055708574835,8.22239557008635,11.5088206835456,SuSiE-RSS: finite R0 + EB mismatch,5,2,2,FALSE,FALSE,,,,TRUE,1.188,1,TRUE,0,2,1,0.999999711344027,1.13952235292747e-06,2.84880588231867e-07,12,1,12,0.16.6,2000,eb,mle,0.000648109103026582,870.997361978801,0.00607295689218855,FALSE,FALSE,alpha_pip_fixed_point,2
500,73,1000,2,0.001,0.001,200000,2000,124;398,0.000284485443054191,8.21778133609635,11.5071390903579,SuSiE-RSS: finite R0 + EB mismatch,2,2,2,FALSE,FALSE,,,,TRUE,0.0630000000000006,1,TRUE,0,2,4,0.333546081637577,0.158161931216168,0.0395404828040419,13,1,13,0.16.6,2000,eb,mle,0,2000,0.00677569983589719,FALSE,FALSE,alpha_pip_fixed_point,4
1000,74,1000,2,0.001,0.001,200000,2000,249;910,5.03596681492804e-05,8.2203331049333,11.5080689606064,SuSiE-RSS: finite R0 + EB mismatch,2,2,2,FALSE,FALSE,,,,TRUE,0.148,1,TRUE,0,2,1,0.999998810405589,3.80531810337148e-06,9.5132952584287e-07,14,1,14,0.16.6,2000,eb,mle,0.00140595533522672,524.671266696313,0.00408865115899365,FALSE,FALSE,alpha_pip_fixed_point,2
2000,75,1000,2,0.001,0.001,200000,2000,497;882,0.000157664840454977,8.22115072278862,11.508366947547,SuSiE-RSS: finite R0 + EB mismatch,2,2,2,FALSE,FALSE,,,,TRUE,1.173,1,TRUE,0,2,2.5,0.731567417970337,0.208249826260616,0.0520624565651539,15,1,15,0.16.6,2000,eb,mle,0,2000,0.00678295134615467,FALSE,FALSE,alpha_pip_fixed_point,4
500,76,1000,2,0.001,0.001,200000,2000,124;393,0.00166380548206799,8.20726353610797,11.5033086356449,SuSiE-RSS: finite R0 + EB mismatch,5,2,2,FALSE,FALSE,,,,TRUE,0.0910000000000011,1,TRUE,0,2,4,0.573009994271938,0.121339104210815,0.0303347760527037,16,1,16,0.16.6,2000,eb,mle,0.000452168857330939,1050.2338868792,0.00615017148614678,FALSE,FALSE,alpha_pip_fixed_point,6
1000,77,1000,2,0.001,0.001,200000,2000,249;718,0.000125520474634296,8.21899284248666,11.5075805393584,SuSiE-RSS: finite R0 + EB mismatch,2,2,2,FALSE,FALSE,,,,TRUE,0.173,1,TRUE,0,2,1.5,0.860297305191007,0.0838310877898608,0.0209577719474652,17,1,17,0.16.6,2000,eb,mle,0,2000,0.0073382494698174,FALSE,FALSE,alpha_pip_fixed_point,4
2000,78,1000,2,0.001,0.001,200000,2000,497;1577,0.000223861451894677,8.21824338065107,11.507307444589,SuSiE-RSS: finite R0 + EB mismatch,2,2,2,FALSE,FALSE,,,,TRUE,0.767000000000003,1,TRUE,0,2,2,0.618439142642436,0.103456715994596,0.0258641789986489,18,1,18,0.16.6,2000,eb,mle,0,2000,0.00580843047537962,FALSE,FALSE,alpha_pip_fixed_point,3
500,79,1000,2,0.001,0.001,200000,2000,124;224,7.58198714451234e-05,8.2193715936772,11.5077185586889,SuSiE-RSS: finite R0 + EB mismatch,5,2,2,FALSE,FALSE,,,,TRUE,0.162999999999998,1,TRUE,0,2,4,0.556265391133801,0.975556244874117,0.243889061218529,19,1,19,0.16.6,2000,eb,mle,0,2000,0.00672080880401616,FALSE,FALSE,alpha_pip_fixed_point,15
1000,80,1000,2,0.001,0.001,200000,2000,249;822,0.00059947480546245,8.22451646792347,11.5095938493552,SuSiE-RSS: finite R0 + EB mismatch,5,2,2,FALSE,FALSE,,,,TRUE,0.181000000000001,1,TRUE,0,2,1,0.998643781303087,0.00510191021818158,0.0012754775545454,20,1,20,0.16.6,2000,eb,mle,0.000678821117568556,848.305128824471,0.0051537427868149,FALSE,FALSE,alpha_pip_fixed_point,3
500,61,1000,2,0.001,0.001,200000,2000,124;224,6.78136212152506e-05,8.22046610052963,11.508117430353,SuSiE-RSS: in-sample R,3,2,2,FALSE,FALSE,,,,TRUE,0.0169999999999959,1,TRUE,0,2,4.5,0.578156156009023,0,0,1,1,1,,,,,,,,,,,
1000,62,1000,2,0.001,0.001,200000,2000,249;441,1.02411744531245e-05,8.21987132605694,11.5079006715292,SuSiE-RSS: in-sample R,2,2,2,FALSE,FALSE,,,,TRUE,0.0480000000000018,1,TRUE,0,2,1,0.993748776101317,0,0,2,1,2,,,,,,,,,,,
2000,63,1000,2,0.001,0.001,200000,2000,497;1320,0.000183460127392169,8.22134726222735,11.5084385810829,SuSiE-RSS: in-sample R,5,2,2,FALSE,FALSE,,,,TRUE,0.165999999999997,1,TRUE,0,2,1.5,0.954943943594313,0,0,3,1,3,,,,,,,,,,,
500,64,1000,2,0.001,0.001,200000,2000,124;438,0.000337362884522566,8.22251980382956,11.5088659684515,SuSiE-RSS: in-sample R,2,2,2,FALSE,FALSE,,,,TRUE,0.0129999999999981,1,TRUE,0,2,1.5,0.756782449030515,0,0,4,1,4,,,,,,,,,,,
1000,65,1000,2,0.001,0.001,200000,2000,249;137,0.000148435726329662,8.21881820877231,11.5075169033126,SuSiE-RSS: in-sample R,5,2,2,FALSE,FALSE,,,,TRUE,0.0460000000000065,1,TRUE,0,2,3.5,0.62312484380218,0,0,5,1,5,,,,,,,,,,,
2000,66,1000,2,0.001,0.001,200000,2000,497;1759,0.000197441977705775,8.22145379124242,11.5084774086796,SuSiE-RSS: in-sample R,5,2,2,FALSE,FALSE,,,,TRUE,0.109000000000009,0.5,FALSE,1,1,1,0.518256283514787,0,0,6,0.5,6,,,,,,,,,,,
500,67,1000,2,0.001,0.001,200000,2000,124;328,0.000672528553961645,8.22507289658004,11.5097967178731,SuSiE-RSS: in-sample R,5,2,2,FALSE,FALSE,,,,TRUE,0.00999999999999801,1,TRUE,0,2,1,0.999999961412863,0,0,7,1,7,,,,,,,,,,,
1000,68,1000,2,0.001,0.001,200000,2000,249;802,0.00252511761038242,8.20069053271898,11.5009166718381,SuSiE-RSS: in-sample R,5,2,2,FALSE,FALSE,,,,TRUE,0.0519999999999925,1,TRUE,0,2,2,0.717490042105655,0,0,8,1,8,,,,,,,,,,,
2000,69,1000,2,0.001,0.001,200000,2000,497;1611,0.000423117663754359,8.22317309010934,11.5091041086003,SuSiE-RSS: in-sample R,5,2,2,FALSE,FALSE,,,,TRUE,0.0889999999999986,1,TRUE,0,2,1,0.999958914385067,0,0,9,1,9,,,,,,,,,,,
500,70,1000,2,0.001,0.001,200000,2000,124;445,2.70752838074352e-05,8.22015568008212,11.5080042996875,SuSiE-RSS: in-sample R,2,2,2,FALSE,FALSE,,,,TRUE,0.0189999999999984,1,TRUE,0,2,1,0.988205677453308,0,0,10,1,10,,,,,,,,,,,
1000,71,1000,2,0.001,0.001,200000,2000,249;650,5.46164144782458e-05,8.22036554063119,11.5080807816214,SuSiE-RSS: in-sample R,2,2,2,FALSE,FALSE,,,,TRUE,0.0350000000000108,1,TRUE,0,2,2.5,0.522887960177726,0,0,11,1,11,,,,,,,,,,,
2000,72,1000,2,0.001,0.001,200000,2000,497;1543,0.000321055708662151,8.22239557008702,11.5088206835459,SuSiE-RSS: in-sample R,5,2,2,FALSE,FALSE,,,,TRUE,0.0900000000000034,1,TRUE,0,2,1,0.999999995814307,0,0,12,1,12,,,,,,,,,,,
500,73,1000,2,0.001,0.001,200000,2000,124;398,0.000284485443054191,8.21778133609635,11.5071390903579,SuSiE-RSS: in-sample R,2,2,2,FALSE,FALSE,,,,TRUE,0.0180000000000007,1,TRUE,0,2,4,0.344234481472036,0,0,13,1,13,,,,,,,,,,,
1000,74,1000,2,0.001,0.001,200000,2000,249;910,5.03596681492804e-05,8.2203331049333,11.5080689606064,SuSiE-RSS: in-sample R,2,2,2,FALSE,FALSE,,,,TRUE,0.0349999999999966,1,TRUE,0,2,1,0.99999976173511,0,0,14,1,14,,,,,,,,,,,
2000,75,1000,2,0.001,0.001,200000,2000,497;882,0.000157664840454977,8.22115072278862,11.508366947547,SuSiE-RSS: in-sample R,2,2,2,FALSE,FALSE,,,,TRUE,0.15100000000001,1,TRUE,0,2,2.5,0.78314028738466,0,0,15,1,15,,,,,,,,,,,
500,76,1000,2,0.001,0.001,200000,2000,124;393,0.00166380548206799,8.20726353610797,11.5033086356449,SuSiE-RSS: in-sample R,2,2,2,FALSE,FALSE,,,,TRUE,0.0160000000000053,1,TRUE,0,2,4,0.582350111889993,0,0,16,1,16,,,,,,,,,,,
1000,77,1000,2,0.001,0.001,200000,2000,249;718,0.000125520474634296,8.21899284248666,11.5075805393584,SuSiE-RSS: in-sample R,2,2,2,FALSE,FALSE,,,,TRUE,0.0540000000000021,1,TRUE,0,2,1.5,0.881255077363635,0,0,17,1,17,,,,,,,,,,,
2000,78,1000,2,0.001,0.001,200000,2000,497;1577,0.000223861451894677,8.21824338065107,11.507307444589,SuSiE-RSS: in-sample R,2,2,2,FALSE,FALSE,,,,TRUE,0.105000000000018,1,TRUE,0,2,2,0.638887114088532,0,0,18,1,18,,,,,,,,,,,
500,79,1000,2,0.001,0.001,200000,2000,124;224,7.58198714451234e-05,8.2193715936772,11.5077185586889,SuSiE-RSS: in-sample R,5,2,2,FALSE,FALSE,,,,TRUE,0.0150000000000006,1,TRUE,0,2,4,0.631962359310765,0,0,19,1,19,,,,,,,,,,,
1000,80,1000,2,0.001,0.001,200000,2000,249;822,0.00059947480546245,8.22451646792347,11.5095938493552,SuSiE-RSS: in-sample R,2,2,2,FALSE,FALSE,,,,TRUE,0.0250000000000057,1,TRUE,0,2,1,0.999915536196554,0,0,20,1,20,,,,,,,,,,,
500,61,1000,2,0.001,0.001,200000,2000,124;224,6.78136212152506e-05,8.22046610052963,11.508117430353,SuSiE-RSS: reference R0,5,2,2,FALSE,FALSE,,,,TRUE,0.0120000000000005,1,TRUE,0,2,4,0.578818938700484,0.124351343811424,0.031087835952856,1,1,1,,,,,,,,,,,
1000,62,1000,2,0.001,0.001,200000,2000,249;441,1.02411744531245e-05,8.21987132605694,11.5079006715292,SuSiE-RSS: reference R0,2,2,2,FALSE,FALSE,,,,TRUE,0.0480000000000018,1,TRUE,0,2,1,0.992931744592535,0.0032681260351318,0.000817031508782951,2,1,2,,,,,,,,,,,
2000,63,1000,2,0.001,0.001,200000,2000,497;1320,0.000183460127392169,8.22134726222735,11.5084385810829,SuSiE-RSS: reference R0,5,1,1,FALSE,FALSE,,,,TRUE,0.179000000000002,0.5,FALSE,0,1,1,0.821932858036696,1.00292053382394,0.334306844607979,3,1,3,,,,,,,,,,,
500,64,1000,2,0.001,0.001,200000,2000,124;438,0.000337362884522566,8.22251980382956,11.5088659684515,SuSiE-RSS: reference R0,2,2,2,FALSE,FALSE,,,,TRUE,0.0120000000000005,1,TRUE,0,2,1.5,0.759723359439737,0.011774183189453,0.00294354579736325,4,1,4,,,,,,,,,,,
1000,65,1000,2,0.001,0.001,200000,2000,249;137,0.000148435726329662,8.21881820877231,11.5075169033126,SuSiE-RSS: reference R0,5,2,2,FALSE,FALSE,,,,TRUE,0.046999999999997,1,TRUE,0,2,3.5,0.60776254451553,0.0631398758487968,0.0157849689621992,5,1,5,,,,,,,,,,,
2000,66,1000,2,0.001,0.001,200000,2000,497;1759,0.000197441977705775,8.22145379124242,11.5084774086796,SuSiE-RSS: reference R0,5,2,2,FALSE,FALSE,,,,TRUE,0.292999999999978,0.5,FALSE,1,1,1,0.516047108696537,0.00799184866418008,0.00199796216604502,6,0.5,6,,,,,,,,,,,
500,67,1000,2,0.001,0.001,200000,2000,124;328,0.000672528553961645,8.22507289658004,11.5097967178731,SuSiE-RSS: reference R0,5,2,2,FALSE,FALSE,,,,TRUE,0.019999999999996,1,TRUE,0,2,1,0.999999982146165,8.33612219693074e-08,2.08403054923268e-08,7,1,7,,,,,,,,,,,
1000,68,1000,2,0.001,0.001,200000,2000,249;802,0.00252511761038242,8.20069053271898,11.5009166718381,SuSiE-RSS: reference R0,5,2,2,FALSE,FALSE,,,,TRUE,0.0960000000000036,1,TRUE,0,2,2,0.721681450952905,0.0284137146882035,0.00710342867205088,8,1,8,,,,,,,,,,,
2000,69,1000,2,0.001,0.001,200000,2000,497;1611,0.000423117663754359,8.22317309010934,11.5091041086003,SuSiE-RSS: reference R0,5,2,2,FALSE,FALSE,,,,TRUE,0.153999999999996,1,TRUE,0,2,1,0.999989952765248,0.000124334925959938,3.10837314899846e-05,9,1,9,,,,,,,,,,,
500,70,1000,2,0.001,0.001,200000,2000,124;445,2.70752838074352e-05,8.22015568008212,11.5080042996875,SuSiE-RSS: reference R0,2,2,2,FALSE,FALSE,,,,TRUE,0.0159999999999982,1,TRUE,0,2,1,0.997792552222533,0.0399892571746716,0.0099973142936679,10,1,10,,,,,,,,,,,
1000,71,1000,2,0.001,0.001,200000,2000,249;650,5.46164144782458e-05,8.22036554063119,11.5080807816214,SuSiE-RSS: reference R0,2,2,2,FALSE,FALSE,,,,TRUE,0.0450000000000017,1,TRUE,0,2,3,0.502502379605293,0.341384888493679,0.0853462221234198,11,1,11,,,,,,,,,,,
2000,72,1000,2,0.001,0.001,200000,2000,497;1543,0.000321055708662151,8.22239557008702,11.5088206835459,SuSiE-RSS: reference R0,5,2,2,FALSE,FALSE,,,,TRUE,0.107999999999976,1,TRUE,0,2,1,0.999999954439053,1.65636994498787e-07,4.14092486246967e-08,12,1,12,,,,,,,,,,,
500,73,1000,2,0.001,0.001,200000,2000,124;398,0.000284485443054191,8.21778133609635,11.5071390903579,SuSiE-RSS: reference R0,2,2,2,FALSE,FALSE,,,,TRUE,0.0150000000000006,1,TRUE,0,2,4,0.333976933729192,0.16402533184558,0.0410063329613951,13,1,13,,,,,,,,,,,
1000,74,1000,2,0.001,0.001,200000,2000,249;910,5.03596681492804e-05,8.2203331049333,11.5080689606064,SuSiE-RSS: reference R0,5,2,2,FALSE,FALSE,,,,TRUE,0.0430000000000064,1,TRUE,0,2,1,0.999999962876719,8.04301858572115e-07,2.01075464643029e-07,14,1,14,,,,,,,,,,,
2000,75,1000,2,0.001,0.001,200000,2000,497;882,0.000157664840454977,8.22115072278862,11.508366947547,SuSiE-RSS: reference R0,3,2,2,FALSE,FALSE,,,,TRUE,0.152999999999992,1,TRUE,0,2,2.5,0.736321601117378,0.215055752824806,0.0537639382062015,15,1,15,,,,,,,,,,,
500,76,1000,2,0.001,0.001,200000,2000,124;393,0.00166380548206799,8.20726353610797,11.5033086356449,SuSiE-RSS: reference R0,5,2,2,FALSE,FALSE,,,,TRUE,0.0210000000000008,1,TRUE,0,2,4,0.572405249835527,0.127899948271476,0.031974987067869,16,1,16,,,,,,,,,,,
1000,77,1000,2,0.001,0.001,200000,2000,249;718,0.000125520474634296,8.21899284248666,11.5075805393584,SuSiE-RSS: reference R0,2,2,2,FALSE,FALSE,,,,TRUE,0.046999999999997,1,TRUE,0,2,1.5,0.868280450751925,0.0522106146580378,0.0130526536645095,17,1,17,,,,,,,,,,,
2000,78,1000,2,0.001,0.001,200000,2000,497;1577,0.000223861451894677,8.21824338065107,11.507307444589,SuSiE-RSS: reference R0,5,2,2,FALSE,FALSE,,,,TRUE,0.092000000000013,1,TRUE,0,2,2,0.617643610816128,0.124797725546763,0.0311994313866908,18,1,18,,,,,,,,,,,
500,79,1000,2,0.001,0.001,200000,2000,124;224,7.58198714451234e-05,8.2193715936772,11.5077185586889,SuSiE-RSS: reference R0,5,2,2,FALSE,FALSE,,,,TRUE,0.0129999999999981,1,TRUE,0,2,4,0.557433690460937,0.972239487789382,0.243059871947345,19,1,19,,,,,,,,,,,
1000,80,1000,2,0.001,0.001,200000,2000,249;822,0.00059947480546245,8.22451646792347,11.5095938493552,SuSiE-RSS: reference R0,5,2,2,FALSE,FALSE,,,,TRUE,0.0339999999999918,1,TRUE,0,2,1,0.999657788926476,0.00103325138894856,0.00025831284723714,20,1,20,,,,,,,,,,,
500,61,1000,2,0.001,0.001,200000,2000,124;224,6.78136212152506e-05,8.22046610052963,11.508117430353,collapsed-R,0,2,2,FALSE,FALSE,0.002,1363.67797081032,2286.88795704891,TRUE,0.856000000000002,1,TRUE,0,2,4,0.577935251549764,0.126529111808736,0.0316322779521839,1,1,1,,,,,,,,,,,
1000,62,1000,2,0.001,0.001,200000,2000,249;441,1.02411744531245e-05,8.21987132605694,11.5079006715292,collapsed-R,0,2,2,FALSE,FALSE,0.002,5854.53430332555,9818.05402667695,TRUE,1.482,1,TRUE,0,2,1,0.993272288177417,0.00196915884807765,0.000492289712019413,2,1,2,,,,,,,,,,,
2000,63,1000,2,0.001,0.001,200000,2000,497;1320,0.000183460127392169,8.22134726222735,11.5084385810829,collapsed-R,0,1,1,TRUE,FALSE,0.002,1334.56877296284,2238.07183225868,TRUE,3.85999999999999,0.5,FALSE,0,1,1,0.498459751912401,1.00392644048484,0.334642146828279,3,1,3,,,,,,,,,,,
500,64,1000,2,0.001,0.001,200000,2000,124;438,0.000337362884522566,8.22251980382956,11.5088659684515,collapsed-R,0,2,2,FALSE,FALSE,0.002,923.348416082506,1548.45529377036,TRUE,0.927,1,TRUE,0,2,1.5,0.758741277565512,0.00663323420177227,0.00165830855044307,4,1,4,,,,,,,,,,,
1000,65,1000,2,0.001,0.001,200000,2000,249;137,0.000148435726329662,8.21881820877231,11.5075169033126,collapsed-R,0,1,1,TRUE,FALSE,0.001,368.399965571898,617.806742264073,TRUE,1.809,0.5,FALSE,0,1,6,0.10829522901127,1.05952048239954,0.353173494133178,5,1,5,,,,,,,,,,,
2000,66,1000,2,0.001,0.001,200000,2000,497;1759,0.000197441977705775,8.22145379124242,11.5084774086796,collapsed-R,0,2,2,FALSE,FALSE,0.002,1092.75798836688,1832.55514649126,TRUE,4.58500000000001,1,TRUE,0,2,1.5,0.527110157853184,0.0361450847606394,0.00903627119015984,6,1,6,,,,,,,,,,,
500,67,1000,2,0.001,0.001,200000,2000,124;328,0.000672528553961645,8.22507289658004,11.5097967178731,collapsed-R,0,2,2,FALSE,FALSE,0.002,602.042682808993,1009.62557907068,TRUE,1.049,1,TRUE,0,2,1,0.999999625609542,1.34854277976284e-06,3.37135694940709e-07,7,1,7,,,,,,,,,,,
1000,68,1000,2,0.001,0.001,200000,2000,249;802,0.00252511761038242,8.20069053271898,11.5009166718381,collapsed-R,0,2,2,FALSE,FALSE,0.001,318.217929599694,533.651467938686,TRUE,1.82900000000001,1,TRUE,0,2,2,0.672380096350013,0.230502657657906,0.0576256644144766,8,1,8,,,,,,,,,,,
2000,69,1000,2,0.001,0.001,200000,2000,497;1611,0.000423117663754359,8.22317309010934,11.5091041086003,collapsed-R,0,2,2,FALSE,FALSE,0.001,392.364511106831,657.995285126156,TRUE,3.57599999999999,1,TRUE,0,2,1,0.999785375545644,0.000694822404775043,0.000173705601193761,9,1,9,,,,,,,,,,,
500,70,1000,2,0.001,0.001,200000,2000,124;445,2.70752838074352e-05,8.22015568008212,11.5080042996875,collapsed-R,0,2,2,FALSE,FALSE,0.002,1599.73191147335,2682.75041554081,TRUE,0.542999999999999,1,TRUE,0,2,1,0.997545448641017,0.0401748601035918,0.0100437150258979,10,1,10,,,,,,,,,,,
1000,71,1000,2,0.001,0.001,200000,2000,249;650,5.46164144782458e-05,8.22036554063119,11.5080807816214,collapsed-R,0,2,2,FALSE,FALSE,0.002,4104.45555061852,6883.17195838725,TRUE,1.67099999999999,1,TRUE,0,2,3,0.496308404120033,0.377596229775503,0.0943990574438756,11,1,11,,,,,,,,,,,
2000,72,1000,2,0.001,0.001,200000,2000,497;1543,0.000321055708662151,8.22239557008702,11.5088206835459,collapsed-R,0,2,2,FALSE,FALSE,0.001,449.517380067791,753.840646373686,TRUE,4.256,1,TRUE,0,2,1,0.999999116656339,3.52017751958943e-06,8.80044379897357e-07,12,1,12,,,,,,,,,,,
500,73,1000,2,0.001,0.001,200000,2000,124;398,0.000284485443054191,8.21778133609635,11.5071390903579,collapsed-R,0,2,2,FALSE,FALSE,0.001,723.732093059398,1213.69872006061,TRUE,1.178,1,TRUE,0,2,4,0.337097452754694,0.178760960325525,0.0446902400813812,13,1,13,,,,,,,,,,,
1000,74,1000,2,0.001,0.001,200000,2000,249;910,5.03596681492804e-05,8.2203331049333,11.5080689606064,collapsed-R,0,2,2,FALSE,FALSE,0.001,1081.48941818443,1813.6577542953,TRUE,1.535,1,TRUE,0,2,1,0.999999823072411,2.44089943228993e-07,6.10224858072482e-08,14,1,14,,,,,,,,,,,
2000,75,1000,2,0.001,0.001,200000,2000,497;882,0.000157664840454977,8.22115072278862,11.508366947547,collapsed-R,0,2,2,FALSE,FALSE,0.001,668.949697769325,1121.82864315916,TRUE,4.70699999999999,1,TRUE,0,2,2.5,0.685745553310596,0.390875364734894,0.0977188411837234,15,1,15,,,,,,,,,,,
500,76,1000,2,0.001,0.001,200000,2000,124;393,0.00166380548206799,8.20726353610797,11.5033086356449,collapsed-R,0,2,2,FALSE,FALSE,0.001,326.729948944349,547.926124379673,TRUE,0.506999999999998,1,TRUE,0,2,4,0.570171920937187,0.1338576460107,0.033464411502675,16,1,16,,,,,,,,,,,
1000,77,1000,2,0.001,0.001,200000,2000,249;718,0.000125520474634296,8.21899284248666,11.5075805393584,collapsed-R,0,2,2,FALSE,FALSE,0.001,756.834080818287,1269.21075353227,TRUE,2.053,1,TRUE,0,2,1.5,0.839414366592339,0.168848514624682,0.0422121286561704,17,1,17,,,,,,,,,,,
2000,78,1000,2,0.001,0.001,200000,2000,497;1577,0.000223861451894677,8.21824338065107,11.507307444589,collapsed-R,0,2,2,FALSE,FALSE,0.001,713.422517895898,1196.40956251142,TRUE,3.131,1,TRUE,0,2,2,0.621585371790285,0.072849878125811,0.0182124695314527,18,1,18,,,,,,,,,,,
500,79,1000,2,0.001,0.001,200000,2000,124;224,7.58198714451234e-05,8.2193715936772,11.5077185586889,collapsed-R,0,2,2,FALSE,FALSE,0.002,1138.50711304969,1909.27642858433,TRUE,1.03,1,TRUE,0,2,4,0.558696247437609,0.927616260992784,0.231904065248196,19,1,19,,,,,,,,,,,
1000,80,1000,2,0.001,0.001,200000,2000,249;822,0.00059947480546245,8.22451646792347,11.5095938493552,collapsed-R,0,2,2,FALSE,FALSE,0.001,434.910144820347,729.344312863722,TRUE,1.7,1,TRUE,0,2,1,0.99734202021837,0.0103164531417482,0.00257911328543706,20,1,20,,,,,,,,,,,
500,61,2000,2,0.001,0.001,200000,2000,124;323,0.000143241952656981,8.21885778999375,11.5075313265133,AIW-N,5,2,2,FALSE,FALSE,0.001,991.199201208886,1411.46766252145,TRUE,1.253,1,TRUE,0,2,1,0.999999353362912,1.10739126874302e-06,2.76847817185755e-07,1,1,1,,,,,,,,,,,
1000,62,2000,2,0.001,0.001,200000,2000,249;751,7.6085735175497e-06,8.21989138690556,11.5079079822894,AIW-N,5,2,2,FALSE,FALSE,0.001,1005.55524661669,1431.91067118217,TRUE,3.191,1,TRUE,0,2,1.5,0.928443143326245,0.0431231164078964,0.0107807791019741,2,1,2,,,,,,,,,,,
2000,63,2000,2,0.001,0.001,200000,2000,497;1658,1.91556367338481e-05,8.22009533244183,11.5079823067586,AIW-N,5,2,2,FALSE,FALSE,0.001,695.225126608469,990.000580290459,TRUE,8.56299999999999,1,TRUE,0,2,1,0.977680894792588,0.0135458980776496,0.0033864745194124,3,1,3,,,,,,,,,,,
500,64,2000,2,0.001,0.001,200000,2000,124;453,0.00187551789844608,8.23423159528265,11.5131373489014,AIW-N,3,2,2,FALSE,FALSE,0.001,609.966557126396,868.592377347988,TRUE,1.196,1,TRUE,0,2,2,0.597834635010409,0.0672598224876051,0.0168149556219013,4,1,4,,,,,,,,,,,
1000,65,2000,2,0.001,0.001,200000,2000,249;832,0.00013635977328933,8.22098839253716,11.5083077833291,AIW-N,5,2,2,FALSE,FALSE,0.001,1670.5390305557,2378.84757951131,TRUE,3.444,1,TRUE,0,2,3.5,0.580945962760658,0.0267676106897166,0.00669190267242914,5,1,5,,,,,,,,,,,
2000,66,2000,2,0.001,0.001,200000,2000,497;889,0.000826729748415634,8.21364775343356,11.5056332568692,AIW-N,3,2,2,FALSE,FALSE,0.001,1000.51845379212,1424.73827819998,TRUE,7.88499999999999,1,TRUE,0,2,1.5,0.89288541908133,0.0255595051451661,0.00638987628629152,6,1,6,,,,,,,,,,,
500,67,2000,2,0.001,0.001,200000,2000,124;52,0.00227277454223712,8.20261667374656,11.5016174615951,AIW-N,3,2,2,FALSE,FALSE,0.002,29989.4813987005,42705.0215117496,TRUE,1.441,1,TRUE,0,2,1,0.999999959352446,1.23638558771874e-07,3.09096396929685e-08,7,1,7,,,,,,,,,,,
1000,68,2000,2,0.001,0.001,200000,2000,249;775,0.000807524740598265,8.22610104704592,11.5101715983106,AIW-N,4,2,2,FALSE,FALSE,0.001,1393.29827778876,1984.0567475712,TRUE,3.51000000000001,1,TRUE,0,2,2.5,0.324621393418241,1.08707161919229,0.271767904798072,8,1,8,,,,,,,,,,,
2000,69,2000,2,0.001,0.001,200000,2000,497;1644,0.000103766409102707,8.21915862436506,11.507640950745,AIW-N,5,2,2,FALSE,FALSE,0.001,1201.93038696791,1711.5488710423,TRUE,8.166,1,TRUE,0,2,1.5,0.701918555427204,0.109049029706507,0.0272622574266268,9,1,9,,,,,,,,,,,
500,70,2000,2,0.001,0.001,200000,2000,124;445,0.00119347987068162,8.22903999820256,11.5112433789135,AIW-N,5,2,2,FALSE,FALSE,0.001,1272.33290924604,1811.80206276636,TRUE,1.411,1,TRUE,0,2,1,0.999998623426119,1.74211704302851e-05,4.35529260757126e-06,10,1,10,,,,,,,,,,,
1000,71,2000,2,0.001,0.001,200000,2000,249;637,0.000372443704326432,8.22278705689047,11.5089633875782,AIW-N,5,2,2,FALSE,FALSE,0.001,1172.73932494108,1669.98079871609,TRUE,3.625,1,TRUE,0,2,3,0.352420397729481,0.228349019674019,0.0570872549185047,11,1,11,,,,,,,,,,,
2000,72,2000,2,0.001,0.001,200000,2000,497;1759,8.91059304967439e-05,8.21927034649318,11.5076816631137,AIW-N,5,2,2,FALSE,FALSE,0.001,926.577875290406,1319.44689441354,TRUE,7.87600000000003,1,TRUE,0,2,1,0.999999963566179,2.44762934001773e-07,6.11907335004432e-08,12,1,12,,,,,,,,,,,
500,73,2000,2,0.001,0.001,200000,2000,124;226,0.00142915785603046,8.23083423425712,11.5118978424325,AIW-N,4,2,2,FALSE,FALSE,0.001,1688.5343211898,2404.47287337428,TRUE,1.602,1,TRUE,0,2,4.5,0.427070184448475,0.183389812519124,0.0458474531297811,13,1,13,,,,,,,,,,,
1000,74,2000,2,0.001,0.001,200000,2000,249;373,0.000275042772187156,8.22204501982504,11.5086929058888,AIW-N,3,2,2,FALSE,FALSE,0.001,1477.64561475131,2104.16735540586,TRUE,3.24499999999999,1,TRUE,0,2,1,0.999999998185068,3.16731340085468e-07,7.91828350213671e-08,14,1,14,,,,,,,,,,,
2000,75,2000,2,0.001,0.001,200000,2000,497;1503,0.000166399836210531,8.22121727686434,11.5083912046423,AIW-N,5,2,2,FALSE,FALSE,0.001,3126.74267684641,4452.48157182928,TRUE,8.25700000000001,1,TRUE,0,2,1,0.984473182829612,0.0424803678128878,0.0106200919532219,15,1,15,,,,,,,,,,,
500,76,2000,2,0.001,0.001,200000,2000,124;322,0.000103395563437694,8.21916145045803,11.5076419805891,AIW-N,5,2,2,FALSE,FALSE,0.001,504.488111361459,718.391070578717,TRUE,1.263,1,TRUE,0,2,3,0.631982794818236,0.254884914865953,0.0637212287164881,16,1,16,,,,,,,,,,,
1000,77,2000,2,0.001,0.001,200000,2000,249;394,0.000166686213039931,8.2186791225184,11.5074662213792,AIW-N,5,2,2,FALSE,FALSE,0.001,1245.76960406601,1773.97591618999,TRUE,3.54600000000002,1,TRUE,0,2,4.5,0.489763768356129,0.343370651918631,0.0858426629796576,17,1,17,,,,,,,,,,,
2000,78,2000,2,0.001,0.001,200000,2000,497;740,0.000222182582035805,8.21825617584369,11.5073121068469,AIW-N,5,2,2,FALSE,FALSE,0.001,1986.26069749598,2828.43523323428,TRUE,5.95400000000001,1,TRUE,0,2,3,0.756991914527279,0.190183065990892,0.047545766497723,18,1,18,,,,,,,,,,,
500,79,2000,2,0.001,0.001,200000,2000,124;371,0.00136788842119452,8.23036781358333,11.5117277012084,AIW-N,5,2,2,FALSE,FALSE,0.001,557.9638559331,794.540530848735,TRUE,1.289,1,TRUE,0,2,1,0.999999999826012,2.33826241119524e-10,5.84565602798811e-11,19,1,19,,,,,,,,,,,
1000,80,2000,2,0.001,0.001,200000,2000,249;657,0.0011104588180285,8.21148422826696,11.5048453242198,AIW-N,3,2,2,FALSE,FALSE,0.001,1678.52593866606,2390.22093666047,TRUE,2.75899999999999,1,TRUE,0,2,1,0.999987626483552,3.20082539604607e-05,8.00206349011518e-06,20,1,20,,,,,,,,,,,
500,61,2000,2,0.001,0.001,200000,2000,124;323,0.000143241952656981,8.21885778999375,11.5075313265133,SuSiE-RSS: finite R0 + EB mismatch,2,2,2,FALSE,FALSE,,,,TRUE,0.0520000000000005,1,TRUE,0,2,1,0.99999886226157,1.38896289187365e-06,3.47240722968411e-07,1,1,1,0.16.6,2000,eb,mle,0,2000,0.00528723147247332,FALSE,FALSE,alpha_pip_fixed_point,3
1000,62,2000,2,0.001,0.001,200000,2000,249;751,7.6085735175497e-06,8.21989138690556,11.5079079822894,SuSiE-RSS: finite R0 + EB mismatch,3,2,2,FALSE,FALSE,,,,TRUE,0.218,1,TRUE,0,2,1.5,0.920112105647086,0.0749330579486294,0.0187332644871573,2,1,2,0.16.6,2000,eb,mle,0,2000,0.00605013795766556,FALSE,FALSE,alpha_pip_fixed_point,4
2000,63,2000,2,0.001,0.001,200000,2000,497;1658,1.91556367338481e-05,8.22009533244183,11.5079823067586,SuSiE-RSS: finite R0 + EB mismatch,3,2,2,FALSE,FALSE,,,,TRUE,1.165,1,TRUE,0,2,1,0.974979903458092,0.00325865613410863,0.000814664033527157,3,1,3,0.16.6,2000,eb,mle,0,2000,0.00586294917817661,FALSE,FALSE,alpha_pip_fixed_point,6
500,64,2000,2,0.001,0.001,200000,2000,124;453,0.00187551789844608,8.23423159528265,11.5131373489014,SuSiE-RSS: finite R0 + EB mismatch,2,2,2,FALSE,FALSE,,,,TRUE,0.0530000000000008,1,TRUE,0,2,2,0.593865793236178,0.0527786563791723,0.0131946640947931,4,1,4,0.16.6,2000,eb,mle,0,2000,0.00614391941024706,FALSE,FALSE,alpha_pip_fixed_point,3
1000,65,2000,2,0.001,0.001,200000,2000,249;832,0.00013635977328933,8.22098839253716,11.5083077833291,SuSiE-RSS: finite R0 + EB mismatch,5,2,2,FALSE,FALSE,,,,TRUE,0.291,1,TRUE,0,2,3.5,0.581247608489546,0.0259912544507473,0.00649781361268682,5,1,5,0.16.6,2000,eb,mle,0,2000,0.00481493856434378,FALSE,FALSE,alpha_pip_fixed_point,7
2000,66,2000,2,0.001,0.001,200000,2000,497;889,0.000826729748415634,8.21364775343356,11.5056332568692,SuSiE-RSS: finite R0 + EB mismatch,3,2,2,FALSE,FALSE,,,,TRUE,1.051,1,TRUE,0,2,1.5,0.887613303107122,0.00443359079456183,0.00110839769864046,6,1,6,0.16.6,2000,eb,mle,0,2000,0.00562437372229384,FALSE,FALSE,alpha_pip_fixed_point,4
500,67,2000,2,0.001,0.001,200000,2000,124;52,0.00227277454223712,8.20261667374656,11.5016174615951,SuSiE-RSS: finite R0 + EB mismatch,2,2,2,FALSE,FALSE,,,,TRUE,0.0630000000000006,1,TRUE,0,2,1,0.99999983928287,6.03684489894702e-07,1.50921122473676e-07,7,1,7,0.16.6,2000,eb,mle,0,2000,0.00467180922509089,FALSE,FALSE,alpha_pip_fixed_point,3
1000,68,2000,2,0.001,0.001,200000,2000,249;775,0.000807524740598265,8.22610104704592,11.5101715983106,SuSiE-RSS: finite R0 + EB mismatch,2,2,2,FALSE,FALSE,,,,TRUE,0.189,1,TRUE,0,2,2.5,0.33085806706852,1.04025756376904,0.26006439094226,8,1,8,0.16.6,2000,eb,mle,0,2000,0.00578316423923832,FALSE,FALSE,alpha_pip_fixed_point,4
2000,69,2000,2,0.001,0.001,200000,2000,497;1644,0.000103766409102707,8.21915862436506,11.507640950745,SuSiE-RSS: finite R0 + EB mismatch,2,2,2,FALSE,FALSE,,,,TRUE,1.075,1,TRUE,0,2,1.5,0.704972755582726,0.0939711890551654,0.0234927972637914,9,1,9,0.16.6,2000,eb,mle,0,2000,0.00512633307869019,FALSE,FALSE,alpha_pip_fixed_point,3
500,70,2000,2,0.001,0.001,200000,2000,124;445,0.00119347987068162,8.22903999820256,11.5112433789135,SuSiE-RSS: finite R0 + EB mismatch,2,2,2,FALSE,FALSE,,,,TRUE,0.0599999999999987,1,TRUE,0,2,1,0.999997888439852,1.67437601883147e-05,4.18594004707868e-06,10,1,10,0.16.6,2000,eb,mle,0,2000,0.00697606745404509,FALSE,FALSE,alpha_pip_fixed_point,3
1000,71,2000,2,0.001,0.001,200000,2000,249;637,0.000372443704326432,8.22278705689047,11.5089633875782,SuSiE-RSS: finite R0 + EB mismatch,5,2,2,FALSE,FALSE,,,,TRUE,0.272,1,TRUE,0,2,3,0.344118532216239,0.136872406207884,0.0342181015519711,11,1,11,0.16.6,2000,eb,mle,0.000471289923116318,1029.5587097121,0.00467694713361001,FALSE,FALSE,alpha_pip_fixed_point,7
2000,72,2000,2,0.001,0.001,200000,2000,497;1759,8.91059304967439e-05,8.21927034649318,11.5076816631137,SuSiE-RSS: finite R0 + EB mismatch,2,2,2,FALSE,FALSE,,,,TRUE,0.875999999999998,1,TRUE,0,2,1,0.999999860980552,1.71157097444734e-07,4.27892743611834e-08,12,1,12,0.16.6,2000,eb,mle,0,2000,0.00551397622394894,FALSE,FALSE,alpha_pip_fixed_point,2
500,73,2000,2,0.001,0.001,200000,2000,124;226,0.00142915785603046,8.23083423425712,11.5118978424325,SuSiE-RSS: finite R0 + EB mismatch,2,2,2,FALSE,FALSE,,,,TRUE,0.0550000000000015,1,TRUE,0,2,4.5,0.416952673058339,0.156894614861206,0.0392236537153015,13,1,13,0.16.6,2000,eb,mle,0,2000,0.00796552440522748,FALSE,FALSE,alpha_pip_fixed_point,3
1000,74,2000,2,0.001,0.001,200000,2000,249;373,0.000275042772187156,8.22204501982504,11.5086929058888,SuSiE-RSS: finite R0 + EB mismatch,3,2,2,FALSE,FALSE,,,,TRUE,0.193,1,TRUE,0,2,1,0.999999991204604,2.88806771994751e-07,7.22016929986878e-08,14,1,14,0.16.6,2000,eb,mle,0,2000,0.00706620463543475,FALSE,FALSE,alpha_pip_fixed_point,5
2000,75,2000,2,0.001,0.001,200000,2000,497;1503,0.000166399836210531,8.22121727686434,11.5083912046423,SuSiE-RSS: finite R0 + EB mismatch,2,2,2,FALSE,FALSE,,,,TRUE,0.995000000000005,1,TRUE,0,2,1,0.981993624584697,0.0325621347480341,0.00814053368700852,15,1,15,0.16.6,2000,eb,mle,0,2000,0.00609236960303693,FALSE,FALSE,alpha_pip_fixed_point,3
500,76,2000,2,0.001,0.001,200000,2000,124;322,0.000103395563437694,8.21916145045803,11.5076419805891,SuSiE-RSS: finite R0 + EB mismatch,2,2,2,FALSE,FALSE,,,,TRUE,0.0620000000000012,1,TRUE,0,2,3,0.629790055348791,0.270568541805622,0.0676421354514054,16,1,16,0.16.6,2000,eb,mle,0,2000,0.00911200496613731,FALSE,FALSE,alpha_pip_fixed_point,3
1000,77,2000,2,0.001,0.001,200000,2000,249;394,0.000166686213039931,8.2186791225184,11.5074662213792,SuSiE-RSS: finite R0 + EB mismatch,5,2,2,FALSE,FALSE,,,,TRUE,0.267000000000001,1,TRUE,0,2,5,0.458925686292387,0.530062168688069,0.132515542172017,17,1,17,0.16.6,2000,eb,mle,0.00125688769528401,569.188345210846,0.00404861269050816,FALSE,FALSE,alpha_pip_fixed_point,5
2000,78,2000,2,0.001,0.001,200000,2000,497;740,0.000222182582035805,8.21825617584369,11.5073121068469,SuSiE-RSS: finite R0 + EB mismatch,5,2,2,FALSE,FALSE,,,,TRUE,0.655999999999999,1,TRUE,0,2,3.5,0.750132817144535,0.169133470998585,0.0422833677496463,18,1,18,0.16.6,2000,eb,mle,6.42236476813307e-05,1772.34684173463,0.00469751527292746,FALSE,FALSE,alpha_pip_fixed_point,3
500,79,2000,2,0.001,0.001,200000,2000,124;371,0.00136788842119452,8.23036781358333,11.5117277012084,SuSiE-RSS: finite R0 + EB mismatch,5,2,2,FALSE,FALSE,,,,TRUE,0.0570000000000004,1,TRUE,0,2,1,0.99999933392229,2.67946458597529e-06,6.69866146493822e-07,19,1,19,0.16.6,2000,eb,mle,0.0028017287294392,302.871641477903,0.00339153502528509,FALSE,FALSE,alpha_pip_fixed_point,3
1000,80,2000,2,0.001,0.001,200000,2000,249;657,0.0011104588180285,8.21148422826696,11.5048453242198,SuSiE-RSS: finite R0 + EB mismatch,2,2,2,FALSE,FALSE,,,,TRUE,0.161000000000001,1,TRUE,0,2,1,0.999978804756267,6.72951625219214e-05,1.68237906304804e-05,20,1,20,0.16.6,2000,eb,mle,0,2000,0.00485351512057584,FALSE,FALSE,alpha_pip_fixed_point,3
500,61,2000,2,0.001,0.001,200000,2000,124;323,0.000143241952656981,8.21885778999375,11.5075313265133,SuSiE-RSS: in-sample R,5,2,2,FALSE,FALSE,,,,TRUE,0.0120000000000005,1,TRUE,0,2,1,0.99999907780526,0,0,1,1,1,,,,,,,,,,,
1000,62,2000,2,0.001,0.001,200000,2000,249;751,7.6085735175497e-06,8.21989138690556,11.5079079822894,SuSiE-RSS: in-sample R,2,2,2,FALSE,FALSE,,,,TRUE,0.0309999999999917,1,TRUE,0,2,1.5,0.938701064091189,0,0,2,1,2,,,,,,,,,,,
2000,63,2000,2,0.001,0.001,200000,2000,497;1658,1.91556367338481e-05,8.22009533244183,11.5079823067586,SuSiE-RSS: in-sample R,4,2,2,FALSE,FALSE,,,,TRUE,0.177000000000021,1,TRUE,0,2,1,0.974290997133494,0,0,3,1,3,,,,,,,,,,,
500,64,2000,2,0.001,0.001,200000,2000,124;453,0.00187551789844608,8.23423159528265,11.5131373489014,SuSiE-RSS: in-sample R,2,2,2,FALSE,FALSE,,,,TRUE,0.0190000000000055,1,TRUE,0,2,2,0.581035156572161,0,0,4,1,4,,,,,,,,,,,
1000,65,2000,2,0.001,0.001,200000,2000,249;832,0.00013635977328933,8.22098839253716,11.5083077833291,SuSiE-RSS: in-sample R,5,2,2,FALSE,FALSE,,,,TRUE,0.0379999999999967,1,TRUE,0,2,3.5,0.578984180668462,0,0,5,1,5,,,,,,,,,,,
2000,66,2000,2,0.001,0.001,200000,2000,497;889,0.000826729748415634,8.21364775343356,11.5056332568692,SuSiE-RSS: in-sample R,3,2,2,FALSE,FALSE,,,,TRUE,0.113,1,TRUE,0,2,1.5,0.886516905202864,0,0,6,1,6,,,,,,,,,,,
500,67,2000,2,0.001,0.001,200000,2000,124;52,0.00227277454223712,8.20261667374656,11.5016174615951,SuSiE-RSS: in-sample R,5,2,2,FALSE,FALSE,,,,TRUE,0.0130000000000052,1,TRUE,0,2,1,0.999999990253077,0,0,7,1,7,,,,,,,,,,,
1000,68,2000,2,0.001,0.001,200000,2000,249;775,0.000807524740598265,8.22610104704592,11.5101715983106,SuSiE-RSS: in-sample R,2,2,2,FALSE,FALSE,,,,TRUE,0.0450000000000017,1,TRUE,0,2,2.5,0.475218004889221,0,0,8,1,8,,,,,,,,,,,
2000,69,2000,2,0.001,0.001,200000,2000,497;1644,0.000103766409102707,8.21915862436506,11.507640950745,SuSiE-RSS: in-sample R,2,2,2,FALSE,FALSE,,,,TRUE,0.0840000000000032,1,TRUE,0,2,1.5,0.726560652914223,0,0,9,1,9,,,,,,,,,,,
500,70,2000,2,0.001,0.001,200000,2000,124;445,0.00119347987068162,8.22903999820256,11.5112433789135,SuSiE-RSS: in-sample R,2,2,2,FALSE,FALSE,,,,TRUE,0.0150000000000006,1,TRUE,0,2,1,0.999994565942368,0,0,10,1,10,,,,,,,,,,,
1000,71,2000,2,0.001,0.001,200000,2000,249;637,0.000372443704326432,8.22278705689047,11.5089633875782,SuSiE-RSS: in-sample R,5,2,2,FALSE,FALSE,,,,TRUE,0.0409999999999968,1,TRUE,0,2,3,0.34281242323228,0,0,11,1,11,,,,,,,,,,,
2000,72,2000,2,0.001,0.001,200000,2000,497;1759,8.91059304967439e-05,8.21927034649318,11.5076816631137,SuSiE-RSS: in-sample R,2,2,2,FALSE,FALSE,,,,TRUE,0.0949999999999704,1,TRUE,0,2,1,0.999999902442164,0,0,12,1,12,,,,,,,,,,,
500,73,2000,2,0.001,0.001,200000,2000,124;226,0.00142915785603046,8.23083423425712,11.5118978424325,SuSiE-RSS: in-sample R,2,2,2,FALSE,FALSE,,,,TRUE,0.017000000000003,1,TRUE,0,2,4.5,0.389423164928561,0,0,13,1,13,,,,,,,,,,,
1000,74,2000,2,0.001,0.001,200000,2000,249;373,0.000275042772187156,8.22204501982504,11.5086929058888,SuSiE-RSS: in-sample R,3,2,2,FALSE,FALSE,,,,TRUE,0.0450000000000017,1,TRUE,0,2,1,0.999999919026355,0,0,14,1,14,,,,,,,,,,,
2000,75,2000,2,0.001,0.001,200000,2000,497;1503,0.000166399836210531,8.22121727686434,11.5083912046423,SuSiE-RSS: in-sample R,2,2,2,FALSE,FALSE,,,,TRUE,0.137,1,TRUE,0,2,1.5,0.973853090884085,0,0,15,1,15,,,,,,,,,,,
500,76,2000,2,0.001,0.001,200000,2000,124;322,0.000103395563437694,8.21916145045803,11.5076419805891,SuSiE-RSS: in-sample R,2,2,2,FALSE,FALSE,,,,TRUE,0.0140000000000029,1,TRUE,0,2,3,0.631157090368851,0,0,16,1,16,,,,,,,,,,,
1000,77,2000,2,0.001,0.001,200000,2000,249;394,0.000166686213039931,8.2186791225184,11.5074662213792,SuSiE-RSS: in-sample R,5,2,2,FALSE,FALSE,,,,TRUE,0.0400000000000063,1,TRUE,0,2,4.5,0.569311771585456,0,0,17,1,17,,,,,,,,,,,
2000,78,2000,2,0.001,0.001,200000,2000,497;740,0.000222182582035805,8.21825617584369,11.5073121068469,SuSiE-RSS: in-sample R,2,2,2,FALSE,FALSE,,,,TRUE,0.108000000000004,1,TRUE,0,2,3.5,0.710643242643863,0,0,18,1,18,,,,,,,,,,,
500,79,2000,2,0.001,0.001,200000,2000,124;371,0.00136788842119452,8.23036781358333,11.5117277012084,SuSiE-RSS: in-sample R,5,2,2,FALSE,FALSE,,,,TRUE,0.0140000000000029,1,TRUE,0,2,1,0.99999999982578,0,0,19,1,19,,,,,,,,,,,
1000,80,2000,2,0.001,0.001,200000,2000,249;657,0.0011104588180285,8.21148422826696,11.5048453242198,SuSiE-RSS: in-sample R,2,2,2,FALSE,FALSE,,,,TRUE,0.0330000000000013,1,TRUE,0,2,1,0.999995628547039,0,0,20,1,20,,,,,,,,,,,
500,61,2000,2,0.001,0.001,200000,2000,124;323,0.000143241952656981,8.21885778999375,11.5075313265133,SuSiE-RSS: reference R0,5,2,2,FALSE,FALSE,,,,TRUE,0.0120000000000005,1,TRUE,0,2,1,0.999999352489197,1.10388935240544e-06,2.75972338101361e-07,1,1,1,,,,,,,,,,,
1000,62,2000,2,0.001,0.001,200000,2000,249;751,7.6085735175497e-06,8.21989138690556,11.5079079822894,SuSiE-RSS: reference R0,3,2,2,FALSE,FALSE,,,,TRUE,0.0530000000000115,1,TRUE,0,2,1.5,0.928383612745813,0.0433592303094905,0.0108398075773726,2,1,2,,,,,,,,,,,
2000,63,2000,2,0.001,0.001,200000,2000,497;1658,1.91556367338481e-05,8.22009533244183,11.5079823067586,SuSiE-RSS: reference R0,5,2,2,FALSE,FALSE,,,,TRUE,0.159999999999968,1,TRUE,0,2,1,0.977673088759932,0.0135143793871255,0.00337859484678137,3,1,3,,,,,,,,,,,
500,64,2000,2,0.001,0.001,200000,2000,124;453,0.00187551789844608,8.23423159528265,11.5131373489014,SuSiE-RSS: reference R0,2,2,2,FALSE,FALSE,,,,TRUE,0.0139999999999958,1,TRUE,0,2,2,0.597833452128732,0.06725777864611,0.0168144446615275,4,1,4,,,,,,,,,,,
1000,65,2000,2,0.001,0.001,200000,2000,249;832,0.00013635977328933,8.22098839253716,11.5083077833291,SuSiE-RSS: reference R0,5,2,2,FALSE,FALSE,,,,TRUE,0.0530000000000115,1,TRUE,0,2,3.5,0.580945055011203,0.0267701894109436,0.00669254735273591,5,1,5,,,,,,,,,,,
2000,66,2000,2,0.001,0.001,200000,2000,497;889,0.000826729748415634,8.21364775343356,11.5056332568692,SuSiE-RSS: reference R0,3,2,2,FALSE,FALSE,,,,TRUE,0.140000000000043,1,TRUE,0,2,1.5,0.892876935788202,0.0255256989110768,0.00638142472776921,6,1,6,,,,,,,,,,,
500,67,2000,2,0.001,0.001,200000,2000,124;52,0.00227277454223712,8.20261667374656,11.5016174615951,SuSiE-RSS: reference R0,3,2,2,FALSE,FALSE,,,,TRUE,0.0159999999999982,1,TRUE,0,2,1,0.999999959199847,1.24250278377165e-07,3.10625695942912e-08,7,1,7,,,,,,,,,,,
1000,68,2000,2,0.001,0.001,200000,2000,249;775,0.000807524740598265,8.22610104704592,11.5101715983106,SuSiE-RSS: reference R0,3,2,2,FALSE,FALSE,,,,TRUE,0.0430000000000064,1,TRUE,0,2,2.5,0.324653710398281,1.08686813155795,0.271717032889487,8,1,8,,,,,,,,,,,
2000,69,2000,2,0.001,0.001,200000,2000,497;1644,0.000103766409102707,8.21915862436506,11.507640950745,SuSiE-RSS: reference R0,3,2,2,FALSE,FALSE,,,,TRUE,0.120000000000005,1,TRUE,0,2,1.5,0.701913924222398,0.109046222733847,0.0272615556834618,9,1,9,,,,,,,,,,,
500,70,2000,2,0.001,0.001,200000,2000,124;445,0.00119347987068162,8.22903999820256,11.5112433789135,SuSiE-RSS: reference R0,2,2,2,FALSE,FALSE,,,,TRUE,0.0159999999999982,1,TRUE,0,2,1,0.999998620918498,1.74061158166178e-05,4.35152895415446e-06,10,1,10,,,,,,,,,,,
1000,71,2000,2,0.001,0.001,200000,2000,249;637,0.000372443704326432,8.22278705689047,11.5089633875782,SuSiE-RSS: reference R0,5,2,2,FALSE,FALSE,,,,TRUE,0.0619999999999976,1,TRUE,0,2,3,0.352394776621474,0.228499469427084,0.057124867356771,11,1,11,,,,,,,,,,,
2000,72,2000,2,0.001,0.001,200000,2000,497;1759,8.91059304967439e-05,8.21927034649318,11.5076816631137,SuSiE-RSS: reference R0,5,2,2,FALSE,FALSE,,,,TRUE,0.142999999999972,1,TRUE,0,2,1,0.999999963552814,2.44708747119682e-07,6.11771867799205e-08,12,1,12,,,,,,,,,,,
500,73,2000,2,0.001,0.001,200000,2000,124;226,0.00142915785603046,8.23083423425712,11.5118978424325,SuSiE-RSS: reference R0,2,2,2,FALSE,FALSE,,,,TRUE,0.0140000000000029,1,TRUE,0,2,4.5,0.427057628941861,0.183291703962605,0.0458229259906512,13,1,13,,,,,,,,,,,
1000,74,2000,2,0.001,0.001,200000,2000,249;373,0.000275042772187156,8.22204501982504,11.5086929058888,SuSiE-RSS: reference R0,3,2,2,FALSE,FALSE,,,,TRUE,0.0460000000000065,1,TRUE,0,2,1,0.999999998197169,3.16779745226104e-07,7.91949363065259e-08,14,1,14,,,,,,,,,,,
2000,75,2000,2,0.001,0.001,200000,2000,497;1503,0.000166399836210531,8.22121727686434,11.5083912046423,SuSiE-RSS: reference R0,2,2,2,FALSE,FALSE,,,,TRUE,0.146999999999991,1,TRUE,0,2,1,0.984469222022676,0.0424645245851394,0.0106161311462848,15,1,15,,,,,,,,,,,
500,76,2000,2,0.001,0.001,200000,2000,124;322,0.000103395563437694,8.21916145045803,11.5076419805891,SuSiE-RSS: reference R0,2,2,2,FALSE,FALSE,,,,TRUE,0.0180000000000007,1,TRUE,0,2,3,0.63197796238146,0.255036790698005,0.0637591976745012,16,1,16,,,,,,,,,,,
1000,77,2000,2,0.001,0.001,200000,2000,249;394,0.000166686213039931,8.2186791225184,11.5074662213792,SuSiE-RSS: reference R0,5,2,2,FALSE,FALSE,,,,TRUE,0.0499999999999972,1,TRUE,0,2,4.5,0.489734759649539,0.343545231550477,0.0858863078876193,17,1,17,,,,,,,,,,,
2000,78,2000,2,0.001,0.001,200000,2000,497;740,0.000222182582035805,8.21825617584369,11.5073121068469,SuSiE-RSS: reference R0,5,2,2,FALSE,FALSE,,,,TRUE,0.089999999999975,1,TRUE,0,2,3,0.756964747780267,0.190031444360905,0.0475078610902263,18,1,18,,,,,,,,,,,
500,79,2000,2,0.001,0.001,200000,2000,124;371,0.00136788842119452,8.23036781358333,11.5117277012084,SuSiE-RSS: reference R0,5,2,2,FALSE,FALSE,,,,TRUE,0.0229999999999961,1,TRUE,0,2,1,0.99999999982649,2.30559884224964e-10,5.76399710562409e-11,19,1,19,,,,,,,,,,,
1000,80,2000,2,0.001,0.001,200000,2000,249;657,0.0011104588180285,8.21148422826696,11.5048453242198,SuSiE-RSS: reference R0,2,2,2,FALSE,FALSE,,,,TRUE,0.0360000000000014,1,TRUE,0,2,1,0.999987581469775,3.2188309066326e-05,8.0470772665815e-06,20,1,20,,,,,,,,,,,
500,61,2000,2,0.001,0.001,200000,2000,124;323,0.000143241952656981,8.21885778999375,11.5075313265133,collapsed-R,0,2,2,FALSE,FALSE,0.001,961.774640381646,1612.89607192002,TRUE,0.661999999999999,1,TRUE,0,2,1,0.999998319489904,3.38531826441634e-06,8.46329566104085e-07,1,1,1,,,,,,,,,,,
1000,62,2000,2,0.001,0.001,200000,2000,249;751,7.6085735175497e-06,8.21989138690556,11.5079079822894,collapsed-R,0,2,2,FALSE,FALSE,0.001,923.075354890169,1547.99737015081,TRUE,1.91200000000001,1,TRUE,0,2,1.5,0.910360432084764,0.114109873348185,0.0285274683370464,2,1,2,,,,,,,,,,,
2000,63,2000,2,0.001,0.001,200000,2000,497;1658,1.91556367338481e-05,8.22009533244183,11.5079823067586,collapsed-R,0,2,2,FALSE,FALSE,0.001,577.571129484405,968.586784145347,TRUE,3.91800000000001,1,TRUE,0,2,1.5,0.956477459571434,0.0713417405146813,0.0178354351286703,3,1,3,,,,,,,,,,,
500,64,2000,2,0.001,0.001,200000,2000,124;453,0.00187551789844608,8.23423159528265,11.5131373489014,collapsed-R,0,2,2,FALSE,FALSE,0.001,627.581473036923,1052.45413028292,TRUE,0.997,1,TRUE,0,2,2,0.582456118187456,0.0636921416986454,0.0159230354246613,4,1,4,,,,,,,,,,,
1000,65,2000,2,0.001,0.001,200000,2000,249;832,0.00013635977328933,8.22098839253716,11.5083077833291,collapsed-R,0,2,2,FALSE,FALSE,0.001,1434.95753426745,2406.42378496651,TRUE,1.64100000000001,1,TRUE,0,2,3.5,0.581319344740229,0.0272861416456141,0.00682153541140351,5,1,5,,,,,,,,,,,
2000,66,2000,2,0.001,0.001,200000,2000,497;889,0.000826729748415634,8.21364775343356,11.5056332568692,collapsed-R,0,2,2,FALSE,FALSE,0.001,922.409515202725,1546.88075699497,TRUE,3.68600000000004,1,TRUE,0,2,1.5,0.881826862534802,0.0204291834252172,0.00510729585630431,6,1,6,,,,,,,,,,,
500,67,2000,2,0.001,0.001,200000,2000,124;52,0.00227277454223712,8.20261667374656,11.5016174615951,collapsed-R,0,2,2,FALSE,FALSE,0.002,18128.4768742341,30401.4557180905,TRUE,1.062,1,TRUE,0,2,1,0.999999957123375,1.33018445835975e-07,3.32546114589938e-08,7,1,7,,,,,,,,,,,
1000,68,2000,2,0.001,0.001,200000,2000,249;775,0.000807524740598265,8.22610104704592,11.5101715983106,collapsed-R,0,2,2,FALSE,FALSE,0.001,1266.23812835574,2123.48134125258,TRUE,1.628,1,TRUE,0,2,2.5,0.338559685066262,0.993522421065074,0.248380605266269,8,1,8,,,,,,,,,,,
2000,69,2000,2,0.001,0.001,200000,2000,497;1644,0.000103766409102707,8.21915862436506,11.507640950745,collapsed-R,0,2,2,FALSE,FALSE,0.001,1136.62907849832,1906.12696464169,TRUE,3.82100000000003,1,TRUE,0,2,1.5,0.706594230800861,0.0858775154629553,0.0214693788657388,9,1,9,,,,,,,,,,,
500,70,2000,2,0.001,0.001,200000,2000,124;445,0.00119347987068162,8.22903999820256,11.5112433789135,collapsed-R,0,2,2,FALSE,FALSE,0.001,1381.32115622592,2316.47557899087,TRUE,0.866999999999997,1,TRUE,0,2,1,0.999996439367562,1.57729217037743e-05,3.94323042594358e-06,10,1,10,,,,,,,,,,,
1000,71,2000,2,0.001,0.001,200000,2000,249;637,0.000372443704326432,8.22278705689047,11.5089633875782,collapsed-R,0,2,2,FALSE,FALSE,0.001,1009.50424969391,1692.93862673669,TRUE,1.961,1,TRUE,0,2,3,0.349939555397901,0.110043040508748,0.027510760127187,11,1,11,,,,,,,,,,,
2000,72,2000,2,0.001,0.001,200000,2000,497;1759,8.91059304967439e-05,8.21927034649318,11.5076816631137,collapsed-R,0,2,2,FALSE,FALSE,0.001,807.209473003806,1353.69028622738,TRUE,4.02000000000004,1,TRUE,0,2,1,0.999999589488786,1.25344563054566e-06,3.13361407636415e-07,12,1,12,,,,,,,,,,,
500,73,2000,2,0.001,0.001,200000,2000,124;226,0.00142915785603046,8.23083423425712,11.5118978424325,collapsed-R,0,2,2,FALSE,FALSE,0.001,1810.86603298978,3036.82233732386,TRUE,0.852000000000004,1,TRUE,0,2,4.5,0.418928322895173,0.164345989796749,0.0410864974491873,13,1,13,,,,,,,,,,,
1000,74,2000,2,0.001,0.001,200000,2000,249;373,0.000275042772187156,8.22204501982504,11.5086929058888,collapsed-R,0,2,2,FALSE,FALSE,0.001,1300.54371907273,2181.01181688496,TRUE,1.574,1,TRUE,0,2,1,0.999999987096833,2.72295526587504e-07,6.80738816468761e-08,14,1,14,,,,,,,,,,,
2000,75,2000,2,0.001,0.001,200000,2000,497;1503,0.000166399836210531,8.22121727686434,11.5083912046423,collapsed-R,0,2,2,FALSE,FALSE,0.001,3424.29733085233,5742.54662383936,TRUE,4.30599999999998,1,TRUE,0,2,1,0.983774937932186,0.0396239132794936,0.0099059783198734,15,1,15,,,,,,,,,,,
500,76,2000,2,0.001,0.001,200000,2000,124;322,0.000103395563437694,8.21916145045803,11.5076419805891,collapsed-R,0,2,2,FALSE,FALSE,0.001,501.829758057183,841.568504261896,TRUE,0.961000000000006,1,TRUE,0,2,3,0.625259060195884,0.326038834458266,0.0815097086145665,16,1,16,,,,,,,,,,,
1000,77,2000,2,0.001,0.001,200000,2000,249;394,0.000166686213039931,8.2186791225184,11.5074662213792,collapsed-R,0,2,2,FALSE,FALSE,0.001,1008.94782527051,1692.00550297864,TRUE,1.88799999999999,1,TRUE,0,2,5,0.466049303771063,0.481246330632384,0.120311582658096,17,1,17,,,,,,,,,,,
2000,78,2000,2,0.001,0.001,200000,2000,497;740,0.000222182582035805,8.21825617584369,11.5073121068469,collapsed-R,0,2,2,FALSE,FALSE,0.001,1736.60681251349,2912.28962458512,TRUE,3.26400000000001,1,TRUE,0,2,3.5,0.746087714806998,0.152986907817536,0.038246726954384,18,1,18,,,,,,,,,,,
500,79,2000,2,0.001,0.001,200000,2000,124;371,0.00136788842119452,8.23036781358333,11.5117277012084,collapsed-R,0,2,2,FALSE,FALSE,0.001,463.245580886519,776.862839146693,TRUE,1.081,1,TRUE,0,2,1,0.999999976910933,9.2001487622316e-08,2.3000371905579e-08,19,1,19,,,,,,,,,,,
1000,80,2000,2,0.001,0.001,200000,2000,249;657,0.0011104588180285,8.21148422826696,11.5048453242198,collapsed-R,0,2,2,FALSE,FALSE,0.001,1824.59292535222,3059.84233581567,TRUE,1.38000000000001,1,TRUE,0,2,1,0.999975924991975,7.90251672937527e-05,1.97562918234382e-05,20,1,20,,,,,,,,,,,
500,61,5000,2,0.001,0.001,200000,2000,124;64,0.000538682002519737,8.22405340541925,11.5094250289728,AIW-N,4,2,2,FALSE,FALSE,0.001,Inf,Inf,TRUE,1.108,1,TRUE,0,2,2.5,0.660130668865379,0.220322109920731,0.0550805274801828,1,1,1,,,,,,,,,,,
1000,62,5000,2,0.001,0.001,200000,2000,249;694,0.001028959582325,8.22778731524128,11.5107865142197,AIW-N,3,2,2,FALSE,FALSE,0.001,10100.772970004,14383.5007092857,TRUE,3.55300000000003,1,TRUE,0,2,1.5,0.915595123566104,0.0983201826560619,0.0245800456640155,2,1,2,,,,,,,,,,,
2000,63,5000,2,0.001,0.001,200000,2000,497;1334,0.000134419678740109,8.21892502331483,11.5075558261197,AIW-N,2,2,2,FALSE,FALSE,0.001,1765.3282523754,2513.82743138257,TRUE,8.387,1,TRUE,0,2,1.5,0.967172896756989,0.129433449957864,0.032358362489466,3,1,3,,,,,,,,,,,
500,64,5000,2,0.001,0.001,200000,2000,124;406,0.00110761132819459,8.22838619991198,11.511004926407,AIW-N,2,2,2,FALSE,FALSE,0.001,2748.7966950838,3914.28649379933,TRUE,1.15,1,TRUE,0,2,2,0.579863978590022,0.107145058059463,0.0267862645148657,4,1,4,,,,,,,,,,,
1000,65,5000,2,0.001,0.001,200000,2000,249;124,0.00026158822659144,8.22194251401626,11.5086555426727,AIW-N,5,2,2,FALSE,FALSE,0.001,2880.99247432809,4102.53328344321,TRUE,3.79300000000001,1,TRUE,0,2,3.5,0.563991402925642,0.0423257896514246,0.0105814474128561,5,1,5,,,,,,,,,,,
2000,66,5000,2,0.001,0.001,200000,2000,497;1516,0.000128492663113551,8.22092844984434,11.5082859363409,AIW-N,5,2,2,FALSE,FALSE,0.001,3200.00346788101,4556.80493826256,TRUE,7.483,1,TRUE,0,2,1.5,0.941963910731286,0.0194157556767615,0.00485393891919038,6,1,6,,,,,,,,,,,
500,67,5000,2,0.001,0.001,200000,2000,124;253,0.00104229045847701,8.22788882399726,11.5108235334574,AIW-N,4,2,2,FALSE,FALSE,0.001,2723.39728939918,3878.11774010444,TRUE,1.505,1,TRUE,0,2,1,0.999999994406903,1.81188019753449e-08,4.52970049383622e-09,7,1,7,,,,,,,,,,,
1000,68,5000,2,0.001,0.001,200000,2000,249;144,0.00165936136828766,8.2325865055403,11.5125371007225,AIW-N,5,2,2,FALSE,FALSE,0.001,2594.19274271262,3694.13046562276,TRUE,2.96799999999999,1,TRUE,0,2,1.5,0.647203573499343,0.0174651224915871,0.00436628062289677,8,1,8,,,,,,,,,,,
2000,69,5000,2,0.001,0.001,200000,2000,497;1253,0.000602959381971521,8.21535376888572,11.5062546777018,AIW-N,3,2,2,FALSE,FALSE,0.001,4933.52593134545,7025.34092623591,TRUE,8.45099999999997,1,TRUE,0,2,2.5,0.769983314495513,0.149209484119709,0.0373023710299271,9,1,9,,,,,,,,,,,
500,70,5000,2,0.001,0.001,200000,2000,124;399,0.000291793310505605,8.21772563799503,11.5071187962274,AIW-N,5,2,2,FALSE,FALSE,0.001,Inf,Inf,TRUE,1.13800000000001,1,TRUE,0,2,1.5,0.79658281947387,0.00884181901327026,0.00221045475331757,10,1,10,,,,,,,,,,,
1000,71,5000,2,0.001,0.001,200000,2000,249;880,0.000973749280007347,8.21252673640466,11.5052249753204,AIW-N,5,2,2,FALSE,FALSE,0.001,1415.68576534339,2015.93652984899,TRUE,3.547,1,TRUE,0,2,2.5,0.62348896025605,0.0677721661699796,0.0169430415424949,11,1,11,,,,,,,,,,,
2000,72,5000,2,0.001,0.001,200000,2000,497;1557,0.000699513269560078,8.22527842388788,11.5098716537126,AIW-N,5,2,2,FALSE,FALSE,0.001,3583.6875779925,5103.17111106133,TRUE,8.54399999999998,1,TRUE,0,2,2,0.930199476960704,0.113548374299395,0.0283870935748487,12,1,12,,,,,,,,,,,
500,73,5000,2,0.001,0.001,200000,2000,124;310,0.000981261495853982,8.22742410750107,11.5106540587204,AIW-N,5,2,2,FALSE,FALSE,0.001,5838.87927271584,8314.56408434736,TRUE,1.211,1,TRUE,0,2,6,0.131200751947924,0.0860010535010419,0.0215002633752605,13,1,13,,,,,,,,,,,
1000,74,5000,2,0.001,0.001,200000,2000,249;853,0.000507020156803849,8.21608512288039,11.5065211046539,AIW-N,5,2,2,FALSE,FALSE,0.001,2721.54059512324,3875.47380745549,TRUE,2.744,1,TRUE,0,2,1.5,0.954509079067418,0.0136559012294065,0.00341397530735163,14,1,14,,,,,,,,,,,
2000,75,5000,2,0.001,0.001,200000,2000,497;1840,0.00126923097156721,8.22961673006268,11.5114537354733,AIW-N,5,2,2,FALSE,FALSE,0.001,2761.38854541644,3932.217288673,TRUE,7.428,1,TRUE,0,2,1.5,0.859413108960729,0.0554711590252322,0.013867789756308,15,1,15,,,,,,,,,,,
500,76,5000,2,0.001,0.001,200000,2000,124;393,1.50463463111387e-05,8.2198347097675,11.5078873275161,AIW-N,5,2,2,FALSE,FALSE,0.001,3543.12938313456,5045.41624158361,TRUE,1.092,1,TRUE,0,2,4,0.596157343259407,0.0224123232479715,0.00560308081199287,16,1,16,,,,,,,,,,,
1000,77,5000,2,0.001,0.001,200000,2000,249;721,0.000921120047906862,8.21292804518915,11.5053711297991,AIW-N,4,2,2,FALSE,FALSE,0.001,4329.63094864832,6165.3944708752,TRUE,3.34999999999999,1,TRUE,0,2,1.5,0.814567880487866,0.0930493584722281,0.023262339618057,17,1,17,,,,,,,,,,,
2000,78,5000,2,0.001,0.001,200000,2000,497;1395,0.000491707653207568,8.22369558534608,11.5092945820209,AIW-N,5,2,2,FALSE,FALSE,0.001,40042.7466500592,57020.8712296843,TRUE,6.05600000000004,1,TRUE,0,2,3.5,0.522327714022063,0.0520450653087204,0.0130112663271801,18,1,18,,,,,,,,,,,
500,79,5000,2,0.001,0.001,200000,2000,124;261,0.000509022651172242,8.21606985817763,11.5065155436541,AIW-N,2,2,2,FALSE,FALSE,0.001,2347.54466767233,3342.90360676539,TRUE,1.161,1,TRUE,0,2,2,0.667459170682409,0.0303390941945665,0.00758477354864161,19,1,19,,,,,,,,,,,
1000,80,5000,2,0.001,0.001,200000,2000,249;863,0.000146552522435469,8.22106605471939,11.5083360886186,AIW-N,5,2,2,FALSE,FALSE,0.001,3659.59989391783,5211.27024893899,TRUE,2.902,1,TRUE,0,2,2,0.701512430628067,0.166705065003494,0.0416762662508735,20,1,20,,,,,,,,,,,
500,61,5000,2,0.001,0.001,200000,2000,124;64,0.000538682002519737,8.22405340541925,11.5094250289728,SuSiE-RSS: finite R0 + EB mismatch,3,2,2,FALSE,FALSE,,,,TRUE,0.113,1,TRUE,0,2,2.5,0.659903166674715,0.205851053349511,0.0514627633373778,1,1,1,0.16.6,2000,eb,mle,0,2000,0.00405953215327433,FALSE,FALSE,alpha_pip_fixed_point,10
1000,62,5000,2,0.001,0.001,200000,2000,249;694,0.001028959582325,8.22778731524128,11.5107865142197,SuSiE-RSS: finite R0 + EB mismatch,2,2,2,FALSE,FALSE,,,,TRUE,0.183,1,TRUE,0,2,1.5,0.907246592465148,0.131714287535867,0.0329285718839668,2,1,2,0.16.6,2000,eb,mle,0,2000,0.00602515718707454,FALSE,FALSE,alpha_pip_fixed_point,3
2000,63,5000,2,0.001,0.001,200000,2000,497;1334,0.00013441967888803,8.2189250233137,11.5075558261193,SuSiE-RSS: finite R0 + EB mismatch,2,2,2,FALSE,FALSE,,,,TRUE,1.002,1,TRUE,0,2,1.5,0.958902246594837,0.101892955211208,0.0254732388028019,3,1,3,0.16.6,2000,eb,mle,0,2000,0.00537218161098343,FALSE,FALSE,alpha_pip_fixed_point,3
500,64,5000,2,0.001,0.001,200000,2000,124;406,0.00110761132819459,8.22838619991198,11.511004926407,SuSiE-RSS: finite R0 + EB mismatch,2,2,2,FALSE,FALSE,,,,TRUE,0.0470000000000006,1,TRUE,0,2,2,0.571064637697179,0.157597404767221,0.0393993511918053,4,1,4,0.16.6,2000,eb,mle,0,2000,0.00563874772275092,FALSE,FALSE,alpha_pip_fixed_point,3
1000,65,5000,2,0.001,0.001,200000,2000,249;124,0.00026158822659144,8.22194251401626,11.5086555426727,SuSiE-RSS: finite R0 + EB mismatch,4,2,2,FALSE,FALSE,,,,TRUE,0.342000000000001,1,TRUE,0,2,3.5,0.561180560312697,0.0530809532328022,0.0132702383082005,5,1,5,0.16.6,2000,eb,mle,0,2000,0.00457455480683986,FALSE,FALSE,alpha_pip_fixed_point,11
2000,66,5000,2,0.001,0.001,200000,2000,497;1516,0.000128492663113551,8.22092844984434,11.5082859363409,SuSiE-RSS: finite R0 + EB mismatch,2,2,2,FALSE,FALSE,,,,TRUE,0.969000000000001,1,TRUE,0,2,1.5,0.942064460130255,0.0186280851761614,0.00465702129404036,6,1,6,0.16.6,2000,eb,mle,0,2000,0.00509529034981135,FALSE,FALSE,alpha_pip_fixed_point,3
500,67,5000,2,0.001,0.001,200000,2000,124;253,0.00104229045847701,8.22788882399726,11.5108235334574,SuSiE-RSS: finite R0 + EB mismatch,3,2,2,FALSE,FALSE,,,,TRUE,0.0809999999999995,1,TRUE,0,2,1,0.999999978504685,8.17740518256839e-08,2.0443512956421e-08,7,1,7,0.16.6,2000,eb,mle,0,2000,0.0047284891089571,FALSE,FALSE,alpha_pip_fixed_point,5
1000,68,5000,2,0.001,0.001,200000,2000,249;144,0.00165936136828766,8.2325865055403,11.5125371007225,SuSiE-RSS: finite R0 + EB mismatch,2,2,2,FALSE,FALSE,,,,TRUE,0.299,1,TRUE,0,2,1.5,0.649342202200953,0.0052635941748699,0.00131589854371748,8,1,8,0.16.6,2000,eb,mle,0,2000,0.00421398789343054,FALSE,FALSE,alpha_pip_fixed_point,3
2000,69,5000,2,0.001,0.001,200000,2000,497;1253,0.000602959381971521,8.21535376888572,11.5062546777018,SuSiE-RSS: finite R0 + EB mismatch,3,2,2,FALSE,FALSE,,,,TRUE,1.063,1,TRUE,0,2,2.5,0.755707085877315,0.101547330529361,0.0253868326323404,9,1,9,0.16.6,2000,eb,mle,0,2000,0.00563498532060325,FALSE,FALSE,alpha_pip_fixed_point,4
500,70,5000,2,0.001,0.001,200000,2000,124;399,0.000291793310505605,8.21772563799503,11.5071187962274,SuSiE-RSS: finite R0 + EB mismatch,5,2,2,FALSE,FALSE,,,,TRUE,0.0579999999999998,1,TRUE,0,2,1.5,0.792666695620769,0.0256376128873082,0.00640940322182704,10,1,10,0.16.6,2000,eb,mle,0.000542685843697221,959.061644544955,0.00392831109644797,FALSE,FALSE,alpha_pip_fixed_point,3
1000,71,5000,2,0.001,0.001,200000,2000,249;880,0.000973749280007347,8.21252673640466,11.5052249753204,SuSiE-RSS: finite R0 + EB mismatch,2,2,2,FALSE,FALSE,,,,TRUE,0.177,1,TRUE,0,2,2.5,0.623104188306414,0.0731343093600237,0.0182835773400059,11,1,11,0.16.6,2000,eb,mle,0,2000,0.00693920792541577,FALSE,FALSE,alpha_pip_fixed_point,3
2000,72,5000,2,0.001,0.001,200000,2000,497;1557,0.000699513269560078,8.22527842388788,11.5098716537126,SuSiE-RSS: finite R0 + EB mismatch,5,2,2,FALSE,FALSE,,,,TRUE,1.096,1,TRUE,0,2,2,0.917005319756809,0.163988770348077,0.0409971925870192,12,1,12,0.16.6,2000,eb,mle,0.000222013676907675,1385.01531478312,0.00479637661694921,FALSE,FALSE,alpha_pip_fixed_point,4
500,73,5000,2,0.001,0.001,200000,2000,124;310,0.000981261495853982,8.22742410750107,11.5106540587204,SuSiE-RSS: finite R0 + EB mismatch,3,2,2,FALSE,FALSE,,,,TRUE,0.0830000000000002,1,TRUE,0,2,6,0.13361857298531,0.0749894002329634,0.0187473500582408,13,1,13,0.16.6,2000,eb,mle,0,2000,0.0068118813837496,FALSE,FALSE,alpha_pip_fixed_point,5
1000,74,5000,2,0.001,0.001,200000,2000,249;853,0.000507020156803849,8.21608512288039,11.5065211046539,SuSiE-RSS: finite R0 + EB mismatch,5,2,2,FALSE,FALSE,,,,TRUE,0.143000000000001,1,TRUE,0,2,1.5,0.946123373446039,0.0473919209592392,0.0118479802398098,14,1,14,0.16.6,2000,eb,mle,0.000148149826456607,1542.85314780833,0.00465916841086172,FALSE,FALSE,alpha_pip_fixed_point,3
2000,75,5000,2,0.001,0.001,200000,2000,497;1840,0.00126923097130414,8.22961673006068,11.5114537354726,SuSiE-RSS: finite R0 + EB mismatch,2,2,2,FALSE,FALSE,,,,TRUE,0.958000000000006,1,TRUE,0,2,1.5,0.856590052706773,0.0660787073628321,0.016519676840708,15,1,15,0.16.6,2000,eb,mle,0,2000,0.00493729295696337,FALSE,FALSE,alpha_pip_fixed_point,3
500,76,5000,2,0.001,0.001,200000,2000,124;393,1.50463463111387e-05,8.2198347097675,11.5078873275161,SuSiE-RSS: finite R0 + EB mismatch,2,2,2,FALSE,FALSE,,,,TRUE,0.0709999999999997,1,TRUE,0,2,4,0.594402133685007,0.0284485540025025,0.00711213850062563,16,1,16,0.16.6,2000,eb,mle,0,2000,0.00438565819924981,FALSE,FALSE,alpha_pip_fixed_point,4
1000,77,5000,2,0.001,0.001,200000,2000,249;721,0.000921120047906862,8.21292804518915,11.5053711297991,SuSiE-RSS: finite R0 + EB mismatch,5,2,2,FALSE,FALSE,,,,TRUE,0.292000000000002,1,TRUE,0,2,1.5,0.809091513536009,0.0801224717672478,0.0200306179418119,17,1,17,0.16.6,2000,eb,mle,0.000102299353245359,1660.30395784375,0.00509520490594892,FALSE,FALSE,alpha_pip_fixed_point,4
2000,78,5000,2,0.001,0.001,200000,2000,497;1395,0.000491707653207568,8.22369558534608,11.5092945820209,SuSiE-RSS: finite R0 + EB mismatch,5,2,2,FALSE,FALSE,,,,TRUE,0.764000000000003,1,TRUE,0,2,3.5,0.524691313718913,0.0817681785306024,0.0204420446326506,18,1,18,0.16.6,2000,eb,mle,0.000427128942367409,1078.59862237341,0.00406744489749899,FALSE,FALSE,alpha_pip_fixed_point,3
500,79,5000,2,0.001,0.001,200000,2000,124;261,0.000509022651172242,8.21606985817763,11.5065155436541,SuSiE-RSS: finite R0 + EB mismatch,2,2,2,FALSE,FALSE,,,,TRUE,0.0630000000000006,1,TRUE,0,2,2,0.669537204332696,0.0616101846215331,0.0154025461553833,19,1,19,0.16.6,2000,eb,mle,0,2000,0.00582673727028679,FALSE,FALSE,alpha_pip_fixed_point,4
1000,80,5000,2,0.001,0.001,200000,2000,249;863,0.000146552522435469,8.22106605471939,11.5083360886186,SuSiE-RSS: finite R0 + EB mismatch,2,2,2,FALSE,FALSE,,,,TRUE,0.15,1,TRUE,0,2,2,0.700398599906857,0.172891633891955,0.0432229084729887,20,1,20,0.16.6,2000,eb,mle,0,2000,0.00611952359306652,FALSE,FALSE,alpha_pip_fixed_point,3
500,61,5000,2,0.001,0.001,200000,2000,124;64,0.000538682002519737,8.22405340541925,11.5094250289728,SuSiE-RSS: in-sample R,3,2,2,FALSE,FALSE,,,,TRUE,0.0140000000000029,1,TRUE,0,2,2.5,0.658070564352547,0,0,1,1,1,,,,,,,,,,,
1000,62,5000,2,0.001,0.001,200000,2000,249;694,0.001028959582325,8.22778731524128,11.5107865142197,SuSiE-RSS: in-sample R,2,2,2,FALSE,FALSE,,,,TRUE,0.0499999999999972,1,TRUE,0,2,1.5,0.940175162509453,0,0,2,1,2,,,,,,,,,,,
2000,63,5000,2,0.001,0.001,200000,2000,497;1334,0.000134419678740109,8.21892502331483,11.5075558261197,SuSiE-RSS: in-sample R,2,2,2,FALSE,FALSE,,,,TRUE,0.144000000000005,1,TRUE,0,2,1.5,0.936686634905162,0,0,3,1,3,,,,,,,,,,,
500,64,5000,2,0.001,0.001,200000,2000,124;406,0.00110761132819459,8.22838619991198,11.511004926407,SuSiE-RSS: in-sample R,2,2,2,FALSE,FALSE,,,,TRUE,0.0120000000000005,1,TRUE,0,2,2,0.589632951938469,0,0,4,1,4,,,,,,,,,,,
1000,65,5000,2,0.001,0.001,200000,2000,249;124,0.00026158822659144,8.22194251401626,11.5086555426727,SuSiE-RSS: in-sample R,5,2,2,FALSE,FALSE,,,,TRUE,0.0490000000000066,1,TRUE,0,2,3.5,0.571230019455449,0,0,5,1,5,,,,,,,,,,,
2000,66,5000,2,0.001,0.001,200000,2000,497;1516,0.000128492663113551,8.22092844984434,11.5082859363409,SuSiE-RSS: in-sample R,3,2,2,FALSE,FALSE,,,,TRUE,0.117000000000019,1,TRUE,0,2,1.5,0.946638940526677,0,0,6,1,6,,,,,,,,,,,
500,67,5000,2,0.001,0.001,200000,2000,124;253,0.00104229045847701,8.22788882399726,11.5108235334574,SuSiE-RSS: in-sample R,3,2,2,FALSE,FALSE,,,,TRUE,0.0160000000000053,1,TRUE,0,2,1,0.999999998934833,0,0,7,1,7,,,,,,,,,,,
1000,68,5000,2,0.001,0.001,200000,2000,249;144,0.00165936136828766,8.2325865055403,11.5125371007225,SuSiE-RSS: in-sample R,2,2,2,FALSE,FALSE,,,,TRUE,0.0360000000000014,1,TRUE,0,2,1.5,0.650658100869835,0,0,8,1,8,,,,,,,,,,,
2000,69,5000,2,0.001,0.001,200000,2000,497;1253,0.000602959381971521,8.21535376888572,11.5062546777018,SuSiE-RSS: in-sample R,3,2,2,FALSE,FALSE,,,,TRUE,0.156999999999982,1,TRUE,0,2,2.5,0.732702708441518,0,0,9,1,9,,,,,,,,,,,
500,70,5000,2,0.001,0.001,200000,2000,124;399,0.000291793310505605,8.21772563799503,11.5071187962274,SuSiE-RSS: in-sample R,5,2,2,FALSE,FALSE,,,,TRUE,0.0140000000000029,1,TRUE,0,2,1.5,0.798772276676034,0,0,10,1,10,,,,,,,,,,,
1000,71,5000,2,0.001,0.001,200000,2000,249;880,0.000973749280007347,8.21252673640466,11.5052249753204,SuSiE-RSS: in-sample R,2,2,2,FALSE,FALSE,,,,TRUE,0.0409999999999968,1,TRUE,0,2,2.5,0.613524722683978,0,0,11,1,11,,,,,,,,,,,
2000,72,5000,2,0.001,0.001,200000,2000,497;1557,0.000699513269560078,8.22527842388788,11.5098716537126,SuSiE-RSS: in-sample R,5,2,2,FALSE,FALSE,,,,TRUE,0.192000000000007,1,TRUE,0,2,1.5,0.957920477222508,0,0,12,1,12,,,,,,,,,,,
500,73,5000,2,0.001,0.001,200000,2000,124;310,0.000981261495853982,8.22742410750107,11.5106540587204,SuSiE-RSS: in-sample R,3,2,2,FALSE,FALSE,,,,TRUE,0.012999999999991,1,TRUE,0,2,6,0.145643807328532,0,0,13,1,13,,,,,,,,,,,
1000,74,5000,2,0.001,0.001,200000,2000,249;853,0.000507020156803849,8.21608512288039,11.5065211046539,SuSiE-RSS: in-sample R,5,2,2,FALSE,FALSE,,,,TRUE,0.0400000000000205,1,TRUE,0,2,1.5,0.957912035095364,0,0,14,1,14,,,,,,,,,,,
2000,75,5000,2,0.001,0.001,200000,2000,497;1840,0.00126923097156721,8.22961673006268,11.5114537354733,SuSiE-RSS: in-sample R,5,2,2,FALSE,FALSE,,,,TRUE,0.120000000000005,1,TRUE,0,2,1.5,0.873249333417231,0,0,15,1,15,,,,,,,,,,,
500,76,5000,2,0.001,0.001,200000,2000,124;393,1.50463463111387e-05,8.2198347097675,11.5078873275161,SuSiE-RSS: in-sample R,2,2,2,FALSE,FALSE,,,,TRUE,0.0120000000000005,1,TRUE,0,2,4,0.591776390181345,0,0,16,1,16,,,,,,,,,,,
1000,77,5000,2,0.001,0.001,200000,2000,249;721,0.000921120047906862,8.21292804518915,11.5053711297991,SuSiE-RSS: in-sample R,5,2,2,FALSE,FALSE,,,,TRUE,0.035000000000025,1,TRUE,0,2,1.5,0.821520085577258,0,0,17,1,17,,,,,,,,,,,
2000,78,5000,2,0.001,0.001,200000,2000,497;1395,0.000491707653207568,8.22369558534608,11.5092945820209,SuSiE-RSS: in-sample R,5,2,2,FALSE,FALSE,,,,TRUE,0.0840000000000032,1,TRUE,0,2,3.5,0.516548441425136,0,0,18,1,18,,,,,,,,,,,
500,79,5000,2,0.001,0.001,200000,2000,124;261,0.000509022651172242,8.21606985817763,11.5065155436541,SuSiE-RSS: in-sample R,5,2,2,FALSE,FALSE,,,,TRUE,0.0120000000000005,1,TRUE,0,2,2,0.670591161427098,0,0,19,1,19,,,,,,,,,,,
1000,80,5000,2,0.001,0.001,200000,2000,249;863,0.000146552522435469,8.22106605471939,11.5083360886186,SuSiE-RSS: in-sample R,2,2,2,FALSE,FALSE,,,,TRUE,0.0359999999999872,1,TRUE,0,2,2,0.659836164377287,0,0,20,1,20,,,,,,,,,,,
500,61,5000,2,0.001,0.001,200000,2000,124;64,0.000538682002519737,8.22405340541925,11.5094250289728,SuSiE-RSS: reference R0,4,2,2,FALSE,FALSE,,,,TRUE,0.0120000000000005,1,TRUE,0,2,2.5,0.660127112276549,0.22063203954782,0.055158009886955,1,1,1,,,,,,,,,,,
1000,62,5000,2,0.001,0.001,200000,2000,249;694,0.001028959582325,8.22778731524128,11.5107865142197,SuSiE-RSS: reference R0,2,2,2,FALSE,FALSE,,,,TRUE,0.0390000000000015,1,TRUE,0,2,1.5,0.91550912939687,0.0986641593424968,0.0246660398356242,2,1,2,,,,,,,,,,,
2000,63,5000,2,0.001,0.001,200000,2000,497;1334,0.000134419678740109,8.21892502331483,11.5075558261197,SuSiE-RSS: reference R0,5,2,2,FALSE,FALSE,,,,TRUE,0.157000000000039,1,TRUE,0,2,1.5,0.967284244084817,0.129652902625834,0.0324132256564586,3,1,3,,,,,,,,,,,
500,64,5000,2,0.001,0.001,200000,2000,124;406,0.00110761132819459,8.22838619991198,11.511004926407,SuSiE-RSS: reference R0,2,2,2,FALSE,FALSE,,,,TRUE,0.0160000000000053,1,TRUE,0,2,2,0.579887527128365,0.107055775750446,0.0267639439376116,4,1,4,,,,,,,,,,,
1000,65,5000,2,0.001,0.001,200000,2000,249;124,0.00026158822659144,8.22194251401626,11.5086555426727,SuSiE-RSS: reference R0,5,2,2,FALSE,FALSE,,,,TRUE,0.0600000000000023,1,TRUE,0,2,3.5,0.563995752670662,0.0423075895250133,0.0105768973812533,5,1,5,,,,,,,,,,,
2000,66,5000,2,0.001,0.001,200000,2000,497;1516,0.000128492663113551,8.22092844984434,11.5082859363409,SuSiE-RSS: reference R0,3,2,2,FALSE,FALSE,,,,TRUE,0.126000000000033,1,TRUE,0,2,1.5,0.942001480701943,0.0192685749781068,0.0048171437445267,6,1,6,,,,,,,,,,,
500,67,5000,2,0.001,0.001,200000,2000,124;253,0.00104229045847701,8.22788882399726,11.5108235334574,SuSiE-RSS: reference R0,3,2,2,FALSE,FALSE,,,,TRUE,0.0210000000000008,1,TRUE,0,2,1,0.999999994419763,1.80673518834609e-08,4.51683797086524e-09,7,1,7,,,,,,,,,,,
1000,68,5000,2,0.001,0.001,200000,2000,249;144,0.00165936136828766,8.2325865055403,11.5125371007225,SuSiE-RSS: reference R0,5,2,2,FALSE,FALSE,,,,TRUE,0.0459999999999923,1,TRUE,0,2,1.5,0.647199959911098,0.017475218566544,0.004368804641636,8,1,8,,,,,,,,,,,
2000,69,5000,2,0.001,0.001,200000,2000,497;1253,0.000602959381971521,8.21535376888572,11.5062546777018,SuSiE-RSS: reference R0,3,2,2,FALSE,FALSE,,,,TRUE,0.134999999999991,1,TRUE,0,2,2.5,0.769967263052469,0.149145516727629,0.0372863791819072,9,1,9,,,,,,,,,,,
500,70,5000,2,0.001,0.001,200000,2000,124;399,0.000291793310505605,8.21772563799503,11.5071187962274,SuSiE-RSS: reference R0,5,2,2,FALSE,FALSE,,,,TRUE,0.0129999999999981,1,TRUE,0,2,1.5,0.796599000629512,0.00877557928997865,0.00219389482249466,10,1,10,,,,,,,,,,,
1000,71,5000,2,0.001,0.001,200000,2000,249;880,0.000973749280007347,8.21252673640466,11.5052249753204,SuSiE-RSS: reference R0,2,2,2,FALSE,FALSE,,,,TRUE,0.046999999999997,1,TRUE,0,2,2.5,0.623486547911385,0.0678126513204279,0.016953162830107,11,1,11,,,,,,,,,,,
2000,72,5000,2,0.001,0.001,200000,2000,497;1557,0.000699513269560078,8.22527842388788,11.5098716537126,SuSiE-RSS: reference R0,5,2,2,FALSE,FALSE,,,,TRUE,0.166000000000054,1,TRUE,0,2,2,0.930243281228749,0.113374520051703,0.0283436300129257,12,1,12,,,,,,,,,,,
500,73,5000,2,0.001,0.001,200000,2000,124;310,0.000981261495853982,8.22742410750107,11.5106540587204,SuSiE-RSS: reference R0,3,2,2,FALSE,FALSE,,,,TRUE,0.0159999999999911,1,TRUE,0,2,6,0.131190690679787,0.0860730049116955,0.0215182512279239,13,1,13,,,,,,,,,,,
1000,74,5000,2,0.001,0.001,200000,2000,249;853,0.000507020156803849,8.21608512288039,11.5065211046539,SuSiE-RSS: reference R0,5,2,2,FALSE,FALSE,,,,TRUE,0.0289999999999964,1,TRUE,0,2,1.5,0.954472131145819,0.0138040908622351,0.00345102271555877,14,1,14,,,,,,,,,,,
2000,75,5000,2,0.001,0.001,200000,2000,497;1840,0.00126923097156721,8.22961673006268,11.5114537354733,SuSiE-RSS: reference R0,5,2,2,FALSE,FALSE,,,,TRUE,0.109999999999957,1,TRUE,0,2,1.5,0.859392846971852,0.0555525974618108,0.0138881493654527,15,1,15,,,,,,,,,,,
500,76,5000,2,0.001,0.001,200000,2000,124;393,1.50463463111387e-05,8.2198347097675,11.5078873275161,SuSiE-RSS: reference R0,3,2,2,FALSE,FALSE,,,,TRUE,0.0139999999999958,1,TRUE,0,2,4,0.596163194600314,0.0224038922304501,0.00560097305761253,16,1,16,,,,,,,,,,,
1000,77,5000,2,0.001,0.001,200000,2000,249;721,0.000921120047906862,8.21292804518915,11.5053711297991,SuSiE-RSS: reference R0,5,2,2,FALSE,FALSE,,,,TRUE,0.0380000000000109,1,TRUE,0,2,1.5,0.814624580842894,0.0936994770318604,0.0234248692579651,17,1,17,,,,,,,,,,,
2000,78,5000,2,0.001,0.001,200000,2000,497;1395,0.000491707653207568,8.22369558534608,11.5092945820209,SuSiE-RSS: reference R0,5,2,2,FALSE,FALSE,,,,TRUE,0.103999999999985,1,TRUE,0,2,3.5,0.522328540645871,0.052034477490682,0.0130086193726705,18,1,18,,,,,,,,,,,
500,79,5000,2,0.001,0.001,200000,2000,124;261,0.000509022651172242,8.21606985817763,11.5065155436541,SuSiE-RSS: reference R0,2,2,2,FALSE,FALSE,,,,TRUE,0.0160000000000053,1,TRUE,0,2,2,0.667408248386438,0.0309009026647708,0.00772522566619269,19,1,19,,,,,,,,,,,
1000,80,5000,2,0.001,0.001,200000,2000,249;863,0.000146552522435469,8.22106605471939,11.5083360886186,SuSiE-RSS: reference R0,2,2,2,FALSE,FALSE,,,,TRUE,0.0409999999999968,1,TRUE,0,2,2,0.701398291522584,0.166248508581564,0.0415621271453911,20,1,20,,,,,,,,,,,
500,61,5000,2,0.001,0.001,200000,2000,124;64,0.000538682002519737,8.22405340541925,11.5094250289728,collapsed-R,0,2,2,FALSE,FALSE,0.001,80076.4118951399,134288.14274815,TRUE,0.997999999999998,1,TRUE,0,2,2.5,0.661460186689368,0.201839222311737,0.0504598055779343,1,1,1,,,,,,,,,,,
1000,62,5000,2,0.001,0.001,200000,2000,249;694,0.001028959582325,8.22778731524128,11.5107865142197,collapsed-R,0,2,2,FALSE,FALSE,0.001,17582.3721266168,29485.6380563364,TRUE,1.794,1,TRUE,0,2,1.5,0.915854338295148,0.0980083269921228,0.0245020817480307,2,1,2,,,,,,,,,,,
2000,63,5000,2,0.001,0.001,200000,2000,497;1334,0.000134419678740109,8.21892502331483,11.5075558261197,collapsed-R,0,2,2,FALSE,FALSE,0.001,1855.23825701674,3111.23455701707,TRUE,4.39400000000001,1,TRUE,0,2,1.5,0.955073387611516,0.0891434451669303,0.0222858612917326,3,1,3,,,,,,,,,,,
500,64,5000,2,0.001,0.001,200000,2000,124;406,0.00110761132819459,8.22838619991198,11.511004926407,collapsed-R,0,2,2,FALSE,FALSE,0.001,3077.34116585143,5160.70113513286,TRUE,1.04300000000001,1,TRUE,0,2,2,0.585532534084338,0.115337844416704,0.0288344611041761,4,1,4,,,,,,,,,,,
1000,65,5000,2,0.001,0.001,200000,2000,249;124,0.00026158822659144,8.22194251401626,11.5086555426727,collapsed-R,0,2,2,FALSE,FALSE,0.001,2204.24352871079,3696.51639764799,TRUE,1.358,1,TRUE,0,2,3.5,0.561914105698249,0.0509438581787198,0.01273596454468,5,1,5,,,,,,,,,,,
2000,66,5000,2,0.001,0.001,200000,2000,497;1516,0.000128492663113551,8.22092844984434,11.5082859363409,collapsed-R,0,2,2,FALSE,FALSE,0.001,3075.80932999591,5158.13224640315,TRUE,4.12299999999999,1,TRUE,0,2,1.5,0.936743170685369,0.0399724206431151,0.00999310516077878,6,1,6,,,,,,,,,,,
500,67,5000,2,0.001,0.001,200000,2000,124;253,0.00104229045847701,8.22788882399726,11.5108235334574,collapsed-R,0,2,2,FALSE,FALSE,0.001,2194.23651849192,3679.73464151096,TRUE,0.918000000000006,1,TRUE,0,2,1,0.999999986852556,4.85108344034192e-08,1.21277086008548e-08,7,1,7,,,,,,,,,,,
1000,68,5000,2,0.001,0.001,200000,2000,249;144,0.00165936136828766,8.2325865055403,11.5125371007225,collapsed-R,0,2,2,FALSE,FALSE,0.001,2212.25941653288,3709.95904152564,TRUE,1.81,1,TRUE,0,2,1.5,0.652232487113007,0.00361691353727452,0.000904228384318631,8,1,8,,,,,,,,,,,
2000,69,5000,2,0.001,0.001,200000,2000,497;1253,0.000602959381971521,8.21535376888572,11.5062546777018,collapsed-R,0,2,2,FALSE,FALSE,0.001,4468.1086104757,7493.01813976775,TRUE,4.32799999999997,1,TRUE,0,2,2.5,0.768556714874151,0.142926790805985,0.0357316977014962,9,1,9,,,,,,,,,,,
500,70,5000,2,0.001,0.001,200000,2000,124;399,0.000291793310505605,8.21772563799503,11.5071187962274,collapsed-R,0,2,2,FALSE,FALSE,0.001,1e+08,1e+08,TRUE,0.601999999999997,1,TRUE,0,2,1.5,0.79626406569789,0.00992117609235242,0.0024802940230881,10,1,10,,,,,,,,,,,
1000,71,5000,2,0.001,0.001,200000,2000,249;880,0.000973749280007347,8.21252673640466,11.5052249753204,collapsed-R,0,2,2,FALSE,FALSE,0.001,1517.32007306057,2544.54576252258,TRUE,1.47200000000001,1,TRUE,0,2,2.5,0.62571120388118,0.078834369376301,0.0197085923440752,11,1,11,,,,,,,,,,,
2000,72,5000,2,0.001,0.001,200000,2000,497;1557,0.000699513269560078,8.22527842388788,11.5098716537126,collapsed-R,0,2,2,FALSE,FALSE,0.001,2890.31588641083,4847.05974151096,TRUE,4.99500000000001,1,TRUE,0,2,2,0.919468816724098,0.156633611241133,0.0391584028102833,12,1,12,,,,,,,,,,,
500,73,5000,2,0.001,0.001,200000,2000,124;310,0.000981261495853982,8.22742410750107,11.5106540587204,collapsed-R,0,2,2,FALSE,FALSE,0.001,4270.70497486758,7161.97224285294,TRUE,1.054,1,TRUE,0,2,6,0.135152828834164,0.0767706241607754,0.0191926560401939,13,1,13,,,,,,,,,,,
1000,74,5000,2,0.001,0.001,200000,2000,249;853,0.000507020156803849,8.21608512288039,11.5065211046539,collapsed-R,0,2,2,FALSE,FALSE,0.001,2226.9847812885,3734.65347822082,TRUE,1.28299999999999,1,TRUE,0,2,1.5,0.948587470457939,0.03726889653906,0.009317224134765,14,1,14,,,,,,,,,,,
2000,75,5000,2,0.001,0.001,200000,2000,497;1840,0.00126923097156721,8.22961673006268,11.5114537354733,collapsed-R,0,2,2,FALSE,FALSE,0.001,2417.3879748063,4053.95963375016,TRUE,3.60599999999999,1,TRUE,0,2,1.5,0.853950999028876,0.0771398390144348,0.0192849597536087,15,1,15,,,,,,,,,,,
500,76,5000,2,0.001,0.001,200000,2000,124;393,1.50463463111387e-05,8.2198347097675,11.5078873275161,collapsed-R,0,2,2,FALSE,FALSE,0.001,3158.43103853495,5296.6888516231,TRUE,1.03399999999999,1,TRUE,0,2,4,0.596055404543729,0.0286961053326258,0.00717402633315644,16,1,16,,,,,,,,,,,
1000,77,5000,2,0.001,0.001,200000,2000,249;721,0.000921120047906862,8.21292804518915,11.5053711297991,collapsed-R,0,2,2,FALSE,FALSE,0.001,3992.68621423025,6695.73478126412,TRUE,1.55500000000001,1,TRUE,0,2,1.5,0.805746083236817,0.117171937545923,0.0292929843864808,17,1,17,,,,,,,,,,,
2000,78,5000,2,0.001,0.001,200000,2000,497;1395,0.000491707653207568,8.22369558534608,11.5092945820209,collapsed-R,0,2,2,FALSE,FALSE,0.001,23805.1968506127,39921.3151184775,TRUE,2.52299999999997,1,TRUE,0,2,3.5,0.520350525941474,0.0424907222655091,0.0106226805663773,18,1,18,,,,,,,,,,,
500,79,5000,2,0.001,0.001,200000,2000,124;261,0.000509022651172242,8.21606985817763,11.5065155436541,collapsed-R,0,2,2,FALSE,FALSE,0.001,2641.00637279695,4428.96768718048,TRUE,0.906999999999996,1,TRUE,0,2,2,0.673901471343193,0.0227764145831892,0.00569410364579731,19,1,19,,,,,,,,,,,
1000,80,5000,2,0.001,0.001,200000,2000,249;863,0.000146552522435469,8.22106605471939,11.5083360886186,collapsed-R,0,2,2,FALSE,FALSE,0.001,4181.27348675236,7011.9956372837,TRUE,1.414,1,TRUE,0,2,2,0.70544550617789,0.179666003271652,0.0449165008179129,20,1,20,,,,,,,,,,,
500,61,20,3,0.001,0.001,200000,2000,124;231;60,0.0334963550773109,4.5591686932392,10.7325253749915,AIW-N,1,0,1,TRUE,FALSE,0.01,12.0848198679111,17.2087834919055,TRUE,1.213,0,FALSE,1,0,2,3.00125151179535e-05,3.9989919635514,0.999747990887849,1,0,1,,,,,,,,,,,
1000,62,20,3,0.001,0.001,200000,2000,249;724;600,0.013352492492769,4.62160242198755,10.8045475562874,AIW-N,1,0,1,TRUE,FALSE,0.008,9.85161701721168,14.0287026325094,TRUE,3.701,0,FALSE,1,0,3,0.000104030319499793,3.91292256083438,0.978230640208595,2,0,2,,,,,,,,,,,
2000,63,20,3,0.001,0.001,200000,2000,497;1172;194,0.012014121557141,4.58410824070453,10.8889682129061,AIW-N,1,1,1,TRUE,FALSE,0.006,14.3312614389471,20.4077162890607,TRUE,9.974,0.333333333333333,FALSE,0,1,1,0.332887633135135,1.00078138797084,0.33359379599028,3,1,3,,,,,,,,,,,
500,64,20,3,0.001,0.001,200000,2000,124;40;264,0.0135683081071474,4.67265314291813,10.8205462868411,AIW-N,1,1,1,TRUE,FALSE,0.01,12.2763829136765,17.4815692690753,TRUE,1.268,0.333333333333333,FALSE,0,1,4,0.0765691348123639,2.81456154090679,0.703640385226697,4,1,4,,,,,,,,,,,
1000,65,20,3,0.001,0.001,200000,2000,249;765;485,0.0511567684451322,3.81090312679366,10.8659384502483,AIW-N,1,1,1,TRUE,FALSE,0.01,12.3370969135251,17.5680260048597,TRUE,3.743,0.333333333333333,FALSE,0,1,6,0.0593859205890018,1.27702699885306,0.425675666284353,5,1,5,,,,,,,,,,,
2000,66,20,3,0.001,0.001,200000,2000,497;902;1806,0.0366046551739734,5.19336693346545,10.8524961703054,AIW-N,1,1,1,TRUE,FALSE,0.008,8.65056261874014,12.318401169086,TRUE,10.649,0,FALSE,1,0,1,7.8871348731561e-05,2.99835730059372,0.99945243353124,6,0,6,,,,,,,,,,,
500,67,20,3,0.001,0.001,200000,2000,124;268;197,0.0285291998668969,5.09211984552285,10.8627739843523,AIW-N,1,1,1,TRUE,FALSE,0.004,13.3363303108915,18.9909343627095,TRUE,2.08,0.333333333333333,FALSE,0,1,1,0.3333212678392,2.00007239295767,0.500018098239418,7,1,7,,,,,,,,,,,
1000,68,20,3,0.001,0.001,200000,2000,249;515;812,0.0247735923131627,4.27170732703587,10.8612226787688,AIW-N,1,1,1,TRUE,FALSE,0.01,10.5605745425745,15.038258148626,TRUE,3.917,0.333333333333333,FALSE,0,1,2,0.272974140956932,1.52937640786841,0.509792135956135,8,1,8,,,,,,,,,,,
2000,69,20,3,0.001,0.001,200000,2000,497;167;841,0.0190316280217197,4.73307662668644,10.8150949425688,AIW-N,1,1,1,TRUE,FALSE,0.01,27.7521077993504,39.5190015062749,TRUE,11.367,0.333333333333333,FALSE,0,1,1,0.333333333199811,1.00000000077117,0.333333333590389,9,1,9,,,,,,,,,,,
500,70,20,3,0.001,0.001,200000,2000,124;377;313,0.0317990327471835,4.95362166732018,10.8211585050438,AIW-N,1,1,1,TRUE,FALSE,0.006,8.04152940878699,11.4511378781127,TRUE,1.486,0.333333333333333,FALSE,0,1,1,0.33321608513797,1.00070361721885,0.333567872406284,10,1,10,,,,,,,,,,,
1000,71,20,3,0.001,0.001,200000,2000,249;333;532,0.0241637059433095,4.560682239075,10.9259085605778,AIW-N,1,1,1,TRUE,FALSE,0.008,15.7361729994074,22.4083103511561,TRUE,3.562,0.333333333333333,FALSE,0,1,4,0.0393203864902374,1.47579842294732,0.491932807649105,11,1,11,,,,,,,,,,,
2000,72,20,3,0.001,0.001,200000,2000,497;1523;700,0.0346863893997969,4.87137236316533,10.961322113339,AIW-N,1,0,1,TRUE,FALSE,0.006,6.29820498711075,8.9686439016457,TRUE,8.43400000000001,0.333333333333333,FALSE,0,1,4,0.232521867006174,1.62555516024191,0.541851720080638,12,1,12,,,,,,,,,,,
500,73,20,3,0.001,0.001,200000,2000,124;445;53,0.0393676918984523,5.23525258464964,10.8540274883091,AIW-N,1,1,1,TRUE,FALSE,0.01,11.7363731085527,16.712595306579,TRUE,1.531,0.333333333333333,FALSE,0,1,5,0.0359805268400073,2.38029945247237,0.595074863118093,13,1,13,,,,,,,,,,,
1000,74,20,3,0.001,0.001,200000,2000,249;900;724,0.00788559489050355,4.57080036409115,10.8566158028212,AIW-N,1,1,1,TRUE,FALSE,0.008,8.0932772302467,11.5248267758713,TRUE,4.356,0.333333333333333,FALSE,0,1,1,0.333332453561928,1.00000612118452,0.333335373728174,14,1,14,,,,,,,,,,,
2000,75,20,3,0.001,0.001,200000,2000,497;1341;1590,0.00985398928916427,4.57261355999686,10.8381925539448,AIW-N,1,1,1,TRUE,FALSE,0.01,11.1318180248472,15.8517088673824,TRUE,9.439,0.333333333333333,FALSE,0,1,2,0.124878558271635,1.50547915502416,0.501826385008055,15,1,15,,,,,,,,,,,
500,76,20,3,0.001,0.001,200000,2000,124;322;448,0.0327206914476455,5.17432039176283,10.8750934124759,AIW-N,1,1,1,TRUE,FALSE,0.004,12.6108262330418,17.9578165558516,TRUE,1.99,0.333333333333333,FALSE,0,1,2,0.262578648722935,2.42643256006031,0.606608140015078,16,1,16,,,,,,,,,,,
1000,77,20,3,0.001,0.001,200000,2000,249;701;880,0.0217714880726605,4.45757281017377,10.8996861111934,AIW-N,1,1,1,TRUE,FALSE,0.008,14.248179587073,20.289407731992,TRUE,4.122,0.333333333333333,FALSE,0,1,1,0.326457239319032,1.17290987011069,0.390969956703562,17,1,17,,,,,,,,,,,
2000,78,20,3,0.001,0.001,200000,2000,497;1590;963,0.0138587449803169,4.79432609258339,10.889956133202,AIW-N,1,1,1,TRUE,FALSE,0.006,12.7152722906881,18.1065477419399,TRUE,11.629,0.333333333333333,FALSE,0,1,7,0.0253043805566725,1.50653525160215,0.502178417200717,18,1,18,,,,,,,,,,,
500,79,20,3,0.001,0.001,200000,2000,124;215;455,0.0309229068525851,4.32814540904517,10.9202528859314,AIW-N,1,1,1,TRUE,FALSE,0.008,11.902064135025,16.9485393282756,TRUE,1.624,0.333333333333333,FALSE,0,1,1,0.333299658814604,1.00020200283634,0.333400667612112,19,1,19,,,,,,,,,,,
1000,80,20,3,0.001,0.001,200000,2000,249;815;512,0.0164045187886538,4.56400585247132,10.9041357038986,AIW-N,1,1,1,TRUE,FALSE,0.006,17.9480966544105,25.5580896358806,TRUE,3.999,0.333333333333333,FALSE,0,1,1,0.333282623686887,1.00030282087767,0.333434273625891,20,1,20,,,,,,,,,,,
500,61,20,3,0.001,0.001,200000,2000,124;231;60,0.0334963550773109,4.5591686932392,10.7325253749915,SuSiE-RSS: finite R0 + EB mismatch,5,0,0,FALSE,FALSE,,,,TRUE,0.073,0,FALSE,0,0,,0.00828119504203547,3,1,1,,1,0.16.6,2000,eb,mle,0.104410877210163,9.53190009074795,0.00952218843848977,FALSE,FALSE,alpha_pip_fixed_point,8
1000,62,20,3,0.001,0.001,200000,2000,249;724;600,0.013352492492769,4.62160242198755,10.8045475562874,SuSiE-RSS: finite R0 + EB mismatch,1,0,0,FALSE,FALSE,,,,TRUE,0.428999999999999,0,FALSE,0,0,,0.000104033955448742,3,1,2,,2,0.16.6,2000,eb,mle,0.13867870470202,7.18500723326164,0.0159896755174733,FALSE,FALSE,alpha_pip_fixed_point,21
2000,63,20,3,0.001,0.001,200000,2000,497;1172;194,0.012014121557141,4.58410824070453,10.8889682129061,SuSiE-RSS: finite R0 + EB mismatch,5,1,1,FALSE,FALSE,,,,TRUE,0.869,0.333333333333333,FALSE,0,1,1,0.334268055895145,1.00077813715083,0.333592712383611,3,1,3,0.16.6,2000,eb,mle,0.058717306489356,16.8869551704407,0.0108443340568417,FALSE,FALSE,alpha_pip_fixed_point,2
500,64,20,3,0.001,0.001,200000,2000,124;40;264,0.0135683081071474,4.67265314291813,10.8205462868411,SuSiE-RSS: finite R0 + EB mismatch,5,1,1,FALSE,FALSE,,,,TRUE,0.0759999999999996,0.333333333333333,FALSE,0,1,3,0.0878241100778152,2.76900779350877,0.692251948377192,4,1,4,0.16.6,2000,eb,mle,0.0570234292550994,17.3842208809439,0.0180631853799326,FALSE,FALSE,alpha_pip_fixed_point,7
1000,65,20,3,0.001,0.001,200000,2000,249;765;485,0.0511567684451322,3.81090312679366,10.8659384502483,SuSiE-RSS: finite R0 + EB mismatch,5,1,1,FALSE,FALSE,,,,TRUE,0.161,0.333333333333333,FALSE,0,1,6,0.0631967755256426,1.27699012493566,0.425663374978553,5,1,5,0.16.6,2000,eb,mle,0.0887230048164792,11.2078718045517,0.0101794473480802,FALSE,FALSE,alpha_pip_fixed_point,2
2000,66,20,3,0.001,0.001,200000,2000,497;902;1806,0.0366046551739734,5.19336693346545,10.8524961703054,SuSiE-RSS: finite R0 + EB mismatch,5,1,1,FALSE,FALSE,,,,TRUE,1.002,0,FALSE,1,0,1,0.00210125927676071,2.99836122833808,0.99945374277936,6,0,6,0.16.6,2000,eb,mle,0.0897993473782489,11.0742771574103,0.014630291749748,FALSE,FALSE,alpha_pip_fixed_point,4
500,67,20,3,0.001,0.001,200000,2000,124;268;197,0.0285291998668969,5.09211984552285,10.8627739843523,SuSiE-RSS: finite R0 + EB mismatch,5,1,1,FALSE,FALSE,,,,TRUE,0.0469999999999997,0.333333333333333,FALSE,0,1,1,0.338746582747656,2.00006796734521,0.500016991836303,7,1,7,0.16.6,2000,eb,mle,0.0715897239160771,13.8716025763137,0.00665375147776824,FALSE,FALSE,alpha_pip_fixed_point,2
1000,68,20,3,0.001,0.001,200000,2000,249;515;812,0.0247735923131627,4.27170732703587,10.8612226787688,SuSiE-RSS: finite R0 + EB mismatch,5,1,1,FALSE,FALSE,,,,TRUE,0.262,0.333333333333333,FALSE,0,1,2,0.285525220719662,1.52295236653131,0.50765078884377,8,1,8,0.16.6,2000,eb,mle,0.105700325401272,9.41616700534159,0.0119186883555248,FALSE,FALSE,alpha_pip_fixed_point,9
2000,69,20,3,0.001,0.001,200000,2000,497;167;841,0.0190316280217197,4.73307662668644,10.8150949425688,SuSiE-RSS: finite R0 + EB mismatch,5,1,1,FALSE,FALSE,,,,TRUE,1.209,0.333333333333333,FALSE,0,1,1,0.33471844883087,1.00000000077301,0.333333333591003,9,1,9,0.16.6,2000,eb,mle,0.0337092412053082,29.2318673190808,0.0131198577748338,FALSE,FALSE,alpha_pip_fixed_point,2
500,70,20,3,0.001,0.001,200000,2000,124;377;313,0.0317990327471835,4.95362166732018,10.8211585050438,SuSiE-RSS: finite R0 + EB mismatch,5,1,1,FALSE,FALSE,,,,TRUE,0.048,0.333333333333333,FALSE,0,1,1,0.338792371539692,1.00055191241294,0.333517304137648,10,1,10,0.16.6,2000,eb,mle,0.114269865065825,8.71308857448302,0.00941855470906196,FALSE,FALSE,alpha_pip_fixed_point,2
1000,71,20,3,0.001,0.001,200000,2000,249;333;532,0.0241637059433095,4.560682239075,10.9259085605778,SuSiE-RSS: finite R0 + EB mismatch,5,1,1,FALSE,FALSE,,,,TRUE,0.194,0.333333333333333,FALSE,0,1,4,0.0440367336335128,1.47529476974386,0.491764923247953,11,1,11,0.16.6,2000,eb,mle,0.0759611349497792,13.0785398445474,0.00849687405384475,FALSE,FALSE,alpha_pip_fixed_point,3
2000,72,20,3,0.001,0.001,200000,2000,497;1523;700,0.0346863893997969,4.87137236316533,10.961322113339,SuSiE-RSS: finite R0 + EB mismatch,5,1,1,FALSE,FALSE,,,,TRUE,1.217,0.333333333333333,FALSE,0,1,3,0.015102171362275,1.68446047649532,0.561486825498439,12,1,12,0.16.6,2000,eb,mle,0.087849526286593,11.3186798167558,0.015737808448883,FALSE,FALSE,alpha_pip_fixed_point,8
500,73,20,3,0.001,0.001,200000,2000,124;445;53,0.0393676918984523,5.23525258464964,10.8540274883091,SuSiE-RSS: finite R0 + EB mismatch,5,1,1,FALSE,FALSE,,,,TRUE,0.0459999999999994,0.333333333333333,FALSE,0,1,5,0.0440285658530644,2.38020565104341,0.595051412760852,13,1,13,0.16.6,2000,eb,mle,0.0751375878958425,13.2209398503963,0.014644517165117,FALSE,FALSE,alpha_pip_fixed_point,2
1000,74,20,3,0.001,0.001,200000,2000,249;900;724,0.00788559489050355,4.57080036409115,10.8566158028212,SuSiE-RSS: finite R0 + EB mismatch,5,1,1,FALSE,FALSE,,,,TRUE,0.141,0.333333333333333,FALSE,0,1,1,0.336025501209774,1.00000608600532,0.333335362001773,14,1,14,0.16.6,2000,eb,mle,0.107647952178152,9.24659209776529,0.0124739775777227,FALSE,FALSE,alpha_pip_fixed_point,2
2000,75,20,3,0.001,0.001,200000,2000,497;1341;1590,0.009853989198843,4.5726135624069,10.8381925538068,SuSiE-RSS: finite R0 + EB mismatch,5,1,1,FALSE,FALSE,,,,TRUE,1.106,0.333333333333333,FALSE,0,1,2,0.126614297401105,1.50517104461829,0.501723681539429,15,1,15,0.16.6,2000,eb,mle,0.110950737683557,8.97257407877647,0.0102167718267797,FALSE,FALSE,alpha_pip_fixed_point,2
500,76,20,3,0.001,0.001,200000,2000,124;322;448,0.0327206914476455,5.17432039176283,10.8750934124759,SuSiE-RSS: finite R0 + EB mismatch,5,1,1,FALSE,FALSE,,,,TRUE,0.0899999999999999,0.333333333333333,FALSE,0,1,6,0.191093136613103,2.20818947276477,0.552047368191193,16,1,16,0.16.6,2000,eb,mle,0.034351501966375,28.6931679720664,0.0118780602993931,FALSE,FALSE,alpha_pip_fixed_point,8
1000,77,20,3,0.001,0.001,200000,2000,249;701;880,0.0217714880726605,4.45757281017377,10.8996861111934,SuSiE-RSS: finite R0 + EB mismatch,5,1,1,FALSE,FALSE,,,,TRUE,0.186,0.333333333333333,FALSE,0,1,1,0.329185731476611,1.17289558805016,0.390965196016719,17,1,17,0.16.6,2000,eb,mle,0.0522309692267301,18.964187737575,0.0138034299532004,FALSE,FALSE,alpha_pip_fixed_point,2
2000,78,20,3,0.001,0.001,200000,2000,497;1590;963,0.0138587444946701,4.79432608676041,10.8899561336268,SuSiE-RSS: finite R0 + EB mismatch,5,1,1,FALSE,FALSE,,,,TRUE,1.171,0.333333333333333,FALSE,0,1,7,0.0272604334941298,1.50696134749307,0.502320449164356,18,1,18,0.16.6,2000,eb,mle,0.0489606246523093,20.2181029259061,0.0144798591507965,FALSE,FALSE,alpha_pip_fixed_point,2
500,79,20,3,0.001,0.001,200000,2000,124;215;455,0.0309229068525851,4.32814540904517,10.9202528859314,SuSiE-RSS: finite R0 + EB mismatch,3,1,1,FALSE,FALSE,,,,TRUE,0.048,0.333333333333333,FALSE,0,1,1,0.336151616923488,1.0001932860882,0.333397762029401,19,1,19,0.16.6,2000,eb,mle,0.091506384059855,10.8688110093474,0.0114879604030408,FALSE,FALSE,alpha_pip_fixed_point,2
1000,80,20,3,0.001,0.001,200000,2000,249;815;512,0.0164045187886538,4.56400585247132,10.9041357038986,SuSiE-RSS: finite R0 + EB mismatch,5,1,1,FALSE,FALSE,,,,TRUE,0.157999999999999,0.333333333333333,FALSE,0,1,1,0.33606964138067,1.00030171461752,0.333433904872508,20,1,20,0.16.6,2000,eb,mle,0.0436775835655992,22.635914400232,0.011481470746081,FALSE,FALSE,alpha_pip_fixed_point,2
500,61,20,3,0.001,0.001,200000,2000,124;231;60,0.0334963550773109,4.5591686932392,10.7325253749915,SuSiE-RSS: in-sample R,3,3,3,FALSE,FALSE,,,,TRUE,0.0280000000000005,0.666666666666667,FALSE,1,2,5,0.626833481688318,0,0,1,0.666666666666667,1,,,,,,,,,,,
1000,62,20,3,0.001,0.001,200000,2000,249;724;600,0.013352492492769,4.62160242198755,10.8045475562874,SuSiE-RSS: in-sample R,3,3,3,FALSE,FALSE,,,,TRUE,0.0590000000000011,1,TRUE,0,3,1.33333333333333,0.904270473757612,0,0,2,1,2,,,,,,,,,,,
2000,63,20,3,0.001,0.001,200000,2000,497;1172;194,0.012014121557141,4.58410824070453,10.8889682129061,SuSiE-RSS: in-sample R,3,2,2,FALSE,FALSE,,,,TRUE,0.113999999999997,0.666666666666667,FALSE,0,2,1,0.716268690847856,0,0,3,1,3,,,,,,,,,,,
500,64,20,3,0.001,0.001,200000,2000,124;40;264,0.0135683081071474,4.67265314291813,10.8205462868411,SuSiE-RSS: in-sample R,3,3,3,FALSE,FALSE,,,,TRUE,0.016,1,TRUE,0,3,2.66666666666667,0.332566913555813,0,0,4,1,4,,,,,,,,,,,
1000,65,20,3,0.001,0.001,200000,2000,249;765;485,0.0511567684451322,3.81090312679366,10.8659384502483,SuSiE-RSS: in-sample R,2,2,2,FALSE,FALSE,,,,TRUE,0.0380000000000003,0.666666666666667,FALSE,0,2,3.5,0.388617326629579,0,0,5,1,5,,,,,,,,,,,
2000,66,20,3,0.001,0.001,200000,2000,497;902;1806,0.0366046551739734,5.19336693346545,10.8524961703054,SuSiE-RSS: in-sample R,5,2,2,FALSE,FALSE,,,,TRUE,0.532000000000004,0.333333333333333,FALSE,1,1,2,0.242233517129445,0,0,6,0.5,6,,,,,,,,,,,
500,67,20,3,0.001,0.001,200000,2000,124;268;197,0.0285291998668969,5.09211984552285,10.8627739843523,SuSiE-RSS: in-sample R,3,3,3,FALSE,FALSE,,,,TRUE,0.0300000000000011,1,TRUE,0,3,1.33333333333333,0.973181919702449,0,0,7,1,7,,,,,,,,,,,
1000,68,20,3,0.001,0.001,200000,2000,249;515;812,0.0247735923131627,4.27170732703587,10.8612226787688,SuSiE-RSS: in-sample R,3,2,2,FALSE,FALSE,,,,TRUE,0.0890000000000004,0.333333333333333,FALSE,1,1,2,0.35452511162832,0,0,8,0.5,8,,,,,,,,,,,
2000,69,20,3,0.001,0.001,200000,2000,497;167;841,0.0190316280217197,4.73307662668644,10.8150949425688,SuSiE-RSS: in-sample R,3,2,2,FALSE,FALSE,,,,TRUE,0.175999999999995,0.666666666666667,FALSE,0,2,2,0.486915432672601,0,0,9,1,9,,,,,,,,,,,
500,70,20,3,0.001,0.001,200000,2000,124;377;313,0.0317990327471835,4.95362166732018,10.8211585050438,SuSiE-RSS: in-sample R,3,2,2,FALSE,FALSE,,,,TRUE,0.0199999999999996,0.666666666666667,FALSE,0,2,1.5,0.742599034354091,0,0,10,1,10,,,,,,,,,,,
1000,71,20,3,0.001,0.001,200000,2000,249;333;532,0.0241637059433095,4.560682239075,10.9259085605778,SuSiE-RSS: in-sample R,5,2,2,FALSE,FALSE,,,,TRUE,0.141,0.666666666666667,FALSE,0,2,3,0.251352152730367,0,0,11,1,11,,,,,,,,,,,
2000,72,20,3,0.001,0.001,200000,2000,497;1523;700,0.0346863893997969,4.87137236316533,10.961322113339,SuSiE-RSS: in-sample R,3,2,2,FALSE,FALSE,,,,TRUE,0.159999999999997,0.666666666666667,FALSE,0,2,2.5,0.618647151133457,0,0,12,1,12,,,,,,,,,,,
500,73,20,3,0.001,0.001,200000,2000,124;445;53,0.0393676918984523,5.23525258464964,10.8540274883091,SuSiE-RSS: in-sample R,3,3,3,FALSE,FALSE,,,,TRUE,0.0150000000000006,1,TRUE,0,3,3.33333333333333,0.635878254824455,0,0,13,1,13,,,,,,,,,,,
1000,74,20,3,0.001,0.001,200000,2000,249;900;724,0.00788559489050355,4.57080036409115,10.8566158028212,SuSiE-RSS: in-sample R,3,2,2,FALSE,FALSE,,,,TRUE,0.032,0.666666666666667,FALSE,0,2,1,0.813332143029258,0,0,14,1,14,,,,,,,,,,,
2000,75,20,3,0.001,0.001,200000,2000,497;1341;1590,0.00985398928916427,4.57261355999686,10.8381925539448,SuSiE-RSS: in-sample R,3,2,2,FALSE,FALSE,,,,TRUE,0.172000000000004,0.666666666666667,FALSE,0,2,3,0.159577316755601,0,0,15,1,15,,,,,,,,,,,
500,76,20,3,0.001,0.001,200000,2000,124;322;448,0.0327206914476455,5.17432039176283,10.8750934124759,SuSiE-RSS: in-sample R,5,3,3,FALSE,FALSE,,,,TRUE,0.0210000000000008,1,TRUE,0,3,3,0.5472488365235,0,0,16,1,16,,,,,,,,,,,
1000,77,20,3,0.001,0.001,200000,2000,249;701;880,0.0217714880726605,4.45757281017377,10.8996861111934,SuSiE-RSS: in-sample R,5,2,2,FALSE,FALSE,,,,TRUE,0.0310000000000024,0.666666666666667,FALSE,0,2,1.5,0.643876661870266,0,0,17,1,17,,,,,,,,,,,
2000,78,20,3,0.001,0.001,200000,2000,497;1590;963,0.0138587449803169,4.79432609258339,10.889956133202,SuSiE-RSS: in-sample R,5,2,2,FALSE,FALSE,,,,TRUE,0.158999999999999,0.666666666666667,FALSE,0,2,4,0.373058917891967,0,0,18,1,18,,,,,,,,,,,
500,79,20,3,0.001,0.001,200000,2000,124;215;455,0.0309229068525851,4.32814540904517,10.9202528859314,SuSiE-RSS: in-sample R,3,2,2,FALSE,FALSE,,,,TRUE,0.0180000000000007,0.666666666666667,FALSE,0,2,1.5,0.590086745873223,0,0,19,1,19,,,,,,,,,,,
1000,80,20,3,0.001,0.001,200000,2000,249;815;512,0.0164045187886538,4.56400585247132,10.9041357038986,SuSiE-RSS: in-sample R,5,2,2,FALSE,FALSE,,,,TRUE,0.0749999999999993,0.666666666666667,FALSE,0,2,1,0.674874985409411,0,0,20,1,20,,,,,,,,,,,
500,61,20,3,0.001,0.001,200000,2000,124;231;60,0.0334963550773109,4.5591686932392,10.7325253749915,SuSiE-RSS: reference R0,5,5,5,FALSE,FALSE,,,,TRUE,0.0190000000000001,0.333333333333333,FALSE,4,1,2,0.333190629711631,6.25248855024867,0.781561068781084,1,0.2,1,,,,,,,,,,,
1000,62,20,3,0.001,0.001,200000,2000,249;724;600,0.013352492492769,4.62160242198755,10.8045475562874,SuSiE-RSS: reference R0,5,5,5,FALSE,FALSE,,,,TRUE,0.0609999999999999,0,FALSE,5,0,1.4,3.28186995357527e-06,7.97554404357313,0.996943005446642,2,0,2,,,,,,,,,,,
2000,63,20,3,0.001,0.001,200000,2000,497;1172;194,0.012014121557141,4.58410824070453,10.8889682129061,SuSiE-RSS: reference R0,5,4,4,FALSE,FALSE,,,,TRUE,0.295999999999999,0.666666666666667,FALSE,2,2,1.25,0.665604028224004,2.00460716554926,0.33410119425821,3,0.5,3,,,,,,,,,,,
500,64,20,3,0.001,0.001,200000,2000,124;40;264,0.0135683081071474,4.67265314291813,10.8205462868411,SuSiE-RSS: reference R0,5,5,5,FALSE,FALSE,,,,TRUE,0.0199999999999996,0.666666666666667,FALSE,3,2,1.8,0.16098436335468,5.14329001217147,0.642911251521434,4,0.4,4,,,,,,,,,,,
1000,65,20,3,0.001,0.001,200000,2000,249;765;485,0.0511567684451322,3.81090312679366,10.8659384502483,SuSiE-RSS: reference R0,5,4,4,FALSE,FALSE,,,,TRUE,0.0599999999999987,0.333333333333333,FALSE,3,1,2.75,0.0590555080470772,4.33279124824563,0.722131874707605,5,0.25,5,,,,,,,,,,,
2000,66,20,3,0.001,0.001,200000,2000,497;902;1806,0.0366046551739734,5.19336693346545,10.8524961703054,SuSiE-RSS: reference R0,5,4,4,FALSE,FALSE,,,,TRUE,0.243000000000002,0.333333333333333,FALSE,3,1,1.75,0.311034666153034,4.51573927926714,0.752623213211191,6,0.25,6,,,,,,,,,,,
500,67,20,3,0.001,0.001,200000,2000,124;268;197,0.0285291998668969,5.09211984552285,10.8627739843523,SuSiE-RSS: reference R0,5,5,5,FALSE,FALSE,,,,TRUE,0.0409999999999986,0.666666666666667,FALSE,3,2,1.2,0.423763485156441,5.44317374615008,0.68039671826876,7,0.4,7,,,,,,,,,,,
1000,68,20,3,0.001,0.001,200000,2000,249;515;812,0.0247735923131627,4.27170732703587,10.8612226787688,SuSiE-RSS: reference R0,5,5,5,FALSE,FALSE,,,,TRUE,0.0879999999999974,0.333333333333333,FALSE,4,1,1.6,0.307660447626567,5.65221040228775,0.80745862889825,8,0.2,8,,,,,,,,,,,
2000,69,20,3,0.001,0.001,200000,2000,497;167;841,0.0190316280217197,4.73307662668644,10.8150949425688,SuSiE-RSS: reference R0,5,2,2,FALSE,FALSE,,,,TRUE,0.539999999999999,0.333333333333333,FALSE,1,1,1.5,0.333376636505765,1.99999703363638,0.499999258409096,9,0.5,9,,,,,,,,,,,
500,70,20,3,0.001,0.001,200000,2000,124;377;313,0.0317990327471835,4.95362166732018,10.8211585050438,SuSiE-RSS: reference R0,5,5,5,FALSE,FALSE,,,,TRUE,0.016,0.666666666666667,FALSE,3,2,1.4,0.55039088459429,3.04992445026388,0.43570349289484,10,0.4,10,,,,,,,,,,,
1000,71,20,3,0.001,0.001,200000,2000,249;333;532,0.0241637059433095,4.560682239075,10.9259085605778,SuSiE-RSS: reference R0,5,5,5,FALSE,FALSE,,,,TRUE,0.0459999999999994,0.666666666666667,FALSE,3,2,2,0.348280446835307,4.56761209403612,0.652516013433731,11,0.4,11,,,,,,,,,,,
2000,72,20,3,0.001,0.001,200000,2000,497;1523;700,0.0346863893997969,4.87137236316533,10.961322113339,SuSiE-RSS: reference R0,5,5,5,FALSE,FALSE,,,,TRUE,0.172999999999995,0.666666666666667,FALSE,3,2,1.6,0.357760875834856,3.67574761636573,0.525106802337962,12,0.4,12,,,,,,,,,,,
500,73,20,3,0.001,0.001,200000,2000,124;445;53,0.0393676918984523,5.23525258464964,10.8540274883091,SuSiE-RSS: reference R0,5,4,4,FALSE,FALSE,,,,TRUE,0.0240000000000009,0.666666666666667,FALSE,2,2,2,0.364277184307178,3.43564984279411,0.490807120399158,13,0.5,13,,,,,,,,,,,
1000,74,20,3,0.001,0.001,200000,2000,249;900;724,0.00788559489050355,4.57080036409115,10.8566158028212,SuSiE-RSS: reference R0,5,5,5,FALSE,FALSE,,,,TRUE,0.0510000000000002,0.666666666666667,FALSE,3,2,1.2,0.666653843834732,3.00007957880541,0.428582796972201,14,0.4,14,,,,,,,,,,,
2000,75,20,3,0.001,0.001,200000,2000,497;1341;1590,0.00985398928916427,4.57261355999686,10.8381925539448,SuSiE-RSS: reference R0,5,5,5,FALSE,FALSE,,,,TRUE,0.269999999999996,0.666666666666667,FALSE,3,2,3,0.345107591862475,4.13074599963636,0.590106571376623,15,0.4,15,,,,,,,,,,,
500,76,20,3,0.001,0.001,200000,2000,124;322;448,0.0327206914476455,5.17432039176283,10.8750934124759,SuSiE-RSS: reference R0,5,4,4,FALSE,FALSE,,,,TRUE,0.0269999999999992,0.666666666666667,FALSE,2,2,3,0.515245596849541,3.47157342481487,0.495939060687839,16,0.5,16,,,,,,,,,,,
1000,77,20,3,0.001,0.001,200000,2000,249;701;880,0.0217714880726605,4.45757281017377,10.8996861111934,SuSiE-RSS: reference R0,5,5,5,FALSE,FALSE,,,,TRUE,0.0509999999999984,0.666666666666667,FALSE,3,2,1.6,0.433412073052136,4.49932145059107,0.642760207227296,17,0.4,17,,,,,,,,,,,
2000,78,20,3,0.001,0.001,200000,2000,497;1590;963,0.0138587449803169,4.79432609258339,10.889956133202,SuSiE-RSS: reference R0,5,5,5,FALSE,FALSE,,,,TRUE,0.308,0,FALSE,5,0,1,7.37009947682221e-06,6.99995840375289,0.999994057678985,18,0,18,,,,,,,,,,,
500,79,20,3,0.001,0.001,200000,2000,124;215;455,0.0309229068525851,4.32814540904517,10.9202528859314,SuSiE-RSS: reference R0,5,5,5,FALSE,FALSE,,,,TRUE,0.027000000000001,0.666666666666667,FALSE,3,2,2.6,0.351837932095749,4.65923586285598,0.66560512326514,19,0.4,19,,,,,,,,,,,
1000,80,20,3,0.001,0.001,200000,2000,249;815;512,0.0164045187886538,4.56400585247132,10.9041357038986,SuSiE-RSS: reference R0,5,5,5,FALSE,FALSE,,,,TRUE,0.0409999999999986,0,FALSE,5,0,1,1.46998144179659e-05,6.99810885929278,0.999729837041825,20,0,20,,,,,,,,,,,
500,61,20,3,0.001,0.001,200000,2000,124;231;60,0.0334963550773109,4.5591686932392,10.7325253749915,collapsed-R,0,0,1,TRUE,FALSE,0.01,6.28343704717606,10.5373239281142,TRUE,0.512000000000001,0,FALSE,1,0,2,3.00125151179535e-05,3.9989919635514,0.999747990887849,1,0,1,,,,,,,,,,,
1000,62,20,3,0.001,0.001,200000,2000,249;724;600,0.013352492492769,4.62160242198755,10.8045475562874,collapsed-R,0,0,1,TRUE,FALSE,0.008,5.13503463007813,8.61145307464102,TRUE,1.163,0,FALSE,1,0,3,0.000104030319499793,3.91292256083438,0.978230640208595,2,0,2,,,,,,,,,,,
2000,63,20,3,0.001,0.001,200000,2000,497;1172;194,0.012014121557141,4.58410824070453,10.8889682129061,collapsed-R,0,0,1,TRUE,FALSE,0.006,8.53451926052271,14.3123887998966,TRUE,2.715,0.333333333333333,FALSE,0,1,1,0.332887633135135,1.00078138797084,0.33359379599028,3,1,3,,,,,,,,,,,
500,64,20,3,0.001,0.001,200000,2000,124;40;264,0.0135683081071474,4.67265314291813,10.8205462868411,collapsed-R,0,0,1,TRUE,FALSE,0.01,6.50112351227277,10.9023841300814,TRUE,0.465000000000002,0.333333333333333,FALSE,0,1,4,0.0765691348123639,2.81456154090679,0.703640385226697,4,1,4,,,,,,,,,,,
1000,65,20,3,0.001,0.001,200000,2000,249;765;485,0.0511567684451322,3.81090312679366,10.8659384502483,collapsed-R,0,0,1,TRUE,FALSE,0.008,6.3613358330823,10.667960192079,TRUE,1.176,0.333333333333333,FALSE,0,1,6,0.0593859205890018,1.27702699885306,0.425675666284353,5,1,5,,,,,,,,,,,
2000,66,20,3,0.001,0.001,200000,2000,497;902;1806,0.0366046551739734,5.19336693346545,10.8524961703054,collapsed-R,0,0,1,TRUE,FALSE,0.008,4.48098857764368,7.51461784470845,TRUE,3.394,0,FALSE,1,0,1,7.8871348731561e-05,2.99835730059372,0.99945243353124,6,0,6,,,,,,,,,,,
500,67,20,3,0.001,0.001,200000,2000,124;268;197,0.0285291998668969,5.09211984552285,10.8627739843523,collapsed-R,0,0,1,TRUE,FALSE,0.002,3.94148779139319,6.60987502616638,TRUE,0.565,0.333333333333333,FALSE,0,1,1,0.3333212678392,2.00007239295767,0.500018098239418,7,1,7,,,,,,,,,,,
1000,68,20,3,0.001,0.001,200000,2000,249;515;812,0.0247735923131627,4.27170732703587,10.8612226787688,collapsed-R,0,0,1,TRUE,FALSE,0.008,5.52212749918439,9.26060781613222,TRUE,1.157,0.333333333333333,FALSE,0,1,2,0.272974140956932,1.52937640786841,0.509792135956135,8,1,8,,,,,,,,,,,
2000,69,20,3,0.001,0.001,200000,2000,497;167;841,0.0190316280217197,4.73307662668644,10.8150949425688,collapsed-R,0,0,1,TRUE,FALSE,0.008,16.9335452151702,28.3975553258405,TRUE,3.474,0.333333333333333,FALSE,0,1,1,0.333333333199811,1.00000000077117,0.333333333590389,9,1,9,,,,,,,,,,,
500,70,20,3,0.001,0.001,200000,2000,124;377;313,0.0317990327471835,4.95362166732018,10.8211585050438,collapsed-R,0,0,1,TRUE,FALSE,0.004,2.65195296509772,4.44732512246888,TRUE,0.679,0.333333333333333,FALSE,0,1,1,0.33321608513797,1.00070361721885,0.333567872406284,10,1,10,,,,,,,,,,,
1000,71,20,3,0.001,0.001,200000,2000,249;333;532,0.0241637059433095,4.560682239075,10.9259085605778,collapsed-R,0,0,1,TRUE,FALSE,0.008,11.2536937458767,18.8724444118352,TRUE,1.009,0.333333333333333,FALSE,0,1,4,0.0393203864902374,1.47579842294732,0.491932807649105,11,1,11,,,,,,,,,,,
2000,72,20,3,0.001,0.001,200000,2000,497;1523;700,0.0346863893997969,4.87137236316533,10.961322113339,collapsed-R,0,0,1,TRUE,FALSE,0.006,3.24183600363412,5.43655897809442,TRUE,3.088,0.333333333333333,FALSE,0,1,4,0.232521867006174,1.62555516024191,0.541851720080638,12,1,12,,,,,,,,,,,
500,73,20,3,0.001,0.001,200000,2000,124;445;53,0.0393676918984523,5.23525258464964,10.8540274883091,collapsed-R,0,0,1,TRUE,FALSE,0.01,6.31293094235079,10.5867851903223,TRUE,0.521000000000001,0.333333333333333,FALSE,0,1,5,0.0359805268400073,2.38029945247237,0.595074863118093,13,1,13,,,,,,,,,,,
1000,74,20,3,0.001,0.001,200000,2000,249;900;724,0.00788559489050355,4.57080036409115,10.8566158028212,collapsed-R,0,0,1,TRUE,FALSE,0.008,2.9717422436974,4.98361174268054,TRUE,1.117,0.333333333333333,FALSE,0,1,1,0.333332453561928,1.00000612118452,0.333335373728174,14,1,14,,,,,,,,,,,
2000,75,20,3,0.001,0.001,200000,2000,497;1341;1590,0.00985398928916427,4.57261355999686,10.8381925539448,collapsed-R,0,0,1,TRUE,FALSE,0.008,5.98644439326802,10.0392672475105,TRUE,3.33900000000001,0.333333333333333,FALSE,0,1,2,0.124878558271635,1.50547915502416,0.501826385008055,15,1,15,,,,,,,,,,,
500,76,20,3,0.001,0.001,200000,2000,124;322;448,0.0327206914476455,5.17432039176283,10.8750934124759,collapsed-R,0,0,1,TRUE,FALSE,0.004,8.90998946425771,14.9420523315602,TRUE,0.444999999999999,0.333333333333333,FALSE,0,1,2,0.262578648722935,2.42643256006031,0.606608140015078,16,1,16,,,,,,,,,,,
1000,77,20,3,0.001,0.001,200000,2000,249;701;880,0.0217714880726605,4.45757281017377,10.8996861111934,collapsed-R,0,0,1,TRUE,FALSE,0.006,6.97742111867166,11.7011352160124,TRUE,1.115,0.333333333333333,FALSE,0,1,1,0.326457239319032,1.17290987011069,0.390969956703562,17,1,17,,,,,,,,,,,
2000,78,20,3,0.001,0.001,200000,2000,497;1590;963,0.0138587449803169,4.79432609258339,10.889956133202,collapsed-R,0,0,1,TRUE,FALSE,0.006,7.52472610814495,12.6189656833591,TRUE,3.378,0.333333333333333,FALSE,0,1,7,0.0253043805566725,1.50653525160215,0.502178417200717,18,1,18,,,,,,,,,,,
500,79,20,3,0.001,0.001,200000,2000,124;215;455,0.0309229068525851,4.32814540904517,10.9202528859314,collapsed-R,0,0,1,TRUE,FALSE,0.008,5.6553049575995,9.48394641389437,TRUE,0.610999999999999,0.333333333333333,FALSE,0,1,1,0.333299658814604,1.00020200283634,0.333400667612112,19,1,19,,,,,,,,,,,
1000,80,20,3,0.001,0.001,200000,2000,249;815;512,0.0164045187886538,4.56400585247132,10.9041357038986,collapsed-R,0,0,1,TRUE,FALSE,0.006,11.42532512455,19.1602702338704,TRUE,0.991000000000001,0.333333333333333,FALSE,0,1,1,0.333282623686887,1.00030282087767,0.333434273625891,20,1,20,,,,,,,,,,,
500,61,50,3,0.001,0.001,200000,2000,124;285;458,0.0282283605427673,4.80165657354947,10.7995787768017,AIW-N,1,1,1,TRUE,FALSE,0.004,24.6250721050623,35.0661026776088,TRUE,1.761,0.333333333333333,FALSE,0,1,2,0.294632688116356,1.23178769252812,0.410595897509372,1,1,1,,,,,,,,,,,
1000,62,50,3,0.001,0.001,200000,2000,249;869;158,0.00863546888044036,4.74300431939266,10.8786480533257,AIW-N,2,2,2,FALSE,FALSE,0.008,55.1840590013673,78.5821000179471,TRUE,3.308,0.666666666666667,FALSE,0,2,2,0.56255152409289,0.2974290269619,0.0743572567404749,2,1,2,,,,,,,,,,,
2000,63,50,3,0.001,0.001,200000,2000,497;666;1455,0.00562734259821012,4.63352235446296,10.8461668876728,AIW-N,1,1,1,TRUE,FALSE,0.006,36.1430779479631,51.4677429978995,TRUE,10.239,0.333333333333333,FALSE,0,1,1,0.319409432658197,1.06185149815684,0.353950499385613,3,1,3,,,,,,,,,,,
500,64,50,3,0.001,0.001,200000,2000,124;418;207,0.0206263807865724,4.59724108672703,10.7883897059675,AIW-N,2,2,2,FALSE,FALSE,0.006,44.1276018588431,62.8377050469926,TRUE,1.35,0.333333333333333,FALSE,1,1,1.5,0.119466615254376,1.89960879428082,0.379921758856165,4,0.5,4,,,,,,,,,,,
1000,65,50,3,0.001,0.001,200000,2000,249;519;728,0.0052597663249187,4.70431691727278,10.8774959691405,AIW-N,1,1,1,TRUE,FALSE,0.004,21.9818667301779,31.3021782237733,TRUE,3.82100000000001,0.333333333333333,FALSE,0,1,5,0.0632814986759696,1.27652226089041,0.425507420296804,5,1,5,,,,,,,,,,,
2000,66,50,3,0.001,0.001,200000,2000,497;261;1435,0.0143356291691622,4.85465463525411,10.8583020339064,AIW-N,1,1,1,TRUE,FALSE,0.004,25.2568984913014,35.9658234516132,TRUE,8.095,0.333333333333333,FALSE,0,1,2,0.243178102232816,1.21288207196364,0.40429402398788,6,1,6,,,,,,,,,,,
500,67,50,3,0.001,0.001,200000,2000,124;308;192,0.0196657135215309,4.88153738953985,10.8922039836163,AIW-N,2,2,2,FALSE,FALSE,0.004,49.7376895164624,70.8264698714425,TRUE,1.705,0.666666666666667,FALSE,0,2,1.5,0.435891901979027,0.397183197636096,0.0992957994090239,7,1,7,,,,,,,,,,,
1000,68,50,3,0.001,0.001,200000,2000,249;684;795,0.00779842066963677,4.53789248339173,10.8635949486595,AIW-N,1,1,1,TRUE,FALSE,0.006,29.0206151052752,41.3253559099118,TRUE,4.494,0.333333333333333,FALSE,0,1,3,0.0682885949200585,1.98553438180187,0.661844793933957,8,1,8,,,,,,,,,,,
2000,69,50,3,0.001,0.001,200000,2000,497;1671;943,0.0108002137788117,4.54019991636659,10.8750686306769,AIW-N,1,1,1,TRUE,FALSE,0.004,16.8182841145843,23.949236579168,TRUE,9.31700000000001,0.333333333333333,FALSE,0,1,1,0.333333333182037,1.00000000090771,0.333333333635903,9,1,9,,,,,,,,,,,
500,70,50,3,0.001,0.001,200000,2000,124;398;178,0.0106626599716998,4.69622727524995,10.9017440774545,AIW-N,1,1,1,TRUE,FALSE,0.004,20.8674752735743,29.7152847895698,TRUE,1.39,0.333333333333333,FALSE,0,1,1,0.333332019752411,1.00000649537476,0.333335498458253,10,1,10,,,,,,,,,,,
1000,71,50,3,0.001,0.001,200000,2000,249;549;734,0.00919252156423565,4.76790424557611,10.8585055208205,AIW-N,1,1,1,TRUE,FALSE,0.006,27.5999968129773,39.3023954616796,TRUE,3.998,0,FALSE,1,0,4,0.00365615735551731,2.64282838455156,0.880942794850519,11,0,11,,,,,,,,,,,
2000,72,50,3,0.001,0.001,200000,2000,497;855;1712,0.0125802024650844,4.77411916208269,10.8901768540458,AIW-N,2,2,2,FALSE,FALSE,0.006,52.1770022168446,74.3000511567867,TRUE,12.07,0.666666666666667,FALSE,0,2,1,0.66666665761266,5.42752897924885e-08,1.35688224481221e-08,12,1,12,,,,,,,,,,,
500,73,50,3,0.001,0.001,200000,2000,124;301;227,0.0163439328369497,4.41651192673954,10.8579978574602,AIW-N,2,2,2,FALSE,FALSE,0.006,55.1517540025672,78.5360976996557,TRUE,1.386,0.666666666666667,FALSE,0,2,5.5,0.133579705294287,0.536465992918578,0.134116498229645,13,1,13,,,,,,,,,,,
1000,74,50,3,0.001,0.001,200000,2000,249;83;853,0.00296056802793438,4.60954945111126,10.8666546317116,AIW-N,1,1,1,TRUE,FALSE,0.004,24.4975572012509,34.8845214545812,TRUE,3.475,0.333333333333333,FALSE,0,1,1,0.33333333333333,2.00000000000002,0.500000000000005,14,1,14,,,,,,,,,,,
2000,75,50,3,0.001,0.001,200000,2000,497;1739;1253,0.00308643357156942,4.63369088170029,10.8580858335046,AIW-N,1,1,1,TRUE,FALSE,0.004,16.3400242711943,23.2681945621807,TRUE,9.372,0.333333333333333,FALSE,0,1,2,0.283460678734741,2.14586002582054,0.536465006455134,15,1,15,,,,,,,,,,,
500,76,50,3,0.001,0.001,200000,2000,124;52;307,0.0110352641731611,4.65919392775134,10.9041295629426,AIW-N,1,1,1,TRUE,FALSE,0.006,35.7006581378396,50.8377371882837,TRUE,1.573,0.333333333333333,FALSE,0,1,1,0.325630715732118,2.04621548900699,0.511553872251748,16,1,16,,,,,,,,,,,
1000,77,50,3,0.001,0.001,200000,2000,249;107;556,0.0169170485740764,4.85511291968,10.8511977246353,AIW-N,2,2,2,FALSE,FALSE,0.004,60.9744874542632,86.8276701348708,TRUE,3.795,0.666666666666667,FALSE,0,2,1.5,0.43975584060553,0.401532087285594,0.100383021821398,17,1,17,,,,,,,,,,,
2000,78,50,3,0.001,0.001,200000,2000,497;1840;322,0.0146482178095991,4.65151914025101,10.9135618088993,AIW-N,1,1,1,TRUE,FALSE,0.004,27.918621376001,39.7561168394254,TRUE,12.299,0.333333333333333,FALSE,0,1,6,0.100454335361108,2.20897940108197,0.552244850270492,18,1,18,,,,,,,,,,,
500,79,50,3,0.001,0.001,200000,2000,124;448;259,0.0135437150312818,4.49967944937613,10.8379005916171,AIW-N,1,1,1,TRUE,FALSE,0.006,38.1593409422574,54.3389015017746,TRUE,1.714,0.333333333333333,FALSE,0,1,1,0.333333171095768,1.00000083819455,0.333333612731516,19,1,19,,,,,,,,,,,
1000,80,50,3,0.001,0.001,200000,2000,249;610;832,0.00743488846625391,4.69264795078392,10.8930592651343,AIW-N,1,1,1,TRUE,FALSE,0.004,20.723607156263,29.5104165905185,TRUE,3.276,0.333333333333333,FALSE,0,1,1,0.327737818671975,1.03359134479719,0.344530448265729,20,1,20,,,,,,,,,,,
500,61,50,3,0.001,0.001,200000,2000,124;285;458,0.0282283605427673,4.80165657354947,10.7995787768017,SuSiE-RSS: finite R0 + EB mismatch,5,1,1,FALSE,FALSE,,,,TRUE,0.0510000000000002,0.333333333333333,FALSE,0,1,2,0.300510323807364,1.23465154283239,0.411550514277465,1,1,1,0.16.6,2000,eb,mle,0.0592283448074545,16.742469646927,0.00478325118437332,FALSE,FALSE,alpha_pip_fixed_point,3
1000,62,50,3,0.001,0.001,200000,2000,249;869;158,0.00863546888044036,4.74300431939266,10.8786480533257,SuSiE-RSS: finite R0 + EB mismatch,5,2,2,FALSE,FALSE,,,,TRUE,0.375,0.666666666666667,FALSE,0,2,4,0.454302971330767,0.507175968010501,0.126793992002625,2,1,2,0.16.6,2000,eb,mle,0.0171849840333228,56.545145764099,0.0113596216604278,FALSE,TRUE,alpha_pip_fixed_point,15
2000,63,50,3,0.001,0.001,200000,2000,497;666;1455,0.00562734259821012,4.63352235446296,10.8461668876728,SuSiE-RSS: finite R0 + EB mismatch,5,1,1,FALSE,FALSE,,,,TRUE,1.164,0.333333333333333,FALSE,0,1,4,0.340588420283346,1.41609328444301,0.472031094814337,3,1,3,0.16.6,2000,eb,mle,0.0182006597480298,53.4740492300202,0.00980258546568086,FALSE,FALSE,alpha_pip_fixed_point,9
500,64,50,3,0.001,0.001,200000,2000,124;418;207,0.0206263807865724,4.59724108672703,10.7883897059675,SuSiE-RSS: finite R0 + EB mismatch,5,2,2,FALSE,FALSE,,,,TRUE,0.0920000000000005,0.666666666666667,FALSE,0,2,2.5,0.168308854859044,1.8218929071289,0.36437858142578,4,1,4,0.16.6,2000,eb,mle,0.011186825822469,85.5664331094425,0.0156865946541162,FALSE,TRUE,alpha_pip_fixed_point,8
1000,65,50,3,0.001,0.001,200000,2000,249;519;728,0.0052597663249187,4.70431691727278,10.8774959691405,SuSiE-RSS: finite R0 + EB mismatch,5,1,1,FALSE,FALSE,,,,TRUE,0.161,0.333333333333333,FALSE,0,1,5,0.0671990683190853,1.27649166304528,0.425497221015094,5,1,5,0.16.6,2000,eb,mle,0.0539009414370563,18.3820348248391,0.00607705234094118,FALSE,FALSE,alpha_pip_fixed_point,2
2000,66,50,3,0.001,0.001,200000,2000,497;261;1435,0.0143356291691622,4.85465463525411,10.8583020339064,SuSiE-RSS: finite R0 + EB mismatch,5,1,1,FALSE,FALSE,,,,TRUE,1.707,0.333333333333333,FALSE,0,1,2,0.206359091022773,1.04312986915386,0.347709956384621,6,1,6,0.16.6,2000,eb,mle,0.0223731289398893,43.7194230237587,0.00985230783050609,FALSE,TRUE,alpha_pip_fixed_point,17
500,67,50,3,0.001,0.001,200000,2000,124;308;192,0.0196657135215309,4.88153738953985,10.8922039836163,SuSiE-RSS: finite R0 + EB mismatch,5,2,2,FALSE,FALSE,,,,TRUE,0.112,0.666666666666667,FALSE,0,2,1.5,0.48508781411356,0.120975414398728,0.0302438535996821,7,1,7,0.16.6,2000,eb,mle,0.0253889083144812,38.6265804588076,0.00531815369284647,FALSE,TRUE,alpha_pip_fixed_point,8
1000,68,50,3,0.001,0.001,200000,2000,249;684;795,0.00779842066963677,4.53789248339173,10.8635949486595,SuSiE-RSS: finite R0 + EB mismatch,5,1,1,FALSE,FALSE,,,,TRUE,0.214,0.333333333333333,FALSE,0,1,3,0.0842116109703382,1.91640982315255,0.638803274384184,8,1,8,0.16.6,2000,eb,mle,0.0388848416405399,25.3904791373002,0.00792599787593176,FALSE,FALSE,alpha_pip_fixed_point,4
2000,69,50,3,0.001,0.001,200000,2000,497;1671;943,0.0108002137788117,4.54019991636659,10.8750686306769,SuSiE-RSS: finite R0 + EB mismatch,1,1,1,FALSE,FALSE,,,,TRUE,0.878,0.333333333333333,FALSE,0,1,1,0.33333333318202,1.00000000090781,0.333333333635936,9,1,9,0.16.6,2000,eb,mle,0.0508810425946124,19.4624310738462,0.00865758712464648,FALSE,FALSE,alpha_pip_fixed_point,2
500,70,50,3,0.001,0.001,200000,2000,124;398;178,0.0106626599716998,4.69622727524995,10.9017440774545,SuSiE-RSS: finite R0 + EB mismatch,5,1,1,FALSE,FALSE,,,,TRUE,0.0670000000000002,0.333333333333333,FALSE,0,1,1,0.340413118249665,1.00000687195205,0.333335623984017,10,1,10,0.16.6,2000,eb,mle,0.0462490588355959,21.3908049682184,0.00601094530250195,FALSE,FALSE,alpha_pip_fixed_point,4
1000,71,50,3,0.001,0.001,200000,2000,249;549;734,0.00919252156423565,4.76790424557611,10.8585055208205,SuSiE-RSS: finite R0 + EB mismatch,5,1,1,FALSE,FALSE,,,,TRUE,0.199,0,FALSE,1,0,4,0.0125051858607707,2.69275051091562,0.897583503638541,11,0,11,0.16.6,2000,eb,mle,0.0376344924659002,26.2229791282576,0.00901167731084241,FALSE,FALSE,alpha_pip_fixed_point,5
2000,72,50,3,0.001,0.001,200000,2000,497;855;1712,0.0125802024840188,4.77411916223071,10.8901768541428,SuSiE-RSS: finite R0 + EB mismatch,5,2,2,FALSE,FALSE,,,,TRUE,1.236,0.666666666666667,FALSE,0,2,1,0.66167069256267,0.0330334184748927,0.00825835461872318,12,1,12,0.16.6,2000,eb,mle,0.0184560667713132,52.7535596948481,0.0105115233086706,FALSE,TRUE,alpha_pip_fixed_point,10
500,73,50,3,0.001,0.001,200000,2000,124;301;227,0.0163439328369497,4.41651192673954,10.8579978574602,SuSiE-RSS: finite R0 + EB mismatch,5,2,2,FALSE,FALSE,,,,TRUE,0.144,0.666666666666667,FALSE,0,2,6.5,0.137336711143103,0.442586161542877,0.110646540385719,13,1,13,0.16.6,2000,eb,mle,0.0109602538602359,87.2581019753623,0.0145361182516181,FALSE,FALSE,alpha_pip_fixed_point,15
1000,74,50,3,0.001,0.001,200000,2000,249;83;853,0.00296056802793438,4.60954945111126,10.8666546317116,SuSiE-RSS: finite R0 + EB mismatch,4,1,1,FALSE,FALSE,,,,TRUE,0.382000000000001,0.333333333333333,FALSE,0,1,1,0.340229912361019,2.00000000000001,0.500000000000002,14,1,14,0.16.6,2000,eb,mle,0.0366832190944303,26.893852236419,0.00805491648160971,FALSE,FALSE,alpha_pip_fixed_point,11
2000,75,50,3,0.001,0.001,200000,2000,497;1739;1253,0.00308643357156942,4.63369088170029,10.8580858335046,SuSiE-RSS: finite R0 + EB mismatch,5,1,1,FALSE,FALSE,,,,TRUE,1.054,0.333333333333333,FALSE,0,1,2,0.285097386744104,2.14583737408859,0.536459343522147,15,1,15,0.16.6,2000,eb,mle,0.0635993803366371,15.6007748397598,0.00730589175503732,FALSE,FALSE,alpha_pip_fixed_point,2
500,76,50,3,0.001,0.001,200000,2000,124;52;307,0.0110352641731611,4.65919392775134,10.9041295629426,SuSiE-RSS: finite R0 + EB mismatch,5,1,1,FALSE,FALSE,,,,TRUE,0.102,0.333333333333333,FALSE,0,1,2,0.136683282989908,3.40923289724643,0.852308224311607,16,1,16,0.16.6,2000,eb,mle,0.00800508570586288,117.576710521643,0.0148182312648957,FALSE,FALSE,alpha_pip_fixed_point,9
1000,77,50,3,0.001,0.001,200000,2000,249;107;556,0.0169170485740764,4.85511291968,10.8511977246353,SuSiE-RSS: finite R0 + EB mismatch,5,2,2,FALSE,FALSE,,,,TRUE,0.241,0.666666666666667,FALSE,0,2,2,0.419864557842406,0.231600406928036,0.057900101732009,17,1,17,0.16.6,2000,eb,mle,0.0158728065688202,61.0768835383644,0.00888208148843579,FALSE,TRUE,alpha_pip_fixed_point,7
2000,78,50,3,0.001,0.001,200000,2000,497;1840;322,0.0146482178095991,4.65151914025101,10.9135618088993,SuSiE-RSS: finite R0 + EB mismatch,5,1,1,FALSE,FALSE,,,,TRUE,0.981000000000002,0.333333333333333,FALSE,0,1,6,0.102962219805924,2.2070133218747,0.551753330468674,18,1,18,0.16.6,2000,eb,mle,0.0270637759724389,36.2794996229799,0.00975289703107989,FALSE,FALSE,alpha_pip_fixed_point,2
500,79,50,3,0.001,0.001,200000,2000,124;448;259,0.0135437150312818,4.49967944937613,10.8379005916171,SuSiE-RSS: finite R0 + EB mismatch,5,1,1,FALSE,FALSE,,,,TRUE,0.166,0.333333333333333,FALSE,0,1,1,0.437216966346702,1.00004887266199,0.333349624220665,19,1,19,0.16.6,2000,eb,mle,0.00829578647624478,113.690799873411,0.015779793434518,FALSE,FALSE,alpha_pip_fixed_point,13
1000,80,50,3,0.001,0.001,200000,2000,249;610;832,0.00743488846625391,4.69264795078392,10.8930592651343,SuSiE-RSS: finite R0 + EB mismatch,5,1,1,FALSE,FALSE,,,,TRUE,0.209,0.333333333333333,FALSE,0,1,1,0.330747689121989,1.03324215223025,0.344414050743416,20,1,20,0.16.6,2000,eb,mle,0.0566020599620738,17.5125030631852,0.00684976409740166,FALSE,FALSE,alpha_pip_fixed_point,2
500,61,50,3,0.001,0.001,200000,2000,124;285;458,0.0282283605427673,4.80165657354947,10.7995787768017,SuSiE-RSS: in-sample R,3,2,2,FALSE,FALSE,,,,TRUE,0.043000000000001,0.666666666666667,FALSE,0,2,2.5,0.36286233591818,0,0,1,1,1,,,,,,,,,,,
1000,62,50,3,0.001,0.001,200000,2000,249;869;158,0.00863546888044036,4.74300431939266,10.8786480533257,SuSiE-RSS: in-sample R,3,2,2,FALSE,FALSE,,,,TRUE,0.0390000000000015,0.666666666666667,FALSE,0,2,2.5,0.536019199336803,0,0,2,1,2,,,,,,,,,,,
2000,63,50,3,0.001,0.001,200000,2000,497;666;1455,0.00562734259821012,4.63352235446296,10.8461668876728,SuSiE-RSS: in-sample R,5,2,2,FALSE,FALSE,,,,TRUE,0.141999999999996,0.666666666666667,FALSE,0,2,2.5,0.352831172265479,0,0,3,1,3,,,,,,,,,,,
500,64,50,3,0.001,0.001,200000,2000,124;418;207,0.0206263807865724,4.59724108672703,10.7883897059675,SuSiE-RSS: in-sample R,3,3,3,FALSE,FALSE,,,,TRUE,0.0160000000000018,1,TRUE,0,3,2,0.458669746124191,0,0,4,1,4,,,,,,,,,,,
1000,65,50,3,0.001,0.001,200000,2000,249;519;728,0.0052597663249187,4.70431691727278,10.8774959691405,SuSiE-RSS: in-sample R,3,2,2,FALSE,FALSE,,,,TRUE,0.0450000000000017,0.666666666666667,FALSE,0,2,4,0.282008104979859,0,0,5,1,5,,,,,,,,,,,
2000,66,50,3,0.001,0.001,200000,2000,497;261;1435,0.0143356291691622,4.85465463525411,10.8583020339064,SuSiE-RSS: in-sample R,3,2,2,FALSE,FALSE,,,,TRUE,0.244,0.666666666666667,FALSE,0,2,3,0.641225357516423,0,0,6,1,6,,,,,,,,,,,
500,67,50,3,0.001,0.001,200000,2000,124;308;192,0.0196657135215309,4.88153738953985,10.8922039836163,SuSiE-RSS: in-sample R,5,2,2,FALSE,FALSE,,,,TRUE,0.0219999999999985,0.666666666666667,FALSE,0,2,1.5,0.521398556229694,0,0,7,1,7,,,,,,,,,,,
1000,68,50,3,0.001,0.001,200000,2000,249;684;795,0.00779842066963677,4.53789248339173,10.8635949486595,SuSiE-RSS: in-sample R,5,2,2,FALSE,FALSE,,,,TRUE,0.0559999999999974,0.666666666666667,FALSE,0,2,2.5,0.237233676608909,0,0,8,1,8,,,,,,,,,,,
2000,69,50,3,0.001,0.001,200000,2000,497;1671;943,0.0108002137788117,4.54019991636659,10.8750686306769,SuSiE-RSS: in-sample R,3,2,2,FALSE,FALSE,,,,TRUE,0.162999999999997,0.666666666666667,FALSE,0,2,1,0.66422958197987,0,0,9,1,9,,,,,,,,,,,
500,70,50,3,0.001,0.001,200000,2000,124;398;178,0.0106626599716998,4.69622727524995,10.9017440774545,SuSiE-RSS: in-sample R,3,2,2,FALSE,FALSE,,,,TRUE,0.0159999999999982,0.666666666666667,FALSE,0,2,1,0.76646549886728,0,0,10,1,10,,,,,,,,,,,
1000,71,50,3,0.001,0.001,200000,2000,249;549;734,0.00919252156423565,4.76790424557611,10.8585055208205,SuSiE-RSS: in-sample R,3,2,2,FALSE,FALSE,,,,TRUE,0.083000000000002,0.666666666666667,FALSE,0,2,4,0.530594418733541,0,0,11,1,11,,,,,,,,,,,
2000,72,50,3,0.001,0.001,200000,2000,497;855;1712,0.0125802024650844,4.77411916208269,10.8901768540458,SuSiE-RSS: in-sample R,3,2,2,FALSE,FALSE,,,,TRUE,0.138999999999996,0.666666666666667,FALSE,0,2,1,0.754868754384591,0,0,12,1,12,,,,,,,,,,,
500,73,50,3,0.001,0.001,200000,2000,124;301;227,0.0163439328369497,4.41651192673954,10.8579978574602,SuSiE-RSS: in-sample R,3,2,2,FALSE,FALSE,,,,TRUE,0.0169999999999995,0.666666666666667,FALSE,0,2,5.5,0.207401808755989,0,0,13,1,13,,,,,,,,,,,
1000,74,50,3,0.001,0.001,200000,2000,249;83;853,0.00296056802793438,4.60954945111126,10.8666546317116,SuSiE-RSS: in-sample R,3,3,3,FALSE,FALSE,,,,TRUE,0.0420000000000016,1,TRUE,0,3,1.66666666666667,0.602979788069713,0,0,14,1,14,,,,,,,,,,,
2000,75,50,3,0.001,0.001,200000,2000,497;1739;1253,0.00308643357156942,4.63369088170029,10.8580858335046,SuSiE-RSS: in-sample R,3,3,3,FALSE,FALSE,,,,TRUE,0.12299999999999,1,TRUE,0,3,2.66666666666667,0.530605873781052,0,0,15,1,15,,,,,,,,,,,
500,76,50,3,0.001,0.001,200000,2000,124;52;307,0.0110352641731611,4.65919392775134,10.9041295629426,SuSiE-RSS: in-sample R,5,3,3,FALSE,FALSE,,,,TRUE,0.0139999999999993,1,TRUE,0,3,2,0.75492720409744,0,0,16,1,16,,,,,,,,,,,
1000,77,50,3,0.001,0.001,200000,2000,249;107;556,0.0169170485740764,4.85511291968,10.8511977246353,SuSiE-RSS: in-sample R,2,2,2,FALSE,FALSE,,,,TRUE,0.0450000000000017,0.666666666666667,FALSE,0,2,2,0.39123939211205,0,0,17,1,17,,,,,,,,,,,
2000,78,50,3,0.001,0.001,200000,2000,497;1840;322,0.0146482178095991,4.65151914025101,10.9135618088993,SuSiE-RSS: in-sample R,3,3,3,FALSE,FALSE,,,,TRUE,0.137,1,TRUE,0,3,3.66666666666667,0.338346514597725,0,0,18,1,18,,,,,,,,,,,
500,79,50,3,0.001,0.001,200000,2000,124;448;259,0.0135437150312818,4.49967944937613,10.8379005916171,SuSiE-RSS: in-sample R,3,2,2,FALSE,FALSE,,,,TRUE,0.0150000000000006,0.666666666666667,FALSE,0,2,1.5,0.666396938868355,0,0,19,1,19,,,,,,,,,,,
1000,80,50,3,0.001,0.001,200000,2000,249;610;832,0.00743488846625391,4.69264795078392,10.8930592651343,SuSiE-RSS: in-sample R,5,2,2,FALSE,FALSE,,,,TRUE,0.0540000000000021,0.666666666666667,FALSE,0,2,1,0.671590797205474,0,0,20,1,20,,,,,,,,,,,
500,61,50,3,0.001,0.001,200000,2000,124;285;458,0.0282283605427673,4.80165657354947,10.7995787768017,SuSiE-RSS: reference R0,5,3,3,FALSE,FALSE,,,,TRUE,0.0649999999999995,0.333333333333333,FALSE,2,1,5,0.301799733806549,4.67733671541428,0.935467343082855,1,0.333333333333333,1,,,,,,,,,,,
1000,62,50,3,0.001,0.001,200000,2000,249;869;158,0.00863546888044036,4.74300431939266,10.8786480533257,SuSiE-RSS: reference R0,5,5,5,FALSE,FALSE,,,,TRUE,0.0670000000000002,0.666666666666667,FALSE,3,2,1.4,0.567706461700691,3.28087668132738,0.468696668761054,2,0.4,2,,,,,,,,,,,
2000,63,50,3,0.001,0.001,200000,2000,497;666;1455,0.00562734259821012,4.63352235446296,10.8461668876728,SuSiE-RSS: reference R0,5,3,3,FALSE,FALSE,,,,TRUE,0.351000000000013,0.666666666666667,FALSE,1,2,4.66666666666667,0.553691825657459,2.66658875069853,0.533317750139707,3,0.666666666666667,3,,,,,,,,,,,
500,64,50,3,0.001,0.001,200000,2000,124;418;207,0.0206263807865724,4.59724108672703,10.7883897059675,SuSiE-RSS: reference R0,5,4,4,FALSE,FALSE,,,,TRUE,0.0169999999999995,0.666666666666667,FALSE,2,2,1.25,0.452306653881583,1.93252564450765,0.276075092072521,4,0.5,4,,,,,,,,,,,
1000,65,50,3,0.001,0.001,200000,2000,249;519;728,0.0052597663249187,4.70431691727278,10.8774959691405,SuSiE-RSS: reference R0,5,2,2,FALSE,FALSE,,,,TRUE,0.0619999999999976,0.333333333333333,FALSE,1,1,3,0.0634751389566001,0.857643415298567,0.214410853824642,5,0.5,5,,,,,,,,,,,
2000,66,50,3,0.001,0.001,200000,2000,497;261;1435,0.0143356291691622,4.85465463525411,10.8583020339064,SuSiE-RSS: reference R0,5,4,4,FALSE,FALSE,,,,TRUE,0.149000000000001,0.333333333333333,FALSE,3,1,1.25,0.255212686856045,3.88215563413954,0.647025939023257,6,0.25,6,,,,,,,,,,,
500,67,50,3,0.001,0.001,200000,2000,124;308;192,0.0196657135215309,4.88153738953985,10.8922039836163,SuSiE-RSS: reference R0,5,4,4,FALSE,FALSE,,,,TRUE,0.0289999999999999,0.666666666666667,FALSE,2,2,1.25,0.430689692543754,2.42884783068533,0.404807971780889,7,0.5,7,,,,,,,,,,,
1000,68,50,3,0.001,0.001,200000,2000,249;684;795,0.00779842066963677,4.53789248339173,10.8635949486595,SuSiE-RSS: reference R0,5,5,5,FALSE,FALSE,,,,TRUE,0.0859999999999985,0.666666666666667,FALSE,3,2,2.8,0.191030704906027,4.04242952113169,0.577489931590242,8,0.4,8,,,,,,,,,,,
2000,69,50,3,0.001,0.001,200000,2000,497;1671;943,0.0108002137788117,4.54019991636659,10.8750686306769,SuSiE-RSS: reference R0,5,4,4,FALSE,FALSE,,,,TRUE,0.173000000000002,0.333333333333333,FALSE,3,1,1,0.333860816269551,3.99214615519865,0.665357692533109,9,0.25,9,,,,,,,,,,,
500,70,50,3,0.001,0.001,200000,2000,124;398;178,0.0106626599716998,4.69622727524995,10.9017440774545,SuSiE-RSS: reference R0,5,5,5,FALSE,FALSE,,,,TRUE,0.0310000000000024,0.333333333333333,FALSE,4,1,1.4,0.334094866679797,4.99548224036756,0.713640320052508,10,0.2,10,,,,,,,,,,,
1000,71,50,3,0.001,0.001,200000,2000,249;549;734,0.00919252156423565,4.76790424557611,10.8585055208205,SuSiE-RSS: reference R0,5,4,4,FALSE,FALSE,,,,TRUE,0.0470000000000006,0.333333333333333,FALSE,3,1,3,0.20184788324738,4.37855839334645,0.729759732224408,11,0.25,11,,,,,,,,,,,
2000,72,50,3,0.001,0.001,200000,2000,497;855;1712,0.0125802024650844,4.77411916208269,10.8901768540458,SuSiE-RSS: reference R0,5,3,3,FALSE,FALSE,,,,TRUE,0.254000000000005,0.666666666666667,FALSE,1,2,1,0.66672844931756,1.00000000041209,0.200000000082417,12,0.666666666666667,12,,,,,,,,,,,
500,73,50,3,0.001,0.001,200000,2000,124;301;227,0.0163439328369497,4.41651192673954,10.8579978574602,SuSiE-RSS: reference R0,5,5,5,FALSE,FALSE,,,,TRUE,0.0259999999999998,0.666666666666667,FALSE,3,2,3.2,0.106471757741369,3.72456205110884,0.532080293015549,13,0.4,13,,,,,,,,,,,
1000,74,50,3,0.001,0.001,200000,2000,249;83;853,0.00296056802793438,4.60954945111126,10.8666546317116,SuSiE-RSS: reference R0,5,4,4,FALSE,FALSE,,,,TRUE,0.0570000000000022,0.666666666666667,FALSE,2,2,1.5,0.51875960597314,1.56190954157099,0.223129934510142,14,0.5,14,,,,,,,,,,,
2000,75,50,3,0.001,0.001,200000,2000,497;1739;1253,0.00308643357156942,4.63369088170029,10.8580858335046,SuSiE-RSS: reference R0,5,5,5,FALSE,FALSE,,,,TRUE,0.265000000000001,0.666666666666667,FALSE,3,2,1.6,0.466436361094722,4.54637683498859,0.568297104373573,15,0.4,15,,,,,,,,,,,
500,76,50,3,0.001,0.001,200000,2000,124;52;307,0.0110352641731611,4.65919392775134,10.9041295629426,SuSiE-RSS: reference R0,5,3,3,FALSE,FALSE,,,,TRUE,0.027000000000001,0.666666666666667,FALSE,1,2,1.33333333333333,0.387341828126351,3.70811432121392,0.618019053535654,16,0.666666666666667,16,,,,,,,,,,,
1000,77,50,3,0.001,0.001,200000,2000,249;107;556,0.0169170485740764,4.85511291968,10.8511977246353,SuSiE-RSS: reference R0,5,3,3,FALSE,FALSE,,,,TRUE,0.0590000000000046,0.333333333333333,FALSE,2,1,1.66666666666667,0.326344085543359,2.02247509110795,0.404495018221591,17,0.333333333333333,17,,,,,,,,,,,
2000,78,50,3,0.001,0.001,200000,2000,497;1840;322,0.0146482178095991,4.65151914025101,10.9135618088993,SuSiE-RSS: reference R0,5,4,4,FALSE,FALSE,,,,TRUE,0.388000000000005,1,TRUE,1,3,3.25,0.334516327397048,2.25078371218164,0.321540530311663,18,0.75,18,,,,,,,,,,,
500,79,50,3,0.001,0.001,200000,2000,124;448;259,0.0135437150312818,4.49967944937613,10.8379005916171,SuSiE-RSS: reference R0,5,4,4,FALSE,FALSE,,,,TRUE,0.0359999999999978,0.666666666666667,FALSE,2,2,2.25,0.42535775978976,2.64293195688346,0.440488659480576,19,0.5,19,,,,,,,,,,,
1000,80,50,3,0.001,0.001,200000,2000,249;610;832,0.00743488846625391,4.69264795078392,10.8930592651343,SuSiE-RSS: reference R0,5,4,4,FALSE,FALSE,,,,TRUE,0.0449999999999946,0.666666666666667,FALSE,2,2,1.25,0.666569135968581,2.00063755726349,0.333439592877249,20,0.5,20,,,,,,,,,,,
500,61,50,3,0.001,0.001,200000,2000,124;285;458,0.0282283605427673,4.80165657354947,10.7995787768017,collapsed-R,0,1,1,TRUE,FALSE,0.004,22.7400335437767,38.1350362529135,TRUE,0.460000000000001,0.333333333333333,FALSE,0,1,2,0.294632688116356,1.23178769252812,0.410595897509372,1,1,1,,,,,,,,,,,
1000,62,50,3,0.001,0.001,200000,2000,249;869;158,0.00863546888044036,4.74300431939266,10.8786480533257,collapsed-R,0,1,1,TRUE,FALSE,0.006,22.4608550520765,37.6668539223324,TRUE,1.145,0.333333333333333,FALSE,0,1,1,0.333332385620334,1.00005941917694,0.333353139725647,2,1,2,,,,,,,,,,,
2000,63,50,3,0.001,0.001,200000,2000,497;666;1455,0.00562734259821012,4.63352235446296,10.8461668876728,collapsed-R,0,1,1,TRUE,FALSE,0.004,22.603202873659,37.9055712191261,TRUE,3.492,0.333333333333333,FALSE,0,1,1,0.319409432658197,1.06185149815684,0.353950499385613,3,1,3,,,,,,,,,,,
500,64,50,3,0.001,0.001,200000,2000,124;418;207,0.0206263807865724,4.59724108672703,10.7883897059675,collapsed-R,0,0,1,TRUE,FALSE,0.004,13.0598472245824,21.9013637956246,TRUE,0.524999999999999,0,FALSE,1,0,1,0.000678381144203858,2.76985092380957,0.692462730952392,4,0,4,,,,,,,,,,,
1000,65,50,3,0.001,0.001,200000,2000,249;519;728,0.0052597663249187,4.70431691727278,10.8774959691405,collapsed-R,0,1,1,TRUE,FALSE,0.004,17.6043339264573,29.5224679946688,TRUE,1.025,0.333333333333333,FALSE,0,1,5,0.0632814986759696,1.27652226089041,0.425507420296804,5,1,5,,,,,,,,,,,
2000,66,50,3,0.001,0.001,200000,2000,497;261;1435,0.0143356291691622,4.85465463525411,10.8583020339064,collapsed-R,0,1,1,TRUE,FALSE,0.004,19.2223998037718,32.2359644709254,TRUE,3.175,0.333333333333333,FALSE,0,1,2,0.243178102232816,1.21288207196364,0.40429402398788,6,1,6,,,,,,,,,,,
500,67,50,3,0.001,0.001,200000,2000,124;308;192,0.0196657135215309,4.88153738953985,10.8922039836163,collapsed-R,0,0,1,TRUE,FALSE,0.004,19.5759850917131,32.8289269988028,TRUE,0.558,0.666666666666667,FALSE,0,1,3,0.244299422286171,1.79360335254147,0.59786778418049,7,1,7,,,,,,,,,,,
1000,68,50,3,0.001,0.001,200000,2000,249;684;795,0.00779842066963677,4.53789248339173,10.8635949486595,collapsed-R,0,0,1,TRUE,FALSE,0.004,17.9154318550934,30.0441792209917,TRUE,1.065,0.333333333333333,FALSE,0,1,3,0.0682885949200585,1.98553438180187,0.661844793933957,8,1,8,,,,,,,,,,,
2000,69,50,3,0.001,0.001,200000,2000,497;1671;943,0.0108002137788117,4.54019991636659,10.8750686306769,collapsed-R,0,0,1,TRUE,FALSE,0.004,9.40390924853809,15.7703558097984,TRUE,3.35600000000001,0.333333333333333,FALSE,0,1,1,0.333333333182037,1.00000000090771,0.333333333635903,9,1,9,,,,,,,,,,,
500,70,50,3,0.001,0.001,200000,2000,124;398;178,0.0106626599716998,4.69622727524995,10.9017440774545,collapsed-R,0,1,1,TRUE,FALSE,0.004,15.2711120467667,25.6096549024278,TRUE,0.57,0.333333333333333,FALSE,0,1,1,0.333332019752411,1.00000649537476,0.333335498458253,10,1,10,,,,,,,,,,,
1000,71,50,3,0.001,0.001,200000,2000,249;549;734,0.00919252156423565,4.76790424557611,10.8585055208205,collapsed-R,0,1,1,TRUE,FALSE,0.006,20.9048381119855,35.0574135137997,TRUE,1.048,0,FALSE,1,0,4,0.00365615735551731,2.64282838455156,0.880942794850519,11,0,11,,,,,,,,,,,
2000,72,50,3,0.001,0.001,200000,2000,497;855;1712,0.0125802024650844,4.77411916208269,10.8901768540458,collapsed-R,0,0,1,TRUE,FALSE,0.004,14.38972971417,24.1315767306631,TRUE,2.964,0.333333333333333,FALSE,0,1,1,0.333333331851333,1.00008227182698,0.33336075727566,12,1,12,,,,,,,,,,,
500,73,50,3,0.001,0.001,200000,2000,124;301;227,0.0163439328369497,4.41651192673954,10.8579978574602,collapsed-R,0,1,1,TRUE,FALSE,0.004,25.8591190367884,43.3657426246942,TRUE,0.679000000000002,0.333333333333333,FALSE,0,1,6,0.0851532860567351,1.17665841835,0.392219472783332,13,1,13,,,,,,,,,,,
1000,74,50,3,0.001,0.001,200000,2000,249;83;853,0.00296056802793438,4.60954945111126,10.8666546317116,collapsed-R,0,1,1,TRUE,FALSE,0.004,20.9570039370963,35.1448956025105,TRUE,1.268,0.333333333333333,FALSE,0,1,1,0.33333333333333,2.00000000000002,0.500000000000005,14,1,14,,,,,,,,,,,
2000,75,50,3,0.001,0.001,200000,2000,497;1739;1253,0.00308643357156942,4.63369088170029,10.8580858335046,collapsed-R,0,0,1,TRUE,FALSE,0.004,9.41165443028939,15.7833444795953,TRUE,3.08799999999999,0.333333333333333,FALSE,0,1,2,0.283460678734741,2.14586002582054,0.536465006455134,15,1,15,,,,,,,,,,,
500,76,50,3,0.001,0.001,200000,2000,124;52;307,0.0110352641731611,4.65919392775134,10.9041295629426,collapsed-R,0,1,1,TRUE,FALSE,0.006,30.7702659728699,51.6017360365028,TRUE,0.523,0.333333333333333,FALSE,0,1,1,0.325630715732118,2.04621548900699,0.511553872251748,16,1,16,,,,,,,,,,,
1000,77,50,3,0.001,0.001,200000,2000,249;107;556,0.0169170485740764,4.85511291968,10.8511977246353,collapsed-R,0,1,1,TRUE,FALSE,0.002,18.5328802275218,31.0796401415541,TRUE,1.395,0.333333333333333,FALSE,0,1,1,0.319996231500425,1.33492598848135,0.444975329493785,17,1,17,,,,,,,,,,,
2000,78,50,3,0.001,0.001,200000,2000,497;1840;322,0.0146482178095991,4.65151914025101,10.9135618088993,collapsed-R,0,1,1,TRUE,FALSE,0.004,21.8785727595958,36.6903665178421,TRUE,3.70399999999999,0.333333333333333,FALSE,0,1,6,0.100454335361108,2.20897940108197,0.552244850270492,18,1,18,,,,,,,,,,,
500,79,50,3,0.001,0.001,200000,2000,124;448;259,0.0135437150312818,4.49967944937613,10.8379005916171,collapsed-R,0,1,1,TRUE,FALSE,0.006,34.3900599110766,57.6721304708755,TRUE,0.634,0.333333333333333,FALSE,0,1,1,0.333333171095768,1.00000083819455,0.333333612731516,19,1,19,,,,,,,,,,,
1000,80,50,3,0.001,0.001,200000,2000,249;610;832,0.00743488846625391,4.69264795078392,10.8930592651343,collapsed-R,0,0,1,TRUE,FALSE,0.004,17.8753634895317,29.9769845719447,TRUE,1.1,0.333333333333333,FALSE,0,1,1,0.327737818671975,1.03359134479719,0.344530448265729,20,1,20,,,,,,,,,,,
500,61,100,3,0.001,0.001,200000,2000,124;256;335,0.0187870793975183,4.50298406429027,10.8209096228026,AIW-N,2,2,2,FALSE,FALSE,0.006,116.349824001959,165.68214937879,TRUE,1.301,0.666666666666667,FALSE,0,2,1,0.666588545992733,1.00021569908398,0.200043139816795,1,1,1,,,,,,,,,,,
1000,62,100,3,0.001,0.001,200000,2000,249;734;903,0.0187317051266703,4.35551002805236,10.865906050908,AIW-N,2,2,2,FALSE,FALSE,0.004,90.7107826313685,129.172154467069,TRUE,3.509,0.666666666666667,FALSE,0,2,2,0.37787231155116,0.457128808036545,0.114282202009136,2,1,2,,,,,,,,,,,
2000,63,100,3,0.001,0.001,200000,2000,497;1381;801,0.0100725598509379,4.54085692423869,10.8537291306989,AIW-N,2,2,2,FALSE,FALSE,0.002,60.7359175856405,86.4879466419521,TRUE,9.197,0.666666666666667,FALSE,0,2,2,0.396186597554609,1.65551056328948,0.331102112657896,3,1,3,,,,,,,,,,,
500,64,100,3,0.001,0.001,200000,2000,124;168;413,0.0154474819527809,4.49361136086055,10.8758783137363,AIW-N,2,2,2,FALSE,FALSE,0.004,99.6572089138477,141.911865493319,TRUE,1.473,0.666666666666667,FALSE,0,2,1.5,0.495576119493647,1.24958433899908,0.249916867799815,4,1,4,,,,,,,,,,,
1000,65,100,3,0.001,0.001,200000,2000,249;846;502,0.0129581265340461,4.86773944753849,10.8669876206079,AIW-N,2,2,2,FALSE,FALSE,0.004,69.5961703783652,99.104946618792,TRUE,3.73,0.666666666666667,FALSE,0,2,3.5,0.355809870089216,0.139263526648727,0.0348158816621818,5,1,5,,,,,,,,,,,
2000,66,100,3,0.001,0.001,200000,2000,497;1132;1833,0.0102402456511454,4.57675913289063,10.8851223986847,AIW-N,2,2,2,FALSE,FALSE,0.004,124.375400341895,177.110570086858,TRUE,8.607,0.666666666666667,FALSE,0,2,1,0.663184350537194,0.0539358770711231,0.0134839692677808,6,1,6,,,,,,,,,,,
500,67,100,3,0.001,0.001,200000,2000,124;440;222,0.015840305593919,4.65437260602466,10.9176062006631,AIW-N,2,2,2,FALSE,FALSE,0.004,72.3949286928095,103.090378458561,TRUE,1.407,0.666666666666667,FALSE,0,2,1,0.666656583795599,4.59264418969883e-05,1.14816104742471e-05,7,1,7,,,,,,,,,,,
1000,68,100,3,0.001,0.001,200000,2000,249;151;458,0.0130085314756616,4.75522106297016,10.8969369246701,AIW-N,1,1,1,TRUE,FALSE,0.002,39.8694924757974,56.7741572855355,TRUE,3.869,0.333333333333333,FALSE,0,1,3,0.145259756356286,2.1962438496036,0.732081283201201,8,1,8,,,,,,,,,,,
2000,69,100,3,0.001,0.001,200000,2000,497;1489;976,0.00790407833009239,4.65698204538802,10.8422213327305,AIW-N,2,2,2,FALSE,FALSE,0.004,119.062682373877,169.545259700401,TRUE,10.48,0.333333333333333,FALSE,1,1,4,0.337690908030156,1.54940548548145,0.387351371370363,9,0.5,9,,,,,,,,,,,
500,70,100,3,0.001,0.001,200000,2000,124;172;339,0.00887414929712071,4.73624251271622,10.857157724139,AIW-N,2,2,2,FALSE,FALSE,0.004,79.4271633438262,113.104280601609,TRUE,1.327,0.666666666666667,FALSE,0,2,1.5,0.462606796264045,0.201308530271459,0.0503271325678647,10,1,10,,,,,,,,,,,
1000,71,100,3,0.001,0.001,200000,2000,249;579;873,0.0149395819352404,4.55760618261435,10.8241509368786,AIW-N,1,1,1,TRUE,FALSE,0.004,80.9394650220947,115.257798191463,TRUE,3.823,0.333333333333333,FALSE,0,1,3,0.0147993186499513,1.18013301903845,0.393377673012816,11,1,11,,,,,,,,,,,
2000,72,100,3,0.001,0.001,200000,2000,497;295;1719,0.012281249364382,4.54573676964685,10.8857896691106,AIW-N,1,1,1,TRUE,FALSE,0.002,41.0324677436906,58.4302340670154,TRUE,8.99,0.333333333333333,FALSE,0,1,1,0.333333333264768,1.00000000043502,0.333333333478339,12,1,12,,,,,,,,,,,
500,73,100,3,0.001,0.001,200000,2000,124;455;376,0.013985333497107,4.48087838845471,10.855556593246,AIW-N,2,2,2,FALSE,FALSE,0.002,66.9413393228103,95.3244671956818,TRUE,1.394,0.666666666666667,FALSE,0,2,4,0.188652806432773,1.53303476403566,0.306606952807132,13,1,13,,,,,,,,,,,
1000,74,100,3,0.001,0.001,200000,2000,249;438;161,0.00795996912843313,4.61110463519114,10.8421549096048,AIW-N,3,3,3,FALSE,FALSE,0.002,134.019321087127,190.843513228068,TRUE,4.118,1,TRUE,0,3,3,0.544945898697437,1.27461016812989,0.212435028021649,14,1,14,,,,,,,,,,,
2000,75,100,3,0.001,0.001,200000,2000,497;1530;1111,0.0112025746321098,4.55961470871313,10.8399030165505,AIW-N,1,1,1,TRUE,FALSE,0.004,37.5529867752002,53.4754531678851,TRUE,8.92399999999999,0,FALSE,1,0,1,0.00508468281003449,1.33071240046739,0.443570800155797,15,0,15,,,,,,,,,,,
500,76,100,3,0.001,0.001,200000,2000,124;423;371,0.000905254184867496,4.67073006891327,10.8639640515322,AIW-N,2,1,1,TRUE,FALSE,0.002,52.3611989668341,74.5623473287718,TRUE,1.744,0.333333333333333,FALSE,0,1,1,0.333332922103511,1.00000204907581,0.333334016358603,16,1,16,,,,,,,,,,,
1000,77,100,3,0.001,0.001,200000,2000,249;127;461,0.012173408626834,4.55399994773557,10.8380439698041,AIW-N,2,2,2,FALSE,FALSE,0.002,76.0303435426188,108.267209204689,TRUE,4.39700000000001,0.666666666666667,FALSE,0,2,1.5,0.622909775679109,1.15271195394935,0.23054239078987,17,1,17,,,,,,,,,,,
2000,78,100,3,0.001,0.001,200000,2000,497;808;160,0.0111377148358345,4.73471006855118,10.9060191823392,AIW-N,2,2,2,FALSE,FALSE,0.004,131.957289789122,187.90718065971,TRUE,8.554,0.666666666666667,FALSE,0,2,3.5,0.3877064401777,1.78660021906092,0.357320043812184,18,1,18,,,,,,,,,,,
500,79,100,3,0.001,0.001,200000,2000,124;441;67,0.0144256102520696,4.50749171786714,10.8962256040392,AIW-N,2,2,2,FALSE,FALSE,0.006,69.1968335716486,98.5362910060276,TRUE,1.249,0.666666666666667,FALSE,0,2,1.5,0.638249738485704,0.157306489938712,0.039326622484678,19,1,19,,,,,,,,,,,
1000,80,100,3,0.001,0.001,200000,2000,249;512;913,0.0333571169677947,4.12336680570857,10.8712449565554,AIW-N,1,1,1,TRUE,FALSE,0.004,22.4817348101282,32.0139903696226,TRUE,4.044,0.333333333333333,FALSE,0,1,1,0.333332749334954,1.00007696136327,0.33335898712109,20,1,20,,,,,,,,,,,
500,61,100,3,0.001,0.001,200000,2000,124;256;335,0.0187870793975183,4.50298406429027,10.8209096228026,SuSiE-RSS: finite R0 + EB mismatch,5,2,2,FALSE,FALSE,,,,TRUE,0.0800000000000001,0.666666666666667,FALSE,0,2,1,0.658165667636762,1.06290629218055,0.212581258436111,1,1,1,0.16.6,2000,eb,mle,0.008965930420257,105.642018861665,0.00766354799722052,FALSE,TRUE,alpha_pip_fixed_point,6
1000,62,100,3,0.001,0.001,200000,2000,249;734;903,0.0187317051266703,4.35551002805236,10.865906050908,SuSiE-RSS: finite R0 + EB mismatch,5,2,2,FALSE,FALSE,,,,TRUE,0.332000000000001,0.666666666666667,FALSE,0,2,2,0.396536115546358,0.267130688185648,0.0667826720464119,2,1,2,0.16.6,2000,eb,mle,0.00432373779611237,207.308117121527,0.0141071309440651,FALSE,FALSE,alpha_pip_fixed_point,11
2000,63,100,3,0.001,0.001,200000,2000,497;1381;801,0.0100725598509379,4.54085692423869,10.8537291306989,SuSiE-RSS: finite R0 + EB mismatch,5,2,2,FALSE,FALSE,,,,TRUE,0.971,0.666666666666667,FALSE,0,2,3.5,0.357344266675182,1.3940519374699,0.278810387493979,3,1,3,0.16.6,2000,eb,mle,0.0109032701219708,87.6941429347789,0.00833243594250637,FALSE,FALSE,alpha_pip_fixed_point,4
500,64,100,3,0.001,0.001,200000,2000,124;168;413,0.0154474819527809,4.49361136086055,10.8758783137363,SuSiE-RSS: finite R0 + EB mismatch,5,2,2,FALSE,FALSE,,,,TRUE,0.148,0.666666666666667,FALSE,0,2,1.5,0.682843096537024,1.27000992734331,0.254001985468662,4,1,4,0.16.6,2000,eb,mle,0.00224915890189528,363.747617247805,0.0120742431918976,FALSE,FALSE,alpha_pip_fixed_point,13
1000,65,100,3,0.001,0.001,200000,2000,249;846;502,0.0129581265340461,4.86773944753849,10.8669876206079,SuSiE-RSS: finite R0 + EB mismatch,5,2,2,FALSE,FALSE,,,,TRUE,0.307,0.666666666666667,FALSE,0,2,5,0.325611322938671,0.406100949065594,0.101525237266398,5,1,5,0.16.6,2000,eb,mle,0.0139857141253566,69.0335313361973,0.0075860019188155,FALSE,FALSE,alpha_pip_fixed_point,10
2000,66,100,3,0.001,0.001,200000,2000,497;1132;1833,0.0102402456511454,4.57675913289063,10.8851223986847,SuSiE-RSS: finite R0 + EB mismatch,5,2,2,FALSE,FALSE,,,,TRUE,1.375,0.666666666666667,FALSE,0,2,1,0.650576021978331,0.0254185680937466,0.00635464202343666,6,1,6,0.16.6,2000,eb,mle,0.00727031560136336,128.69490137885,0.00788345980491748,FALSE,FALSE,alpha_pip_fixed_point,4
500,67,100,3,0.001,0.001,200000,2000,124;440;222,0.015840305593919,4.65437260602466,10.9176062006631,SuSiE-RSS: finite R0 + EB mismatch,5,1,1,FALSE,FALSE,,,,TRUE,0.202,0.333333333333333,FALSE,0,1,1,0.352308139329523,1.00000010991856,0.333333369972852,7,1,7,0.16.6,2000,eb,mle,0.0326402765230442,30.1747633066564,0.0049165029021818,FALSE,FALSE,alpha_pip_fixed_point,19
1000,68,100,3,0.001,0.001,200000,2000,249;151;458,0.0130085314756616,4.75522106297016,10.8969369246701,SuSiE-RSS: finite R0 + EB mismatch,5,2,2,FALSE,FALSE,,,,TRUE,0.326000000000001,0.666666666666667,FALSE,0,2,3,0.293072192070153,1.32397599133543,0.330993997833858,8,1,8,0.16.6,2000,eb,mle,0.00842468033746349,112.048831127571,0.00879278965376401,FALSE,FALSE,alpha_pip_fixed_point,4
2000,69,100,3,0.001,0.001,200000,2000,497;1489;976,0.00790407833009239,4.65698204538802,10.8422213327305,SuSiE-RSS: finite R0 + EB mismatch,5,2,2,FALSE,FALSE,,,,TRUE,1.113,0.666666666666667,FALSE,0,2,4.5,0.346399095223222,1.50560276904475,0.376400692261187,9,1,9,0.16.6,2000,eb,mle,0.00630425833959891,146.966789044483,0.00909711757004792,FALSE,FALSE,alpha_pip_fixed_point,3
500,70,100,3,0.001,0.001,200000,2000,124;172;339,0.00887414929712071,4.73624251271622,10.857157724139,SuSiE-RSS: finite R0 + EB mismatch,5,2,2,FALSE,FALSE,,,,TRUE,0.119,0.666666666666667,FALSE,0,2,1.5,0.483882302126114,0.0914046552755557,0.0228511638188889,10,1,10,0.16.6,2000,eb,mle,0.00786389921289396,119.561459858146,0.0085429735081717,FALSE,FALSE,alpha_pip_fixed_point,9
1000,71,100,3,0.001,0.001,200000,2000,249;579;873,0.0149395819352404,4.55760618261435,10.8241509368786,SuSiE-RSS: finite R0 + EB mismatch,2,1,1,FALSE,FALSE,,,,TRUE,0.292,0.333333333333333,FALSE,0,1,3,0.021084347523937,1.18810413912887,0.396034713042957,11,1,11,0.16.6,2000,eb,mle,0.00730306935680112,128.154698398061,0.0082475021049346,FALSE,FALSE,alpha_pip_fixed_point,9
2000,72,100,3,0.001,0.001,200000,2000,497;295;1719,0.0122812493790337,4.54573676955025,10.8857896692059,SuSiE-RSS: finite R0 + EB mismatch,5,2,2,FALSE,FALSE,,,,TRUE,1.085,0.666666666666667,FALSE,0,2,2,0.416197821619618,0.361678465373042,0.0904196163432604,12,1,12,0.16.6,2000,eb,mle,0.0111929104529859,85.5219069726682,0.00723693829548205,FALSE,FALSE,alpha_pip_fixed_point,5
500,73,100,3,0.001,0.001,200000,2000,124;455;376,0.013985333497107,4.48087838845471,10.855556593246,SuSiE-RSS: finite R0 + EB mismatch,5,4,4,FALSE,FALSE,,,,TRUE,0.357,0.666666666666667,FALSE,2,2,2.25,0.394971159182001,1.90741394554106,0.272487706505866,13,0.5,13,0.16.6,2000,eb,mle,0.0001799197275423,1470.76185539533,0.0217055558049833,FALSE,FALSE,alpha_pip_fixed_point,48
1000,74,100,3,0.001,0.001,200000,2000,249;438;161,0.00795996912843313,4.61110463519114,10.8421549096048,SuSiE-RSS: finite R0 + EB mismatch,5,3,3,FALSE,FALSE,,,,TRUE,0.292999999999999,1,TRUE,0,3,3.33333333333333,0.520495880574041,1.42477448213868,0.237462413689781,14,1,14,0.16.6,2000,eb,mle,0.00459995602455112,196.080122100272,0.00731143907738563,FALSE,FALSE,alpha_pip_fixed_point,9
2000,75,100,3,0.001,0.001,200000,2000,497;1530;1111,0.0112025746321098,4.55961470871313,10.8399030165505,SuSiE-RSS: finite R0 + EB mismatch,5,1,1,FALSE,FALSE,,,,TRUE,1.095,0,FALSE,1,0,1,0.00723035988400082,1.33073416635725,0.443578055452417,15,0,15,0.16.6,2000,eb,mle,0.0387812340565873,25.4574486778962,0.00513693169033336,FALSE,FALSE,alpha_pip_fixed_point,2
500,76,100,3,0.001,0.001,200000,2000,124;423;371,0.000905254184867496,4.67073006891327,10.8639640515322,SuSiE-RSS: finite R0 + EB mismatch,5,1,1,FALSE,FALSE,,,,TRUE,0.093,0.333333333333333,FALSE,0,1,1,0.366679071219039,1.00018367977363,0.333394559924544,16,1,16,0.16.6,2000,eb,mle,0.0108518231872154,88.0915764373615,0.00932498023536172,FALSE,FALSE,alpha_pip_fixed_point,6
1000,77,100,3,0.001,0.001,200000,2000,249;127;461,0.012173408626834,4.55399994773557,10.8380439698041,SuSiE-RSS: finite R0 + EB mismatch,5,2,2,FALSE,FALSE,,,,TRUE,0.217000000000001,0.666666666666667,FALSE,0,2,1.5,0.596083901520705,1.32122277464728,0.264244554929456,17,1,17,0.16.6,2000,eb,mle,0.00689129351784077,135.294315884797,0.00856224407819009,FALSE,FALSE,alpha_pip_fixed_point,5
2000,78,100,3,0.001,0.001,200000,2000,497;808;160,0.0111377148358345,4.73471006855118,10.9060191823392,SuSiE-RSS: finite R0 + EB mismatch,5,2,2,FALSE,FALSE,,,,TRUE,1.063,0.666666666666667,FALSE,0,2,4,0.353005332454715,1.58782919744475,0.31756583948895,18,1,18,0.16.6,2000,eb,mle,0.00444806342961352,202.099268577507,0.00993721239686417,FALSE,FALSE,alpha_pip_fixed_point,10
500,79,100,3,0.001,0.001,200000,2000,124;441;67,0.0144256102520696,4.50749171786714,10.8962256040392,SuSiE-RSS: finite R0 + EB mismatch,5,1,1,FALSE,FALSE,,,,TRUE,0.0460000000000003,0.333333333333333,FALSE,0,1,1,0.339318007743084,1.00005135830839,0.333350452769465,19,1,19,0.16.6,2000,eb,mle,0.0550091018270716,18.0150636037188,0.00387527733788173,FALSE,FALSE,alpha_pip_fixed_point,2
1000,80,100,3,0.001,0.001,200000,2000,249;512;913,0.0333571169677947,4.12336680570857,10.8712449565554,SuSiE-RSS: finite R0 + EB mismatch,5,1,1,FALSE,FALSE,,,,TRUE,0.258999999999999,0.333333333333333,FALSE,0,1,1,0.378395783025713,1.0183363997745,0.339445466591501,20,1,20,0.16.6,2000,eb,mle,0.0221496178457104,44.1508552953087,0.00852630943889137,FALSE,TRUE,alpha_pip_fixed_point,10
500,61,100,3,0.001,0.001,200000,2000,124;256;335,0.0187870793975183,4.50298406429027,10.8209096228026,SuSiE-RSS: in-sample R,3,3,3,FALSE,FALSE,,,,TRUE,0.0159999999999982,0.666666666666667,FALSE,1,2,1,0.666611379503194,0,0,1,0.666666666666667,1,,,,,,,,,,,
1000,62,100,3,0.001,0.001,200000,2000,249;734;903,0.0187317051266703,4.35551002805236,10.865906050908,SuSiE-RSS: in-sample R,5,2,2,FALSE,FALSE,,,,TRUE,0.0629999999999953,0.666666666666667,FALSE,0,2,2,0.441968566762435,0,0,2,1,2,,,,,,,,,,,
2000,63,100,3,0.001,0.001,200000,2000,497;1381;801,0.0100725598509379,4.54085692423869,10.8537291306989,SuSiE-RSS: in-sample R,5,3,3,FALSE,FALSE,,,,TRUE,0.134999999999991,1,TRUE,0,3,2,0.704194799071875,0,0,3,1,3,,,,,,,,,,,
500,64,100,3,0.001,0.001,200000,2000,124;168;413,0.0154474819527809,4.49361136086055,10.8758783137363,SuSiE-RSS: in-sample R,3,3,3,FALSE,FALSE,,,,TRUE,0.0159999999999982,1,TRUE,0,3,1.33333333333333,0.867589239850613,0,0,4,1,4,,,,,,,,,,,
1000,65,100,3,0.001,0.001,200000,2000,249;846;502,0.0129581265340461,4.86773944753849,10.8669876206079,SuSiE-RSS: in-sample R,3,2,2,FALSE,FALSE,,,,TRUE,0.0339999999999989,0.666666666666667,FALSE,0,2,3.5,0.486261344067862,0,0,5,1,5,,,,,,,,,,,
2000,66,100,3,0.001,0.001,200000,2000,497;1132;1833,0.0102402456511454,4.57675913289063,10.8851223986847,SuSiE-RSS: in-sample R,5,2,2,FALSE,FALSE,,,,TRUE,0.119,0.666666666666667,FALSE,0,2,1,0.713194904134202,0,0,6,1,6,,,,,,,,,,,
500,67,100,3,0.001,0.001,200000,2000,124;440;222,0.015840305593919,4.65437260602466,10.9176062006631,SuSiE-RSS: in-sample R,3,2,2,FALSE,FALSE,,,,TRUE,0.0159999999999982,0.666666666666667,FALSE,0,2,1,0.93369675968413,0,0,7,1,7,,,,,,,,,,,
1000,68,100,3,0.001,0.001,200000,2000,249;151;458,0.0130085314756616,4.75522106297016,10.8969369246701,SuSiE-RSS: in-sample R,3,2,2,FALSE,FALSE,,,,TRUE,0.0480000000000018,0.666666666666667,FALSE,0,2,2.5,0.467227774000817,0,0,8,1,8,,,,,,,,,,,
2000,69,100,3,0.001,0.001,200000,2000,497;1489;976,0.00790407833009239,4.65698204538802,10.8422213327305,SuSiE-RSS: in-sample R,3,2,2,FALSE,FALSE,,,,TRUE,0.130999999999986,0.666666666666667,FALSE,0,2,3.5,0.674594672796872,0,0,9,1,9,,,,,,,,,,,
500,70,100,3,0.001,0.001,200000,2000,124;172;339,0.00887414929712071,4.73624251271622,10.857157724139,SuSiE-RSS: in-sample R,3,2,2,FALSE,FALSE,,,,TRUE,0.0139999999999993,0.666666666666667,FALSE,0,2,1.5,0.499408674874671,0,0,10,1,10,,,,,,,,,,,
1000,71,100,3,0.001,0.001,200000,2000,249;579;873,0.0149395819352404,4.55760618261435,10.8241509368786,SuSiE-RSS: in-sample R,2,2,2,FALSE,FALSE,,,,TRUE,0.036999999999999,0.333333333333333,FALSE,1,1,3,0.0675326545490094,0,0,11,0.5,11,,,,,,,,,,,
2000,72,100,3,0.001,0.001,200000,2000,497;295;1719,0.012281249364382,4.54573676964685,10.8857896691106,SuSiE-RSS: in-sample R,3,2,2,FALSE,FALSE,,,,TRUE,0.111999999999995,0.666666666666667,FALSE,0,2,1.5,0.586136370306479,0,0,12,1,12,,,,,,,,,,,
500,73,100,3,0.001,0.001,200000,2000,124;455;376,0.013985333497107,4.48087838845471,10.855556593246,SuSiE-RSS: in-sample R,3,3,3,FALSE,FALSE,,,,TRUE,0.0200000000000031,1,TRUE,0,3,3.66666666666667,0.430198789704793,0,0,13,1,13,,,,,,,,,,,
1000,74,100,3,0.001,0.001,200000,2000,249;438;161,0.00795996912843313,4.61110463519114,10.8421549096048,SuSiE-RSS: in-sample R,3,3,3,FALSE,FALSE,,,,TRUE,0.0399999999999991,1,TRUE,0,3,2.33333333333333,0.757027712612298,0,0,14,1,14,,,,,,,,,,,
2000,75,100,3,0.001,0.001,200000,2000,497;1530;1111,0.0112025746321098,4.55961470871313,10.8399030165505,SuSiE-RSS: in-sample R,3,2,2,FALSE,FALSE,,,,TRUE,0.158000000000001,0.666666666666667,FALSE,0,2,2,0.250272971613825,0,0,15,1,15,,,,,,,,,,,
500,76,100,3,0.001,0.001,200000,2000,124;423;371,0.000905254184867496,4.67073006891327,10.8639640515322,SuSiE-RSS: in-sample R,3,2,2,FALSE,FALSE,,,,TRUE,0.0199999999999996,0.666666666666667,FALSE,0,2,2,0.640066670284636,0,0,16,1,16,,,,,,,,,,,
1000,77,100,3,0.001,0.001,200000,2000,249;127;461,0.012173408626834,4.55399994773557,10.8380439698041,SuSiE-RSS: in-sample R,3,3,3,FALSE,FALSE,,,,TRUE,0.0499999999999972,1,TRUE,0,3,2.33333333333333,0.715027402476087,0,0,17,1,17,,,,,,,,,,,
2000,78,100,3,0.001,0.001,200000,2000,497;808;160,0.0111377148358345,4.73471006855118,10.9060191823392,SuSiE-RSS: in-sample R,5,3,3,FALSE,FALSE,,,,TRUE,0.165999999999997,1,TRUE,0,3,3.33333333333333,0.596719238310795,0,0,18,1,18,,,,,,,,,,,
500,79,100,3,0.001,0.001,200000,2000,124;441;67,0.0144256102520696,4.50749171786714,10.8962256040392,SuSiE-RSS: in-sample R,3,2,2,FALSE,FALSE,,,,TRUE,0.0199999999999996,0.666666666666667,FALSE,0,2,1,0.77389951751515,0,0,19,1,19,,,,,,,,,,,
1000,80,100,3,0.001,0.001,200000,2000,249;512;913,0.0333571169677947,4.12336680570857,10.8712449565554,SuSiE-RSS: in-sample R,3,2,2,FALSE,FALSE,,,,TRUE,0.0549999999999997,0.666666666666667,FALSE,0,2,3.5,0.577573234302337,0,0,20,1,20,,,,,,,,,,,
500,61,100,3,0.001,0.001,200000,2000,124;256;335,0.0187870793975183,4.50298406429027,10.8209096228026,SuSiE-RSS: reference R0,5,4,4,FALSE,FALSE,,,,TRUE,0.0209999999999972,0.666666666666667,FALSE,2,2,1,0.662017724480916,3.02656793881342,0.432366848401917,1,0.5,1,,,,,,,,,,,
1000,62,100,3,0.001,0.001,200000,2000,249;734;903,0.0187317051266703,4.35551002805236,10.865906050908,SuSiE-RSS: reference R0,5,3,3,FALSE,FALSE,,,,TRUE,0.0459999999999994,0.666666666666667,FALSE,1,2,2.33333333333333,0.384344909748988,1.40804315366547,0.281608630733093,2,0.666666666666667,2,,,,,,,,,,,
2000,63,100,3,0.001,0.001,200000,2000,497;1381;801,0.0100725598509379,4.54085692423869,10.8537291306989,SuSiE-RSS: reference R0,5,2,2,FALSE,FALSE,,,,TRUE,0.277999999999992,0.666666666666667,FALSE,0,2,2.5,0.681847967804299,1.44534094617094,0.289068189234188,3,1,3,,,,,,,,,,,
500,64,100,3,0.001,0.001,200000,2000,124;168;413,0.0154474819527809,4.49361136086055,10.8758783137363,SuSiE-RSS: reference R0,5,5,5,FALSE,FALSE,,,,TRUE,0.0280000000000022,0.666666666666667,FALSE,3,2,1.2,0.502673503066276,4.2101067456246,0.526263343203075,4,0.4,4,,,,,,,,,,,
1000,65,100,3,0.001,0.001,200000,2000,249;846;502,0.0129581265340461,4.86773944753849,10.8669876206079,SuSiE-RSS: reference R0,5,4,4,FALSE,FALSE,,,,TRUE,0.0429999999999993,0.666666666666667,FALSE,2,2,2.75,0.421357409662751,2.12814520055419,0.354690866759031,5,0.5,5,,,,,,,,,,,
2000,66,100,3,0.001,0.001,200000,2000,497;1132;1833,0.0102402456511454,4.57675913289063,10.8851223986847,SuSiE-RSS: reference R0,5,2,2,FALSE,FALSE,,,,TRUE,0.233000000000004,0.666666666666667,FALSE,0,2,1,0.665702279628522,0.0583533025198803,0.0145883256299701,6,1,6,,,,,,,,,,,
500,67,100,3,0.001,0.001,200000,2000,124;440;222,0.015840305593919,4.65437260602466,10.9176062006631,SuSiE-RSS: reference R0,5,3,3,FALSE,FALSE,,,,TRUE,0.0210000000000008,0.666666666666667,FALSE,1,2,1.33333333333333,0.667027719206287,1.000541989242,0.200108397848399,7,0.666666666666667,7,,,,,,,,,,,
1000,68,100,3,0.001,0.001,200000,2000,249;151;458,0.0130085314756616,4.75522106297016,10.8969369246701,SuSiE-RSS: reference R0,5,3,3,FALSE,FALSE,,,,TRUE,0.0519999999999996,1,TRUE,0,3,2.33333333333333,0.548699457068647,1.34854472089938,0.269708944179876,8,1,8,,,,,,,,,,,
2000,69,100,3,0.001,0.001,200000,2000,497;1489;976,0.00790407833009239,4.65698204538802,10.8422213327305,SuSiE-RSS: reference R0,5,2,2,FALSE,FALSE,,,,TRUE,0.359000000000009,0.333333333333333,FALSE,1,1,4,0.352985895263657,1.52138271030004,0.38034567757501,9,0.5,9,,,,,,,,,,,
500,70,100,3,0.001,0.001,200000,2000,124;172;339,0.00887414929712071,4.73624251271622,10.857157724139,SuSiE-RSS: reference R0,5,2,2,FALSE,FALSE,,,,TRUE,0.0229999999999997,0.666666666666667,FALSE,0,2,1.5,0.4811339567125,0.18354169681408,0.0458854242035201,10,1,10,,,,,,,,,,,
1000,71,100,3,0.001,0.001,200000,2000,249;579;873,0.0149395819352404,4.55760618261435,10.8241509368786,SuSiE-RSS: reference R0,5,2,2,FALSE,FALSE,,,,TRUE,0.0690000000000026,0,FALSE,2,0,1.5,0.0098044529259117,2.11444350817625,0.528610877044061,11,0,11,,,,,,,,,,,
2000,72,100,3,0.001,0.001,200000,2000,497;295;1719,0.012281249364382,4.54573676964685,10.8857896691106,SuSiE-RSS: reference R0,5,3,3,FALSE,FALSE,,,,TRUE,0.207000000000008,0.333333333333333,FALSE,2,1,1,0.349315777698384,1.2140293598189,0.242805871963779,12,0.333333333333333,12,,,,,,,,,,,
500,73,100,3,0.001,0.001,200000,2000,124;455;376,0.013985333497107,4.48087838845471,10.855556593246,SuSiE-RSS: reference R0,5,4,4,FALSE,FALSE,,,,TRUE,0.0330000000000013,0.666666666666667,FALSE,2,2,2.25,0.38908241056026,1.97208123425558,0.28172589060794,13,0.5,13,,,,,,,,,,,
1000,74,100,3,0.001,0.001,200000,2000,249;438;161,0.00795996912843313,4.61110463519114,10.8421549096048,SuSiE-RSS: reference R0,5,4,4,FALSE,FALSE,,,,TRUE,0.0609999999999999,1,TRUE,1,3,3,0.474498887675413,2.69722784497254,0.385318263567505,14,0.75,14,,,,,,,,,,,
2000,75,100,3,0.001,0.001,200000,2000,497;1530;1111,0.0112025746321098,4.55961470871313,10.8399030165505,SuSiE-RSS: reference R0,5,4,4,FALSE,FALSE,,,,TRUE,0.234999999999999,0.333333333333333,FALSE,3,1,2.25,0.326244608736727,3.17432521062545,0.529054201770909,15,0.25,15,,,,,,,,,,,
500,76,100,3,0.001,0.001,200000,2000,124;423;371,0.000905254184867496,4.67073006891327,10.8639640515322,SuSiE-RSS: reference R0,5,4,4,FALSE,FALSE,,,,TRUE,0.0549999999999997,0.333333333333333,FALSE,3,1,3,0.336062900846501,3.96474947362205,0.660791578937008,16,0.25,16,,,,,,,,,,,
1000,77,100,3,0.001,0.001,200000,2000,249;127;461,0.012173408626834,4.55399994773557,10.8380439698041,SuSiE-RSS: reference R0,5,2,2,FALSE,FALSE,,,,TRUE,0.0769999999999982,0.666666666666667,FALSE,0,2,1.5,0.677877831860439,1.11473135801781,0.222946271603563,17,1,17,,,,,,,,,,,
2000,78,100,3,0.001,0.001,200000,2000,497;808;160,0.0111377148358345,4.73471006855118,10.9060191823392,SuSiE-RSS: reference R0,5,3,3,FALSE,FALSE,,,,TRUE,0.264999999999986,0.666666666666667,FALSE,1,2,3,0.676372407294163,2.76567823131126,0.460946371885209,18,0.666666666666667,18,,,,,,,,,,,
500,79,100,3,0.001,0.001,200000,2000,124;441;67,0.0144256102520696,4.50749171786714,10.8962256040392,SuSiE-RSS: reference R0,5,5,5,FALSE,FALSE,,,,TRUE,0.0229999999999997,0.666666666666667,FALSE,3,2,2.2,0.662976984660917,3.00995861675823,0.429994088108319,19,0.4,19,,,,,,,,,,,
1000,80,100,3,0.001,0.001,200000,2000,249;512;913,0.0333571169677947,4.12336680570857,10.8712449565554,SuSiE-RSS: reference R0,5,3,3,FALSE,FALSE,,,,TRUE,0.0679999999999978,0.666666666666667,FALSE,1,2,2,0.341631970843432,2.26093395457691,0.452186790915382,20,0.666666666666667,20,,,,,,,,,,,
500,61,100,3,0.001,0.001,200000,2000,124;256;335,0.0187870793975183,4.50298406429027,10.8209096228026,collapsed-R,0,2,2,FALSE,FALSE,0.004,44.3371085386775,74.3533310193621,TRUE,1.048,0.666666666666667,FALSE,0,2,2.5,0.508165371407505,1.96806820036988,0.393613640073977,1,1,1,,,,,,,,,,,
1000,62,100,3,0.001,0.001,200000,2000,249;734;903,0.0187317051266703,4.35551002805236,10.865906050908,collapsed-R,0,2,2,FALSE,FALSE,0.004,52.041334740422,87.2733183596876,TRUE,1.32100000000001,0.666666666666667,FALSE,0,2,3.5,0.361380230374268,0.626060409614803,0.156515102403701,2,1,2,,,,,,,,,,,
2000,63,100,3,0.001,0.001,200000,2000,497;1381;801,0.0100725598509379,4.54085692423869,10.8537291306989,collapsed-R,0,1,1,TRUE,FALSE,0.002,28.94266821085,48.5368545895955,TRUE,3.709,0.333333333333333,FALSE,0,1,2,0.297886811767076,2.21932894192668,0.55483223548167,3,1,3,,,,,,,,,,,
500,64,100,3,0.001,0.001,200000,2000,124;168;413,0.0154474819527809,4.49361136086055,10.8758783137363,collapsed-R,0,2,2,FALSE,FALSE,0.004,63.4108798803281,106.34004555931,TRUE,0.961000000000002,0.666666666666667,FALSE,0,2,2.5,0.438932519204776,1.6266916292536,0.32533832585072,4,1,4,,,,,,,,,,,
1000,65,100,3,0.001,0.001,200000,2000,249;846;502,0.0129581265340461,4.86773944753849,10.8669876206079,collapsed-R,0,1,1,TRUE,FALSE,0.002,26.3078917130918,44.1183344028549,TRUE,1.264,0.333333333333333,FALSE,0,1,6,0.0226694968977531,1.13816330318126,0.379387767727087,5,1,5,,,,,,,,,,,
2000,66,100,3,0.001,0.001,200000,2000,497;1132;1833,0.0102402456511454,4.57675913289063,10.8851223986847,collapsed-R,0,1,1,TRUE,FALSE,0.002,41.0132406643065,68.779204594042,TRUE,3.712,0.333333333333333,FALSE,0,1,1,0.331769606339008,1.06542213267648,0.355140710892159,6,1,6,,,,,,,,,,,
500,67,100,3,0.001,0.001,200000,2000,124;440;222,0.015840305593919,4.65437260602466,10.9176062006631,collapsed-R,0,1,1,TRUE,FALSE,0.002,30.9385426019241,51.8839359434268,TRUE,0.667999999999999,0.333333333333333,FALSE,0,1,1,0.333333333077255,1.00000235731072,0.333334119103573,7,1,7,,,,,,,,,,,
1000,68,100,3,0.001,0.001,200000,2000,249;151;458,0.0130085314756616,4.75522106297016,10.8969369246701,collapsed-R,0,1,1,TRUE,FALSE,0.002,36.3167691617846,60.9032218843128,TRUE,1.373,0.333333333333333,FALSE,0,1,3,0.145259756356286,2.1962438496036,0.732081283201201,8,1,8,,,,,,,,,,,
2000,69,100,3,0.001,0.001,200000,2000,497;1489;976,0.00790407833009239,4.65698204538802,10.8422213327305,collapsed-R,0,2,2,FALSE,FALSE,0.004,80.212579082446,134.516495121262,TRUE,3.63000000000002,0.666666666666667,FALSE,0,2,4.5,0.353700729331164,1.46292791560177,0.365731978900442,9,1,9,,,,,,,,,,,
500,70,100,3,0.001,0.001,200000,2000,124;172;339,0.00887414929712071,4.73624251271622,10.857157724139,collapsed-R,0,1,1,TRUE,FALSE,0.004,51.2412525754773,85.9315805690754,TRUE,0.789999999999999,0.333333333333333,FALSE,0,1,1,0.333332005089364,1.00000770029235,0.333335900097452,10,1,10,,,,,,,,,,,
1000,71,100,3,0.001,0.001,200000,2000,249;579;873,0.0149395819352404,4.55760618261435,10.8241509368786,collapsed-R,0,1,1,TRUE,FALSE,0.004,77.5135829429927,129.990278595399,TRUE,1.625,0.333333333333333,FALSE,0,1,3,0.0147993186499513,1.18013301903845,0.393377673012816,11,1,11,,,,,,,,,,,
2000,72,100,3,0.001,0.001,200000,2000,497;295;1719,0.012281249364382,4.54573676964685,10.8857896691106,collapsed-R,0,1,1,TRUE,FALSE,0.002,37.2700691422491,62.5019059515518,TRUE,4.13499999999999,0.333333333333333,FALSE,0,1,1,0.333333333264768,1.00000000043502,0.333333333478339,12,1,12,,,,,,,,,,,
500,73,100,3,0.001,0.001,200000,2000,124;455;376,0.013985333497107,4.48087838845471,10.855556593246,collapsed-R,0,1,1,TRUE,FALSE,0.002,38.3957253584831,64.3896314261761,TRUE,0.922999999999998,0.333333333333333,FALSE,0,1,6,0.0473356411081526,2.21304009609988,0.553260024024971,13,1,13,,,,,,,,,,,
1000,74,100,3,0.001,0.001,200000,2000,249;438;161,0.00795996912843313,4.61110463519114,10.8421549096048,collapsed-R,0,0,1,TRUE,FALSE,0.002,50.5710837654884,84.807707474724,TRUE,1.932,0.333333333333333,FALSE,0,1,6,0.182025360374517,2.91320333409484,0.728300833523711,14,1,14,,,,,,,,,,,
2000,75,100,3,0.001,0.001,200000,2000,497;1530;1111,0.0112025746321098,4.55961470871313,10.8399030165505,collapsed-R,0,1,1,TRUE,FALSE,0.004,30.3667644849007,50.9250640411784,TRUE,3.759,0,FALSE,1,0,1,0.00508468281003449,1.33071240046739,0.443570800155797,15,0,15,,,,,,,,,,,
500,76,100,3,0.001,0.001,200000,2000,124;423;371,0.000905254184867496,4.67073006891327,10.8639640515322,collapsed-R,0,1,1,TRUE,FALSE,0.002,26.5349199746415,44.4990607974738,TRUE,0.844999999999999,0.333333333333333,FALSE,0,1,1,0.333332922103511,1.00000204907581,0.333334016358603,16,1,16,,,,,,,,,,,
1000,77,100,3,0.001,0.001,200000,2000,249;127;461,0.012173408626834,4.55399994773557,10.8380439698041,collapsed-R,0,1,1,TRUE,FALSE,0.002,43.0383033285142,72.1752346819184,TRUE,1.529,0.333333333333333,FALSE,0,1,2,0.304469474126725,2.06333519708383,0.515833799270956,17,1,17,,,,,,,,,,,
2000,78,100,3,0.001,0.001,200000,2000,497;808;160,0.0111377148358345,4.73471006855118,10.9060191823392,collapsed-R,0,2,2,FALSE,FALSE,0.004,79.3042295581732,132.993192969056,TRUE,3.779,0.666666666666667,FALSE,0,2,4.5,0.294404608643524,1.56284715517827,0.312569431035653,18,1,18,,,,,,,,,,,
500,79,100,3,0.001,0.001,200000,2000,124;441;67,0.0144256102520696,4.50749171786714,10.8962256040392,collapsed-R,0,1,1,TRUE,FALSE,0.006,42.2150675514314,70.7946682837504,TRUE,0.835999999999999,0.333333333333333,FALSE,0,1,1,0.333324650625557,1.00005185603835,0.333350618679448,19,1,19,,,,,,,,,,,
1000,80,100,3,0.001,0.001,200000,2000,249;512;913,0.0333571169677947,4.12336680570857,10.8712449565554,collapsed-R,0,1,1,TRUE,FALSE,0.004,17.9027280913109,30.0228750091283,TRUE,0.983000000000004,0.333333333333333,FALSE,0,1,1,0.333332749334954,1.00007696136327,0.33335898712109,20,1,20,,,,,,,,,,,
500,61,200,3,0.001,0.001,200000,2000,124;246;165,0.02364960669148,4.57901062486505,10.7792613763417,AIW-N,3,3,3,FALSE,FALSE,0.002,145.249066974633,206.834671371877,TRUE,1.331,1,TRUE,0,3,1.33333333333333,0.767802829843132,1.39324206875352,0.232207011458921,1,1,1,,,,,,,,,,,
1000,62,200,3,0.001,0.001,200000,2000,249;805;917,0.00946056498285138,4.66730386174452,10.8993240142035,AIW-N,2,2,2,FALSE,FALSE,0.004,172.596473713264,245.777378567688,TRUE,3.03699999999999,0.666666666666667,FALSE,0,2,2.5,0.356217084584788,0.958804067095021,0.239701016773755,2,1,2,,,,,,,,,,,
2000,63,200,3,0.001,0.001,200000,2000,497;1219;173,0.0106355317445579,4.54501860886343,10.8790791564042,AIW-N,5,2,2,FALSE,FALSE,0.002,176.086678080821,250.747429587089,TRUE,11.214,0.666666666666667,FALSE,0,2,3.5,0.380469874894969,0.210790020862461,0.0526975052156153,3,1,3,,,,,,,,,,,
500,64,200,3,0.001,0.001,200000,2000,124;416;222,0.021934498434068,4.98124131602818,10.8768498562868,AIW-N,2,2,2,FALSE,FALSE,0.002,123.767109897562,176.244364494128,TRUE,1.239,0.666666666666667,FALSE,0,2,2.5,0.334571749722011,0.591779331159954,0.147944832789988,4,1,4,,,,,,,,,,,
1000,65,200,3,0.001,0.001,200000,2000,249;873;542,0.0122911581662912,4.51118140216808,10.8480181156915,AIW-N,2,2,2,FALSE,FALSE,0.002,151.910778091428,216.320948002193,TRUE,3.33799999999999,0.666666666666667,FALSE,0,2,5,0.135317418437416,0.307095326473403,0.0767738316183506,5,1,5,,,,,,,,,,,
2000,66,200,3,0.001,0.001,200000,2000,497;956;1320,0.0106467760981089,4.48620964391343,10.8584673726534,AIW-N,2,2,2,FALSE,FALSE,0.002,150.388712815331,214.153527049031,TRUE,10.178,0.666666666666667,FALSE,0,2,1,0.658495812917315,1.0757173860976,0.215143477219519,6,1,6,,,,,,,,,,,
500,67,200,3,0.001,0.001,200000,2000,124;247;310,0.0264446392359094,4.23607996346272,10.865658495655,AIW-N,3,3,3,FALSE,FALSE,0.002,129.722094308246,184.724262294942,TRUE,1.422,1,TRUE,0,3,1.33333333333333,0.833174205344171,0.281262538604221,0.0468770897673702,7,1,7,,,,,,,,,,,
1000,68,200,3,0.001,0.001,200000,2000,249;691;519,0.00169224235424785,4.64017678573905,10.8630423160144,AIW-N,2,1,1,TRUE,FALSE,0.002,102.069557543489,145.347049941928,TRUE,3.755,0.333333333333333,FALSE,0,1,2,0.184999026165561,2.00577568699147,0.501443921747867,8,1,8,,,,,,,,,,,
2000,69,200,3,0.001,0.001,200000,2000,497;1125;848,0.00765722447753021,4.68953835671967,10.8989752288453,AIW-N,5,2,2,FALSE,FALSE,0.002,152.307201267372,216.885454604737,TRUE,8.33699999999999,0.666666666666667,FALSE,0,2,1,0.673775205970332,8.72764958984879e-05,2.1819123974622e-05,9,1,9,,,,,,,,,,,
500,70,200,3,0.001,0.001,200000,2000,124;72;433,0.00317875007387826,4.65247452017281,10.8746515015171,AIW-N,5,3,3,FALSE,FALSE,0.002,237.694238201414,338.476595198814,TRUE,1.332,1,TRUE,0,3,2,0.758585837973655,0.383489226097994,0.0639148710163323,10,1,10,,,,,,,,,,,
1000,71,200,3,0.001,0.001,200000,2000,249;643;741,0.00793376154673578,4.73115163857093,10.8822902251762,AIW-N,2,2,2,FALSE,FALSE,0.002,169.775240864075,241.759942990442,TRUE,3.67699999999999,0.666666666666667,FALSE,0,2,2.5,0.305423347403855,1.43253364219859,0.286506728439718,11,1,11,,,,,,,,,,,
2000,72,200,3,0.001,0.001,200000,2000,497;1260;261,0.00131701401603532,4.63568617281925,10.8664700155224,AIW-N,5,2,2,FALSE,FALSE,0.002,183.986099393407,261.996205536211,TRUE,7.72799999999998,0.666666666666667,FALSE,0,2,1,0.668283716186521,8.21808158399301e-07,2.05452039599825e-07,12,1,12,,,,,,,,,,,
500,73,200,3,0.001,0.001,200000,2000,124;457;50,0.0111172788295451,4.69503813872171,10.9099008245705,AIW-N,5,2,2,FALSE,FALSE,0.002,271.696920725956,386.896415113761,TRUE,1.276,0.666666666666667,FALSE,0,2,4,0.228841509793127,0.232836135536058,0.0582090338840146,13,1,13,,,,,,,,,,,
1000,74,200,3,0.001,0.001,200000,2000,249;832;670,0.00606180152571289,4.75085444335497,10.8600613619581,AIW-N,5,2,2,FALSE,FALSE,0.002,196.815870081711,280.265798996356,TRUE,3.64099999999999,0.666666666666667,FALSE,0,2,1,0.711377291719765,0.0102718123055439,0.00256795307638597,14,1,14,,,,,,,,,,,
2000,75,200,3,0.001,0.001,200000,2000,497;1476;976,0.00767711277065178,4.6780798727295,10.8471928050156,AIW-N,5,2,2,FALSE,FALSE,0.002,235.37616828091,335.175663632016,TRUE,10.223,0.666666666666667,FALSE,0,2,3.5,0.50693785359855,0.363338214164183,0.0908345535410458,15,1,15,,,,,,,,,,,
500,76,200,3,0.001,0.001,200000,2000,124;401;278,0.00508593440266073,4.68889469134714,10.8823561472533,AIW-N,5,3,3,FALSE,FALSE,0.002,226.266921566636,322.20409631089,TRUE,1.337,1,TRUE,0,3,1.66666666666667,0.874382502220291,0.580706453698092,0.0967844089496819,16,1,16,,,,,,,,,,,
1000,77,200,3,0.001,0.001,200000,2000,249;539;707,0.0164595304689745,4.5056509769799,10.8874850246565,AIW-N,5,2,2,FALSE,FALSE,0.002,256.04194565503,364.603730612763,TRUE,3.581,0.666666666666667,FALSE,0,2,1.5,0.498870288220039,0.459830271586907,0.114957567896727,17,1,17,,,,,,,,,,,
2000,78,200,3,0.001,0.001,200000,2000,497;1010;1820,0.0117739882512516,4.79318535065082,10.8557561235539,AIW-N,2,2,2,FALSE,FALSE,0.002,129.717820597841,184.718176531326,TRUE,8.08399999999998,0.666666666666667,FALSE,0,2,2.5,0.177881519638002,1.5486233134928,0.309724662698559,18,1,18,,,,,,,,,,,
500,79,200,3,0.001,0.001,200000,2000,124;219;339,0.0166710947157752,4.75434448447937,10.8317151890553,AIW-N,2,2,2,FALSE,FALSE,0.002,107.249872754461,152.723818802352,TRUE,1.469,0.666666666666667,FALSE,0,2,1.5,0.476731192629237,0.401798934216848,0.100449733554212,19,1,19,,,,,,,,,,,
1000,80,200,3,0.001,0.001,200000,2000,249;829;394,0.0191544227917412,4.55149324167768,10.9073831946942,AIW-N,2,2,2,FALSE,FALSE,0.002,106.309026823763,151.384054197038,TRUE,3.59699999999999,0.666666666666667,FALSE,0,2,1,0.666666455133912,1.00000127241285,0.200000254482569,20,1,20,,,,,,,,,,,
500,61,200,3,0.001,0.001,200000,2000,124;246;165,0.02364960669148,4.57901062486505,10.7792613763417,SuSiE-RSS: finite R0 + EB mismatch,5,3,3,FALSE,FALSE,,,,TRUE,0.0920000000000005,1,TRUE,0,3,1.33333333333333,0.774886254125152,1.34228977684491,0.223714962807486,1,1,1,0.16.6,2000,eb,mle,0.00393416788746988,225.521456421578,0.00643737959970089,FALSE,FALSE,alpha_pip_fixed_point,8
1000,62,200,3,0.001,0.001,200000,2000,249;805;917,0.00946056498285138,4.66730386174452,10.8993240142035,SuSiE-RSS: finite R0 + EB mismatch,5,2,2,FALSE,FALSE,,,,TRUE,0.492999999999999,0.666666666666667,FALSE,0,2,2.5,0.378009975938833,0.796822170260084,0.199205542565021,2,1,2,0.16.6,2000,eb,mle,0.00442841809167555,202.904863467057,0.00818574838935495,FALSE,FALSE,alpha_pip_fixed_point,21
2000,63,200,3,0.001,0.001,200000,2000,497;1219;173,0.0106355317445579,4.54501860886343,10.8790791564042,SuSiE-RSS: finite R0 + EB mismatch,5,2,2,FALSE,FALSE,,,,TRUE,1.1,0.666666666666667,FALSE,0,2,3.5,0.372080995166934,0.178020211185467,0.0445050527963667,3,1,3,0.16.6,2000,eb,mle,0.00432107283763039,207.422711433564,0.00741352141417381,FALSE,FALSE,alpha_pip_fixed_point,4
500,64,200,3,0.001,0.001,200000,2000,124;416;222,0.021934498434068,4.98124131602818,10.8768498562868,SuSiE-RSS: finite R0 + EB mismatch,5,2,2,FALSE,FALSE,,,,TRUE,0.225000000000001,0.666666666666667,FALSE,0,2,2.5,0.330845798506906,0.578350376280863,0.144587594070216,4,1,4,0.16.6,2000,eb,mle,0.00235573443315231,350.17261703013,0.0093372247819911,FALSE,FALSE,alpha_pip_fixed_point,25
1000,65,200,3,0.001,0.001,200000,2000,249;873;542,0.0122911581662912,4.51118140216808,10.8480181156915,SuSiE-RSS: finite R0 + EB mismatch,5,2,2,FALSE,FALSE,,,,TRUE,0.602,0.666666666666667,FALSE,0,2,5,0.137554647577951,0.289367080009045,0.0723417700022614,5,1,5,0.16.6,2000,eb,mle,0.000190074291298466,1449.11933774314,0.0118801705617618,FALSE,FALSE,alpha_pip_fixed_point,25
2000,66,200,3,0.001,0.001,200000,2000,497;956;1320,0.0106467760981089,4.48620964391343,10.8584673726534,SuSiE-RSS: finite R0 + EB mismatch,5,2,2,FALSE,FALSE,,,,TRUE,1.599,0.666666666666667,FALSE,0,2,1.5,0.728670227703702,1.00363269167899,0.200726538335798,6,1,6,0.16.6,2000,eb,mle,0.00286258759520962,297.390022322277,0.00757268533631387,FALSE,FALSE,alpha_pip_fixed_point,17
500,67,200,3,0.001,0.001,200000,2000,124;247;310,0.0264446392359094,4.23607996346272,10.865658495655,SuSiE-RSS: finite R0 + EB mismatch,3,3,3,FALSE,FALSE,,,,TRUE,0.118,1,TRUE,0,3,1.66666666666667,0.793409767995488,0.51963452679797,0.0866057544663284,7,1,7,0.16.6,2000,eb,mle,0.00435805657151767,205.84363011804,0.00639699119431849,FALSE,FALSE,alpha_pip_fixed_point,10
1000,68,200,3,0.001,0.001,200000,2000,249;691;519,0.00169224235424785,4.64017678573905,10.8630423160144,SuSiE-RSS: finite R0 + EB mismatch,5,2,2,FALSE,FALSE,,,,TRUE,0.411999999999999,0.666666666666667,FALSE,0,2,2,0.516189116604679,1.13112120841489,0.226224241682977,8,1,8,0.16.6,2000,eb,mle,0.00133122767756449,546.081741910972,0.0105610332791962,FALSE,FALSE,alpha_pip_fixed_point,16
2000,69,200,3,0.001,0.001,200000,2000,497;1125;848,0.00765722447753021,4.68953835671967,10.8989752288453,SuSiE-RSS: finite R0 + EB mismatch,5,2,2,FALSE,FALSE,,,,TRUE,1.02,0.666666666666667,FALSE,0,2,1,0.665993105410898,0.00712491036056731,0.00178122759014183,9,1,9,0.16.6,2000,eb,mle,0.00474971071502874,190.486686654414,0.00748013506463188,FALSE,FALSE,alpha_pip_fixed_point,4
500,70,200,3,0.001,0.001,200000,2000,124;72;433,0.00317875007387826,4.65247452017281,10.8746515015171,SuSiE-RSS: finite R0 + EB mismatch,5,2,2,FALSE,FALSE,,,,TRUE,0.0939999999999994,0.666666666666667,FALSE,0,2,1,0.733644163259514,1.00047978738164,0.200095957476328,10,1,10,0.16.6,2000,eb,mle,0.0029500809154221,289.848274436095,0.00530964655430698,FALSE,FALSE,alpha_pip_fixed_point,8
1000,71,200,3,0.001,0.001,200000,2000,249;643;741,0.00793376154673578,4.73115163857093,10.8822902251762,SuSiE-RSS: finite R0 + EB mismatch,5,2,2,FALSE,FALSE,,,,TRUE,0.275,0.666666666666667,FALSE,0,2,2.5,0.300091142361907,1.37930134583339,0.275860269166677,11,1,11,0.16.6,2000,eb,mle,0.00347198448792395,251.76331958,0.0063627086839513,FALSE,FALSE,alpha_pip_fixed_point,8
2000,72,200,3,0.001,0.001,200000,2000,497;1260;261,0.00131701401603532,4.63568617281925,10.8664700155224,SuSiE-RSS: finite R0 + EB mismatch,3,2,2,FALSE,FALSE,,,,TRUE,1.216,0.666666666666667,FALSE,0,2,1,0.667486380400706,9.58769934609336e-05,2.39692483652334e-05,12,1,12,0.16.6,2000,eb,mle,0.00400923065458713,221.767320547847,0.00790663519544801,FALSE,FALSE,alpha_pip_fixed_point,10
500,73,200,3,0.001,0.001,200000,2000,124;457;50,0.0111172788295451,4.69503813872171,10.9099008245705,SuSiE-RSS: finite R0 + EB mismatch,5,2,2,FALSE,FALSE,,,,TRUE,0.0910000000000002,0.666666666666667,FALSE,0,2,4,0.228123709579303,0.241926191317948,0.0604815478294869,13,1,13,0.16.6,2000,eb,mle,0.000782968285198363,779.442494048391,0.00916219102954264,FALSE,FALSE,alpha_pip_fixed_point,8
1000,74,200,3,0.001,0.001,200000,2000,249;832;670,0.00606180152571289,4.75085444335497,10.8600613619581,SuSiE-RSS: finite R0 + EB mismatch,5,2,2,FALSE,FALSE,,,,TRUE,0.223000000000001,0.666666666666667,FALSE,0,2,1.5,0.64433413631911,0.138841950172868,0.034710487543217,14,1,14,0.16.6,2000,eb,mle,0.00250058571672776,333.268266400512,0.00971510566758833,FALSE,FALSE,alpha_pip_fixed_point,5
2000,75,200,3,0.001,0.001,200000,2000,497;1476;976,0.0076771127752363,4.67807987277124,10.8471928049541,SuSiE-RSS: finite R0 + EB mismatch,5,2,2,FALSE,FALSE,,,,TRUE,1.069,0.666666666666667,FALSE,0,2,3.5,0.316315186146328,0.483968974093921,0.12099224352348,15,1,15,0.16.6,2000,eb,mle,0.0046389765657091,194.591274588156,0.00661868094649569,FALSE,FALSE,alpha_pip_fixed_point,4
500,76,200,3,0.001,0.001,200000,2000,124;401;278,0.00508593440266073,4.68889469134714,10.8823561472533,SuSiE-RSS: finite R0 + EB mismatch,5,2,2,FALSE,FALSE,,,,TRUE,0.0899999999999999,0.666666666666667,FALSE,0,2,1,0.836719656691977,1.02439237070088,0.204878474140175,16,1,16,0.16.6,2000,eb,mle,0.00146556446459984,508.759706440656,0.00871075100050702,FALSE,FALSE,alpha_pip_fixed_point,7
1000,77,200,3,0.001,0.001,200000,2000,249;539;707,0.0164595304689745,4.5056509769799,10.8874850246565,SuSiE-RSS: finite R0 + EB mismatch,5,2,2,FALSE,FALSE,,,,TRUE,0.189,0.666666666666667,FALSE,0,2,1.5,0.486970094990174,0.454252760024795,0.113563190006199,17,1,17,0.16.6,2000,eb,mle,0.00169769246087737,455.022719421251,0.00783115999495346,FALSE,FALSE,alpha_pip_fixed_point,3
2000,78,200,3,0.001,0.001,200000,2000,497;1010;1820,0.0117739882512516,4.79318535065082,10.8557561235539,SuSiE-RSS: finite R0 + EB mismatch,5,2,2,FALSE,FALSE,,,,TRUE,1.2,0.666666666666667,FALSE,0,2,3.5,0.212865211892975,1.43327833731118,0.286655667462235,18,1,18,0.16.6,2000,eb,mle,0.00542804258215867,168.689746428214,0.00732220614085736,FALSE,FALSE,alpha_pip_fixed_point,12
500,79,200,3,0.001,0.001,200000,2000,124;219;339,0.0166710947157752,4.75434448447937,10.8317151890553,SuSiE-RSS: finite R0 + EB mismatch,5,2,2,FALSE,FALSE,,,,TRUE,0.227,0.666666666666667,FALSE,0,2,1.5,0.500561983621776,0.341827063586615,0.0854567658966538,19,1,19,0.16.6,2000,eb,mle,0.00402336789173698,221.074213712915,0.00860945252941267,FALSE,FALSE,alpha_pip_fixed_point,12
1000,80,200,3,0.001,0.001,200000,2000,249;829;394,0.0191544227917412,4.55149324167768,10.9073831946942,SuSiE-RSS: finite R0 + EB mismatch,3,2,2,FALSE,FALSE,,,,TRUE,0.189,0.666666666666667,FALSE,0,2,1,0.659079999939363,1.04920993516661,0.209841987033323,20,1,20,0.16.6,2000,eb,mle,0.0151928815753521,63.7231597777835,0.00397841318727823,FALSE,FALSE,alpha_pip_fixed_point,6
500,61,200,3,0.001,0.001,200000,2000,124;246;165,0.02364960669148,4.57901062486505,10.7792613763417,SuSiE-RSS: in-sample R,3,3,3,FALSE,FALSE,,,,TRUE,0.0140000000000029,1,TRUE,0,3,1,0.997658602241604,0,0,1,1,1,,,,,,,,,,,
1000,62,200,3,0.001,0.001,200000,2000,249;805;917,0.00946056498285138,4.66730386174452,10.8993240142035,SuSiE-RSS: in-sample R,3,2,2,FALSE,FALSE,,,,TRUE,0.0990000000000038,0.666666666666667,FALSE,0,2,2.5,0.451796271601659,0,0,2,1,2,,,,,,,,,,,
2000,63,200,3,0.001,0.001,200000,2000,497;1219;173,0.0106355317445579,4.54501860886343,10.8790791564042,SuSiE-RSS: in-sample R,5,2,2,FALSE,FALSE,,,,TRUE,0.106999999999999,0.666666666666667,FALSE,0,2,3.5,0.370836748689307,0,0,3,1,3,,,,,,,,,,,
500,64,200,3,0.001,0.001,200000,2000,124;416;222,0.021934498434068,4.98124131602818,10.8768498562868,SuSiE-RSS: in-sample R,3,2,2,FALSE,FALSE,,,,TRUE,0.0119999999999934,0.666666666666667,FALSE,0,2,2.5,0.283675033309418,0,0,4,1,4,,,,,,,,,,,
1000,65,200,3,0.001,0.001,200000,2000,249;873;542,0.0122911581662912,4.51118140216808,10.8480181156915,SuSiE-RSS: in-sample R,3,2,2,FALSE,FALSE,,,,TRUE,0.0379999999999967,0.666666666666667,FALSE,0,2,5,0.198619673750771,0,0,5,1,5,,,,,,,,,,,
2000,66,200,3,0.001,0.001,200000,2000,497;956;1320,0.0106467760981089,4.48620964391343,10.8584673726534,SuSiE-RSS: in-sample R,3,3,3,FALSE,FALSE,,,,TRUE,0.155999999999978,1,TRUE,0,3,2,0.857383899938071,0,0,6,1,6,,,,,,,,,,,
500,67,200,3,0.001,0.001,200000,2000,124;247;310,0.0264446392359094,4.23607996346272,10.865658495655,SuSiE-RSS: in-sample R,3,3,3,FALSE,FALSE,,,,TRUE,0.017000000000003,1,TRUE,0,3,1.33333333333333,0.880014793353204,0,0,7,1,7,,,,,,,,,,,
1000,68,200,3,0.001,0.001,200000,2000,249;691;519,0.00169224235424785,4.64017678573905,10.8630423160144,SuSiE-RSS: in-sample R,3,3,3,FALSE,FALSE,,,,TRUE,0.0479999999999876,1,TRUE,0,3,6,0.567105251718886,0,0,8,1,8,,,,,,,,,,,
2000,69,200,3,0.001,0.001,200000,2000,497;1125;848,0.00765722447753021,4.68953835671967,10.8989752288453,SuSiE-RSS: in-sample R,5,2,2,FALSE,FALSE,,,,TRUE,0.138000000000005,0.666666666666667,FALSE,0,2,1,0.674389983220531,0,0,9,1,9,,,,,,,,,,,
500,70,200,3,0.001,0.001,200000,2000,124;72;433,0.00317875007387826,4.65247452017281,10.8746515015171,SuSiE-RSS: in-sample R,3,3,3,FALSE,FALSE,,,,TRUE,0.0109999999999957,1,TRUE,0,3,2.33333333333333,0.762895071161909,0,0,10,1,10,,,,,,,,,,,
1000,71,200,3,0.001,0.001,200000,2000,249;643;741,0.00793376154673578,4.73115163857093,10.8822902251762,SuSiE-RSS: in-sample R,3,3,3,FALSE,FALSE,,,,TRUE,0.0360000000000014,1,TRUE,0,3,2,0.653795542867203,0,0,11,1,11,,,,,,,,,,,
2000,72,200,3,0.001,0.001,200000,2000,497;1260;261,0.00131701401603532,4.63568617281925,10.8664700155224,SuSiE-RSS: in-sample R,3,2,2,FALSE,FALSE,,,,TRUE,0.120000000000005,0.666666666666667,FALSE,0,2,1,0.861119865035119,0,0,12,1,12,,,,,,,,,,,
500,73,200,3,0.001,0.001,200000,2000,124;457;50,0.0111172788295451,4.69503813872171,10.9099008245705,SuSiE-RSS: in-sample R,3,2,2,FALSE,FALSE,,,,TRUE,0.0200000000000031,0.666666666666667,FALSE,0,2,4,0.292008178158199,0,0,13,1,13,,,,,,,,,,,
1000,74,200,3,0.001,0.001,200000,2000,249;832;670,0.00606180152571289,4.75085444335497,10.8600613619581,SuSiE-RSS: in-sample R,2,2,2,FALSE,FALSE,,,,TRUE,0.0339999999999918,0.666666666666667,FALSE,0,2,1,0.665874432257187,0,0,14,1,14,,,,,,,,,,,
2000,75,200,3,0.001,0.001,200000,2000,497;1476;976,0.00767711277065178,4.6780798727295,10.8471928050156,SuSiE-RSS: in-sample R,5,2,2,FALSE,FALSE,,,,TRUE,0.13900000000001,0.666666666666667,FALSE,0,2,3.5,0.394862198703592,0,0,15,1,15,,,,,,,,,,,
500,76,200,3,0.001,0.001,200000,2000,124;401;278,0.00508593440266073,4.68889469134714,10.8823561472533,SuSiE-RSS: in-sample R,3,3,3,FALSE,FALSE,,,,TRUE,0.0150000000000006,1,TRUE,0,3,1.33333333333333,0.946358190983237,0,0,16,1,16,,,,,,,,,,,
1000,77,200,3,0.001,0.001,200000,2000,249;539;707,0.0164595304689745,4.5056509769799,10.8874850246565,SuSiE-RSS: in-sample R,5,2,2,FALSE,FALSE,,,,TRUE,0.0439999999999969,0.666666666666667,FALSE,0,2,1.5,0.566934952803865,0,0,17,1,17,,,,,,,,,,,
2000,78,200,3,0.001,0.001,200000,2000,497;1010;1820,0.0117739882512516,4.79318535065082,10.8557561235539,SuSiE-RSS: in-sample R,3,3,3,FALSE,FALSE,,,,TRUE,0.131,1,TRUE,0,3,3.33333333333333,0.319242170510481,0,0,18,1,18,,,,,,,,,,,
500,79,200,3,0.001,0.001,200000,2000,124;219;339,0.0166710947157752,4.75434448447937,10.8317151890553,SuSiE-RSS: in-sample R,4,2,2,FALSE,FALSE,,,,TRUE,0.0159999999999982,0.666666666666667,FALSE,0,2,1.5,0.582038977971176,0,0,19,1,19,,,,,,,,,,,
1000,80,200,3,0.001,0.001,200000,2000,249;829;394,0.0191544227917412,4.55149324167768,10.9073831946942,SuSiE-RSS: in-sample R,5,3,3,FALSE,FALSE,,,,TRUE,0.0450000000000017,1,TRUE,0,3,1.33333333333333,0.854230100123749,0,0,20,1,20,,,,,,,,,,,
500,61,200,3,0.001,0.001,200000,2000,124;246;165,0.02364960669148,4.57901062486505,10.7792613763417,SuSiE-RSS: reference R0,5,3,3,FALSE,FALSE,,,,TRUE,0.0239999999999938,1,TRUE,0,3,1.33333333333333,0.713282297038561,1.7203793547159,0.28672989245265,1,1,1,,,,,,,,,,,
1000,62,200,3,0.001,0.001,200000,2000,249;805;917,0.00946056498285138,4.66730386174452,10.8993240142035,SuSiE-RSS: reference R0,5,3,3,FALSE,FALSE,,,,TRUE,0.0480000000000018,0.333333333333333,FALSE,2,1,1.66666666666667,0.343219238796161,1.18129852085613,0.236259704171225,2,0.333333333333333,2,,,,,,,,,,,
2000,63,200,3,0.001,0.001,200000,2000,497;1219;173,0.0106355317445579,4.54501860886343,10.8790791564042,SuSiE-RSS: reference R0,5,2,2,FALSE,FALSE,,,,TRUE,0.254000000000019,0.666666666666667,FALSE,0,2,3.5,0.380486105686045,0.210801452480859,0.0527003631202148,3,1,3,,,,,,,,,,,
500,64,200,3,0.001,0.001,200000,2000,124;416;222,0.021934498434068,4.98124131602818,10.8768498562868,SuSiE-RSS: reference R0,5,2,2,FALSE,FALSE,,,,TRUE,0.017000000000003,0.666666666666667,FALSE,0,2,2.5,0.336861053315624,0.590361913810951,0.147590478452738,4,1,4,,,,,,,,,,,
1000,65,200,3,0.001,0.001,200000,2000,249;873;542,0.0122911581662912,4.51118140216808,10.8480181156915,SuSiE-RSS: reference R0,5,3,3,FALSE,FALSE,,,,TRUE,0.070999999999998,0.666666666666667,FALSE,1,2,4,0.136303571814183,1.31848362819236,0.263696725638472,5,0.666666666666667,5,,,,,,,,,,,
2000,66,200,3,0.001,0.001,200000,2000,497;956;1320,0.0106467760981089,4.48620964391343,10.8584673726534,SuSiE-RSS: reference R0,5,3,3,FALSE,FALSE,,,,TRUE,0.324999999999989,1,TRUE,0,3,1.66666666666667,0.795275581907916,0.548607402872931,0.0914345671454886,6,1,6,,,,,,,,,,,
500,67,200,3,0.001,0.001,200000,2000,124;247;310,0.0264446392359094,4.23607996346272,10.865658495655,SuSiE-RSS: reference R0,5,3,3,FALSE,FALSE,,,,TRUE,0.0279999999999987,1,TRUE,0,3,1.33333333333333,0.837368044424735,0.256622942347126,0.0427704903911877,7,1,7,,,,,,,,,,,
1000,68,200,3,0.001,0.001,200000,2000,249;691;519,0.00169224235424785,4.64017678573905,10.8630423160144,SuSiE-RSS: reference R0,5,3,3,FALSE,FALSE,,,,TRUE,0.078000000000003,1,TRUE,0,3,3,0.534093070000214,1.33569873205182,0.22261645534197,8,1,8,,,,,,,,,,,
2000,69,200,3,0.001,0.001,200000,2000,497;1125;848,0.00765722447753021,4.68953835671967,10.8989752288453,SuSiE-RSS: reference R0,5,2,2,FALSE,FALSE,,,,TRUE,0.201999999999998,0.666666666666667,FALSE,0,2,1,0.673772069634353,8.74637968867231e-05,2.18659492216808e-05,9,1,9,,,,,,,,,,,
500,70,200,3,0.001,0.001,200000,2000,124;72;433,0.00317875007387826,4.65247452017281,10.8746515015171,SuSiE-RSS: reference R0,5,3,3,FALSE,FALSE,,,,TRUE,0.0189999999999984,1,TRUE,0,3,2,0.758661593362033,0.382937910423711,0.0638229850706185,10,1,10,,,,,,,,,,,
1000,71,200,3,0.001,0.001,200000,2000,249;643;741,0.00793376154673578,4.73115163857093,10.8822902251762,SuSiE-RSS: reference R0,5,2,2,FALSE,FALSE,,,,TRUE,0.063999999999993,0.666666666666667,FALSE,0,2,2.5,0.605994423085384,1.41137101514822,0.282274203029644,11,1,11,,,,,,,,,,,
2000,72,200,3,0.001,0.001,200000,2000,497;1260;261,0.00131701401603532,4.63568617281925,10.8664700155224,SuSiE-RSS: reference R0,5,2,2,FALSE,FALSE,,,,TRUE,0.131,0.666666666666667,FALSE,0,2,1,0.668275531614707,8.18108199540676e-07,2.04527049885169e-07,12,1,12,,,,,,,,,,,
500,73,200,3,0.001,0.001,200000,2000,124;457;50,0.0111172788295451,4.69503813872171,10.9099008245705,SuSiE-RSS: reference R0,5,2,2,FALSE,FALSE,,,,TRUE,0.0249999999999986,0.666666666666667,FALSE,0,2,4,0.228916564262048,0.232816809038651,0.0582042022596627,13,1,13,,,,,,,,,,,
1000,74,200,3,0.001,0.001,200000,2000,249;832;670,0.00606180152571289,4.75085444335497,10.8600613619581,SuSiE-RSS: reference R0,5,2,2,FALSE,FALSE,,,,TRUE,0.0590000000000117,0.666666666666667,FALSE,0,2,1,0.711510085812298,0.0100658494280509,0.00251646235701272,14,1,14,,,,,,,,,,,
2000,75,200,3,0.001,0.001,200000,2000,497;1476;976,0.00767711277065178,4.6780798727295,10.8471928050156,SuSiE-RSS: reference R0,5,2,2,FALSE,FALSE,,,,TRUE,0.337000000000018,0.666666666666667,FALSE,0,2,3.5,0.507454495865141,0.36418484157145,0.0910462103928626,15,1,15,,,,,,,,,,,
500,76,200,3,0.001,0.001,200000,2000,124;401;278,0.00508593440266073,4.68889469134714,10.8823561472533,SuSiE-RSS: reference R0,5,3,3,FALSE,FALSE,,,,TRUE,0.0180000000000007,1,TRUE,0,3,1.66666666666667,0.874725283705433,0.579061573437177,0.0965102622395295,16,1,16,,,,,,,,,,,
1000,77,200,3,0.001,0.001,200000,2000,249;539;707,0.0164595304689745,4.5056509769799,10.8874850246565,SuSiE-RSS: reference R0,5,2,2,FALSE,FALSE,,,,TRUE,0.039999999999992,0.666666666666667,FALSE,0,2,1.5,0.498827651162918,0.460172821101028,0.115043205275257,17,1,17,,,,,,,,,,,
2000,78,200,3,0.001,0.001,200000,2000,497;1010;1820,0.0117739882512516,4.79318535065082,10.8557561235539,SuSiE-RSS: reference R0,5,3,3,FALSE,FALSE,,,,TRUE,0.147999999999996,1,TRUE,0,3,2.66666666666667,0.35281019213637,0.934723876098762,0.155787312683127,18,1,18,,,,,,,,,,,
500,79,200,3,0.001,0.001,200000,2000,124;219;339,0.0166710947157752,4.75434448447937,10.8317151890553,SuSiE-RSS: reference R0,5,3,3,FALSE,FALSE,,,,TRUE,0.0279999999999987,1,TRUE,0,3,4.33333333333333,0.478445642470516,1.46249833385507,0.292499666771014,19,1,19,,,,,,,,,,,
1000,80,200,3,0.001,0.001,200000,2000,249;829;394,0.0191544227917412,4.55149324167768,10.9073831946942,SuSiE-RSS: reference R0,5,3,3,FALSE,FALSE,,,,TRUE,0.126000000000005,0.666666666666667,FALSE,1,2,1.66666666666667,0.667317517441485,1.99621183364194,0.332701972273656,20,0.666666666666667,20,,,,,,,,,,,
500,61,200,3,0.001,0.001,200000,2000,124;246;165,0.02364960669148,4.57901062486505,10.7792613763417,collapsed-R,0,2,2,FALSE,FALSE,0.002,76.569726596987,128.407431503147,TRUE,1.179,0.666666666666667,FALSE,0,2,2,0.635603958678568,1.25388026254271,0.250776052508542,1,1,1,,,,,,,,,,,
1000,62,200,3,0.001,0.001,200000,2000,249;805;917,0.00946056498285138,4.66730386174452,10.8993240142035,collapsed-R,0,2,2,FALSE,FALSE,0.002,65.6736473428854,110.134706594019,TRUE,1.35599999999999,0.666666666666667,FALSE,0,2,2.5,0.392384543754744,0.827993179804881,0.20699829495122,2,1,2,,,,,,,,,,,
2000,63,200,3,0.001,0.001,200000,2000,497;1219;173,0.0106355317445579,4.54501860886343,10.8790791564042,collapsed-R,0,2,2,FALSE,FALSE,0.002,81.2322061733633,136.22640975273,TRUE,3.28,0.666666666666667,FALSE,0,2,4.5,0.341526459711023,0.352753713880494,0.0881884284701234,3,1,3,,,,,,,,,,,
500,64,200,3,0.001,0.001,200000,2000,124;416;222,0.021934498434068,4.98124131602818,10.8768498562868,collapsed-R,0,2,2,FALSE,FALSE,0.002,120.594759286273,202.23741132308,TRUE,0.654000000000004,0.666666666666667,FALSE,0,2,3,0.308679626405974,0.615098492258426,0.153774623064606,4,1,4,,,,,,,,,,,
1000,65,200,3,0.001,0.001,200000,2000,249;873;542,0.0122911581662912,4.51118140216808,10.8480181156915,collapsed-R,0,2,2,FALSE,FALSE,0.002,102.516170626247,171.919618140216,TRUE,1.547,0.666666666666667,FALSE,0,2,5,0.141801812395217,0.234750528919099,0.0586876322297746,5,1,5,,,,,,,,,,,
2000,66,200,3,0.001,0.001,200000,2000,497;956;1320,0.0106467760981089,4.48620964391343,10.8584673726534,collapsed-R,0,2,2,FALSE,FALSE,0.002,80.0388120393735,134.225087790029,TRUE,3.97999999999999,0.666666666666667,FALSE,0,2,1.5,0.595493089909689,1.3120245928527,0.262404918570539,6,1,6,,,,,,,,,,,
500,67,200,3,0.001,0.001,200000,2000,124;247;310,0.0264446392359094,4.23607996346272,10.865658495655,collapsed-R,0,2,2,FALSE,FALSE,0.002,64.5335345876306,108.222737503456,TRUE,1.086,0.666666666666667,FALSE,0,2,1.5,0.511727389603305,1.31025765196903,0.262051530393806,7,1,7,,,,,,,,,,,
1000,68,200,3,0.001,0.001,200000,2000,249;691;519,0.00169224235424785,4.64017678573905,10.8630423160144,collapsed-R,0,1,1,TRUE,FALSE,0.002,72.7842539705433,122.059193908601,TRUE,2.07299999999999,0.333333333333333,FALSE,0,1,2,0.184999026165561,2.00577568699147,0.501443921747867,8,1,8,,,,,,,,,,,
2000,69,200,3,0.001,0.001,200000,2000,497;1125;848,0.00765722447753021,4.68953835671967,10.8989752288453,collapsed-R,0,1,1,TRUE,FALSE,0.002,71.9965433052871,120.738203122966,TRUE,3.33600000000001,0.333333333333333,FALSE,0,1,1,0.333319051136922,1.00008568598962,0.333361895329873,9,1,9,,,,,,,,,,,
500,70,200,3,0.001,0.001,200000,2000,124;72;433,0.00317875007387826,4.65247452017281,10.8746515015171,collapsed-R,0,2,2,FALSE,FALSE,0.002,176.388564050009,295.803621911865,TRUE,1.306,0.666666666666667,FALSE,0,2,1,0.694970637451586,1.00115793271652,0.200231586543305,10,1,10,,,,,,,,,,,
1000,71,200,3,0.001,0.001,200000,2000,249;643;741,0.00793376154673578,4.73115163857093,10.8822902251762,collapsed-R,0,2,2,FALSE,FALSE,0.002,124.541126667476,208.855469421357,TRUE,1.66499999999999,0.666666666666667,FALSE,0,2,3,0.282002942525678,1.39522130916136,0.279044261832273,11,1,11,,,,,,,,,,,
2000,72,200,3,0.001,0.001,200000,2000,497;1260;261,0.00131701401603532,4.63568617281925,10.8664700155224,collapsed-R,0,2,2,FALSE,FALSE,0.002,76.2617647507915,127.890979487077,TRUE,3.494,0.666666666666667,FALSE,0,2,1,0.666399696950969,0.00638097895925976,0.00159524473981494,12,1,12,,,,,,,,,,,
500,73,200,3,0.001,0.001,200000,2000,124;457;50,0.0111172788295451,4.69503813872171,10.9099008245705,collapsed-R,0,2,2,FALSE,FALSE,0.002,200.722083742946,336.61093443692,TRUE,0.914000000000001,0.666666666666667,FALSE,0,2,4,0.223258371130412,0.267072973831458,0.0667682434578646,13,1,13,,,,,,,,,,,
1000,74,200,3,0.001,0.001,200000,2000,249;832;670,0.00606180152571289,4.75085444335497,10.8600613619581,collapsed-R,0,2,2,FALSE,FALSE,0.002,163.155350778339,273.611523255274,TRUE,1.964,0.666666666666667,FALSE,0,2,1.5,0.61980981085387,0.294450560396554,0.0736126400991384,14,1,14,,,,,,,,,,,
2000,75,200,3,0.001,0.001,200000,2000,497;1476;976,0.00767711277065178,4.6780798727295,10.8471928050156,collapsed-R,0,2,2,FALSE,FALSE,0.002,128.654524288774,215.753637232274,TRUE,3.65199999999999,0.666666666666667,FALSE,0,2,3.5,0.296567744933041,0.726180392223655,0.181545098055914,15,1,15,,,,,,,,,,,
500,76,200,3,0.001,0.001,200000,2000,124;401;278,0.00508593440266073,4.68889469134714,10.8823561472533,collapsed-R,0,2,2,FALSE,FALSE,0.002,113.521265003918,190.37516141157,TRUE,1.145,0.666666666666667,FALSE,0,2,1.5,0.651254589203732,1.14718402237848,0.229436804475697,16,1,16,,,,,,,,,,,
1000,77,200,3,0.001,0.001,200000,2000,249;539;707,0.0164595304689745,4.5056509769799,10.8874850246565,collapsed-R,0,2,2,FALSE,FALSE,0.002,218.54076961875,366.492870650644,TRUE,1.44499999999999,0.666666666666667,FALSE,0,2,1.5,0.495962707500184,0.420680921879846,0.105170230469962,17,1,17,,,,,,,,,,,
2000,78,200,3,0.001,0.001,200000,2000,497;1010;1820,0.0117739882512516,4.79318535065082,10.8557561235539,collapsed-R,0,2,2,FALSE,FALSE,0.002,75.5456946186829,126.690129875531,TRUE,4.43600000000001,0.666666666666667,FALSE,0,2,5,0.199225105515459,1.76483446198875,0.35296689239775,18,1,18,,,,,,,,,,,
500,79,200,3,0.001,0.001,200000,2000,124;219;339,0.0166710947157752,4.75434448447937,10.8317151890553,collapsed-R,0,2,2,FALSE,FALSE,0.002,73.8869477950015,123.908411452218,TRUE,0.875,0.666666666666667,FALSE,0,2,2,0.482828827085912,0.383772185160258,0.0959430462900646,19,1,19,,,,,,,,,,,
1000,80,200,3,0.001,0.001,200000,2000,249;829;394,0.0191544227917412,4.55149324167768,10.9073831946942,collapsed-R,0,2,2,FALSE,FALSE,0.002,66.3256401037723,111.228098454026,TRUE,1.526,0.666666666666667,FALSE,0,2,1,0.665239294014438,1.02902247340306,0.205804494680613,20,1,20,,,,,,,,,,,
500,61,500,3,0.001,0.001,200000,2000,124;77;367,0.0128166489838008,4.72023273252781,10.9063263822767,AIW-N,5,3,3,FALSE,FALSE,0.002,335.846419003883,478.245300661529,TRUE,1.269,1,TRUE,0,3,3.66666666666667,0.588850865838127,1.24582825248429,0.249165650496859,1,1,1,,,,,,,,,,,
1000,62,500,3,0.001,0.001,200000,2000,249;890;512,0.0164071702158935,4.49311738378792,10.8345279413353,AIW-N,3,2,2,FALSE,FALSE,0.002,625.975802133205,891.389542237684,TRUE,3.43499999999999,0.666666666666667,FALSE,0,2,1,0.719337161400353,1.08527475864407,0.217054951728814,2,1,2,,,,,,,,,,,
2000,63,500,3,0.001,0.001,200000,2000,497;1577;1253,0.00908436182826699,4.54397826044566,10.8551217696001,AIW-N,5,2,2,FALSE,FALSE,0.002,612.671441440542,872.444132611332,TRUE,8.60300000000001,0.666666666666667,FALSE,0,2,2.5,0.433520313228637,0.259273410912387,0.0648183527280968,3,1,3,,,,,,,,,,,
500,64,500,3,0.001,0.001,200000,2000,124;182;403,0.0101931007121329,4.61895183881142,10.8297984305995,AIW-N,5,2,2,FALSE,FALSE,0.002,517.360758900954,736.721720674958,TRUE,1.27,0.666666666666667,FALSE,0,2,1.5,0.619401629724037,0.1442071428424,0.0360517857106,4,1,4,,,,,,,,,,,
1000,65,500,3,0.001,0.001,200000,2000,249;124;876,0.00623565683145879,4.74162901429859,10.8625566132679,AIW-N,5,2,2,FALSE,FALSE,0.001,379.990456861546,541.106410570841,TRUE,3.06099999999999,0.666666666666667,FALSE,0,2,4,0.0612388156267265,0.200013459598355,0.0500033648995887,5,1,5,,,,,,,,,,,
2000,66,500,3,0.001,0.001,200000,2000,497;1219;882,0.0150587619730482,4.64989838192538,10.8152266514906,AIW-N,5,3,3,FALSE,FALSE,0.002,568.241025036396,809.175219651828,TRUE,9.429,0.666666666666667,FALSE,1,2,4,0.627353764569158,0.342306274692174,0.057051045782029,6,0.666666666666667,6,,,,,,,,,,,
500,67,500,3,0.001,0.001,200000,2000,124;374;447,0.00933777479944309,4.74898879398455,10.8822243319394,AIW-N,5,3,3,FALSE,FALSE,0.002,343.367595532856,488.955456038786,TRUE,1.315,1,TRUE,0,3,2.33333333333333,0.608985922749754,0.202900280592444,0.0338167134320739,7,1,7,,,,,,,,,,,
1000,68,500,3,0.001,0.001,200000,2000,249;107;886,0.00482104846770981,4.67013893224416,10.8511395784997,AIW-N,5,3,3,FALSE,FALSE,0.002,636.650278017504,906.589995896925,TRUE,3.66200000000001,1,TRUE,0,3,1.66666666666667,0.747442174796876,0.0929132588775524,0.0154855431462587,8,1,8,,,,,,,,,,,
2000,69,500,3,0.001,0.001,200000,2000,497;1186;322,0.00317046566348954,4.62693540190453,10.859565704272,AIW-N,4,2,2,FALSE,FALSE,0.002,962.840078079078,1371.08427118461,TRUE,7.81200000000001,0.666666666666667,FALSE,0,2,1,0.721248197545446,0.0088770197352574,0.00221925493381435,9,1,9,,,,,,,,,,,
500,70,500,3,0.001,0.001,200000,2000,124;377;288,0.0108061209710659,4.78018484598995,10.8807058811031,AIW-N,5,2,2,FALSE,FALSE,0.001,291.255105347716,414.747270015148,TRUE,1.129,0.666666666666667,FALSE,0,2,1.5,0.489914892381126,0.180761671793348,0.0451904179483371,10,1,10,,,,,,,,,,,
1000,71,500,3,0.001,0.001,200000,2000,249;873;650,0.00332420642265457,4.65557004038134,10.8543998850699,AIW-N,5,3,3,FALSE,FALSE,0.002,483.306500027311,688.228456038891,TRUE,3.00100000000001,1,TRUE,0,3,2.33333333333333,0.564922107767059,0.76419099038711,0.127365165064518,11,1,11,,,,,,,,,,,
2000,72,500,3,0.001,0.001,200000,2000,497;1455;821,0.00375126146526729,4.60910211713809,10.8621111845929,AIW-N,5,3,3,FALSE,FALSE,0.002,968.675429435555,1379.39381151623,TRUE,7.73599999999999,0.666666666666667,FALSE,1,2,1,0.663627897247972,1.0294020754164,0.205880415083279,12,0.666666666666667,12,,,,,,,,,,,
500,73,500,3,0.001,0.001,200000,2000,124;396;259,0.00460043902933382,4.61950024361828,10.8600553291703,AIW-N,4,2,2,FALSE,FALSE,0.001,330.231579054404,470.249768573472,TRUE,1.36199999999999,0.666666666666667,FALSE,0,2,4.5,0.242817434532241,0.336321637134656,0.0840804092836641,13,1,13,,,,,,,,,,,
1000,74,500,3,0.001,0.001,200000,2000,249;829;424,0.00710546203610887,4.61560715086989,10.8435245432958,AIW-N,5,3,3,FALSE,FALSE,0.002,1007.78355933457,1435.08378849243,TRUE,2.75100000000001,1,TRUE,0,3,3,0.548162686198348,0.216364018710677,0.0360606697851128,14,1,14,,,,,,,,,,,
2000,75,500,3,0.001,0.001,200000,2000,497;281;1476,0.0104528801123118,4.56435238380415,10.8446325578422,AIW-N,4,2,2,FALSE,FALSE,0.002,812.402324932773,1156.86091070427,TRUE,9.006,0.666666666666667,FALSE,0,2,2.5,0.472299686241239,1.06463083026954,0.266157707567385,15,1,15,,,,,,,,,,,
500,76,500,3,0.001,0.001,200000,2000,124;401;178,0.0162528657533647,4.85700661268475,10.8827279759752,AIW-N,5,3,3,FALSE,FALSE,0.002,340.016336764442,484.183263552565,TRUE,1.299,1,TRUE,0,3,1.33333333333333,0.893094222079059,0.240475592854724,0.0400792654757873,16,1,16,,,,,,,,,,,
1000,77,500,3,0.001,0.001,200000,2000,249;913;154,0.0151746434995726,4.71380592603056,10.8230059299105,AIW-N,5,2,2,FALSE,FALSE,0.001,556.940027632164,793.082599348201,TRUE,3.69500000000001,0.666666666666667,FALSE,0,2,1.5,0.510140961311042,0.199885235271409,0.0499713088178523,17,1,17,,,,,,,,,,,
2000,78,500,3,0.001,0.001,200000,2000,497;1267;1570,0.00685721718401446,4.54226447470613,10.8687012628885,AIW-N,5,2,2,FALSE,FALSE,0.002,797.175418573737,1135.177796049,TRUE,6.41900000000001,0.666666666666667,FALSE,0,2,3.5,0.202998832884772,0.172017181034583,0.0430042952586457,18,1,18,,,,,,,,,,,
500,79,500,3,0.001,0.001,200000,2000,124;452;301,0.0104758274368059,4.6836413630805,10.9053873041873,AIW-N,5,2,2,FALSE,FALSE,0.002,488.384273967901,695.459206130291,TRUE,1.087,0.666666666666667,FALSE,0,2,1,0.771919644234047,0.000688456924254734,0.000172114231063683,19,1,19,,,,,,,,,,,
1000,80,500,3,0.001,0.001,200000,2000,249;778;343,0.00843635837855622,4.62489146407232,10.8446023535089,AIW-N,5,2,2,FALSE,FALSE,0.002,699.155651372716,995.597647554747,TRUE,2.89200000000001,0.666666666666667,FALSE,0,2,2.5,0.562837579325987,0.301974110014864,0.075493527503716,20,1,20,,,,,,,,,,,
500,61,500,3,0.001,0.001,200000,2000,124;77;367,0.0128166489838008,4.72023273252781,10.9063263822767,SuSiE-RSS: finite R0 + EB mismatch,5,2,2,FALSE,FALSE,,,,TRUE,0.179,0.666666666666667,FALSE,0,2,6,0.515155086764627,0.592905699189262,0.148226424797316,1,1,1,0.16.6,2000,eb,mle,0.00480361479414504,188.550646835052,0.00479724947593026,FALSE,FALSE,alpha_pip_fixed_point,20
1000,62,500,3,0.001,0.001,200000,2000,249;890;512,0.0164071702158935,4.49311738378792,10.8345279413353,SuSiE-RSS: finite R0 + EB mismatch,3,2,2,FALSE,FALSE,,,,TRUE,0.192,0.666666666666667,FALSE,0,2,1.5,0.719178925746441,1.10535150702887,0.221070301405774,2,1,2,0.16.6,2000,eb,mle,0,2000,0.00821571076287122,FALSE,FALSE,alpha_pip_fixed_point,5
2000,63,500,3,0.001,0.001,200000,2000,497;1577;1253,0.00908436182826699,4.54397826044566,10.8551217696001,SuSiE-RSS: finite R0 + EB mismatch,5,2,2,FALSE,FALSE,,,,TRUE,1.079,0.666666666666667,FALSE,0,2,2.5,0.342064353926594,0.679318999012125,0.169829749753031,3,1,3,0.16.6,2000,eb,mle,0.00467133100684097,193.373813951792,0.00471288652050373,FALSE,FALSE,alpha_pip_fixed_point,4
500,64,500,3,0.001,0.001,200000,2000,124;182;403,0.0101931007121329,4.61895183881142,10.8297984305995,SuSiE-RSS: finite R0 + EB mismatch,3,2,2,FALSE,FALSE,,,,TRUE,0.0939999999999994,0.666666666666667,FALSE,0,2,1.5,0.594947412807505,0.136483884744089,0.0341209711860223,4,1,4,0.16.6,2000,eb,mle,0,2000,0.00682225494468924,FALSE,FALSE,alpha_pip_fixed_point,7
1000,65,500,3,0.001,0.001,200000,2000,249;124;876,0.00623565683145879,4.74162901429859,10.8625566132679,SuSiE-RSS: finite R0 + EB mismatch,5,2,2,FALSE,FALSE,,,,TRUE,0.386999999999999,0.666666666666667,FALSE,0,2,4,0.0675894556025259,0.167909978542158,0.0419774946355395,5,1,5,0.16.6,2000,eb,mle,9.70433506956249e-05,1674.92025300153,0.00578411615004066,FALSE,FALSE,alpha_pip_fixed_point,10
2000,66,500,3,0.001,0.001,200000,2000,497;1219;882,0.0150587619730482,4.64989838192538,10.8152266514906,SuSiE-RSS: finite R0 + EB mismatch,5,2,2,FALSE,FALSE,,,,TRUE,1.2,0.666666666666667,FALSE,0,2,1.5,0.57477646767244,1.31899789948202,0.263799579896404,6,1,6,0.16.6,2000,eb,mle,0.00149790904804411,500.523285070944,0.00590256071927362,FALSE,FALSE,alpha_pip_fixed_point,7
500,67,500,3,0.001,0.001,200000,2000,124;374;447,0.00933777479944309,4.74898879398455,10.8822243319394,SuSiE-RSS: finite R0 + EB mismatch,5,3,3,FALSE,FALSE,,,,TRUE,0.194,1,TRUE,0,3,2.66666666666667,0.594100395676239,0.239437985507888,0.0399063309179814,7,1,7,0.16.6,2000,eb,mle,0.00085283105393941,739.190601138276,0.00672145746137155,FALSE,FALSE,alpha_pip_fixed_point,18
1000,68,500,3,0.001,0.001,200000,2000,249;107;886,0.00482104846770981,4.67013893224416,10.8511395784997,SuSiE-RSS: finite R0 + EB mismatch,5,3,3,FALSE,FALSE,,,,TRUE,0.294000000000001,1,TRUE,0,3,2,0.687102226077264,0.418135934667103,0.0696893224445172,8,1,8,0.16.6,2000,eb,mle,0.00353138058586569,248.053980193801,0.00479011583911868,FALSE,FALSE,alpha_pip_fixed_point,6
2000,69,500,3,0.001,0.001,200000,2000,497;1186;322,0.00317046566348954,4.62693540190453,10.859565704272,SuSiE-RSS: finite R0 + EB mismatch,3,2,2,FALSE,FALSE,,,,TRUE,0.935000000000002,0.666666666666667,FALSE,0,2,1.5,0.650483595078852,0.0698729828942506,0.0174682457235626,9,1,9,0.16.6,2000,eb,mle,0.00283273602958587,300.053766971836,0.00481575330613571,FALSE,FALSE,alpha_pip_fixed_point,3
500,70,500,3,0.001,0.001,200000,2000,124;377;288,0.0108061209710659,4.78018484598995,10.8807058811031,SuSiE-RSS: finite R0 + EB mismatch,3,2,2,FALSE,FALSE,,,,TRUE,0.0890000000000004,0.666666666666667,FALSE,0,2,1.5,0.483738894627067,0.175893233648884,0.043973308412221,10,1,10,0.16.6,2000,eb,mle,0,2000,0.00678128266115607,FALSE,FALSE,alpha_pip_fixed_point,6
1000,71,500,3,0.001,0.001,200000,2000,249;873;650,0.00332420642265457,4.65557004038134,10.8543998850699,SuSiE-RSS: finite R0 + EB mismatch,5,3,3,FALSE,FALSE,,,,TRUE,0.227,1,TRUE,0,3,2.66666666666667,0.563247250966056,0.609344979825012,0.101557496637502,11,1,11,0.16.6,2000,eb,mle,0.00108357874292151,631.481070625591,0.00691046939579199,FALSE,FALSE,alpha_pip_fixed_point,6
2000,72,500,3,0.001,0.001,200000,2000,497;1455;821,0.00375126146604441,4.6091021171512,10.8621111845841,SuSiE-RSS: finite R0 + EB mismatch,5,3,3,FALSE,FALSE,,,,TRUE,1.196,0.666666666666667,FALSE,1,2,1.33333333333333,0.654755014241616,1.10542966840901,0.221085933681802,12,0.666666666666667,12,0.16.6,2000,eb,mle,0.000684845109910728,843.992173859201,0.00531801634479088,FALSE,FALSE,alpha_pip_fixed_point,5
500,73,500,3,0.001,0.001,200000,2000,124;396;259,0.00460043902933382,4.61950024361828,10.8600553291703,SuSiE-RSS: finite R0 + EB mismatch,5,2,2,FALSE,FALSE,,,,TRUE,0.201000000000001,0.666666666666667,FALSE,0,2,4.5,0.232307996749808,0.20398975953672,0.0509974398841799,13,1,13,0.16.6,2000,eb,mle,0.000477627320081016,1022.88467134606,0.0075564311160064,FALSE,FALSE,alpha_pip_fixed_point,19
1000,74,500,3,0.001,0.001,200000,2000,249;829;424,0.00710546203610887,4.61560715086989,10.8435245432958,SuSiE-RSS: finite R0 + EB mismatch,3,3,3,FALSE,FALSE,,,,TRUE,0.174000000000001,1,TRUE,0,3,3,0.547828871002157,0.210916303026109,0.0351527171710181,14,1,14,0.16.6,2000,eb,mle,0,2000,0.00819143619831378,FALSE,FALSE,alpha_pip_fixed_point,4
2000,75,500,3,0.001,0.001,200000,2000,497;281;1476,0.0104528801123118,4.56435238380415,10.8446325578422,SuSiE-RSS: finite R0 + EB mismatch,3,2,2,FALSE,FALSE,,,,TRUE,1.136,0.666666666666667,FALSE,0,2,2.5,0.438362870298302,1.18093008310108,0.295232520775271,15,1,15,0.16.6,2000,eb,mle,0,2000,0.00752500141877169,FALSE,FALSE,alpha_pip_fixed_point,6
500,76,500,3,0.001,0.001,200000,2000,124;401;178,0.0162528657533647,4.85700661268475,10.8827279759752,SuSiE-RSS: finite R0 + EB mismatch,4,3,3,FALSE,FALSE,,,,TRUE,0.232999999999999,1,TRUE,0,3,1.33333333333333,0.885874405830574,0.227407721583792,0.0379012869306319,16,1,16,0.16.6,2000,eb,mle,0,2000,0.0122488228356866,FALSE,FALSE,alpha_pip_fixed_point,22
1000,77,500,3,0.001,0.001,200000,2000,249;913;154,0.0151746434995726,4.71380592603056,10.8230059299105,SuSiE-RSS: finite R0 + EB mismatch,5,2,2,FALSE,FALSE,,,,TRUE,0.198,0.666666666666667,FALSE,0,2,1.5,0.505827799013448,0.219048168319466,0.0547620420798665,17,1,17,0.16.6,2000,eb,mle,0.00226097157596458,362.191341883205,0.00483438498142906,FALSE,FALSE,alpha_pip_fixed_point,4
2000,78,500,3,0.001,0.001,200000,2000,497;1267;1570,0.00685721718401446,4.54226447470613,10.8687012628885,SuSiE-RSS: finite R0 + EB mismatch,4,2,2,FALSE,FALSE,,,,TRUE,1.206,0.666666666666667,FALSE,0,2,3.5,0.207103293025157,0.179429144409451,0.0448572861023629,18,1,18,0.16.6,2000,eb,mle,0.0013671557065896,535.573973006526,0.00606447900941765,FALSE,FALSE,alpha_pip_fixed_point,4
500,79,500,3,0.001,0.001,200000,2000,124;452;301,0.0104758274368059,4.6836413630805,10.9053873041873,SuSiE-RSS: finite R0 + EB mismatch,5,2,2,FALSE,FALSE,,,,TRUE,0.148,0.666666666666667,FALSE,0,2,1,0.748236058366823,0.000542702210246119,0.00013567555256153,19,1,19,0.16.6,2000,eb,mle,0.000145095422987708,1550.15826242973,0.00836854963679834,FALSE,FALSE,alpha_pip_fixed_point,14
1000,80,500,3,0.001,0.001,200000,2000,249;778;343,0.00843635837855622,4.62489146407232,10.8446023535089,SuSiE-RSS: finite R0 + EB mismatch,5,2,2,FALSE,FALSE,,,,TRUE,0.202999999999999,0.666666666666667,FALSE,0,2,3,0.518709423468859,0.127746858365435,0.0319367145913586,20,1,20,0.16.6,2000,eb,mle,0.00370644984682501,237.730161160674,0.00448303314095599,FALSE,FALSE,alpha_pip_fixed_point,5
500,61,500,3,0.001,0.001,200000,2000,124;77;367,0.0128166489838008,4.72023273252781,10.9063263822767,SuSiE-RSS: in-sample R,5,2,2,FALSE,FALSE,,,,TRUE,0.0219999999999985,0.666666666666667,FALSE,0,2,3,0.554575336913997,0,0,1,1,1,,,,,,,,,,,
1000,62,500,3,0.001,0.001,200000,2000,249;890;512,0.0164071702158935,4.49311738378792,10.8345279413353,SuSiE-RSS: in-sample R,3,3,3,FALSE,FALSE,,,,TRUE,0.0420000000000016,1,TRUE,0,3,1.33333333333333,0.726198789574693,0,0,2,1,2,,,,,,,,,,,
2000,63,500,3,0.001,0.001,200000,2000,497;1577;1253,0.00908436182826699,4.54397826044566,10.8551217696001,SuSiE-RSS: in-sample R,5,2,2,FALSE,FALSE,,,,TRUE,0.240999999999985,0.666666666666667,FALSE,0,2,1.5,0.397950868289775,0,0,3,1,3,,,,,,,,,,,
500,64,500,3,0.001,0.001,200000,2000,124;182;403,0.0101931007121329,4.61895183881142,10.8297984305995,SuSiE-RSS: in-sample R,3,2,2,FALSE,FALSE,,,,TRUE,0.0140000000000029,0.666666666666667,FALSE,0,2,1.5,0.792360793161498,0,0,4,1,4,,,,,,,,,,,
1000,65,500,3,0.001,0.001,200000,2000,249;124;876,0.00623565683145879,4.74162901429859,10.8625566132679,SuSiE-RSS: in-sample R,3,2,2,FALSE,FALSE,,,,TRUE,0.0350000000000108,0.666666666666667,FALSE,0,2,4,0.113334209502366,0,0,5,1,5,,,,,,,,,,,
2000,66,500,3,0.001,0.001,200000,2000,497;1219;882,0.0150587619730482,4.64989838192538,10.8152266514906,SuSiE-RSS: in-sample R,3,3,3,FALSE,FALSE,,,,TRUE,0.125,1,TRUE,0,3,4.66666666666667,0.650894470201522,0,0,6,1,6,,,,,,,,,,,
500,67,500,3,0.001,0.001,200000,2000,124;374;447,0.00933777479944309,4.74898879398455,10.8822243319394,SuSiE-RSS: in-sample R,3,3,3,FALSE,FALSE,,,,TRUE,0.0180000000000007,1,TRUE,0,3,2.33333333333333,0.631187600829222,0,0,7,1,7,,,,,,,,,,,
1000,68,500,3,0.001,0.001,200000,2000,249;107;886,0.00482104846770981,4.67013893224416,10.8511395784997,SuSiE-RSS: in-sample R,5,3,3,FALSE,FALSE,,,,TRUE,0.0430000000000064,1,TRUE,0,3,1.66666666666667,0.739142176483008,0,0,8,1,8,,,,,,,,,,,
2000,69,500,3,0.001,0.001,200000,2000,497;1186;322,0.00317046566348954,4.62693540190453,10.859565704272,SuSiE-RSS: in-sample R,5,2,2,FALSE,FALSE,,,,TRUE,0.121999999999986,0.666666666666667,FALSE,0,2,1,0.695634942175522,0,0,9,1,9,,,,,,,,,,,
500,70,500,3,0.001,0.001,200000,2000,124;377;288,0.0108061209710659,4.78018484598995,10.8807058811031,SuSiE-RSS: in-sample R,5,2,2,FALSE,FALSE,,,,TRUE,0.017000000000003,0.666666666666667,FALSE,0,2,1.5,0.518374018551559,0,0,10,1,10,,,,,,,,,,,
1000,71,500,3,0.001,0.001,200000,2000,249;873;650,0.00332420642265457,4.65557004038134,10.8543998850699,SuSiE-RSS: in-sample R,4,3,3,FALSE,FALSE,,,,TRUE,0.0400000000000063,1,TRUE,0,3,2.33333333333333,0.62515873517383,0,0,11,1,11,,,,,,,,,,,
2000,72,500,3,0.001,0.001,200000,2000,497;1455;821,0.00375126146526729,4.60910211713809,10.8621111845929,SuSiE-RSS: in-sample R,5,2,2,FALSE,FALSE,,,,TRUE,0.105000000000018,0.666666666666667,FALSE,0,2,1,0.684995305442578,0,0,12,1,12,,,,,,,,,,,
500,73,500,3,0.001,0.001,200000,2000,124;396;259,0.00460043902933382,4.61950024361828,10.8600553291703,SuSiE-RSS: in-sample R,3,2,2,FALSE,FALSE,,,,TRUE,0.019999999999996,0.666666666666667,FALSE,0,2,4.5,0.303278373548333,0,0,13,1,13,,,,,,,,,,,
1000,74,500,3,0.001,0.001,200000,2000,249;829;424,0.00710546203610887,4.61560715086989,10.8435245432958,SuSiE-RSS: in-sample R,3,3,3,FALSE,FALSE,,,,TRUE,0.0439999999999969,1,TRUE,0,3,3,0.551657280971792,0,0,14,1,14,,,,,,,,,,,
2000,75,500,3,0.001,0.001,200000,2000,497;281;1476,0.0104528801123118,4.56435238380415,10.8446325578422,SuSiE-RSS: in-sample R,3,2,2,FALSE,FALSE,,,,TRUE,0.167000000000002,0.666666666666667,FALSE,0,2,1.5,0.69063532680981,0,0,15,1,15,,,,,,,,,,,
500,76,500,3,0.001,0.001,200000,2000,124;401;178,0.0162528657533647,4.85700661268475,10.8827279759752,SuSiE-RSS: in-sample R,3,3,3,FALSE,FALSE,,,,TRUE,0.0130000000000052,1,TRUE,0,3,1.33333333333333,0.880931104575311,0,0,16,1,16,,,,,,,,,,,
1000,77,500,3,0.001,0.001,200000,2000,249;913;154,0.0151746434995726,4.71380592603056,10.8230059299105,SuSiE-RSS: in-sample R,5,2,2,FALSE,FALSE,,,,TRUE,0.0649999999999977,0.666666666666667,FALSE,0,2,1.5,0.547739423507932,0,0,17,1,17,,,,,,,,,,,
2000,78,500,3,0.001,0.001,200000,2000,497;1267;1570,0.00685721718401446,4.54226447470613,10.8687012628885,SuSiE-RSS: in-sample R,2,2,2,FALSE,FALSE,,,,TRUE,0.103000000000009,0.666666666666667,FALSE,0,2,3,0.19641566796145,0,0,18,1,18,,,,,,,,,,,
500,79,500,3,0.001,0.001,200000,2000,124;452;301,0.0104758274368059,4.6836413630805,10.9053873041873,SuSiE-RSS: in-sample R,3,2,2,FALSE,FALSE,,,,TRUE,0.0180000000000007,0.666666666666667,FALSE,0,2,1,0.722164140775281,0,0,19,1,19,,,,,,,,,,,
1000,80,500,3,0.001,0.001,200000,2000,249;778;343,0.00843635837855622,4.62489146407232,10.8446023535089,SuSiE-RSS: in-sample R,3,2,2,FALSE,FALSE,,,,TRUE,0.0319999999999965,0.666666666666667,FALSE,0,2,2.5,0.575310946709835,0,0,20,1,20,,,,,,,,,,,
500,61,500,3,0.001,0.001,200000,2000,124;77;367,0.0128166489838008,4.72023273252781,10.9063263822767,SuSiE-RSS: reference R0,5,3,3,FALSE,FALSE,,,,TRUE,0.0219999999999985,1,TRUE,0,3,3.66666666666667,0.589028208957793,1.24335497679239,0.248670995358479,1,1,1,,,,,,,,,,,
1000,62,500,3,0.001,0.001,200000,2000,249;890;512,0.0164071702158935,4.49311738378792,10.8345279413353,SuSiE-RSS: reference R0,3,2,2,FALSE,FALSE,,,,TRUE,0.0439999999999969,0.666666666666667,FALSE,0,2,1,0.719361438647216,1.08529122351065,0.21705824470213,2,1,2,,,,,,,,,,,
2000,63,500,3,0.001,0.001,200000,2000,497;1577;1253,0.00908436182826699,4.54397826044566,10.8551217696001,SuSiE-RSS: reference R0,5,2,2,FALSE,FALSE,,,,TRUE,0.123999999999995,0.666666666666667,FALSE,0,2,2.5,0.433967204639689,0.258845575509371,0.0647113938773428,3,1,3,,,,,,,,,,,
500,64,500,3,0.001,0.001,200000,2000,124;182;403,0.0101931007121329,4.61895183881142,10.8297984305995,SuSiE-RSS: reference R0,3,2,2,FALSE,FALSE,,,,TRUE,0.0190000000000055,0.666666666666667,FALSE,0,2,1.5,0.618782380416624,0.144296481816828,0.036074120454207,4,1,4,,,,,,,,,,,
1000,65,500,3,0.001,0.001,200000,2000,249;124;876,0.00623565683145879,4.74162901429859,10.8625566132679,SuSiE-RSS: reference R0,5,2,2,FALSE,FALSE,,,,TRUE,0.0289999999999964,0.666666666666667,FALSE,0,2,4,0.0612030077673882,0.200100036788841,0.0500250091972104,5,1,5,,,,,,,,,,,
2000,66,500,3,0.001,0.001,200000,2000,497;1219;882,0.0150587619730482,4.64989838192538,10.8152266514906,SuSiE-RSS: reference R0,5,3,3,FALSE,FALSE,,,,TRUE,0.183999999999998,0.666666666666667,FALSE,1,2,4,0.62752468715141,0.341692504900926,0.0569487508168209,6,0.666666666666667,6,,,,,,,,,,,
500,67,500,3,0.001,0.001,200000,2000,124;374;447,0.00933777479944309,4.74898879398455,10.8822243319394,SuSiE-RSS: reference R0,5,3,3,FALSE,FALSE,,,,TRUE,0.0169999999999959,1,TRUE,0,3,2.33333333333333,0.608997654028153,0.202877163726681,0.0338128606211135,7,1,7,,,,,,,,,,,
1000,68,500,3,0.001,0.001,200000,2000,249;107;886,0.00482104846770981,4.67013893224416,10.8511395784997,SuSiE-RSS: reference R0,5,3,3,FALSE,FALSE,,,,TRUE,0.0520000000000067,1,TRUE,0,3,1.66666666666667,0.74743541896419,0.0929256538704669,0.0154876089784112,8,1,8,,,,,,,,,,,
2000,69,500,3,0.001,0.001,200000,2000,497;1186;322,0.00317046566348954,4.62693540190453,10.859565704272,SuSiE-RSS: reference R0,5,2,2,FALSE,FALSE,,,,TRUE,0.15300000000002,0.666666666666667,FALSE,0,2,1,0.718601712923948,0.00854945192503588,0.00213736298125897,9,1,9,,,,,,,,,,,
500,70,500,3,0.001,0.001,200000,2000,124;377;288,0.0108061209710659,4.78018484598995,10.8807058811031,SuSiE-RSS: reference R0,5,2,2,FALSE,FALSE,,,,TRUE,0.0140000000000029,0.666666666666667,FALSE,0,2,1.5,0.489848954251211,0.181111711409487,0.0452779278523718,10,1,10,,,,,,,,,,,
1000,71,500,3,0.001,0.001,200000,2000,249;873;650,0.00332420642265457,4.65557004038134,10.8543998850699,SuSiE-RSS: reference R0,5,3,3,FALSE,FALSE,,,,TRUE,0.0440000000000111,1,TRUE,0,3,2.33333333333333,0.564860838302571,0.764616575310044,0.127436095885007,11,1,11,,,,,,,,,,,
2000,72,500,3,0.001,0.001,200000,2000,497;1455;821,0.00375126146526729,4.60910211713809,10.8621111845929,SuSiE-RSS: reference R0,5,3,3,FALSE,FALSE,,,,TRUE,0.13900000000001,0.666666666666667,FALSE,1,2,1,0.663608685830987,1.02948669255636,0.205897338511272,12,0.666666666666667,12,,,,,,,,,,,
500,73,500,3,0.001,0.001,200000,2000,124;396;259,0.00460043902933382,4.61950024361828,10.8600553291703,SuSiE-RSS: reference R0,5,3,3,FALSE,FALSE,,,,TRUE,0.0259999999999963,0.666666666666667,FALSE,1,2,5.66666666666667,0.244075866142551,1.33183039805344,0.266366079610689,13,0.666666666666667,13,,,,,,,,,,,
1000,74,500,3,0.001,0.001,200000,2000,249;829;424,0.00710546203610887,4.61560715086989,10.8435245432958,SuSiE-RSS: reference R0,5,3,3,FALSE,FALSE,,,,TRUE,0.0390000000000015,1,TRUE,0,3,3,0.54816262130642,0.216347487645739,0.0360579146076231,14,1,14,,,,,,,,,,,
2000,75,500,3,0.001,0.001,200000,2000,497;281;1476,0.0104528801123118,4.56435238380415,10.8446325578422,SuSiE-RSS: reference R0,3,2,2,FALSE,FALSE,,,,TRUE,0.199000000000012,0.666666666666667,FALSE,0,2,2.5,0.472350496086748,1.06363109268295,0.265907773170738,15,1,15,,,,,,,,,,,
500,76,500,3,0.001,0.001,200000,2000,124;401;178,0.0162528657533647,4.85700661268475,10.8827279759752,SuSiE-RSS: reference R0,4,3,3,FALSE,FALSE,,,,TRUE,0.0179999999999936,1,TRUE,0,3,1.33333333333333,0.89327017641884,0.239594454244421,0.0399324090407369,16,1,16,,,,,,,,,,,
1000,77,500,3,0.001,0.001,200000,2000,249;913;154,0.0151746434995726,4.71380592603056,10.8230059299105,SuSiE-RSS: reference R0,5,2,2,FALSE,FALSE,,,,TRUE,0.0529999999999973,0.666666666666667,FALSE,0,2,1.5,0.510156059550443,0.199783459726767,0.0499458649316918,17,1,17,,,,,,,,,,,
2000,78,500,3,0.001,0.001,200000,2000,497;1267;1570,0.00685721718401446,4.54226447470613,10.8687012628885,SuSiE-RSS: reference R0,5,2,2,FALSE,FALSE,,,,TRUE,0.110000000000014,0.666666666666667,FALSE,0,2,3.5,0.202976779585536,0.172051051580817,0.0430127628952043,18,1,18,,,,,,,,,,,
500,79,500,3,0.001,0.001,200000,2000,124;452;301,0.0104758274368059,4.6836413630805,10.9053873041873,SuSiE-RSS: reference R0,5,2,2,FALSE,FALSE,,,,TRUE,0.0100000000000051,0.666666666666667,FALSE,0,2,1,0.772064143979368,0.000688353689076893,0.000172088422269223,19,1,19,,,,,,,,,,,
1000,80,500,3,0.001,0.001,200000,2000,249;778;343,0.00843635837855622,4.62489146407232,10.8446023535089,SuSiE-RSS: reference R0,5,2,2,FALSE,FALSE,,,,TRUE,0.0360000000000014,0.666666666666667,FALSE,0,2,2.5,0.562997560975277,0.303019207732218,0.0757548019330545,20,1,20,,,,,,,,,,,
500,61,500,3,0.001,0.001,200000,2000,124;77;367,0.0128166489838008,4.72023273252781,10.9063263822767,collapsed-R,0,2,2,FALSE,FALSE,0.002,241.749388722365,405.413724887407,TRUE,0.761000000000003,0.666666666666667,FALSE,0,2,5.5,0.545225393484548,0.565284403719662,0.141321100929915,1,1,1,,,,,,,,,,,
1000,62,500,3,0.001,0.001,200000,2000,249;890;512,0.0164071702158935,4.49311738378792,10.8345279413353,collapsed-R,0,2,2,FALSE,FALSE,0.002,535.119107262308,897.394742878891,TRUE,1.54300000000001,0.666666666666667,FALSE,0,2,1.5,0.723354852288478,1.1227743767562,0.224554875351239,2,1,2,,,,,,,,,,,
2000,63,500,3,0.001,0.001,200000,2000,497;1577;1253,0.00908436182826699,4.54397826044566,10.8551217696001,collapsed-R,0,2,2,FALSE,FALSE,0.002,487.187160278838,817.012867787611,TRUE,3.42700000000002,0.666666666666667,FALSE,0,2,2.5,0.364216620583374,0.476832585954682,0.119208146488671,3,1,3,,,,,,,,,,,
500,64,500,3,0.001,0.001,200000,2000,124;182;403,0.0101931007121329,4.61895183881142,10.8297984305995,collapsed-R,0,2,2,FALSE,FALSE,0.002,458.484341117156,768.87824005347,TRUE,0.576000000000001,0.666666666666667,FALSE,0,2,1.5,0.5613351397332,0.102521939114559,0.0256304847786399,4,1,4,,,,,,,,,,,
1000,65,500,3,0.001,0.001,200000,2000,249;124;876,0.00623565683145879,4.74162901429859,10.8625566132679,collapsed-R,0,2,2,FALSE,FALSE,0.001,301.237232835482,505.174839465103,TRUE,1.12,0.666666666666667,FALSE,0,2,4,0.0937214264619589,0.207733764829046,0.0519334412072616,5,1,5,,,,,,,,,,,
2000,66,500,3,0.001,0.001,200000,2000,497;1219;882,0.0150587619730482,4.64989838192538,10.8152266514906,collapsed-R,0,2,2,FALSE,FALSE,0.002,424.819273223651,712.421921196063,TRUE,4.25999999999999,0.666666666666667,FALSE,0,2,1.5,0.560939669168025,1.40430150938463,0.280860301876925,6,1,6,,,,,,,,,,,
500,67,500,3,0.001,0.001,200000,2000,124;374;447,0.00933777479944309,4.74898879398455,10.8822243319394,collapsed-R,0,2,2,FALSE,FALSE,0.002,228.566985389877,383.306834498823,TRUE,1.003,0.666666666666667,FALSE,0,2,3,0.559756605246536,1.3284822604716,0.265696452094319,7,1,7,,,,,,,,,,,
1000,68,500,3,0.001,0.001,200000,2000,249;107;886,0.00482104846770981,4.67013893224416,10.8511395784997,collapsed-R,0,3,3,FALSE,FALSE,0.001,199.263229471892,334.164435824362,TRUE,1.858,1,TRUE,0,3,2,0.680096144343761,0.460296706906091,0.0767161178176818,8,1,8,,,,,,,,,,,
2000,69,500,3,0.001,0.001,200000,2000,497;1186;322,0.00317046566348954,4.62693540190453,10.859565704272,collapsed-R,0,2,2,FALSE,FALSE,0.002,848.151309765194,1422.34974647623,TRUE,3.52500000000001,0.666666666666667,FALSE,0,2,1,0.689660609379913,0.0194712510227302,0.00486781275568254,9,1,9,,,,,,,,,,,
500,70,500,3,0.001,0.001,200000,2000,124;377;288,0.0108061209710659,4.78018484598995,10.8807058811031,collapsed-R,0,2,2,FALSE,FALSE,0.001,250.487840692029,420.068108840532,TRUE,0.903999999999996,0.666666666666667,FALSE,0,2,1.5,0.491569146508399,0.140874660756452,0.0352186651891129,10,1,10,,,,,,,,,,,
1000,71,500,3,0.001,0.001,200000,2000,249;873;650,0.00332420642265457,4.65557004038134,10.8543998850699,collapsed-R,0,2,2,FALSE,FALSE,0.002,359.659947758716,603.149732391367,TRUE,2.066,0.666666666666667,FALSE,0,2,2.5,0.563236211558699,1.43311539427657,0.286623078855313,11,1,11,,,,,,,,,,,
2000,72,500,3,0.001,0.001,200000,2000,497;1455;821,0.00375126146526729,4.60910211713809,10.8621111845929,collapsed-R,0,3,3,FALSE,FALSE,0.002,740.775266039973,1242.28012114903,TRUE,4.06300000000002,0.666666666666667,FALSE,1,2,1,0.659743423691515,1.06884264133339,0.213768528266679,12,0.666666666666667,12,,,,,,,,,,,
500,73,500,3,0.001,0.001,200000,2000,124;396;259,0.00460043902933382,4.61950024361828,10.8600553291703,collapsed-R,0,2,2,FALSE,FALSE,0.001,267.162294558712,448.03116797496,TRUE,1.424,0.666666666666667,FALSE,0,2,4.5,0.223666497693013,0.20635579115094,0.0515889477877351,13,1,13,,,,,,,,,,,
1000,74,500,3,0.001,0.001,200000,2000,249;829;424,0.00710546203610887,4.61560715086989,10.8435245432958,collapsed-R,0,3,3,FALSE,FALSE,0.002,876.947881569717,1470.64159739241,TRUE,1.68300000000001,1,TRUE,0,3,3,0.549106066341742,0.209870100634701,0.0349783501057835,14,1,14,,,,,,,,,,,
2000,75,500,3,0.001,0.001,200000,2000,497;281;1476,0.0104528801123118,4.56435238380415,10.8446325578422,collapsed-R,0,2,2,FALSE,FALSE,0.002,741.344564369105,1243.23483444699,TRUE,4.19399999999999,0.666666666666667,FALSE,0,2,2.5,0.401061585585574,1.35494453482259,0.338736133705649,15,1,15,,,,,,,,,,,
500,76,500,3,0.001,0.001,200000,2000,124;401;178,0.0162528657533647,4.85700661268475,10.8827279759752,collapsed-R,0,3,3,FALSE,FALSE,0.002,207.308251030059,347.655936977409,TRUE,0.884999999999998,1,TRUE,0,3,1.66666666666667,0.833014109721347,0.296003600937407,0.0493339334895678,16,1,16,,,,,,,,,,,
1000,77,500,3,0.001,0.001,200000,2000,249;913;154,0.0151746434995726,4.71380592603056,10.8230059299105,collapsed-R,0,2,2,FALSE,FALSE,0.001,465.963132215911,781.420172726083,TRUE,1.78400000000001,0.666666666666667,FALSE,0,2,1.5,0.506506988468933,0.219539485378919,0.0548848713447298,17,1,17,,,,,,,,,,,
2000,78,500,3,0.001,0.001,200000,2000,497;1267;1570,0.00685721718401446,4.54226447470613,10.8687012628885,collapsed-R,0,2,2,FALSE,FALSE,0.002,632.0049515162,1059.87230369267,TRUE,3.01999999999998,0.666666666666667,FALSE,0,2,4,0.210467819226605,0.221240213227061,0.0553100533067653,18,1,18,,,,,,,,,,,
500,79,500,3,0.001,0.001,200000,2000,124;452;301,0.0104758274368059,4.6836413630805,10.9053873041873,collapsed-R,0,2,2,FALSE,FALSE,0.002,403.134500184498,676.056556809404,TRUE,1.288,0.666666666666667,FALSE,0,2,1,0.690873824447581,0.000863147236953734,0.000215786809238434,19,1,19,,,,,,,,,,,
1000,80,500,3,0.001,0.001,200000,2000,249;778;343,0.00843635837855622,4.62489146407232,10.8446023535089,collapsed-R,0,2,2,FALSE,FALSE,0.002,549.217037897272,921.036972553726,TRUE,1.06699999999999,0.666666666666667,FALSE,0,2,2.5,0.540407954439736,0.200608112319736,0.050152028079934,20,1,20,,,,,,,,,,,
500,61,1000,3,0.001,0.001,200000,2000,124;224;50,0.0229105620877003,4.3992024615982,10.8322816794205,AIW-N,5,2,2,FALSE,FALSE,0.001,476.838020327987,679.017340947054,TRUE,1.163,0.666666666666667,FALSE,0,2,4,0.458727315661082,0.0891794750343406,0.0222948687585852,1,1,1,,,,,,,,,,,
1000,62,1000,3,0.001,0.001,200000,2000,249;441;765,0.0027744693878169,4.69153971833441,10.8691649838089,AIW-N,5,3,3,FALSE,FALSE,0.002,7396.63409309302,10532.8069485645,TRUE,3.313,1,TRUE,0,3,1,0.987953117111939,0.0535369377815209,0.00892282296358682,2,1,2,,,,,,,,,,,
2000,63,1000,3,0.001,0.001,200000,2000,497;1320;835,0.0149541766830539,4.6845155434873,10.8224987028787,AIW-N,5,1,1,TRUE,FALSE,0.002,2318.00486053015,3300.83892139493,TRUE,8.74400000000003,0.333333333333333,FALSE,0,1,1,0.332318479387505,0.00335432867482934,0.00167716433741467,3,1,3,,,,,,,,,,,
500,64,1000,3,0.001,0.001,200000,2000,124;438;188,0.00857150741706903,4.64994958270101,10.8374286789833,AIW-N,4,3,3,FALSE,FALSE,0.002,862.853153361411,1228.70289038665,TRUE,1.254,1,TRUE,0,3,2,0.614610403694175,0.210690087466941,0.0351150145778235,4,1,4,,,,,,,,,,,
1000,65,1000,3,0.001,0.001,200000,2000,249;137;414,0.0111740216870404,4.74021614654779,10.8449158159277,AIW-N,5,2,2,FALSE,FALSE,0.002,1781.20912405799,2536.44179265858,TRUE,3.487,0.666666666666667,FALSE,0,2,3.5,0.41237812660202,0.087898295073144,0.021974573768286,5,1,5,,,,,,,,,,,
2000,66,1000,3,0.001,0.001,200000,2000,497;1759;963,0.00444299129576313,4.59351995932767,10.8639049545673,AIW-N,5,2,2,FALSE,FALSE,0.002,1251.43354519913,1782.04136836355,TRUE,8.50600000000003,0.333333333333333,FALSE,1,1,1,0.345664139131478,0.00722989900373446,0.00180747475093361,6,0.5,6,,,,,,,,,,,
500,67,1000,3,0.001,0.001,200000,2000,124;328;448,0.0155129300869474,4.77997973105216,10.9050010329082,AIW-N,5,3,3,FALSE,FALSE,0.002,706.127836185283,1005.52603872784,TRUE,1.159,1,TRUE,0,3,1,0.999984108692627,0.000282085742570924,4.70142904284873e-05,7,1,7,,,,,,,,,,,
1000,68,1000,3,0.001,0.001,200000,2000,249;802;701,0.00744137363380723,4.63532830018127,10.8776500501905,AIW-N,4,3,3,FALSE,FALSE,0.001,367.419934738229,523.205987067238,TRUE,4.283,1,TRUE,0,3,2,0.675741683762685,0.106971408108966,0.0178285680181609,8,1,8,,,,,,,,,,,
2000,69,1000,3,0.001,0.001,200000,2000,497;1611;963,0.00774733852985447,4.53200364061122,10.8665325755154,AIW-N,5,3,3,FALSE,FALSE,0.002,1964.64721377337,2797.65763241327,TRUE,7.65900000000002,1,TRUE,0,3,1,0.994233986389084,0.0285341970022411,0.00475569950037352,9,1,9,,,,,,,,,,,
500,70,1000,3,0.001,0.001,200000,2000,124;445;210,0.00826837467188738,4.58121751930487,10.8788775999488,AIW-N,5,2,2,FALSE,FALSE,0.002,1860.81329336756,2649.7981297554,TRUE,1.33,0.666666666666667,FALSE,0,2,1.5,0.642535830031092,1.29099714367155,0.322749285917888,10,1,10,,,,,,,,,,,
1000,71,1000,3,0.001,0.001,200000,2000,249;650;856,0.00570829608769158,4.58687934774241,10.8595113055176,AIW-N,3,3,3,FALSE,FALSE,0.002,4249.35809803893,6051.08593160744,TRUE,3.39200000000001,1,TRUE,0,3,2.33333333333333,0.662864710564563,0.334136580530808,0.0556894300884679,11,1,11,,,,,,,,,,,
2000,72,1000,3,0.001,0.001,200000,2000,497;1543;673,0.00332397014823441,4.66852812989743,10.8791234703241,AIW-N,4,3,3,FALSE,FALSE,0.001,458.368175877792,652.716282449976,TRUE,8.453,1,TRUE,0,3,1.66666666666667,0.783366963611254,0.0812562895851763,0.0135427149308627,12,1,12,,,,,,,,,,,
500,73,1000,3,0.001,0.001,200000,2000,124;398;72,0.0189939849846976,4.70054920757819,10.9368106321396,AIW-N,5,3,3,FALSE,FALSE,0.001,780.88003157525,1111.97316496316,TRUE,1.151,1,TRUE,0,3,3,0.543787960347276,0.149233691365897,0.0248722818943161,13,1,13,,,,,,,,,,,
1000,74,1000,3,0.001,0.001,200000,2000,249;910;583,0.00682450509938767,4.57700326946799,10.873322948328,AIW-N,5,2,2,FALSE,FALSE,0.001,1050.20350681332,1495.48979370216,TRUE,3.19,0.666666666666667,FALSE,0,2,1,0.698087208857162,1.27838602235771e-06,3.19596505589426e-07,14,1,14,,,,,,,,,,,
2000,75,1000,3,0.001,0.001,200000,2000,497;882;1206,0.00698821608145073,4.66270658305267,10.8910525580201,AIW-N,5,3,3,FALSE,FALSE,0.001,726.932540758961,1035.15193804076,TRUE,8.71300000000002,1,TRUE,0,3,3.66666666666667,0.323896242334456,0.979610377881713,0.163268396313619,15,1,15,,,,,,,,,,,
500,76,1000,3,0.001,0.001,200000,2000,124;393;168,0.0218864895518462,4.84492819788296,10.8248048305326,AIW-N,5,2,2,FALSE,FALSE,0.001,346.554995871905,493.494314121592,TRUE,1.544,0.666666666666667,FALSE,0,2,8,0.371264027701647,1.2965176376181,0.324129409404526,16,1,16,,,,,,,,,,,
1000,77,1000,3,0.001,0.001,200000,2000,249;718;461,0.00551533391830158,4.69956746332115,10.8557401887367,AIW-N,3,2,2,FALSE,FALSE,0.001,792.365374300123,1128.32829300338,TRUE,3.81099999999999,0.666666666666667,FALSE,0,2,1.5,0.581522697466439,0.0394979584560729,0.00987448961401823,17,1,17,,,,,,,,,,,
2000,78,1000,3,0.001,0.001,200000,2000,497;1577;1240,0.00853850421357249,4.63242308851934,10.8326777246283,AIW-N,5,2,2,FALSE,FALSE,0.001,714.968108114109,1018.11458595449,TRUE,6.34899999999999,0.666666666666667,FALSE,0,2,2,0.434157262954163,0.121819068589649,0.0304547671474123,18,1,18,,,,,,,,,,,
500,79,1000,3,0.001,0.001,200000,2000,124;224;328,0.0252278866615668,4.30665218408058,10.8819777848156,AIW-N,4,3,3,FALSE,FALSE,0.002,1499.47528163445,2135.25280104746,TRUE,1.349,1,TRUE,0,3,3,0.696550709852383,1.01745794050678,0.169576323417797,19,1,19,,,,,,,,,,,
1000,80,1000,3,0.001,0.001,200000,2000,249;822;417,0.00472665024008841,4.66779609148664,10.8861040890378,AIW-N,5,3,3,FALSE,FALSE,0.001,501.544809718138,714.199809038628,TRUE,2.70299999999999,1,TRUE,0,3,2,0.763039958900217,0.140380614972394,0.0233967691620656,20,1,20,,,,,,,,,,,
500,61,1000,3,0.001,0.001,200000,2000,124;224;50,0.0229105620877003,4.3992024615982,10.8322816794205,SuSiE-RSS: finite R0 + EB mismatch,3,2,2,FALSE,FALSE,,,,TRUE,0.0789999999999997,0.666666666666667,FALSE,0,2,4,0.454690268320456,0.0889629885055861,0.0222407471263965,1,1,1,0.16.6,2000,eb,mle,0,2000,0.00684987346657067,FALSE,FALSE,alpha_pip_fixed_point,6
1000,62,1000,3,0.001,0.001,200000,2000,249;441;765,0.0027744693878169,4.69153971833441,10.8691649838089,SuSiE-RSS: finite R0 + EB mismatch,3,3,3,FALSE,FALSE,,,,TRUE,0.201000000000001,1,TRUE,0,3,1,0.985048132554539,0.0708291013457297,0.0118048502242883,2,1,2,0.16.6,2000,eb,mle,0,2000,0.00921491086672843,FALSE,FALSE,alpha_pip_fixed_point,4
2000,63,1000,3,0.001,0.001,200000,2000,497;1320;835,0.0149541766841759,4.68451554349838,10.82249870288,SuSiE-RSS: finite R0 + EB mismatch,5,1,1,FALSE,FALSE,,,,TRUE,1.038,0.333333333333333,FALSE,0,1,1,0.334145713569863,0.00333316169364386,0.00166658084682193,3,1,3,0.16.6,2000,eb,mle,0.00594294370781389,155.208557663979,0.00353676407092578,FALSE,FALSE,alpha_pip_fixed_point,2
500,64,1000,3,0.001,0.001,200000,2000,124;438;188,0.00857150741706903,4.64994958270101,10.8374286789833,SuSiE-RSS: finite R0 + EB mismatch,3,3,3,FALSE,FALSE,,,,TRUE,0.0690000000000008,1,TRUE,0,3,2.33333333333333,0.611917687747173,0.198484360307345,0.0330807267178909,4,1,4,0.16.6,2000,eb,mle,0,2000,0.00621668297743816,FALSE,FALSE,alpha_pip_fixed_point,5
1000,65,1000,3,0.001,0.001,200000,2000,249;137;414,0.0111740216870404,4.74021614654779,10.8449158159277,SuSiE-RSS: finite R0 + EB mismatch,5,2,2,FALSE,FALSE,,,,TRUE,0.337,0.666666666666667,FALSE,0,2,3.5,0.399065423675107,0.145792256831549,0.0364480642078873,5,1,5,0.16.6,2000,eb,mle,9.80223644962223e-05,1672.17826517643,0.00611708774589235,FALSE,FALSE,alpha_pip_fixed_point,12
2000,66,1000,3,0.001,0.001,200000,2000,497;1759;963,0.00444299129627206,4.59351995932481,10.8639049545633,SuSiE-RSS: finite R0 + EB mismatch,5,2,2,FALSE,FALSE,,,,TRUE,1.151,0.333333333333333,FALSE,1,1,1,0.348347827222647,0.0283674537000134,0.00709186342500335,6,0.5,6,0.16.6,2000,eb,mle,0.00246038567001864,337.793825354419,0.00474211973774732,FALSE,FALSE,alpha_pip_fixed_point,4
500,67,1000,3,0.001,0.001,200000,2000,124;328;448,0.0155129300869474,4.77997973105216,10.9050010329082,SuSiE-RSS: finite R0 + EB mismatch,3,3,3,FALSE,FALSE,,,,TRUE,0.0680000000000014,1,TRUE,0,3,1,0.99957006969078,0.00220510990645718,0.000367518317742864,7,1,7,0.16.6,2000,eb,mle,0.00101071624789903,661.937674524063,0.0046160914166741,FALSE,FALSE,alpha_pip_fixed_point,4
1000,68,1000,3,0.001,0.001,200000,2000,249;802;701,0.00744137363380723,4.63532830018127,10.8776500501905,SuSiE-RSS: finite R0 + EB mismatch,5,2,2,FALSE,FALSE,,,,TRUE,0.436,0.666666666666667,FALSE,0,2,2,0.587007071154874,1.10858991927361,0.221717983854721,8,1,8,0.16.6,2000,eb,mle,0.00295995520281944,289.02108304325,0.00407703258819157,FALSE,FALSE,alpha_pip_fixed_point,14
2000,69,1000,3,0.001,0.001,200000,2000,497;1611;963,0.00774733852985447,4.53200364061122,10.8665325755154,SuSiE-RSS: finite R0 + EB mismatch,5,2,2,FALSE,FALSE,,,,TRUE,1.124,0.666666666666667,FALSE,0,2,1,0.940399450554645,1.00096453204256,0.200192906408512,9,1,9,0.16.6,2000,eb,mle,0.000731486125184283,812.027013175124,0.0061911748640092,FALSE,FALSE,alpha_pip_fixed_point,7
500,70,1000,3,0.001,0.001,200000,2000,124;445;210,0.00826837467188738,4.58121751930487,10.8788775999488,SuSiE-RSS: finite R0 + EB mismatch,5,2,2,FALSE,FALSE,,,,TRUE,0.100000000000001,0.666666666666667,FALSE,0,2,1.5,0.629830586375572,1.2651461920897,0.316286548022424,10,1,10,0.16.6,2000,eb,mle,0.000167362829472161,1498.43526765033,0.00452637218583207,FALSE,FALSE,alpha_pip_fixed_point,10
1000,71,1000,3,0.001,0.001,200000,2000,249;650;856,0.00570829608769158,4.58687934774241,10.8595113055176,SuSiE-RSS: finite R0 + EB mismatch,3,3,3,FALSE,FALSE,,,,TRUE,0.194000000000001,1,TRUE,0,3,2.33333333333333,0.658086003329997,0.353486988712128,0.058914498118688,11,1,11,0.16.6,2000,eb,mle,0,2000,0.00608338016133531,FALSE,FALSE,alpha_pip_fixed_point,5
2000,72,1000,3,0.001,0.001,200000,2000,497;1543;673,0.00332397014849961,4.66852812990189,10.8791234703239,SuSiE-RSS: finite R0 + EB mismatch,5,3,3,FALSE,FALSE,,,,TRUE,1.078,1,TRUE,0,3,1.66666666666667,0.776505741259726,0.129751239698956,0.0216252066164926,12,1,12,0.16.6,2000,eb,mle,0.000796556566624329,771.273715117241,0.00607178271512673,FALSE,FALSE,alpha_pip_fixed_point,4
500,73,1000,3,0.001,0.001,200000,2000,124;398;72,0.0189939849846976,4.70054920757819,10.9368106321396,SuSiE-RSS: finite R0 + EB mismatch,3,3,3,FALSE,FALSE,,,,TRUE,0.0800000000000001,1,TRUE,0,3,3,0.538621304002367,0.142594761069993,0.0237657935116655,13,1,13,0.16.6,2000,eb,mle,0,2000,0.00709991596722402,FALSE,FALSE,alpha_pip_fixed_point,6
1000,74,1000,3,0.001,0.001,200000,2000,249;910;583,0.00682450509938767,4.57700326946799,10.873322948328,SuSiE-RSS: finite R0 + EB mismatch,3,2,2,FALSE,FALSE,,,,TRUE,0.186,0.666666666666667,FALSE,0,2,1,0.667343096352165,0.000222104369651829,5.55260924129572e-05,14,1,14,0.16.6,2000,eb,mle,0.00444482441248663,202.231650020738,0.00307791112545618,FALSE,FALSE,alpha_pip_fixed_point,4
2000,75,1000,3,0.001,0.001,200000,2000,497;882;1206,0.00698821608145073,4.66270658305267,10.8910525580201,SuSiE-RSS: finite R0 + EB mismatch,3,3,3,FALSE,FALSE,,,,TRUE,1.206,1,TRUE,0,3,3.66666666666667,0.342916349524768,0.783356731100854,0.130559455183476,15,1,15,0.16.6,2000,eb,mle,0,2000,0.00665866912160096,FALSE,FALSE,alpha_pip_fixed_point,6
500,76,1000,3,0.001,0.001,200000,2000,124;393;168,0.0218864895518462,4.84492819788296,10.8248048305326,SuSiE-RSS: finite R0 + EB mismatch,5,2,2,FALSE,FALSE,,,,TRUE,0.0950000000000006,0.666666666666667,FALSE,0,2,9,0.353894429343087,1.22905676854335,0.307264192135836,16,1,16,0.16.6,2000,eb,mle,0.00448670556155971,200.533195243881,0.00433720211634781,FALSE,FALSE,alpha_pip_fixed_point,8
1000,77,1000,3,0.001,0.001,200000,2000,249;718;461,0.00551533391830158,4.69956746332115,10.8557401887367,SuSiE-RSS: finite R0 + EB mismatch,2,2,2,FALSE,FALSE,,,,TRUE,0.205,0.666666666666667,FALSE,0,2,1.5,0.577308762789958,0.064175133913339,0.0160437834783347,17,1,17,0.16.6,2000,eb,mle,0,2000,0.00812058955158343,FALSE,FALSE,alpha_pip_fixed_point,4
2000,78,1000,3,0.001,0.001,200000,2000,497;1577;1240,0.00853850421357249,4.63242308851934,10.8326777246283,SuSiE-RSS: finite R0 + EB mismatch,5,2,2,FALSE,FALSE,,,,TRUE,0.795999999999999,0.666666666666667,FALSE,0,2,2,0.40610701779087,0.0839086784657192,0.0209771696164298,18,1,18,0.16.6,2000,eb,mle,0.00104039682817783,649.183367368343,0.00489073570227421,FALSE,FALSE,alpha_pip_fixed_point,3
500,79,1000,3,0.001,0.001,200000,2000,124;224;328,0.0252278866615668,4.30665218408058,10.8819777848156,SuSiE-RSS: finite R0 + EB mismatch,5,3,3,FALSE,FALSE,,,,TRUE,0.137,1,TRUE,0,3,3,0.698267268059752,0.968861716390082,0.16147695273168,19,1,19,0.16.6,2000,eb,mle,0.000332200196888108,1201.6339382511,0.00622432590991991,FALSE,FALSE,alpha_pip_fixed_point,13
1000,80,1000,3,0.001,0.001,200000,2000,249;822;417,0.00472665024008841,4.66779609148664,10.8861040890378,SuSiE-RSS: finite R0 + EB mismatch,5,3,3,FALSE,FALSE,,,,TRUE,0.231999999999999,1,TRUE,0,3,2,0.759951493675971,0.186113275759204,0.0310188792932007,20,1,20,0.16.6,2000,eb,mle,0.000448297012125853,1054.52193480842,0.00552589691621106,FALSE,FALSE,alpha_pip_fixed_point,8
500,61,1000,3,0.001,0.001,200000,2000,124;224;50,0.0229105620877003,4.3992024615982,10.8322816794205,SuSiE-RSS: in-sample R,5,2,2,FALSE,FALSE,,,,TRUE,0.0120000000000005,0.666666666666667,FALSE,0,2,4,0.477437147824439,0,0,1,1,1,,,,,,,,,,,
1000,62,1000,3,0.001,0.001,200000,2000,249;441;765,0.0027744693878169,4.69153971833441,10.8691649838089,SuSiE-RSS: in-sample R,3,3,3,FALSE,FALSE,,,,TRUE,0.0640000000000072,1,TRUE,0,3,1,0.996829005267075,0,0,2,1,2,,,,,,,,,,,
2000,63,1000,3,0.001,0.001,200000,2000,497;1320;835,0.0149541766830539,4.6845155434873,10.8224987028787,SuSiE-RSS: in-sample R,5,1,1,FALSE,FALSE,,,,TRUE,0.197000000000003,0.333333333333333,FALSE,0,1,1,0.622695135739604,0,0,3,1,3,,,,,,,,,,,
500,64,1000,3,0.001,0.001,200000,2000,124;438;188,0.00857150741706903,4.64994958270101,10.8374286789833,SuSiE-RSS: in-sample R,3,3,3,FALSE,FALSE,,,,TRUE,0.0139999999999958,1,TRUE,0,3,2.33333333333333,0.602297992732085,0,0,4,1,4,,,,,,,,,,,
1000,65,1000,3,0.001,0.001,200000,2000,249;137;414,0.0111740216870404,4.74021614654779,10.8449158159277,SuSiE-RSS: in-sample R,5,2,2,FALSE,FALSE,,,,TRUE,0.0349999999999966,0.666666666666667,FALSE,0,2,3.5,0.431656858706033,0,0,5,1,5,,,,,,,,,,,
2000,66,1000,3,0.001,0.001,200000,2000,497;1759;963,0.00444299129576313,4.59351995932767,10.8639049545673,SuSiE-RSS: in-sample R,5,2,2,FALSE,FALSE,,,,TRUE,0.150999999999982,0.333333333333333,FALSE,1,1,1,0.349539255627651,0,0,6,0.5,6,,,,,,,,,,,
500,67,1000,3,0.001,0.001,200000,2000,124;328;448,0.0155129300869474,4.77997973105216,10.9050010329082,SuSiE-RSS: in-sample R,5,3,3,FALSE,FALSE,,,,TRUE,0.0110000000000028,1,TRUE,0,3,1,0.999937245163038,0,0,7,1,7,,,,,,,,,,,
1000,68,1000,3,0.001,0.001,200000,2000,249;802;701,0.00744137363380723,4.63532830018127,10.8776500501905,SuSiE-RSS: in-sample R,5,3,3,FALSE,FALSE,,,,TRUE,0.0580000000000069,1,TRUE,0,3,2,0.670068214193727,0,0,8,1,8,,,,,,,,,,,
2000,69,1000,3,0.001,0.001,200000,2000,497;1611;963,0.00774733852985447,4.53200364061122,10.8665325755154,SuSiE-RSS: in-sample R,5,3,3,FALSE,FALSE,,,,TRUE,0.125,1,TRUE,0,3,1,0.990260310169612,0,0,9,1,9,,,,,,,,,,,
500,70,1000,3,0.001,0.001,200000,2000,124;445;210,0.00826837467188738,4.58121751930487,10.8788775999488,SuSiE-RSS: in-sample R,5,2,2,FALSE,FALSE,,,,TRUE,0.0349999999999966,0.666666666666667,FALSE,0,2,1.5,0.430499610564822,0,0,10,1,10,,,,,,,,,,,
1000,71,1000,3,0.001,0.001,200000,2000,249;650;856,0.00570829608769158,4.58687934774241,10.8595113055176,SuSiE-RSS: in-sample R,3,3,3,FALSE,FALSE,,,,TRUE,0.0430000000000064,1,TRUE,0,3,2,0.670429182177503,0,0,11,1,11,,,,,,,,,,,
2000,72,1000,3,0.001,0.001,200000,2000,497;1543;673,0.00332397014823441,4.66852812989743,10.8791234703241,SuSiE-RSS: in-sample R,3,3,3,FALSE,FALSE,,,,TRUE,0.13300000000001,1,TRUE,0,3,1.66666666666667,0.784349426459094,0,0,12,1,12,,,,,,,,,,,
500,73,1000,3,0.001,0.001,200000,2000,124;398;72,0.0189939849846976,4.70054920757819,10.9368106321396,SuSiE-RSS: in-sample R,3,3,3,FALSE,FALSE,,,,TRUE,0.0139999999999958,1,TRUE,0,3,3,0.55418362693068,0,0,13,1,13,,,,,,,,,,,
1000,74,1000,3,0.001,0.001,200000,2000,249;910;583,0.00682450509938767,4.57700326946799,10.873322948328,SuSiE-RSS: in-sample R,5,2,2,FALSE,FALSE,,,,TRUE,0.0420000000000016,0.666666666666667,FALSE,0,2,1,0.751042574857129,0,0,14,1,14,,,,,,,,,,,
2000,75,1000,3,0.001,0.001,200000,2000,497;882;1206,0.00698821608145073,4.66270658305267,10.8910525580201,SuSiE-RSS: in-sample R,3,3,3,FALSE,FALSE,,,,TRUE,0.161999999999978,1,TRUE,0,3,4,0.429174533498891,0,0,15,1,15,,,,,,,,,,,
500,76,1000,3,0.001,0.001,200000,2000,124;393;168,0.0218864895518462,4.84492819788296,10.8248048305326,SuSiE-RSS: in-sample R,3,2,2,FALSE,FALSE,,,,TRUE,0.0269999999999939,0.666666666666667,FALSE,0,2,4,0.613065144211538,0,0,16,1,16,,,,,,,,,,,
1000,77,1000,3,0.001,0.001,200000,2000,249;718;461,0.00551533391830158,4.69956746332115,10.8557401887367,SuSiE-RSS: in-sample R,2,2,2,FALSE,FALSE,,,,TRUE,0.0450000000000017,0.666666666666667,FALSE,0,2,1.5,0.588004618348553,0,0,17,1,17,,,,,,,,,,,
2000,78,1000,3,0.001,0.001,200000,2000,497;1577;1240,0.00853850421357249,4.63242308851934,10.8326777246283,SuSiE-RSS: in-sample R,3,2,2,FALSE,FALSE,,,,TRUE,0.10299999999998,0.666666666666667,FALSE,0,2,2,0.464964896541944,0,0,18,1,18,,,,,,,,,,,
500,79,1000,3,0.001,0.001,200000,2000,124;224;328,0.0252278866615668,4.30665218408058,10.8819777848156,SuSiE-RSS: in-sample R,5,3,3,FALSE,FALSE,,,,TRUE,0.0159999999999982,1,TRUE,0,3,3,0.748198509471402,0,0,19,1,19,,,,,,,,,,,
1000,80,1000,3,0.001,0.001,200000,2000,249;822;417,0.00472665024008841,4.66779609148664,10.8861040890378,SuSiE-RSS: in-sample R,3,3,3,FALSE,FALSE,,,,TRUE,0.0349999999999966,1,TRUE,0,3,2,0.74363965226019,0,0,20,1,20,,,,,,,,,,,
500,61,1000,3,0.001,0.001,200000,2000,124;224;50,0.0229105620877003,4.3992024615982,10.8322816794205,SuSiE-RSS: reference R0,3,2,2,FALSE,FALSE,,,,TRUE,0.017000000000003,0.666666666666667,FALSE,0,2,4,0.458881101273958,0.0892124953633769,0.0223031238408442,1,1,1,,,,,,,,,,,
1000,62,1000,3,0.001,0.001,200000,2000,249;441;765,0.0027744693878169,4.69153971833441,10.8691649838089,SuSiE-RSS: reference R0,3,3,3,FALSE,FALSE,,,,TRUE,0.0420000000000016,1,TRUE,0,3,1,0.987960775326874,0.0534929221017542,0.00891548701695903,2,1,2,,,,,,,,,,,
2000,63,1000,3,0.001,0.001,200000,2000,497;1320;835,0.0149541766830539,4.6845155434873,10.8224987028787,SuSiE-RSS: reference R0,5,1,1,FALSE,FALSE,,,,TRUE,0.163999999999987,0.333333333333333,FALSE,0,1,1,0.468719975765722,0.00179255609092465,0.000896278045462327,3,1,3,,,,,,,,,,,
500,64,1000,3,0.001,0.001,200000,2000,124;438;188,0.00857150741706903,4.64994958270101,10.8374286789833,SuSiE-RSS: reference R0,5,3,3,FALSE,FALSE,,,,TRUE,0.0130000000000052,1,TRUE,0,3,2,0.61546143182137,0.210619243340808,0.035103207223468,4,1,4,,,,,,,,,,,
1000,65,1000,3,0.001,0.001,200000,2000,249;137;414,0.0111740216870404,4.74021614654779,10.8449158159277,SuSiE-RSS: reference R0,5,2,2,FALSE,FALSE,,,,TRUE,0.0409999999999968,0.666666666666667,FALSE,0,2,3.5,0.412338702110492,0.0879796436944888,0.0219949109236222,5,1,5,,,,,,,,,,,
2000,66,1000,3,0.001,0.001,200000,2000,497;1759;963,0.00444299129576313,4.59351995932767,10.8639049545673,SuSiE-RSS: reference R0,5,2,2,FALSE,FALSE,,,,TRUE,0.159999999999997,0.333333333333333,FALSE,1,1,1,0.345637447252617,0.0073599593567009,0.00183998983917522,6,0.5,6,,,,,,,,,,,
500,67,1000,3,0.001,0.001,200000,2000,124;328;448,0.0155129300869474,4.77997973105216,10.9050010329082,SuSiE-RSS: reference R0,5,3,3,FALSE,FALSE,,,,TRUE,0.0150000000000006,1,TRUE,0,3,1,0.999984296077997,0.000283211844143156,4.72019740238593e-05,7,1,7,,,,,,,,,,,
1000,68,1000,3,0.001,0.001,200000,2000,249;802;701,0.00744137363380723,4.63532830018127,10.8776500501905,SuSiE-RSS: reference R0,5,3,3,FALSE,FALSE,,,,TRUE,0.0400000000000063,1,TRUE,0,3,2,0.67623074116869,0.108807731217807,0.0181346218696345,8,1,8,,,,,,,,,,,
2000,69,1000,3,0.001,0.001,200000,2000,497;1611;963,0.00774733852985447,4.53200364061122,10.8665325755154,SuSiE-RSS: reference R0,5,3,3,FALSE,FALSE,,,,TRUE,0.125,1,TRUE,0,3,1,0.994257769990619,0.0286287667947295,0.00477146113245491,9,1,9,,,,,,,,,,,
500,70,1000,3,0.001,0.001,200000,2000,124;445;210,0.00826837467188738,4.58121751930487,10.8788775999488,SuSiE-RSS: reference R0,5,2,2,FALSE,FALSE,,,,TRUE,0.0210000000000008,0.666666666666667,FALSE,0,2,1.5,0.642050526691054,1.28823280080813,0.322058200202032,10,1,10,,,,,,,,,,,
1000,71,1000,3,0.001,0.001,200000,2000,249;650;856,0.00570829608769158,4.58687934774241,10.8595113055176,SuSiE-RSS: reference R0,3,3,3,FALSE,FALSE,,,,TRUE,0.0479999999999876,1,TRUE,0,3,2.33333333333333,0.662815474904865,0.334686232471952,0.0557810387453253,11,1,11,,,,,,,,,,,
2000,72,1000,3,0.001,0.001,200000,2000,497;1543;673,0.00332397014823441,4.66852812989743,10.8791234703241,SuSiE-RSS: reference R0,5,3,3,FALSE,FALSE,,,,TRUE,0.127999999999986,1,TRUE,0,3,1.66666666666667,0.784977550201981,0.068501105936053,0.0114168509893422,12,1,12,,,,,,,,,,,
500,73,1000,3,0.001,0.001,200000,2000,124;398;72,0.0189939849846976,4.70054920757819,10.9368106321396,SuSiE-RSS: reference R0,3,3,3,FALSE,FALSE,,,,TRUE,0.0159999999999982,1,TRUE,0,3,3,0.543785233500707,0.1492275647415,0.0248712607902501,13,1,13,,,,,,,,,,,
1000,74,1000,3,0.001,0.001,200000,2000,249;910;583,0.00682450509938767,4.57700326946799,10.873322948328,SuSiE-RSS: reference R0,5,2,2,FALSE,FALSE,,,,TRUE,0.0530000000000115,0.666666666666667,FALSE,0,2,1,0.697989162117808,1.27925902519977e-06,3.19814756299943e-07,14,1,14,,,,,,,,,,,
2000,75,1000,3,0.001,0.001,200000,2000,497;882;1206,0.00698821608145073,4.66270658305267,10.8910525580201,SuSiE-RSS: reference R0,4,3,3,FALSE,FALSE,,,,TRUE,0.146000000000015,1,TRUE,0,3,3.66666666666667,0.323773080520502,0.980463122190938,0.163410520365156,15,1,15,,,,,,,,,,,
500,76,1000,3,0.001,0.001,200000,2000,124;393;168,0.0218864895518462,4.84492819788296,10.8248048305326,SuSiE-RSS: reference R0,5,2,2,FALSE,FALSE,,,,TRUE,0.0230000000000032,0.666666666666667,FALSE,0,2,8,0.371186905931554,1.29716626043965,0.324291565109913,16,1,16,,,,,,,,,,,
1000,77,1000,3,0.001,0.001,200000,2000,249;718;461,0.00551533391830158,4.69956746332115,10.8557401887367,SuSiE-RSS: reference R0,2,2,2,FALSE,FALSE,,,,TRUE,0.0390000000000015,0.666666666666667,FALSE,0,2,1.5,0.581532090396833,0.0394416268910402,0.00986040672276004,17,1,17,,,,,,,,,,,
2000,78,1000,3,0.001,0.001,200000,2000,497;1577;1240,0.00853850421357249,4.63242308851934,10.8326777246283,SuSiE-RSS: reference R0,5,2,2,FALSE,FALSE,,,,TRUE,0.0929999999999893,0.666666666666667,FALSE,0,2,2,0.434097538378941,0.121835424877487,0.0304588562193718,18,1,18,,,,,,,,,,,
500,79,1000,3,0.001,0.001,200000,2000,124;224;328,0.0252278866615668,4.30665218408058,10.8819777848156,SuSiE-RSS: reference R0,5,3,3,FALSE,FALSE,,,,TRUE,0.0180000000000007,1,TRUE,0,3,3,0.697112733116415,1.0134424967009,0.168907082783483,19,1,19,,,,,,,,,,,
1000,80,1000,3,0.001,0.001,200000,2000,249;822;417,0.00472665024008841,4.66779609148664,10.8861040890378,SuSiE-RSS: reference R0,5,3,3,FALSE,FALSE,,,,TRUE,0.0319999999999965,1,TRUE,0,3,2,0.763055903936934,0.140540101352756,0.0234233502254594,20,1,20,,,,,,,,,,,
500,61,1000,3,0.001,0.001,200000,2000,124;224;50,0.0229105620877003,4.3992024615982,10.8322816794205,collapsed-R,0,2,2,FALSE,FALSE,0.001,408.114731604499,684.408404900745,TRUE,0.646000000000001,0.666666666666667,FALSE,0,2,4,0.423590595186661,0.105045820542067,0.0262614551355167,1,1,1,,,,,,,,,,,
1000,62,1000,3,0.001,0.001,200000,2000,249;441;765,0.0027744693878169,4.69153971833441,10.8691649838089,collapsed-R,0,3,3,FALSE,FALSE,0.002,11191.6064630479,18768.3240385314,TRUE,1.70699999999999,1,TRUE,0,3,1,0.988747683859134,0.0488208566543169,0.00813680944238614,2,1,2,,,,,,,,,,,
2000,63,1000,3,0.001,0.001,200000,2000,497;1320;835,0.0149541766830539,4.6845155434873,10.8224987028787,collapsed-R,0,1,1,TRUE,FALSE,0.001,246.215716014298,412.903755755978,TRUE,3.78100000000001,0.333333333333333,FALSE,0,1,1,0.332318479387505,0.00335432867482934,0.00167716433741467,3,1,3,,,,,,,,,,,
500,64,1000,3,0.001,0.001,200000,2000,124;438;188,0.00857150741706903,4.64994958270101,10.8374286789833,collapsed-R,0,3,3,FALSE,FALSE,0.002,766.859256690465,1286.02297346991,TRUE,1.135,1,TRUE,0,3,2.33333333333333,0.610283058532862,0.187640560709187,0.0312734267848645,4,1,4,,,,,,,,,,,
1000,65,1000,3,0.001,0.001,200000,2000,249;137;414,0.0111740216870404,4.74021614654779,10.8449158159277,collapsed-R,0,1,1,TRUE,FALSE,0.001,351.919717479004,590.169366212289,TRUE,1.855,0.333333333333333,FALSE,0,1,6,0.0652158567977187,1.06525988848062,0.355086629493541,5,1,5,,,,,,,,,,,
2000,66,1000,3,0.001,0.001,200000,2000,497;1759;963,0.00444299129576313,4.59351995932767,10.8639049545673,collapsed-R,0,2,2,FALSE,FALSE,0.002,1064.60032037327,1785.33473726598,TRUE,4.50900000000002,0.333333333333333,FALSE,1,1,1,0.350832160649542,0.0261582224859835,0.00653955562149587,6,0.5,6,,,,,,,,,,,
500,67,1000,3,0.001,0.001,200000,2000,124;328;448,0.0155129300869474,4.77997973105216,10.9050010329082,collapsed-R,0,3,3,FALSE,FALSE,0.002,603.250910584956,1011.65177705097,TRUE,1.313,1,TRUE,0,3,1,0.999817277596318,0.000761014424707961,0.000126835737451327,7,1,7,,,,,,,,,,,
1000,68,1000,3,0.001,0.001,200000,2000,249;802;701,0.00744137363380723,4.63532830018127,10.8776500501905,collapsed-R,0,2,2,FALSE,FALSE,0.001,286.813460641378,480.98617349559,TRUE,1.75,0.666666666666667,FALSE,0,2,2,0.609687863436403,1.15157112523259,0.230314225046518,8,1,8,,,,,,,,,,,
2000,69,1000,3,0.001,0.001,200000,2000,497;1611;963,0.00774733852985447,4.53200364061122,10.8665325755154,collapsed-R,0,3,3,FALSE,FALSE,0.002,1395.99481975511,2341.08331272931,TRUE,3.75700000000001,1,TRUE,0,3,1,0.985848552220056,0.0351258865469465,0.00585431442449108,9,1,9,,,,,,,,,,,
500,70,1000,3,0.001,0.001,200000,2000,124;445;210,0.00826837467188738,4.58121751930487,10.8788775999488,collapsed-R,0,2,2,FALSE,FALSE,0.002,1265.13526779962,2121.63184409996,TRUE,0.524999999999999,0.666666666666667,FALSE,0,2,1.5,0.653913777083857,1.31011461021414,0.327528652553535,10,1,10,,,,,,,,,,,
1000,71,1000,3,0.001,0.001,200000,2000,249;650;856,0.00570829608769158,4.58687934774241,10.8595113055176,collapsed-R,0,3,3,FALSE,FALSE,0.002,4800.09044942639,8049.75168368805,TRUE,1.53800000000001,1,TRUE,0,3,2.33333333333333,0.659501335565473,0.362795416188973,0.0604659026981622,11,1,11,,,,,,,,,,,
2000,72,1000,3,0.001,0.001,200000,2000,497;1543;673,0.00332397014823441,4.66852812989743,10.8791234703241,collapsed-R,0,3,3,FALSE,FALSE,0.001,360.154191977286,603.978579945908,TRUE,4.06999999999999,1,TRUE,0,3,1.66666666666667,0.779909129186793,0.0799241971917272,0.0133206995319545,12,1,12,,,,,,,,,,,
500,73,1000,3,0.001,0.001,200000,2000,124;398;72,0.0189939849846976,4.70054920757819,10.9368106321396,collapsed-R,0,2,2,FALSE,FALSE,0.001,641.454343640737,1075.71893428552,TRUE,1.319,0.666666666666667,FALSE,0,2,4,0.52822352177056,1.13413779476866,0.226827558953732,13,1,13,,,,,,,,,,,
1000,74,1000,3,0.001,0.001,200000,2000,249;910;583,0.00682450509938767,4.57700326946799,10.873322948328,collapsed-R,0,2,2,FALSE,FALSE,0.001,811.283555068317,1360.52252184957,TRUE,1.371,0.666666666666667,FALSE,0,2,1,0.693483938315112,8.00936872781319e-08,2.0023421819533e-08,14,1,14,,,,,,,,,,,
2000,75,1000,3,0.001,0.001,200000,2000,497;882;1206,0.00698821608145073,4.66270658305267,10.8910525580201,collapsed-R,0,3,3,FALSE,FALSE,0.001,651.564489066063,1092.67364816379,TRUE,4.64500000000001,1,TRUE,0,3,3.66666666666667,0.345288345357781,0.683187903948402,0.113864650658067,15,1,15,,,,,,,,,,,
500,76,1000,3,0.001,0.001,200000,2000,124;393;168,0.0218864895518462,4.84492819788296,10.8248048305326,collapsed-R,0,2,2,FALSE,FALSE,0.001,270.27963584726,453.258949315855,TRUE,0.581000000000003,0.666666666666667,FALSE,0,2,8.5,0.361990156656508,1.22182241067192,0.305455602667979,16,1,16,,,,,,,,,,,
1000,77,1000,3,0.001,0.001,200000,2000,249;718;461,0.00551533391830158,4.69956746332115,10.8557401887367,collapsed-R,0,2,2,FALSE,FALSE,0.001,807.1393863376,1353.57275088815,TRUE,1.904,0.666666666666667,FALSE,0,2,1.5,0.568792512816431,0.129692850459857,0.0324232126149642,17,1,17,,,,,,,,,,,
2000,78,1000,3,0.001,0.001,200000,2000,497;1577;1240,0.00853850421357249,4.63242308851934,10.8326777246283,collapsed-R,0,2,2,FALSE,FALSE,0.001,592.797653900781,994.12166559161,TRUE,2.97900000000001,0.666666666666667,FALSE,0,2,2,0.415821857677559,0.0893333181767401,0.022333329544185,18,1,18,,,,,,,,,,,
500,79,1000,3,0.001,0.001,200000,2000,124;224;328,0.0252278866615668,4.30665218408058,10.8819777848156,collapsed-R,0,3,3,FALSE,FALSE,0.002,1341.51084241681,2249.713682733,TRUE,1.248,1,TRUE,0,3,3,0.699536483620014,0.943519933079266,0.157253322179878,19,1,19,,,,,,,,,,,
1000,80,1000,3,0.001,0.001,200000,2000,249;822;417,0.00472665024008841,4.66779609148664,10.8861040890378,collapsed-R,0,3,3,FALSE,FALSE,0.001,400.819943762237,672.175045689272,TRUE,1.464,1,TRUE,0,3,2,0.753778495897131,0.249372783662239,0.0415621306103732,20,1,20,,,,,,,,,,,
500,61,2000,3,0.001,0.001,200000,2000,124;323;175,0.0315090909297613,4.71379868901485,10.9814726721326,AIW-N,5,3,3,FALSE,FALSE,0.001,1167.89091532428,1663.07666342178,TRUE,1.29600000000001,1,TRUE,0,3,1,0.999704828024521,0.000487687966198673,8.12813276997788e-05,1,1,1,,,,,,,,,,,
1000,62,2000,3,0.001,0.001,200000,2000,249;751;859,0.00927810206959067,4.68836971465351,10.9003336920001,AIW-N,4,3,3,FALSE,FALSE,0.001,947.218566089599,1348.83923811159,TRUE,3.411,0.666666666666667,FALSE,1,2,3,0.613821522126379,0.283741185399946,0.0472901975666576,2,0.666666666666667,2,,,,,,,,,,,
2000,63,2000,3,0.001,0.001,200000,2000,497;1658;1145,0.00233645045500999,4.68954542602091,10.8677699744138,AIW-N,5,3,3,FALSE,FALSE,0.001,673.487767615771,959.046581084857,TRUE,8.60199999999998,1,TRUE,0,3,4.33333333333333,0.683453289261784,0.333889426671494,0.0556482377785824,3,1,3,,,,,,,,,,,
500,64,2000,3,0.001,0.001,200000,2000,124;453;173,0.0271851699183119,4.86139446830223,10.9390128771155,AIW-N,5,2,2,FALSE,FALSE,0.001,570.027925651832,811.719766128208,TRUE,1.368,0.666666666666667,FALSE,0,2,2,0.412737116123909,0.0728418448384474,0.0182104612096118,4,1,4,,,,,,,,,,,
1000,65,2000,3,0.001,0.001,200000,2000,249;832;630,0.0106457736580403,4.52088082947716,10.8754069647144,AIW-N,5,2,2,FALSE,FALSE,0.001,1845.89081979921,2628.54852739407,TRUE,3.37,0.666666666666667,FALSE,0,2,3.5,0.396594967140928,0.0393971926899268,0.00984929817248169,5,1,5,,,,,,,,,,,
2000,66,2000,3,0.001,0.001,200000,2000,497;889;1415,0.00808916477935596,4.61390457129352,10.8816474608877,AIW-N,5,2,2,FALSE,FALSE,0.001,1021.49885888171,1454.61437504755,TRUE,7.66199999999998,0.666666666666667,FALSE,0,2,1.5,0.616444987510482,0.00220085512651133,0.000550213781627833,6,1,6,,,,,,,,,,,
500,67,2000,3,0.001,0.001,200000,2000,124;52;436,0.0094071077374579,4.74483485963179,10.8789651075306,AIW-N,5,2,2,FALSE,FALSE,0.001,669.317542011031,953.108179823709,TRUE,1.276,0.666666666666667,FALSE,0,2,1,0.666666053140321,2.8185191029925e-06,7.04629775748126e-07,7,1,7,,,,,,,,,,,
1000,68,2000,3,0.001,0.001,200000,2000,249;775;144,0.00474295627839248,4.72509802218836,10.8666897272063,AIW-N,5,2,2,FALSE,FALSE,0.001,1285.62813764264,1830.73446800312,TRUE,3.31200000000001,0.666666666666667,FALSE,0,2,2.5,0.360008740382437,1.10337548747162,0.275843871867905,8,1,8,,,,,,,,,,,
2000,69,2000,3,0.001,0.001,200000,2000,497;1644;936,0.00868789334084204,4.63876061550025,10.8910801886407,AIW-N,5,2,2,FALSE,FALSE,0.001,1131.30962972111,1610.98491272286,TRUE,8.12399999999997,0.666666666666667,FALSE,0,2,1.5,0.702450389973464,0.0948277771768698,0.0237069442942175,9,1,9,,,,,,,,,,,
500,70,2000,3,0.001,0.001,200000,2000,124;445;312,0.0112584068045655,4.77331968866235,10.8885083057182,AIW-N,3,2,2,FALSE,FALSE,0.001,1092.98383298096,1556.40897816489,TRUE,1.125,0.666666666666667,FALSE,0,2,1,0.959346973067945,0.000127223748576128,3.18059371440319e-05,10,1,10,,,,,,,,,,,
1000,71,2000,3,0.001,0.001,200000,2000,249;637;397,0.00699140884669842,4.67829627207951,10.8935499099171,AIW-N,4,3,3,FALSE,FALSE,0.001,1021.85858854697,1455.12663009088,TRUE,3.235,1,TRUE,0,3,2.66666666666667,0.544295133249451,0.244329062333457,0.0407215103889095,11,1,11,,,,,,,,,,,
2000,72,2000,3,0.001,0.001,200000,2000,497;1759;1064,0.00489386872140969,4.63342587108743,10.8497334357679,AIW-N,5,3,3,FALSE,FALSE,0.001,905.705668564161,1289.72487203537,TRUE,7.94499999999999,1,TRUE,0,3,1.33333333333333,0.843057094412115,0.0511436070678391,0.00852393451130651,12,1,12,,,,,,,,,,,
500,73,2000,3,0.001,0.001,200000,2000,124;226;458,0.0204255241961514,4.59926628764412,10.7918632055351,AIW-N,4,2,2,FALSE,FALSE,0.001,1214.9755436037,1730.12517409168,TRUE,1.32400000000001,0.666666666666667,FALSE,0,2,4.5,0.290090068718666,0.222633534917606,0.0556583837294015,13,1,13,,,,,,,,,,,
1000,74,2000,3,0.001,0.001,200000,2000,249;373;880,0.00343026897341962,4.69803910792788,10.8711180155918,AIW-N,4,2,2,FALSE,FALSE,0.001,1432.62494548016,2040.05792236374,TRUE,3.92599999999999,0.666666666666667,FALSE,0,2,1,0.78679018775133,2.68973899937596e-06,6.72434749843989e-07,14,1,14,,,,,,,,,,,
2000,75,2000,3,0.001,0.001,200000,2000,497;1503;1179,0.00222096099586352,4.64222883007286,10.8603627648027,AIW-N,5,2,2,FALSE,FALSE,0.001,2865.47752742275,4080.43999904999,TRUE,8.26400000000001,0.666666666666667,FALSE,0,2,1,0.734582525141265,0.0319157323957476,0.00797893309893691,15,1,15,,,,,,,,,,,
500,76,2000,3,0.001,0.001,200000,2000,124;322;413,0.00335375859850114,4.6173168153871,10.8691169751129,AIW-N,3,2,2,FALSE,FALSE,0.001,526.337066910813,749.503983280997,TRUE,1.328,0.666666666666667,FALSE,0,2,3,0.463684277399891,0.479284485524852,0.119821121381213,16,1,16,,,,,,,,,,,
1000,77,2000,3,0.001,0.001,200000,2000,249;394;731,0.00617508523724161,4.579434203019,10.8588634383814,AIW-N,5,2,2,FALSE,FALSE,0.001,1098.18142569459,1563.8103501891,TRUE,3.70500000000001,0.666666666666667,FALSE,0,2,5,0.326240717748354,0.359372223654654,0.0898430559136635,17,1,17,,,,,,,,,,,
2000,78,2000,3,0.001,0.001,200000,2000,497;740;295,0.00299652980995288,4.64279607895836,10.8555680589355,AIW-N,5,2,2,FALSE,FALSE,0.001,2195.4558758059,3126.3291671476,TRUE,5.64700000000005,0.666666666666667,FALSE,0,2,3.5,0.541076983146886,0.169194952370664,0.042298738092666,18,1,18,,,,,,,,,,,
500,79,2000,3,0.001,0.001,200000,2000,124;371;261,0.0176405534623306,4.88339543007169,10.8574707156366,AIW-N,5,3,3,FALSE,FALSE,0.001,559.677640152208,796.980959576744,TRUE,1.34099999999999,1,TRUE,0,3,1.66666666666667,0.695957429763107,0.361552555484242,0.0602587592473736,19,1,19,,,,,,,,,,,
1000,80,2000,3,0.001,0.001,200000,2000,249;657;842,0.00596135875912259,4.73305996944509,10.8573593423477,AIW-N,5,2,2,FALSE,FALSE,0.001,1823.49178717804,2596.65230494153,TRUE,2.842,0.666666666666667,FALSE,0,2,1,0.789350884049072,4.03380302854555e-05,1.00845075713639e-05,20,1,20,,,,,,,,,,,
500,61,2000,3,0.001,0.001,200000,2000,124;323;175,0.0315090909297613,4.71379868901485,10.9814726721326,SuSiE-RSS: finite R0 + EB mismatch,5,3,3,FALSE,FALSE,,,,TRUE,0.0580000000000007,1,TRUE,0,3,1,0.999066164555512,0.00347386577009047,0.000578977628348412,1,1,1,0.16.6,2000,eb,mle,0,2000,0.00495633209049069,FALSE,FALSE,alpha_pip_fixed_point,4
1000,62,2000,3,0.001,0.001,200000,2000,249;751;859,0.00927810206959067,4.68836971465351,10.9003336920001,SuSiE-RSS: finite R0 + EB mismatch,3,3,3,FALSE,FALSE,,,,TRUE,0.191000000000001,1,TRUE,0,3,3.33333333333333,0.608470741385767,0.267178292409453,0.0445297154015754,2,1,2,0.16.6,2000,eb,mle,0,2000,0.0066951281500303,FALSE,FALSE,alpha_pip_fixed_point,5
2000,63,2000,3,0.001,0.001,200000,2000,497;1658;1145,0.00233645045500999,4.68954542602091,10.8677699744138,SuSiE-RSS: finite R0 + EB mismatch,4,3,3,FALSE,FALSE,,,,TRUE,1.38,1,TRUE,0,3,4.66666666666667,0.678454317669747,0.388345719668383,0.0647242866113971,3,1,3,0.16.6,2000,eb,mle,0,2000,0.00593878413337516,FALSE,FALSE,alpha_pip_fixed_point,8
500,64,2000,3,0.001,0.001,200000,2000,124;453;173,0.0271851699183119,4.86139446830223,10.9390128771155,SuSiE-RSS: finite R0 + EB mismatch,3,2,2,FALSE,FALSE,,,,TRUE,0.0780000000000012,0.666666666666667,FALSE,0,2,2,0.40025147118081,0.0658789123793815,0.0164697280948454,4,1,4,0.16.6,2000,eb,mle,0,2000,0.00573559755707589,FALSE,FALSE,alpha_pip_fixed_point,5
1000,65,2000,3,0.001,0.001,200000,2000,249;832;630,0.0106457736580403,4.52088082947716,10.8754069647144,SuSiE-RSS: finite R0 + EB mismatch,5,2,2,FALSE,FALSE,,,,TRUE,0.629999999999999,0.666666666666667,FALSE,0,2,3.5,0.396686992915373,0.0380011986829797,0.00950029967074493,5,1,5,0.16.6,2000,eb,mle,0,2000,0.00464115708357871,FALSE,FALSE,alpha_pip_fixed_point,24
2000,66,2000,3,0.001,0.001,200000,2000,497;889;1415,0.00808916477935596,4.61390457129352,10.8816474608877,SuSiE-RSS: finite R0 + EB mismatch,3,2,2,FALSE,FALSE,,,,TRUE,1.091,0.666666666666667,FALSE,0,2,1.5,0.610235150496677,0.0252026607502114,0.00630066518755285,6,1,6,0.16.6,2000,eb,mle,0,2000,0.00533320754928058,FALSE,FALSE,alpha_pip_fixed_point,6
500,67,2000,3,0.001,0.001,200000,2000,124;52;436,0.0094071077374579,4.74483485963179,10.8789651075306,SuSiE-RSS: finite R0 + EB mismatch,2,2,2,FALSE,FALSE,,,,TRUE,0.0579999999999998,0.666666666666667,FALSE,0,2,1,0.666664992462288,9.32071902054779e-06,2.33017975513695e-06,7,1,7,0.16.6,2000,eb,mle,0,2000,0.00521960233992,FALSE,FALSE,alpha_pip_fixed_point,3
1000,68,2000,3,0.001,0.001,200000,2000,249;775;144,0.00474295627839248,4.72509802218836,10.8666897272063,SuSiE-RSS: finite R0 + EB mismatch,3,2,2,FALSE,FALSE,,,,TRUE,0.212,0.666666666666667,FALSE,0,2,2.5,0.356492998970563,1.06840925538309,0.267102313845771,8,1,8,0.16.6,2000,eb,mle,0,2000,0.00596765205814581,FALSE,FALSE,alpha_pip_fixed_point,5
2000,69,2000,3,0.001,0.001,200000,2000,497;1644;936,0.00868789334084204,4.63876061550025,10.8910801886407,SuSiE-RSS: finite R0 + EB mismatch,3,2,2,FALSE,FALSE,,,,TRUE,1.146,0.666666666666667,FALSE,0,2,1.5,0.65603260729829,0.0831057811259645,0.0207764452814911,9,1,9,0.16.6,2000,eb,mle,0,2000,0.00528143947176138,FALSE,FALSE,alpha_pip_fixed_point,5
500,70,2000,3,0.001,0.001,200000,2000,124;445;312,0.0112584068045655,4.77331968866235,10.8885083057182,SuSiE-RSS: finite R0 + EB mismatch,3,2,2,FALSE,FALSE,,,,TRUE,0.0619999999999994,0.666666666666667,FALSE,0,2,1,0.933255030848348,0.000119573843260671,2.98934608151678e-05,10,1,10,0.16.6,2000,eb,mle,0,2000,0.00724312688754782,FALSE,FALSE,alpha_pip_fixed_point,4
1000,71,2000,3,0.001,0.001,200000,2000,249;637;397,0.00699140884669842,4.67829627207951,10.8935499099171,SuSiE-RSS: finite R0 + EB mismatch,5,2,2,FALSE,FALSE,,,,TRUE,0.366,0.666666666666667,FALSE,0,2,3,0.504675617557894,1.06887545220312,0.213775090440625,11,1,11,0.16.6,2000,eb,mle,0.000535557756045836,965.663184078105,0.00466787668526425,FALSE,FALSE,alpha_pip_fixed_point,11
2000,72,2000,3,0.001,0.001,200000,2000,497;1759;1064,0.00489386872140969,4.63342587108743,10.8497334357679,SuSiE-RSS: finite R0 + EB mismatch,3,3,3,FALSE,FALSE,,,,TRUE,0.990000000000002,1,TRUE,0,3,1.33333333333333,0.841966852511694,0.0568686791187281,0.00947811318645469,12,1,12,0.16.6,2000,eb,mle,0,2000,0.00561229955713192,FALSE,FALSE,alpha_pip_fixed_point,4
500,73,2000,3,0.001,0.001,200000,2000,124;226;458,0.0204255241961514,4.59926628764412,10.7918632055351,SuSiE-RSS: finite R0 + EB mismatch,2,2,2,FALSE,FALSE,,,,TRUE,0.0569999999999986,0.666666666666667,FALSE,0,2,4.5,0.283871682475,0.196679641644315,0.0491699104110788,13,1,13,0.16.6,2000,eb,mle,0,2000,0.00633677364947898,FALSE,FALSE,alpha_pip_fixed_point,3
1000,74,2000,3,0.001,0.001,200000,2000,249;373;880,0.00343026897341962,4.69803910792788,10.8711180155918,SuSiE-RSS: finite R0 + EB mismatch,3,2,2,FALSE,FALSE,,,,TRUE,0.225999999999999,0.666666666666667,FALSE,0,2,1,0.686339940631251,2.38132028798167e-06,5.95330071995417e-07,14,1,14,0.16.6,2000,eb,mle,0,2000,0.00568042155739338,FALSE,FALSE,alpha_pip_fixed_point,7
2000,75,2000,3,0.001,0.001,200000,2000,497;1503;1179,0.00222096099586352,4.64222883007286,10.8603627648027,SuSiE-RSS: finite R0 + EB mismatch,2,2,2,FALSE,FALSE,,,,TRUE,0.986000000000004,0.666666666666667,FALSE,0,2,1,0.655223585300766,0.0257240789354572,0.0064310197338643,15,1,15,0.16.6,2000,eb,mle,0,2000,0.00510401059403912,FALSE,FALSE,alpha_pip_fixed_point,3
500,76,2000,3,0.001,0.001,200000,2000,124;322;413,0.00335375859850114,4.6173168153871,10.8691169751129,SuSiE-RSS: finite R0 + EB mismatch,3,2,2,FALSE,FALSE,,,,TRUE,0.0889999999999986,0.666666666666667,FALSE,0,2,3,0.4492767121161,0.488184663087795,0.122046165771949,16,1,16,0.16.6,2000,eb,mle,0,2000,0.00881132985560408,FALSE,FALSE,alpha_pip_fixed_point,6
1000,77,2000,3,0.001,0.001,200000,2000,249;394;731,0.00617508523724161,4.579434203019,10.8588634383814,SuSiE-RSS: finite R0 + EB mismatch,5,2,2,FALSE,FALSE,,,,TRUE,0.300000000000001,0.666666666666667,FALSE,0,2,5,0.286140357191457,0.51981372917819,0.129953432294548,17,1,17,0.16.6,2000,eb,mle,0.00162288795756046,471.05641936429,0.00406322349544257,FALSE,FALSE,alpha_pip_fixed_point,7
2000,78,2000,3,0.001,0.001,200000,2000,497;740;295,0.00299652980995288,4.64279607895836,10.8555680589355,SuSiE-RSS: finite R0 + EB mismatch,3,2,2,FALSE,FALSE,,,,TRUE,0.692,0.666666666666667,FALSE,0,2,3.5,0.522380119310187,0.148727612402977,0.0371819031007441,18,1,18,0.16.6,2000,eb,mle,0,2000,0.00493546065975938,FALSE,FALSE,alpha_pip_fixed_point,4
500,79,2000,3,0.001,0.001,200000,2000,124;371;261,0.0176405534623306,4.88339543007169,10.8574707156366,SuSiE-RSS: finite R0 + EB mismatch,5,3,3,FALSE,FALSE,,,,TRUE,0.151999999999999,1,TRUE,0,3,2.33333333333333,0.71088057619837,0.176288300506354,0.0293813834177257,19,1,19,0.16.6,2000,eb,mle,0.00205317058815764,391.669872995676,0.00374569648547541,FALSE,FALSE,alpha_pip_fixed_point,13
1000,80,2000,3,0.001,0.001,200000,2000,249;657;842,0.00596135875912259,4.73305996944509,10.8573593423477,SuSiE-RSS: finite R0 + EB mismatch,3,2,2,FALSE,FALSE,,,,TRUE,0.187000000000001,0.666666666666667,FALSE,0,2,1,0.774824767431802,0.00010506042334482,2.62651058362049e-05,20,1,20,0.16.6,2000,eb,mle,0,2000,0.00457058458827444,FALSE,FALSE,alpha_pip_fixed_point,6
500,61,2000,3,0.001,0.001,200000,2000,124;323;175,0.0315090909297613,4.71379868901485,10.9814726721326,SuSiE-RSS: in-sample R,5,3,3,FALSE,FALSE,,,,TRUE,0.0150000000000006,1,TRUE,0,3,1,0.999641350793099,0,0,1,1,1,,,,,,,,,,,
1000,62,2000,3,0.001,0.001,200000,2000,249;751;859,0.00927810206959067,4.68836971465351,10.9003336920001,SuSiE-RSS: in-sample R,3,3,3,FALSE,FALSE,,,,TRUE,0.039999999999992,1,TRUE,0,3,3,0.636895073308247,0,0,2,1,2,,,,,,,,,,,
2000,63,2000,3,0.001,0.001,200000,2000,497;1658;1145,0.00233645045500999,4.68954542602091,10.8677699744138,SuSiE-RSS: in-sample R,5,3,3,FALSE,FALSE,,,,TRUE,0.177999999999997,1,TRUE,0,3,3.66666666666667,0.690724501589182,0,0,3,1,3,,,,,,,,,,,
500,64,2000,3,0.001,0.001,200000,2000,124;453;173,0.0271851699183119,4.86139446830223,10.9390128771155,SuSiE-RSS: in-sample R,3,2,2,FALSE,FALSE,,,,TRUE,0.0150000000000006,0.666666666666667,FALSE,0,2,2,0.422574616091792,0,0,4,1,4,,,,,,,,,,,
1000,65,2000,3,0.001,0.001,200000,2000,249;832;630,0.0106457736580403,4.52088082947716,10.8754069647144,SuSiE-RSS: in-sample R,5,2,2,FALSE,FALSE,,,,TRUE,0.0330000000000013,0.666666666666667,FALSE,0,2,3.5,0.401518362603188,0,0,5,1,5,,,,,,,,,,,
2000,66,2000,3,0.001,0.001,200000,2000,497;889;1415,0.00808916477935596,4.61390457129352,10.8816474608877,SuSiE-RSS: in-sample R,3,2,2,FALSE,FALSE,,,,TRUE,0.127999999999986,0.666666666666667,FALSE,0,2,1.5,0.617115161551501,0,0,6,1,6,,,,,,,,,,,
500,67,2000,3,0.001,0.001,200000,2000,124;52;436,0.0094071077374579,4.74483485963179,10.8789651075306,SuSiE-RSS: in-sample R,3,2,2,FALSE,FALSE,,,,TRUE,0.0109999999999957,0.666666666666667,FALSE,0,2,1,0.677894388506714,0,0,7,1,7,,,,,,,,,,,
1000,68,2000,3,0.001,0.001,200000,2000,249;775;144,0.00474295627839248,4.72509802218836,10.8666897272063,SuSiE-RSS: in-sample R,3,2,2,FALSE,FALSE,,,,TRUE,0.0390000000000157,0.666666666666667,FALSE,0,2,2.5,0.450356124288558,0,0,8,1,8,,,,,,,,,,,
2000,69,2000,3,0.001,0.001,200000,2000,497;1644;936,0.00868789334084204,4.63876061550025,10.8910801886407,SuSiE-RSS: in-sample R,3,2,2,FALSE,FALSE,,,,TRUE,0.192999999999984,0.666666666666667,FALSE,0,2,1.5,0.702094292797364,0,0,9,1,9,,,,,,,,,,,
500,70,2000,3,0.001,0.001,200000,2000,124;445;312,0.0112584068045655,4.77331968866235,10.8885083057182,SuSiE-RSS: in-sample R,3,2,2,FALSE,FALSE,,,,TRUE,0.0120000000000005,0.666666666666667,FALSE,0,2,1,0.939773729903046,0,0,10,1,10,,,,,,,,,,,
1000,71,2000,3,0.001,0.001,200000,2000,249;637;397,0.00699140884669842,4.67829627207951,10.8935499099171,SuSiE-RSS: in-sample R,5,3,3,FALSE,FALSE,,,,TRUE,0.0430000000000064,1,TRUE,0,3,2.33333333333333,0.553954685248129,0,0,11,1,11,,,,,,,,,,,
2000,72,2000,3,0.001,0.001,200000,2000,497;1759;1064,0.00489386872140969,4.63342587108743,10.8497334357679,SuSiE-RSS: in-sample R,3,3,3,FALSE,FALSE,,,,TRUE,0.130999999999972,1,TRUE,0,3,1.33333333333333,0.851444965747676,0,0,12,1,12,,,,,,,,,,,
500,73,2000,3,0.001,0.001,200000,2000,124;226;458,0.0204255241961514,4.59926628764412,10.7918632055351,SuSiE-RSS: in-sample R,3,2,2,FALSE,FALSE,,,,TRUE,0.0180000000000007,0.666666666666667,FALSE,0,2,4.5,0.499285460289234,0,0,13,1,13,,,,,,,,,,,
1000,74,2000,3,0.001,0.001,200000,2000,249;373;880,0.00343026897341962,4.69803910792788,10.8711180155918,SuSiE-RSS: in-sample R,3,2,2,FALSE,FALSE,,,,TRUE,0.0390000000000015,0.666666666666667,FALSE,0,2,1,0.71180129695753,0,0,14,1,14,,,,,,,,,,,
2000,75,2000,3,0.001,0.001,200000,2000,497;1503;1179,0.00222096099586352,4.64222883007286,10.8603627648027,SuSiE-RSS: in-sample R,2,2,2,FALSE,FALSE,,,,TRUE,0.11099999999999,0.666666666666667,FALSE,0,2,1,0.650936240591469,0,0,15,1,15,,,,,,,,,,,
500,76,2000,3,0.001,0.001,200000,2000,124;322;413,0.00335375859850114,4.6173168153871,10.8691169751129,SuSiE-RSS: in-sample R,3,2,2,FALSE,FALSE,,,,TRUE,0.0169999999999959,0.666666666666667,FALSE,0,2,3.5,0.465188735666226,0,0,16,1,16,,,,,,,,,,,
1000,77,2000,3,0.001,0.001,200000,2000,249;394;731,0.00617508523724161,4.579434203019,10.8588634383814,SuSiE-RSS: in-sample R,5,2,2,FALSE,FALSE,,,,TRUE,0.0420000000000016,0.666666666666667,FALSE,0,2,5,0.405553170459024,0,0,17,1,17,,,,,,,,,,,
2000,78,2000,3,0.001,0.001,200000,2000,497;740;295,0.00299652980995288,4.64279607895836,10.8555680589355,SuSiE-RSS: in-sample R,3,2,2,FALSE,FALSE,,,,TRUE,0.0939999999999941,0.666666666666667,FALSE,0,2,4,0.52593003855159,0,0,18,1,18,,,,,,,,,,,
500,79,2000,3,0.001,0.001,200000,2000,124;371;261,0.0176405534623306,4.88339543007169,10.8574707156366,SuSiE-RSS: in-sample R,5,3,3,FALSE,FALSE,,,,TRUE,0.0120000000000005,1,TRUE,0,3,1.66666666666667,0.718556059861179,0,0,19,1,19,,,,,,,,,,,
1000,80,2000,3,0.001,0.001,200000,2000,249;657;842,0.00596135875912259,4.73305996944509,10.8573593423477,SuSiE-RSS: in-sample R,3,2,2,FALSE,FALSE,,,,TRUE,0.0310000000000059,0.666666666666667,FALSE,0,2,1,0.807091836375003,0,0,20,1,20,,,,,,,,,,,
500,61,2000,3,0.001,0.001,200000,2000,124;323;175,0.0315090909297613,4.71379868901485,10.9814726721326,SuSiE-RSS: reference R0,5,3,3,FALSE,FALSE,,,,TRUE,0.0150000000000006,1,TRUE,0,3,1,0.999704930481506,0.000490266384274857,8.17110640458095e-05,1,1,1,,,,,,,,,,,
1000,62,2000,3,0.001,0.001,200000,2000,249;751;859,0.00927810206959067,4.68836971465351,10.9003336920001,SuSiE-RSS: reference R0,3,3,3,FALSE,FALSE,,,,TRUE,0.0499999999999972,0.666666666666667,FALSE,1,2,3,0.61378968059685,0.284007417507229,0.0473345695845382,2,0.666666666666667,2,,,,,,,,,,,
2000,63,2000,3,0.001,0.001,200000,2000,497;1658;1145,0.00233645045500999,4.68954542602091,10.8677699744138,SuSiE-RSS: reference R0,5,3,3,FALSE,FALSE,,,,TRUE,0.138000000000034,1,TRUE,0,3,4.33333333333333,0.683461475845912,0.333762961208729,0.0556271602014548,3,1,3,,,,,,,,,,,
500,64,2000,3,0.001,0.001,200000,2000,124;453;173,0.0271851699183119,4.86139446830223,10.9390128771155,SuSiE-RSS: reference R0,3,2,2,FALSE,FALSE,,,,TRUE,0.0140000000000029,0.666666666666667,FALSE,0,2,2,0.41269576561481,0.072878407259248,0.018219601814812,4,1,4,,,,,,,,,,,
1000,65,2000,3,0.001,0.001,200000,2000,249;832;630,0.0106457736580403,4.52088082947716,10.8754069647144,SuSiE-RSS: reference R0,5,2,2,FALSE,FALSE,,,,TRUE,0.0369999999999919,0.666666666666667,FALSE,0,2,3.5,0.396588428383042,0.03940409762765,0.00985102440691251,5,1,5,,,,,,,,,,,
2000,66,2000,3,0.001,0.001,200000,2000,497;889;1415,0.00808916477935596,4.61390457129352,10.8816474608877,SuSiE-RSS: reference R0,5,2,2,FALSE,FALSE,,,,TRUE,0.104999999999961,0.666666666666667,FALSE,0,2,1.5,0.616419981671844,0.00220080237348069,0.000550200593370173,6,1,6,,,,,,,,,,,
500,67,2000,3,0.001,0.001,200000,2000,124;52;436,0.0094071077374579,4.74483485963179,10.8789651075306,SuSiE-RSS: reference R0,2,2,2,FALSE,FALSE,,,,TRUE,0.0169999999999959,0.666666666666667,FALSE,0,2,1,0.666666051773895,2.82678641328331e-06,7.06696603320826e-07,7,1,7,,,,,,,,,,,
1000,68,2000,3,0.001,0.001,200000,2000,249;775;144,0.00474295627839248,4.72509802218836,10.8666897272063,SuSiE-RSS: reference R0,4,2,2,FALSE,FALSE,,,,TRUE,0.0439999999999827,0.666666666666667,FALSE,0,2,2.5,0.360019798618235,1.10323680318947,0.275809200797367,8,1,8,,,,,,,,,,,
2000,69,2000,3,0.001,0.001,200000,2000,497;1644;936,0.00868789334084204,4.63876061550025,10.8910801886407,SuSiE-RSS: reference R0,3,2,2,FALSE,FALSE,,,,TRUE,0.134999999999991,0.666666666666667,FALSE,0,2,1.5,0.702416853567898,0.0947903751145036,0.0236975937786259,9,1,9,,,,,,,,,,,
500,70,2000,3,0.001,0.001,200000,2000,124;445;312,0.0112584068045655,4.77331968866235,10.8885083057182,SuSiE-RSS: reference R0,3,2,2,FALSE,FALSE,,,,TRUE,0.0160000000000053,0.666666666666667,FALSE,0,2,1,0.959299636815272,0.000127141297662842,3.17853244157104e-05,10,1,10,,,,,,,,,,,
1000,71,2000,3,0.001,0.001,200000,2000,249;637;397,0.00699140884669842,4.67829627207951,10.8935499099171,SuSiE-RSS: reference R0,5,3,3,FALSE,FALSE,,,,TRUE,0.0519999999999925,1,TRUE,0,3,2.66666666666667,0.54384054800542,0.254397272222318,0.0423995453703863,11,1,11,,,,,,,,,,,
2000,72,2000,3,0.001,0.001,200000,2000,497;1759;1064,0.00489386872140969,4.63342587108743,10.8497334357679,SuSiE-RSS: reference R0,5,3,3,FALSE,FALSE,,,,TRUE,0.132000000000005,1,TRUE,0,3,1.33333333333333,0.843056712283196,0.0511458903973264,0.00852431506622107,12,1,12,,,,,,,,,,,
500,73,2000,3,0.001,0.001,200000,2000,124;226;458,0.0204255241961514,4.59926628764412,10.7918632055351,SuSiE-RSS: reference R0,2,2,2,FALSE,FALSE,,,,TRUE,0.0160000000000053,0.666666666666667,FALSE,0,2,4.5,0.290081480096626,0.222550031101981,0.0556375077754952,13,1,13,,,,,,,,,,,
1000,74,2000,3,0.001,0.001,200000,2000,249;373;880,0.00343026897341962,4.69803910792788,10.8711180155918,SuSiE-RSS: reference R0,4,2,2,FALSE,FALSE,,,,TRUE,0.0879999999999939,0.666666666666667,FALSE,0,2,1,0.78684066691158,2.69027058850663e-06,6.72567647126657e-07,14,1,14,,,,,,,,,,,
2000,75,2000,3,0.001,0.001,200000,2000,497;1503;1179,0.00222096099586352,4.64222883007286,10.8603627648027,SuSiE-RSS: reference R0,3,2,2,FALSE,FALSE,,,,TRUE,0.117999999999995,0.666666666666667,FALSE,0,2,1,0.734574511916259,0.0318957265420573,0.00797393163551432,15,1,15,,,,,,,,,,,
500,76,2000,3,0.001,0.001,200000,2000,124;322;413,0.00335375859850114,4.6173168153871,10.8691169751129,SuSiE-RSS: reference R0,3,2,2,FALSE,FALSE,,,,TRUE,0.0210000000000008,0.666666666666667,FALSE,0,2,3,0.463942766976887,0.479132095740667,0.119783023935167,16,1,16,,,,,,,,,,,
1000,77,2000,3,0.001,0.001,200000,2000,249;394;731,0.00617508523724161,4.579434203019,10.8588634383814,SuSiE-RSS: reference R0,5,2,2,FALSE,FALSE,,,,TRUE,0.0500000000000114,0.666666666666667,FALSE,0,2,5,0.326214904352799,0.359559121369729,0.0898897803424324,17,1,17,,,,,,,,,,,
2000,78,2000,3,0.001,0.001,200000,2000,497;740;295,0.00299652980995288,4.64279607895836,10.8555680589355,SuSiE-RSS: reference R0,5,2,2,FALSE,FALSE,,,,TRUE,0.0849999999999795,0.666666666666667,FALSE,0,2,3.5,0.541036184153091,0.168976545506756,0.0422441363766891,18,1,18,,,,,,,,,,,
500,79,2000,3,0.001,0.001,200000,2000,124;371;261,0.0176405534623306,4.88339543007169,10.8574707156366,SuSiE-RSS: reference R0,5,3,3,FALSE,FALSE,,,,TRUE,0.0150000000000006,1,TRUE,0,3,1.66666666666667,0.695907411837309,0.362442472219103,0.0604070787031839,19,1,19,,,,,,,,,,,
1000,80,2000,3,0.001,0.001,200000,2000,249;657;842,0.00596135875912259,4.73305996944509,10.8573593423477,SuSiE-RSS: reference R0,5,2,2,FALSE,FALSE,,,,TRUE,0.0280000000000058,0.666666666666667,FALSE,0,2,1,0.789331940132933,4.06555371315044e-05,1.01638842828761e-05,20,1,20,,,,,,,,,,,
500,61,2000,3,0.001,0.001,200000,2000,124;323;175,0.0315090909297613,4.71379868901485,10.9814726721326,collapsed-R,0,3,3,FALSE,FALSE,0.001,1086.28152334069,1821.69411464234,TRUE,0.958000000000006,1,TRUE,0,3,1,0.999427585161781,0.00134884445699291,0.000224807409498818,1,1,1,,,,,,,,,,,
1000,62,2000,3,0.001,0.001,200000,2000,249;751;859,0.00927810206959067,4.68836971465351,10.9003336920001,collapsed-R,0,3,3,FALSE,FALSE,0.001,944.062748502891,1583.19322923935,TRUE,2.008,1,TRUE,0,3,3.33333333333333,0.604174043282172,0.292140939751509,0.0486901566252516,2,1,2,,,,,,,,,,,
2000,63,2000,3,0.001,0.001,200000,2000,497;1658;1145,0.00233645045500999,4.68954542602091,10.8677699744138,collapsed-R,0,2,2,FALSE,FALSE,0.001,505.984436677881,848.535900308807,TRUE,3.786,0.666666666666667,FALSE,0,2,2,0.653441392005275,1.11718878878073,0.223437757756146,3,1,3,,,,,,,,,,,
500,64,2000,3,0.001,0.001,200000,2000,124;453;173,0.0271851699183119,4.86139446830223,10.9390128771155,collapsed-R,0,2,2,FALSE,FALSE,0.001,528.354239812042,886.050060164794,TRUE,0.922999999999995,0.666666666666667,FALSE,0,2,2,0.39142468499045,0.0838778309446857,0.0209694577361714,4,1,4,,,,,,,,,,,
1000,65,2000,3,0.001,0.001,200000,2000,249;832;630,0.0106457736580403,4.52088082947716,10.8754069647144,collapsed-R,0,2,2,FALSE,FALSE,0.001,1404.10117950824,2354.67767803532,TRUE,1.399,0.666666666666667,FALSE,0,2,3.5,0.397095341785704,0.0380061035638351,0.00950152589095878,5,1,5,,,,,,,,,,,
2000,66,2000,3,0.001,0.001,200000,2000,497;889;1415,0.00808916477935596,4.61390457129352,10.8816474608877,collapsed-R,0,2,2,FALSE,FALSE,0.001,819.97448785504,1375.0972161329,TRUE,3.47199999999998,0.666666666666667,FALSE,0,2,1.5,0.601668335955866,0.0602939288193238,0.0150734822048309,6,1,6,,,,,,,,,,,
500,67,2000,3,0.001,0.001,200000,2000,124;52;436,0.0094071077374579,4.74483485963179,10.8789651075306,collapsed-R,0,2,2,FALSE,FALSE,0.001,713.165949571382,1195.97929743121,TRUE,0.628,0.666666666666667,FALSE,0,2,1,0.679325567375916,2.2927703630041e-05,5.73192590751026e-06,7,1,7,,,,,,,,,,,
1000,68,2000,3,0.001,0.001,200000,2000,249;775;144,0.00474295627839248,4.72509802218836,10.8666897272063,collapsed-R,0,2,2,FALSE,FALSE,0.001,1024.19643888387,1717.57742800825,TRUE,1.77300000000002,0.666666666666667,FALSE,0,2,2.5,0.365314144611349,1.00447718376393,0.251119295940983,8,1,8,,,,,,,,,,,
2000,69,2000,3,0.001,0.001,200000,2000,497;1644;936,0.00868789334084204,4.63876061550025,10.8910801886407,collapsed-R,0,2,2,FALSE,FALSE,0.001,1017.25602271602,1705.93835009476,TRUE,3.70600000000002,0.666666666666667,FALSE,0,2,1.5,0.636054971295899,0.074293917321822,0.0185734793304555,9,1,9,,,,,,,,,,,
500,70,2000,3,0.001,0.001,200000,2000,124;445;312,0.0112584068045655,4.77331968866235,10.8885083057182,collapsed-R,0,2,2,FALSE,FALSE,0.001,885.628160208615,1485.19842466985,TRUE,0.888999999999996,0.666666666666667,FALSE,0,2,1,0.912771735601974,9.76007198470907e-05,2.44001799617727e-05,10,1,10,,,,,,,,,,,
1000,71,2000,3,0.001,0.001,200000,2000,249;637;397,0.00699140884669842,4.67829627207951,10.8935499099171,collapsed-R,0,3,3,FALSE,FALSE,0.001,845.299759782575,1417.56769715538,TRUE,1.989,1,TRUE,0,3,3.66666666666667,0.515696416647998,0.296772691640643,0.0494621152734405,11,1,11,,,,,,,,,,,
2000,72,2000,3,0.001,0.001,200000,2000,497;1759;1064,0.00489386872140969,4.63342587108743,10.8497334357679,collapsed-R,0,3,3,FALSE,FALSE,0.001,823.205160363176,1380.51505392905,TRUE,4.46800000000002,1,TRUE,0,3,1.33333333333333,0.841052634926588,0.0629959350879482,0.010499322514658,12,1,12,,,,,,,,,,,
500,73,2000,3,0.001,0.001,200000,2000,124;226;458,0.0204255241961514,4.59926628764412,10.7918632055351,collapsed-R,0,2,2,FALSE,FALSE,0.001,1299.23010850787,2178.8088919677,TRUE,0.864999999999995,0.666666666666667,FALSE,0,2,4.5,0.410574197825022,0.187184585749791,0.0467961464374478,13,1,13,,,,,,,,,,,
1000,74,2000,3,0.001,0.001,200000,2000,249;373;880,0.00343026897341962,4.69803910792788,10.8711180155918,collapsed-R,0,2,2,FALSE,FALSE,0.001,1107.65145410112,1857.53148852758,TRUE,1.52199999999999,0.666666666666667,FALSE,0,2,1,0.693094672757319,2.14848191671688e-06,5.3712047917922e-07,14,1,14,,,,,,,,,,,
2000,75,2000,3,0.001,0.001,200000,2000,497;1503;1179,0.00222096099586352,4.64222883007286,10.8603627648027,collapsed-R,0,2,2,FALSE,FALSE,0.001,2639.7941888094,4426.93485463337,TRUE,3.76499999999999,0.666666666666667,FALSE,0,2,1,0.723209991776764,0.0225663948199493,0.00564159870498731,15,1,15,,,,,,,,,,,
500,76,2000,3,0.001,0.001,200000,2000,124;322;413,0.00335375859850114,4.6173168153871,10.8691169751129,collapsed-R,0,2,2,FALSE,FALSE,0.001,467.337816658631,783.725518536524,TRUE,0.665999999999997,0.666666666666667,FALSE,0,2,3.5,0.410235632596803,0.503350482207677,0.125837620551919,16,1,16,,,,,,,,,,,
1000,77,2000,3,0.001,0.001,200000,2000,249;394;731,0.00617508523724161,4.579434203019,10.8588634383814,collapsed-R,0,2,2,FALSE,FALSE,0.001,900.41370146249,1509.9937773526,TRUE,1.64100000000002,0.666666666666667,FALSE,0,2,5,0.307254455732494,0.46765977377836,0.11691494344459,17,1,17,,,,,,,,,,,
2000,78,2000,3,0.001,0.001,200000,2000,497;740;295,0.00299652980995288,4.64279607895836,10.8555680589355,collapsed-R,0,2,2,FALSE,FALSE,0.001,1800.16985250017,3018.88484264279,TRUE,2.50299999999999,0.666666666666667,FALSE,0,2,4,0.521730444217606,0.128611494706141,0.0321528736765352,18,1,18,,,,,,,,,,,
500,79,2000,3,0.001,0.001,200000,2000,124;371;261,0.0176405534623306,4.88339543007169,10.8574707156366,collapsed-R,0,3,3,FALSE,FALSE,0.001,470.412206957083,788.881271067029,TRUE,1.23299999999999,1,TRUE,0,3,1.66666666666667,0.708224568909619,0.195578445836875,0.0325964076394792,19,1,19,,,,,,,,,,,
1000,80,2000,3,0.001,0.001,200000,2000,249;657;842,0.00596135875912259,4.73305996944509,10.8573593423477,collapsed-R,0,2,2,FALSE,FALSE,0.001,1415.04387499256,2373.02857836253,TRUE,1.252,0.666666666666667,FALSE,0,2,1,0.772105078852873,0.000146091104369996,3.6522776092499e-05,20,1,20,,,,,,,,,,,
500,61,5000,3,0.001,0.001,200000,2000,124;64;236,0.00720414254953587,4.57012842752045,10.8749772370007,AIW-N,5,2,2,FALSE,FALSE,0.001,Inf,Inf,TRUE,1.491,0.666666666666667,FALSE,0,2,2.5,0.484338018401323,0.180187812778771,0.0450469531946928,1,1,1,,,,,,,,,,,
1000,62,5000,3,0.001,0.001,200000,2000,249;694;110,0.0143947503894001,4.77391798838731,10.9024634140002,AIW-N,4,3,3,FALSE,FALSE,0.001,8866.85709430395,12626.4045022888,TRUE,3.24700000000001,1,TRUE,0,3,1.33333333333333,0.93008533995183,0.0410240127031044,0.00683733545051739,2,1,2,,,,,,,,,,,
2000,63,5000,3,0.001,0.001,200000,2000,497;1334;835,0.00286871516348665,4.6245932279469,10.8615571679391,AIW-N,5,2,2,FALSE,FALSE,0.001,2106.89249852684,3000.21491790222,TRUE,8.30000000000001,0.666666666666667,FALSE,0,2,1.5,0.692732601987593,1.15689440468162,0.231378880936324,3,1,3,,,,,,,,,,,
500,64,5000,3,0.001,0.001,200000,2000,124;406;452,0.02249658468501,4.70822117250649,10.9548646641306,AIW-N,3,3,3,FALSE,FALSE,0.001,3033.14934751029,4319.20467085466,TRUE,1.184,1,TRUE,0,3,2.33333333333333,0.523914300588793,0.146670859191022,0.0244451431985037,4,1,4,,,,,,,,,,,
1000,65,5000,3,0.001,0.001,200000,2000,249;124;441,0.00702703393247777,4.63389528825586,10.8405844186739,AIW-N,5,2,2,FALSE,FALSE,0.001,1973.62799340221,2810.44626260474,TRUE,3.06199999999998,0.666666666666667,FALSE,0,2,3.5,0.490808273803664,0.0439888471752464,0.0109972117938116,5,1,5,,,,,,,,,,,
2000,66,5000,3,0.001,0.001,200000,2000,497;1516;1172,0.00316793107237112,4.62766211708029,10.8599825427521,AIW-N,5,3,3,FALSE,FALSE,0.001,3571.157802649,5085.32871097217,TRUE,7.33699999999999,1,TRUE,0,3,2.66666666666667,0.669997196185306,0.296360507682868,0.0493934179471447,6,1,6,,,,,,,,,,,
500,67,5000,3,0.001,0.001,200000,2000,124;253;447,0.00718420072749691,4.74857824831902,10.8762270679576,AIW-N,5,2,2,FALSE,FALSE,0.001,2966.80527713301,4224.73071463741,TRUE,1.39700000000001,0.666666666666667,FALSE,0,2,1,0.709489997058185,2.78584447446517e-07,6.96461118616294e-08,7,1,7,,,,,,,,,,,
1000,68,5000,3,0.001,0.001,200000,2000,249;144;596,0.0128646470977826,4.58368767620417,10.8312714830659,AIW-N,5,2,2,FALSE,FALSE,0.001,2393.29243319358,3408.04842486765,TRUE,3.184,0.666666666666667,FALSE,0,2,1.5,0.474641652078249,0.0148074272973184,0.00370185682432959,8,1,8,,,,,,,,,,,
2000,69,5000,3,0.001,0.001,200000,2000,497;1253;814,0.00856545625164718,4.73442021657221,10.8823685964451,AIW-N,5,3,3,FALSE,FALSE,0.001,5682.31046402526,8091.61010077197,TRUE,8.88599999999997,1,TRUE,0,3,3.33333333333333,0.580956826513846,1.14311410998636,0.228622821997273,9,1,9,,,,,,,,,,,
500,70,5000,3,0.001,0.001,200000,2000,124;399;47,0.00762148978572445,4.64268759912281,10.8876330856688,AIW-N,5,3,3,FALSE,FALSE,0.001,Inf,Inf,TRUE,1.42500000000001,1,TRUE,0,3,2,0.630754378940737,0.0411504225454512,0.00685840375757519,10,1,10,,,,,,,,,,,
1000,71,5000,3,0.001,0.001,200000,2000,249;880;505,0.00242198839840257,4.62443404317165,10.8643122801706,AIW-N,5,2,2,FALSE,FALSE,0.001,1390.22343900106,1979.67817713751,TRUE,3.26300000000001,0.666666666666667,FALSE,0,2,3,0.470482207908307,0.0811779446963167,0.0202944861740792,11,1,11,,,,,,,,,,,
2000,72,5000,3,0.001,0.001,200000,2000,497;1557;828,0.00376549964936393,4.62671475573577,10.8589670767275,AIW-N,5,2,2,FALSE,FALSE,0.001,3328.93046243033,4740.39697850079,TRUE,9.24700000000001,0.666666666666667,FALSE,0,2,2,0.568677859086901,0.924085623970074,0.231021405992519,12,1,12,,,,,,,,,,,
500,73,5000,3,0.001,0.001,200000,2000,124;310;374,0.0149646114541868,4.41993022736102,10.8731905139828,AIW-N,5,2,2,FALSE,FALSE,0.001,3881.04279885292,5526.60494556656,TRUE,1.136,0.666666666666667,FALSE,0,2,6,0.278650698419797,1.10923533958351,0.221847067916702,13,1,13,,,,,,,,,,,
1000,74,5000,3,0.001,0.001,200000,2000,249;853;458,0.0132309207624047,4.47241573323258,10.8553540252233,AIW-N,5,2,2,FALSE,FALSE,0.001,2765.47509150643,3938.03653030516,TRUE,3.67099999999999,0.666666666666667,FALSE,0,2,1.5,0.653784391640205,0.00897137896645504,0.00224284474161376,14,1,14,,,,,,,,,,,
2000,75,5000,3,0.001,0.001,200000,2000,497;1840;1003,0.00486097390165493,4.72215554839039,10.8673663007974,AIW-N,5,3,3,FALSE,FALSE,0.001,2777.21655086696,3954.75636843456,TRUE,7.10300000000001,1,TRUE,0,3,1.66666666666667,0.86224519152728,0.148841762612281,0.0248069604353802,15,1,15,,,,,,,,,,,
500,76,5000,3,0.001,0.001,200000,2000,124;393;175,0.0116380262615907,4.52427700506467,10.8788447802898,AIW-N,4,3,3,FALSE,FALSE,0.001,2448.13750024291,3486.14780034591,TRUE,1.10900000000001,1,TRUE,0,3,3.66666666666667,0.403990360581548,0.534772899785604,0.089128816630934,16,1,16,,,,,,,,,,,
1000,77,5000,3,0.001,0.001,200000,2000,249;721;104,0.0125338634310654,4.80954098145358,10.8786234071636,AIW-N,5,2,2,FALSE,FALSE,0.001,5334.87223311889,7596.85805996129,TRUE,3.35599999999999,0.666666666666667,FALSE,0,2,2,0.552130783380225,0.117332231744473,0.0293330579361183,17,1,17,,,,,,,,,,,
2000,78,5000,3,0.001,0.001,200000,2000,497;1395;740,0.00297658600903492,4.67028467859416,10.8774541442444,AIW-N,4,2,2,FALSE,FALSE,0.001,Inf,Inf,TRUE,5.98500000000001,0.666666666666667,FALSE,0,2,4,0.360257644497222,0.0703656585282734,0.0175914146320684,18,1,18,,,,,,,,,,,
500,79,5000,3,0.001,0.001,200000,2000,124;261;371,0.00958217554875837,4.67149744737564,10.8352969844824,AIW-N,5,2,2,FALSE,FALSE,0.001,2227.79154735906,3172.37516343929,TRUE,1.399,0.666666666666667,FALSE,0,2,2,0.748565641812775,1.01727961089782,0.203455922179565,19,1,19,,,,,,,,,,,
1000,80,5000,3,0.001,0.001,200000,2000,249;863;620,0.00174122413568306,4.6752117456437,10.8694018486814,AIW-N,5,3,3,FALSE,FALSE,0.001,3547.94589041551,5052.27494795168,TRUE,2.72200000000001,1,TRUE,0,3,2.33333333333333,0.556000387802902,0.204906946733714,0.0341511577889523,20,1,20,,,,,,,,,,,
500,61,5000,3,0.001,0.001,200000,2000,124;64;236,0.00720414254953587,4.57012842752045,10.8749772370007,SuSiE-RSS: finite R0 + EB mismatch,5,2,2,FALSE,FALSE,,,,TRUE,0.157,0.666666666666667,FALSE,0,2,2.5,0.451693415003066,0.0778197284889274,0.0194549321222319,1,1,1,0.16.6,2000,eb,mle,0.00279238331110177,303.731341556751,0.00273689911536574,FALSE,FALSE,alpha_pip_fixed_point,15
1000,62,5000,3,0.001,0.001,200000,2000,249;694;110,0.0143947503894001,4.77391798838731,10.9024634140002,SuSiE-RSS: finite R0 + EB mismatch,3,3,3,FALSE,FALSE,,,,TRUE,0.205,1,TRUE,0,3,1.33333333333333,0.922037831901463,0.0850051320135987,0.0141675220022665,2,1,2,0.16.6,2000,eb,mle,0,2000,0.00595454802073765,FALSE,FALSE,alpha_pip_fixed_point,5
2000,63,5000,3,0.001,0.001,200000,2000,497;1334;835,0.00286871516328798,4.62459322794579,10.86155716794,SuSiE-RSS: finite R0 + EB mismatch,3,2,2,FALSE,FALSE,,,,TRUE,1.254,0.666666666666667,FALSE,0,2,2,0.673716175930454,1.11022593607267,0.222045187214534,3,1,3,0.16.6,2000,eb,mle,0,2000,0.00530126568254444,FALSE,FALSE,alpha_pip_fixed_point,5
500,64,5000,3,0.001,0.001,200000,2000,124;406;452,0.02249658468501,4.70822117250649,10.9548646641306,SuSiE-RSS: finite R0 + EB mismatch,3,3,3,FALSE,FALSE,,,,TRUE,0.0629999999999988,1,TRUE,0,3,2.66666666666667,0.514068700509601,0.220308580896263,0.0367180968160439,4,1,4,0.16.6,2000,eb,mle,0,2000,0.00566475417256231,FALSE,FALSE,alpha_pip_fixed_point,5
1000,65,5000,3,0.001,0.001,200000,2000,249;124;441,0.00702703393247777,4.63389528825586,10.8405844186739,SuSiE-RSS: finite R0 + EB mismatch,3,2,2,FALSE,FALSE,,,,TRUE,0.209,0.666666666666667,FALSE,0,2,4,0.480522523387885,0.0571675484465013,0.0142918871116253,5,1,5,0.16.6,2000,eb,mle,0,2000,0.00521578041088418,FALSE,FALSE,alpha_pip_fixed_point,5
2000,66,5000,3,0.001,0.001,200000,2000,497;1516;1172,0.00316793107237112,4.62766211708029,10.8599825427521,SuSiE-RSS: finite R0 + EB mismatch,3,3,3,FALSE,FALSE,,,,TRUE,1.099,1,TRUE,0,3,2.66666666666667,0.670649314675854,0.249281267048555,0.0415468778414258,6,1,6,0.16.6,2000,eb,mle,0,2000,0.00520639225427429,FALSE,FALSE,alpha_pip_fixed_point,5
500,67,5000,3,0.001,0.001,200000,2000,124;253;447,0.00718420072749691,4.74857824831902,10.8762270679576,SuSiE-RSS: finite R0 + EB mismatch,3,2,2,FALSE,FALSE,,,,TRUE,0.104999999999999,0.666666666666667,FALSE,0,2,1,0.700803479662189,8.78784102860581e-07,2.19696025715145e-07,7,1,7,0.16.6,2000,eb,mle,0,2000,0.00413896805596458,FALSE,FALSE,alpha_pip_fixed_point,6
1000,68,5000,3,0.001,0.001,200000,2000,249;144;596,0.0128646470977826,4.58368767620417,10.8312714830659,SuSiE-RSS: finite R0 + EB mismatch,3,2,2,FALSE,FALSE,,,,TRUE,0.263,0.666666666666667,FALSE,0,2,1.5,0.474491564531604,0.00319871076415557,0.000799677691038893,8,1,8,0.16.6,2000,eb,mle,0,2000,0.00436541673827099,FALSE,FALSE,alpha_pip_fixed_point,5
2000,69,5000,3,0.001,0.001,200000,2000,497;1253;814,0.00856545625164718,4.73442021657221,10.8823685964451,SuSiE-RSS: finite R0 + EB mismatch,3,2,2,FALSE,FALSE,,,,TRUE,1.026,0.666666666666667,FALSE,0,2,3,0.580810942617253,0.0853647041580948,0.0213411760395237,9,1,9,0.16.6,2000,eb,mle,0,2000,0.00526060087073017,FALSE,FALSE,alpha_pip_fixed_point,5
500,70,5000,3,0.001,0.001,200000,2000,124;399;47,0.00762148978572445,4.64268759912281,10.8876330856688,SuSiE-RSS: finite R0 + EB mismatch,5,2,2,FALSE,FALSE,,,,TRUE,0.0849999999999991,0.666666666666667,FALSE,0,2,1.5,0.624414897465123,1.00225604137591,0.200451208275183,10,1,10,0.16.6,2000,eb,mle,0.000562174685005798,941.46472714565,0.00394955868139977,FALSE,FALSE,alpha_pip_fixed_point,7
1000,71,5000,3,0.001,0.001,200000,2000,249;880;505,0.00242198839840257,4.62443404317165,10.8643122801706,SuSiE-RSS: finite R0 + EB mismatch,3,2,2,FALSE,FALSE,,,,TRUE,0.206,0.666666666666667,FALSE,0,2,3,0.455324488503162,0.0951784181493458,0.0237946045373365,11,1,11,0.16.6,2000,eb,mle,0,2000,0.00630802929228461,FALSE,FALSE,alpha_pip_fixed_point,5
2000,72,5000,3,0.001,0.001,200000,2000,497;1557;828,0.00376549964936393,4.62671475573577,10.8589670767275,SuSiE-RSS: finite R0 + EB mismatch,3,2,2,FALSE,FALSE,,,,TRUE,1.302,0.666666666666667,FALSE,0,2,2,0.542729490834401,0.949525332943846,0.237381333235962,12,1,12,0.16.6,2000,eb,mle,0,2000,0.00510429928684975,FALSE,FALSE,alpha_pip_fixed_point,8
500,73,5000,3,0.001,0.001,200000,2000,124;310;374,0.0149646114541868,4.41993022736102,10.8731905139828,SuSiE-RSS: finite R0 + EB mismatch,3,2,2,FALSE,FALSE,,,,TRUE,0.0809999999999995,0.666666666666667,FALSE,0,2,6,0.258850871726692,1.0891225463947,0.21782450927894,13,1,13,0.16.6,2000,eb,mle,0,2000,0.00636799025890704,FALSE,FALSE,alpha_pip_fixed_point,7
1000,74,5000,3,0.001,0.001,200000,2000,249;853;458,0.0132309207624047,4.47241573323258,10.8553540252233,SuSiE-RSS: finite R0 + EB mismatch,5,2,2,FALSE,FALSE,,,,TRUE,0.309000000000001,0.666666666666667,FALSE,0,2,1.5,0.593275492683877,0.159578852956346,0.0398947132390866,14,1,14,0.16.6,2000,eb,mle,0.0022973132644038,357.485882158834,0.00366957722861476,FALSE,FALSE,alpha_pip_fixed_point,4
2000,75,5000,3,0.001,0.001,200000,2000,497;1840;1003,0.00486097390257858,4.72215554840173,10.8673663007956,SuSiE-RSS: finite R0 + EB mismatch,3,3,3,FALSE,FALSE,,,,TRUE,1.078,1,TRUE,0,3,2,0.850448356471979,0.218290097257651,0.0363816828762751,15,1,15,0.16.6,2000,eb,mle,0,2000,0.00496616503239189,FALSE,FALSE,alpha_pip_fixed_point,5
500,76,5000,3,0.001,0.001,200000,2000,124;393;175,0.0116380262615907,4.52427700506467,10.8788447802898,SuSiE-RSS: finite R0 + EB mismatch,3,3,3,FALSE,FALSE,,,,TRUE,0.0899999999999999,1,TRUE,0,3,4,0.407212491093315,0.4410778587775,0.0735129764629167,16,1,16,0.16.6,2000,eb,mle,0,2000,0.00602106194756029,FALSE,FALSE,alpha_pip_fixed_point,6
1000,77,5000,3,0.001,0.001,200000,2000,249;721;104,0.0125338634310654,4.80954098145358,10.8786234071636,SuSiE-RSS: finite R0 + EB mismatch,5,2,2,FALSE,FALSE,,,,TRUE,0.263999999999999,0.666666666666667,FALSE,0,2,2,0.521797926489614,0.0504788251774443,0.0126197062943611,17,1,17,0.16.6,2000,eb,mle,0.00072860484363841,813.931350814623,0.00457192767339275,FALSE,FALSE,alpha_pip_fixed_point,4
2000,78,5000,3,0.001,0.001,200000,2000,497;1395;740,0.00297658600903492,4.67028467859416,10.8774541442444,SuSiE-RSS: finite R0 + EB mismatch,5,2,2,FALSE,FALSE,,,,TRUE,1.034,0.666666666666667,FALSE,0,2,4,0.361387037361904,0.084516894622248,0.021129223655562,18,1,18,0.16.6,2000,eb,mle,7.93210322238448e-05,1726.15863118467,0.00429289507150307,FALSE,FALSE,alpha_pip_fixed_point,11
500,79,5000,3,0.001,0.001,200000,2000,124;261;371,0.00958217554875837,4.67149744737564,10.8352969844824,SuSiE-RSS: finite R0 + EB mismatch,3,2,2,FALSE,FALSE,,,,TRUE,0.0910000000000011,0.666666666666667,FALSE,0,2,2,0.739052350761304,1.03260470467188,0.206520940934375,19,1,19,0.16.6,2000,eb,mle,0,2000,0.00614841433313283,FALSE,FALSE,alpha_pip_fixed_point,8
1000,80,5000,3,0.001,0.001,200000,2000,249;863;620,0.00174122413568306,4.6752117456437,10.8694018486814,SuSiE-RSS: finite R0 + EB mismatch,3,3,3,FALSE,FALSE,,,,TRUE,0.246,1,TRUE,0,3,2.33333333333333,0.557422450166197,0.207442816232399,0.0345738027053998,20,1,20,0.16.6,2000,eb,mle,0,2000,0.00632146234664595,FALSE,FALSE,alpha_pip_fixed_point,5
500,61,5000,3,0.001,0.001,200000,2000,124;64;236,0.00720414254953587,4.57012842752045,10.8749772370007,SuSiE-RSS: in-sample R,5,2,2,FALSE,FALSE,,,,TRUE,0.0289999999999964,0.666666666666667,FALSE,0,2,2.5,0.480124172258493,0,0,1,1,1,,,,,,,,,,,
1000,62,5000,3,0.001,0.001,200000,2000,249;694;110,0.0143947503894001,4.77391798838731,10.9024634140002,SuSiE-RSS: in-sample R,3,3,3,FALSE,FALSE,,,,TRUE,0.0420000000000016,1,TRUE,0,3,1.33333333333333,0.935990302139733,0,0,2,1,2,,,,,,,,,,,
2000,63,5000,3,0.001,0.001,200000,2000,497;1334;835,0.00286871516348665,4.6245932279469,10.8615571679391,SuSiE-RSS: in-sample R,3,3,3,FALSE,FALSE,,,,TRUE,0.156999999999982,1,TRUE,0,3,4,0.662297649430347,0,0,3,1,3,,,,,,,,,,,
500,64,5000,3,0.001,0.001,200000,2000,124;406;452,0.02249658468501,4.70822117250649,10.9548646641306,SuSiE-RSS: in-sample R,3,3,3,FALSE,FALSE,,,,TRUE,0.0159999999999911,1,TRUE,0,3,2,0.535003006686563,0,0,4,1,4,,,,,,,,,,,
1000,65,5000,3,0.001,0.001,200000,2000,249;124;441,0.00702703393247777,4.63389528825586,10.8405844186739,SuSiE-RSS: in-sample R,5,2,2,FALSE,FALSE,,,,TRUE,0.0370000000000061,0.666666666666667,FALSE,0,2,3.5,0.548247572223078,0,0,5,1,5,,,,,,,,,,,
2000,66,5000,3,0.001,0.001,200000,2000,497;1516;1172,0.00316793107237112,4.62766211708029,10.8599825427521,SuSiE-RSS: in-sample R,4,3,3,FALSE,FALSE,,,,TRUE,0.146000000000015,1,TRUE,0,3,2.66666666666667,0.685220013133825,0,0,6,1,6,,,,,,,,,,,
500,67,5000,3,0.001,0.001,200000,2000,124;253;447,0.00718420072749691,4.74857824831902,10.8762270679576,SuSiE-RSS: in-sample R,5,2,2,FALSE,FALSE,,,,TRUE,0.0180000000000007,0.666666666666667,FALSE,0,2,1,0.689653893805228,0,0,7,1,7,,,,,,,,,,,
1000,68,5000,3,0.001,0.001,200000,2000,249;144;596,0.0128646470977826,4.58368767620417,10.8312714830659,SuSiE-RSS: in-sample R,3,2,2,FALSE,FALSE,,,,TRUE,0.0339999999999918,0.666666666666667,FALSE,0,2,1.5,0.48253836604122,0,0,8,1,8,,,,,,,,,,,
2000,69,5000,3,0.001,0.001,200000,2000,497;1253;814,0.00856545625164718,4.73442021657221,10.8823685964451,SuSiE-RSS: in-sample R,4,2,2,FALSE,FALSE,,,,TRUE,0.299000000000035,0.666666666666667,FALSE,0,2,2.5,0.547491898662307,0,0,9,1,9,,,,,,,,,,,
500,70,5000,3,0.001,0.001,200000,2000,124;399;47,0.00762148978572445,4.64268759912281,10.8876330856688,SuSiE-RSS: in-sample R,5,3,3,FALSE,FALSE,,,,TRUE,0.0110000000000099,1,TRUE,0,3,2,0.628962799560673,0,0,10,1,10,,,,,,,,,,,
1000,71,5000,3,0.001,0.001,200000,2000,249;880;505,0.00242198839840257,4.62443404317165,10.8643122801706,SuSiE-RSS: in-sample R,3,2,2,FALSE,FALSE,,,,TRUE,0.0699999999999932,0.666666666666667,FALSE,0,2,2.5,0.468591046586516,0,0,11,1,11,,,,,,,,,,,
2000,72,5000,3,0.001,0.001,200000,2000,497;1557;828,0.00376549964936393,4.62671475573577,10.8589670767275,SuSiE-RSS: in-sample R,5,2,2,FALSE,FALSE,,,,TRUE,0.213999999999999,0.666666666666667,FALSE,0,2,2,0.828229426004233,0,0,12,1,12,,,,,,,,,,,
500,73,5000,3,0.001,0.001,200000,2000,124;310;374,0.0149646114541868,4.41993022736102,10.8731905139828,SuSiE-RSS: in-sample R,3,3,3,FALSE,FALSE,,,,TRUE,0.0160000000000053,1,TRUE,0,3,5.33333333333333,0.362768417835993,0,0,13,1,13,,,,,,,,,,,
1000,74,5000,3,0.001,0.001,200000,2000,249;853;458,0.0132309207624047,4.47241573323258,10.8553540252233,SuSiE-RSS: in-sample R,5,2,2,FALSE,FALSE,,,,TRUE,0.0669999999999789,0.666666666666667,FALSE,0,2,1.5,0.659435312729196,0,0,14,1,14,,,,,,,,,,,
2000,75,5000,3,0.001,0.001,200000,2000,497;1840;1003,0.00486097390165493,4.72215554839039,10.8673663007974,SuSiE-RSS: in-sample R,5,3,3,FALSE,FALSE,,,,TRUE,0.134999999999991,1,TRUE,0,3,1.33333333333333,0.886907738496488,0,0,15,1,15,,,,,,,,,,,
500,76,5000,3,0.001,0.001,200000,2000,124;393;175,0.0116380262615907,4.52427700506467,10.8788447802898,SuSiE-RSS: in-sample R,3,3,3,FALSE,FALSE,,,,TRUE,0.0150000000000006,1,TRUE,0,3,4.33333333333333,0.415338306413665,0,0,16,1,16,,,,,,,,,,,
1000,77,5000,3,0.001,0.001,200000,2000,249;721;104,0.0125338634310654,4.80954098145358,10.8786234071636,SuSiE-RSS: in-sample R,5,2,2,FALSE,FALSE,,,,TRUE,0.0589999999999975,0.666666666666667,FALSE,0,2,2,0.556805483887659,0,0,17,1,17,,,,,,,,,,,
2000,78,5000,3,0.001,0.001,200000,2000,497;1395;740,0.00297658600903492,4.67028467859416,10.8774541442444,SuSiE-RSS: in-sample R,5,2,2,FALSE,FALSE,,,,TRUE,0.103000000000009,0.666666666666667,FALSE,0,2,4,0.354839607014574,0,0,18,1,18,,,,,,,,,,,
500,79,5000,3,0.001,0.001,200000,2000,124;261;371,0.00958217554875837,4.67149744737564,10.8352969844824,SuSiE-RSS: in-sample R,5,3,3,FALSE,FALSE,,,,TRUE,0.0139999999999958,1,TRUE,0,3,1.66666666666667,0.763710553395708,0,0,19,1,19,,,,,,,,,,,
1000,80,5000,3,0.001,0.001,200000,2000,249;863;620,0.00174122413568306,4.6752117456437,10.8694018486814,SuSiE-RSS: in-sample R,3,3,3,FALSE,FALSE,,,,TRUE,0.0280000000000058,1,TRUE,0,3,2.33333333333333,0.535555363953526,0,0,20,1,20,,,,,,,,,,,
500,61,5000,3,0.001,0.001,200000,2000,124;64;236,0.00720414254953587,4.57012842752045,10.8749772370007,SuSiE-RSS: reference R0,5,2,2,FALSE,FALSE,,,,TRUE,0.0389999999999873,0.666666666666667,FALSE,0,2,2.5,0.484344429074158,0.180475823845332,0.045118955961333,1,1,1,,,,,,,,,,,
1000,62,5000,3,0.001,0.001,200000,2000,249;694;110,0.0143947503894001,4.77391798838731,10.9024634140002,SuSiE-RSS: reference R0,3,3,3,FALSE,FALSE,,,,TRUE,0.0349999999999966,1,TRUE,0,3,1.33333333333333,0.929993516159677,0.041590153526187,0.0069316922543645,2,1,2,,,,,,,,,,,
2000,63,5000,3,0.001,0.001,200000,2000,497;1334;835,0.00286871516348665,4.6245932279469,10.8615571679391,SuSiE-RSS: reference R0,5,2,2,FALSE,FALSE,,,,TRUE,0.114000000000033,0.666666666666667,FALSE,0,2,1.5,0.692817996359366,1.15727777400409,0.231455554800819,3,1,3,,,,,,,,,,,
500,64,5000,3,0.001,0.001,200000,2000,124;406;452,0.02249658468501,4.70822117250649,10.9548646641306,SuSiE-RSS: reference R0,3,3,3,FALSE,FALSE,,,,TRUE,0.0150000000000006,1,TRUE,0,3,2.33333333333333,0.523877714650943,0.146875854021496,0.0244793090035827,4,1,4,,,,,,,,,,,
1000,65,5000,3,0.001,0.001,200000,2000,249;124;441,0.00702703393247777,4.63389528825586,10.8405844186739,SuSiE-RSS: reference R0,3,2,2,FALSE,FALSE,,,,TRUE,0.0450000000000159,0.666666666666667,FALSE,0,2,3.5,0.491149592508039,0.0439848578168173,0.0109962144542043,5,1,5,,,,,,,,,,,
2000,66,5000,3,0.001,0.001,200000,2000,497;1516;1172,0.00316793107237112,4.62766211708029,10.8599825427521,SuSiE-RSS: reference R0,4,3,3,FALSE,FALSE,,,,TRUE,0.129000000000019,1,TRUE,0,3,2.66666666666667,0.669973169056091,0.297020030333163,0.0495033383888606,6,1,6,,,,,,,,,,,
500,67,5000,3,0.001,0.001,200000,2000,124;253;447,0.00718420072749691,4.74857824831902,10.8762270679576,SuSiE-RSS: reference R0,5,2,2,FALSE,FALSE,,,,TRUE,0.0159999999999911,0.666666666666667,FALSE,0,2,1,0.709512870102293,2.78190231309082e-07,6.95475578272705e-08,7,1,7,,,,,,,,,,,
1000,68,5000,3,0.001,0.001,200000,2000,249;144;596,0.0128646470977826,4.58368767620417,10.8312714830659,SuSiE-RSS: reference R0,5,2,2,FALSE,FALSE,,,,TRUE,0.0289999999999964,0.666666666666667,FALSE,0,2,1.5,0.474775541852376,0.0148226226965145,0.00370565567412862,8,1,8,,,,,,,,,,,
2000,69,5000,3,0.001,0.001,200000,2000,497;1253;814,0.00856545625164718,4.73442021657221,10.8823685964451,SuSiE-RSS: reference R0,4,3,3,FALSE,FALSE,,,,TRUE,0.20799999999997,1,TRUE,0,3,3.33333333333333,0.58070023245472,1.14308481243013,0.228616962486025,9,1,9,,,,,,,,,,,
500,70,5000,3,0.001,0.001,200000,2000,124;399;47,0.00762148978572445,4.64268759912281,10.8876330856688,SuSiE-RSS: reference R0,5,3,3,FALSE,FALSE,,,,TRUE,0.0120000000000005,1,TRUE,0,3,2,0.630764720467166,0.0412124482375719,0.00686874137292865,10,1,10,,,,,,,,,,,
1000,71,5000,3,0.001,0.001,200000,2000,249;880;505,0.00242198839840257,4.62443404317165,10.8643122801706,SuSiE-RSS: reference R0,3,2,2,FALSE,FALSE,,,,TRUE,0.0480000000000018,0.666666666666667,FALSE,0,2,3,0.470487480908681,0.0811965421046846,0.0202991355261711,11,1,11,,,,,,,,,,,
2000,72,5000,3,0.001,0.001,200000,2000,497;1557;828,0.00376549964936393,4.62671475573577,10.8589670767275,SuSiE-RSS: reference R0,5,2,2,FALSE,FALSE,,,,TRUE,0.18300000000005,0.666666666666667,FALSE,0,2,2,0.56875067446288,0.92331626655555,0.230829066638887,12,1,12,,,,,,,,,,,
500,73,5000,3,0.001,0.001,200000,2000,124;310;374,0.0149646114541868,4.41993022736102,10.8731905139828,SuSiE-RSS: reference R0,3,2,2,FALSE,FALSE,,,,TRUE,0.0160000000000053,0.666666666666667,FALSE,0,2,6,0.277916661118963,1.10931984297348,0.221863968594696,13,1,13,,,,,,,,,,,
1000,74,5000,3,0.001,0.001,200000,2000,249;853;458,0.0132309207624047,4.47241573323258,10.8553540252233,SuSiE-RSS: reference R0,5,2,2,FALSE,FALSE,,,,TRUE,0.0480000000000018,0.666666666666667,FALSE,0,2,1.5,0.653752812674649,0.00916541137085032,0.00229135284271258,14,1,14,,,,,,,,,,,
2000,75,5000,3,0.001,0.001,200000,2000,497;1840;1003,0.00486097390165493,4.72215554839039,10.8673663007974,SuSiE-RSS: reference R0,5,3,3,FALSE,FALSE,,,,TRUE,0.129000000000019,1,TRUE,0,3,1.66666666666667,0.862224977456989,0.148961071833247,0.0248268453055411,15,1,15,,,,,,,,,,,
500,76,5000,3,0.001,0.001,200000,2000,124;393;175,0.0116380262615907,4.52427700506467,10.8788447802898,SuSiE-RSS: reference R0,3,3,3,FALSE,FALSE,,,,TRUE,0.0150000000000006,1,TRUE,0,3,3.66666666666667,0.403871215913146,0.535866920136488,0.0893111533560814,16,1,16,,,,,,,,,,,
1000,77,5000,3,0.001,0.001,200000,2000,249;721;104,0.0125338634310654,4.80954098145358,10.8786234071636,SuSiE-RSS: reference R0,5,2,2,FALSE,FALSE,,,,TRUE,0.0380000000000109,0.666666666666667,FALSE,0,2,2,0.552157178446323,0.117175181177281,0.0292937952943203,17,1,17,,,,,,,,,,,
2000,78,5000,3,0.001,0.001,200000,2000,497;1395;740,0.00297658600903492,4.67028467859416,10.8774541442444,SuSiE-RSS: reference R0,5,2,2,FALSE,FALSE,,,,TRUE,0.0999999999999659,0.666666666666667,FALSE,0,2,4,0.360557514080739,0.069864739243184,0.017466184810796,18,1,18,,,,,,,,,,,
500,79,5000,3,0.001,0.001,200000,2000,124;261;371,0.00958217554875837,4.67149744737564,10.8352969844824,SuSiE-RSS: reference R0,3,2,2,FALSE,FALSE,,,,TRUE,0.0210000000000008,0.666666666666667,FALSE,0,2,2,0.748265474491155,1.01721743668918,0.203443487337837,19,1,19,,,,,,,,,,,
1000,80,5000,3,0.001,0.001,200000,2000,249;863;620,0.00174122413568306,4.6752117456437,10.8694018486814,SuSiE-RSS: reference R0,3,3,3,FALSE,FALSE,,,,TRUE,0.0360000000000014,1,TRUE,0,3,2.33333333333333,0.555883321798734,0.20416965139716,0.03402827523286,20,1,20,,,,,,,,,,,
500,61,5000,3,0.001,0.001,200000,2000,124;64;236,0.00720414254953587,4.57012842752045,10.8749772370007,collapsed-R,0,2,2,FALSE,FALSE,0.001,9292.90171650688,15584.196178582,TRUE,0.882000000000005,0.666666666666667,FALSE,0,2,2.5,0.483183420160645,0.16874193771423,0.0421854844285574,1,1,1,,,,,,,,,,,
1000,62,5000,3,0.001,0.001,200000,2000,249;694;110,0.0143947503894001,4.77391798838731,10.9024634140002,collapsed-R,0,3,3,FALSE,FALSE,0.001,13008.3938955845,21815.0765628951,TRUE,1.83999999999998,1,TRUE,0,3,1.66666666666667,0.923341388673859,0.0774125511096376,0.0129020918516063,2,1,2,,,,,,,,,,,
2000,63,5000,3,0.001,0.001,200000,2000,497;1334;835,0.00286871516348665,4.6245932279469,10.8615571679391,collapsed-R,0,2,2,FALSE,FALSE,0.001,1607.9473305568,2696.52767334376,TRUE,3.96900000000005,0.666666666666667,FALSE,0,2,2,0.663949224056372,1.07904149550129,0.215808299100257,3,1,3,,,,,,,,,,,
500,64,5000,3,0.001,0.001,200000,2000,124;406;452,0.02249658468501,4.70822117250649,10.9548646641306,collapsed-R,0,3,3,FALSE,FALSE,0.001,3304.57212861392,5541.76745968555,TRUE,1.197,1,TRUE,0,3,2.33333333333333,0.526072321289232,0.163562358141513,0.0272603930235856,4,1,4,,,,,,,,,,,
1000,65,5000,3,0.001,0.001,200000,2000,249;124;441,0.00702703393247777,4.63389528825586,10.8405844186739,collapsed-R,0,2,2,FALSE,FALSE,0.001,2046.09234791665,3431.29686745622,TRUE,1.27500000000001,0.666666666666667,FALSE,0,2,4,0.521496825418317,0.0564767280475984,0.0141191820118996,5,1,5,,,,,,,,,,,
2000,66,5000,3,0.001,0.001,200000,2000,497;1516;1172,0.00316793107237112,4.62766211708029,10.8599825427521,collapsed-R,0,3,3,FALSE,FALSE,0.001,3329.86613273129,5584.18550459038,TRUE,4.44200000000001,1,TRUE,0,3,2.66666666666667,0.668775748282641,0.283806785176922,0.0473011308628204,6,1,6,,,,,,,,,,,
500,67,5000,3,0.001,0.001,200000,2000,124;253;447,0.00718420072749691,4.74857824831902,10.8762270679576,collapsed-R,0,2,2,FALSE,FALSE,0.001,1638.49458519237,2747.7554193676,TRUE,0.540999999999997,0.666666666666667,FALSE,0,2,1,0.70708220051035,7.42417478337131e-07,1.85604369584283e-07,7,1,7,,,,,,,,,,,
1000,68,5000,3,0.001,0.001,200000,2000,249;144;596,0.0128646470977826,4.58368767620417,10.8312714830659,collapsed-R,0,2,2,FALSE,FALSE,0.001,1882.34268192714,3156.68867759181,TRUE,1.60599999999999,0.666666666666667,FALSE,0,2,1.5,0.476156866773717,0.00661900462390709,0.00165475115597677,8,1,8,,,,,,,,,,,
2000,69,5000,3,0.001,0.001,200000,2000,497;1253;814,0.00856545625164718,4.73442021657221,10.8823685964451,collapsed-R,0,3,3,FALSE,FALSE,0.001,5014.02388823612,8408.51806057197,TRUE,4.24800000000005,1,TRUE,0,3,3.33333333333333,0.591314012331952,1.13958115565931,0.227916231131861,9,1,9,,,,,,,,,,,
500,70,5000,3,0.001,0.001,200000,2000,124;399;47,0.00762148978572445,4.64268759912281,10.8876330856688,collapsed-R,0,3,3,FALSE,FALSE,0.001,99248597.4654541,1e+08,TRUE,0.537000000000006,1,TRUE,0,3,2,0.630241794810177,0.0382609740379606,0.00637682900632676,10,1,10,,,,,,,,,,,
1000,71,5000,3,0.001,0.001,200000,2000,249;880;505,0.00242198839840257,4.62443404317165,10.8643122801706,collapsed-R,0,2,2,FALSE,FALSE,0.001,1231.85294289866,2065.81738524105,TRUE,1.35300000000001,0.666666666666667,FALSE,0,2,3,0.452155869822471,0.111289602325416,0.0278224005813541,11,1,11,,,,,,,,,,,
2000,72,5000,3,0.001,0.001,200000,2000,497;1557;828,0.00376549964936393,4.62671475573577,10.8589670767275,collapsed-R,0,2,2,FALSE,FALSE,0.001,2535.81818049454,4252.56708868935,TRUE,3.99900000000002,0.666666666666667,FALSE,0,2,2,0.53244840404761,1.13186288718653,0.282965721796634,12,1,12,,,,,,,,,,,
500,73,5000,3,0.001,0.001,200000,2000,124;310;374,0.0149646114541868,4.41993022736102,10.8731905139828,collapsed-R,0,2,2,FALSE,FALSE,0.001,4310.75515395736,7229.13639318649,TRUE,1.34399999999999,0.666666666666667,FALSE,0,2,6,0.297641410126981,1.10415137667227,0.220830275334453,13,1,13,,,,,,,,,,,
1000,74,5000,3,0.001,0.001,200000,2000,249;853;458,0.0132309207624047,4.47241573323258,10.8553540252233,collapsed-R,0,2,2,FALSE,FALSE,0.001,1859.41116901749,3118.23253044232,TRUE,1.33500000000001,0.666666666666667,FALSE,0,2,1.5,0.665966037600866,0.0255789541043414,0.00639473852608535,14,1,14,,,,,,,,,,,
2000,75,5000,3,0.001,0.001,200000,2000,497;1840;1003,0.00486097390165493,4.72215554839039,10.8673663007974,collapsed-R,0,3,3,FALSE,FALSE,0.001,2396.94273169778,4019.67296105718,TRUE,3.31700000000001,1,TRUE,0,3,1.66666666666667,0.855413205525351,0.189603956089566,0.0316006593482609,15,1,15,,,,,,,,,,,
500,76,5000,3,0.001,0.001,200000,2000,124;393;175,0.0116380262615907,4.52427700506467,10.8788447802898,collapsed-R,0,3,3,FALSE,FALSE,0.001,2612.85365551552,4381.75558029952,TRUE,1.24600000000001,1,TRUE,0,3,4,0.409488421099967,0.466993918423485,0.0778323197372475,16,1,16,,,,,,,,,,,
1000,77,5000,3,0.001,0.001,200000,2000,249;721;104,0.0125338634310654,4.80954098145358,10.8786234071636,collapsed-R,0,2,2,FALSE,FALSE,0.001,3419.3188418579,5734.1976977957,TRUE,1.858,0.666666666666667,FALSE,0,2,2,0.548591141317197,0.153064629279516,0.0382661573198791,17,1,17,,,,,,,,,,,
2000,78,5000,3,0.001,0.001,200000,2000,497;1395;740,0.00297658600903492,4.67028467859416,10.8774541442444,collapsed-R,0,2,2,FALSE,FALSE,0.001,88716776.6723262,1e+08,TRUE,2.21799999999996,0.666666666666667,FALSE,0,2,4,0.358829185369348,0.0549583492549261,0.0137395873137315,18,1,18,,,,,,,,,,,
500,79,5000,3,0.001,0.001,200000,2000,124;261;371,0.00958217554875837,4.67149744737564,10.8352969844824,collapsed-R,0,2,2,FALSE,FALSE,0.001,2386.40700037998,4002.00453963723,TRUE,1.315,0.666666666666667,FALSE,0,2,2,0.762280908416366,1.02306199376892,0.204612398753783,19,1,19,,,,,,,,,,,
1000,80,5000,3,0.001,0.001,200000,2000,249;863;620,0.00174122413568306,4.6752117456437,10.8694018486814,collapsed-R,0,3,3,FALSE,FALSE,0.001,3887.73011139116,6519.72339680297,TRUE,1.812,1,TRUE,0,3,2.33333333333333,0.561426436759227,0.231533338291577,0.0385888897152629,20,1,20,,,,,,,,,,,
