calibration_group,method,estimation_stage,J,h2,true_eta0,true_lambda,panel_seed,raw_eta0,selected_lambda,selected_L,eta0_finite,eta0_boundary,objective,converged,causal_correlation,achieved_h2,expected_z_1,expected_z_2,fit_seconds,log_true_centered,log_hat_centered,log_J_centered,log_h2_centered,finite_for_calibration,fold
1000:31,AIW-N,actual_selection,1000,2e-04,20,0.001,31,7.91869408932213,0.004,1,TRUE,interior,5529.242766514,TRUE,-6.84577189184798e-05,2e-04,5.81321005603133,-2.49170059333966,2.431,-3.91202300542815,-4.83852897446313,0,-1.6094379124341,TRUE,2
1000:31,AIW-N,oracle_lambda_oracle_L,1000,2e-04,20,0.001,31,6.89989966670878,0.001,2,TRUE,interior,5465.77308745218,TRUE,-6.84577189184798e-05,2e-04,5.81321005603133,-2.49170059333966,2.431,-3.91202300542815,-4.97624840854134,0,-1.6094379124341,TRUE,2
1000:31,AIW-N,selected_lambda_oracle_L,1000,2e-04,20,0.001,31,14.9194959350298,0.004,2,TRUE,interior,5524.63885886655,TRUE,-6.84577189184798e-05,2e-04,5.81321005603133,-2.49170059333966,2.431,-3.91202300542815,-4.20508646929266,0,-1.6094379124341,TRUE,2
1000:31,collapsed-R,actual_selection,1000,2e-04,20,0.001,31,4.94523813336661,0.004,0,TRUE,interior,5526.80959537634,TRUE,-6.84577189184798e-05,2e-04,5.81321005603133,-2.49170059333966,0.522999999999999,-3.91202300542815,-5.30933015867329,0,-1.6094379124341,TRUE,2
1000:31,collapsed-R,oracle_lambda,1000,2e-04,20,0.001,31,1.28510613942221,0.001,0,TRUE,interior,5469.35242466203,TRUE,-6.84577189184798e-05,2e-04,5.81321005603133,-2.49170059333966,0.522999999999999,-3.91202300542815,-6.6569139652739,0,-1.6094379124341,TRUE,2
1000:31,AIW-N,actual_selection,1000,0.001,20,0.001,31,14.0376763714895,0.006,1,TRUE,interior,5019.61917439392,TRUE,-6.84577189184798e-05,0.001,12.9987328527714,-5.57161190628405,2.496,-3.91202300542815,-4.26601039468737,0,0,TRUE,2
1000:31,AIW-N,oracle_lambda_oracle_L,1000,0.001,20,0.001,31,9.14444268974152,0.001,2,TRUE,interior,4947.0953973886,TRUE,-6.84577189184798e-05,0.001,12.9987328527714,-5.57161190628405,2.496,-3.91202300542815,-4.69460894052267,0,0,TRUE,2
1000:31,AIW-N,selected_lambda_oracle_L,1000,0.001,20,0.001,31,23.1430268569953,0.006,2,TRUE,interior,5015.04624472426,TRUE,-6.84577189184798e-05,0.001,12.9987328527714,-5.57161190628405,2.496,-3.91202300542815,-3.766061759505,0,0,TRUE,2
1000:31,collapsed-R,actual_selection,1000,0.001,20,0.001,31,2.568849097336,0.004,0,TRUE,interior,5015.68545321978,TRUE,-6.84577189184798e-05,0.001,12.9987328527714,-5.57161190628405,0.460999999999997,-3.91202300542815,-5.9642973024255,0,0,TRUE,2
1000:31,collapsed-R,oracle_lambda,1000,0.001,20,0.001,31,1,0.001,0,TRUE,interior,4951.43486232958,TRUE,-6.84577189184798e-05,0.001,12.9987328527714,-5.57161190628405,0.460999999999997,-3.91202300542815,-6.90775527898214,0,0,TRUE,2
1000:31,AIW-N,actual_selection,1000,0.005,20,0.001,31,16.939269779593,0.006,1,TRUE,interior,4343.96683438229,TRUE,-6.84577189184798e-05,0.005,29.0660502801566,-12.4585029666983,2.392,-3.91202300542815,-4.07812069696874,0,1.6094379124341,TRUE,2
1000:31,AIW-N,oracle_lambda_oracle_L,1000,0.005,20,0.001,31,9.91698154449374,0.001,2,TRUE,interior,4265.37330887971,TRUE,-6.84577189184798e-05,0.005,29.0660502801566,-12.4585029666983,2.392,-3.91202300542815,-4.61350668377678,0,1.6094379124341,TRUE,2
1000:31,AIW-N,selected_lambda_oracle_L,1000,0.005,20,0.001,31,24.5107593493785,0.006,2,TRUE,interior,4338.99377999343,TRUE,-6.84577189184798e-05,0.005,29.0660502801566,-12.4585029666983,2.392,-3.91202300542815,-3.70864310071523,0,1.6094379124341,TRUE,2
1000:31,collapsed-R,actual_selection,1000,0.005,20,0.001,31,1.90506501232427,0.006,0,TRUE,interior,4337.30293658818,TRUE,-6.84577189184798e-05,0.005,29.0660502801566,-12.4585029666983,0.491,-3.91202300542815,-6.26323914378145,0,1.6094379124341,TRUE,2
1000:31,collapsed-R,oracle_lambda,1000,0.005,20,0.001,31,1,0.001,0,TRUE,interior,4268.37751598729,TRUE,-6.84577189184798e-05,0.005,29.0660502801566,-12.4585029666983,0.491,-3.91202300542815,-6.90775527898214,0,1.6094379124341,TRUE,2
1000:31,AIW-N,actual_selection,1000,2e-04,50,0.001,31,136.564690005107,0.006,4,TRUE,interior,6132.41446877246,TRUE,-1.33990499185687e-05,2e-04,5.81318876975754,-2.49143019990362,2.067,-2.99573227355399,-1.99095685717014,0,-1.6094379124341,TRUE,2
1000:31,AIW-N,oracle_lambda_oracle_L,1000,2e-04,50,0.001,31,16.2788340219322,0.001,2,TRUE,interior,6038.48669094758,TRUE,-1.33990499185687e-05,2e-04,5.81318876975754,-2.49143019990362,2.067,-2.99573227355399,-4.11788954124703,0,-1.6094379124341,TRUE,2
1000:31,AIW-N,selected_lambda_oracle_L,1000,2e-04,50,0.001,31,96.7101664200808,0.006,2,TRUE,interior,6129.00631256894,TRUE,-1.33990499185687e-05,2e-04,5.81318876975754,-2.49143019990362,2.067,-2.99573227355399,-2.3360367484391,0,-1.6094379124341,TRUE,2
1000:31,collapsed-R,actual_selection,1000,2e-04,50,0.001,31,82.327623462205,0.006,1,TRUE,interior,6124.74139712465,TRUE,-1.33990499185687e-05,2e-04,5.81318876975754,-2.49143019990362,0.338000000000001,-2.99573227355399,-2.49704858408862,0,-1.6094379124341,TRUE,2
1000:31,collapsed-R,oracle_lambda,1000,2e-04,50,0.001,31,9.33143213980804,0.001,0,TRUE,interior,6034.90456902877,TRUE,-1.33990499185687e-05,2e-04,5.81318876975754,-2.49143019990362,0.338000000000001,-2.99573227355399,-4.67436677753085,0,-1.6094379124341,TRUE,2
1000:31,AIW-N,actual_selection,1000,0.001,50,0.001,31,38.5471886897298,0.006,1,TRUE,interior,5479.43046493064,TRUE,-1.33990499185687e-05,0.001,12.9986852552162,-5.57100728818039,2.32,-2.99573227355399,-3.2558721079685,0,0,TRUE,2
1000:31,AIW-N,oracle_lambda_oracle_L,1000,0.001,50,0.001,31,16.8212927729437,0.001,2,TRUE,interior,5373.7474307614,TRUE,-1.33990499185687e-05,0.001,12.9986852552162,-5.57100728818039,2.32,-2.99573227355399,-4.08510976811953,0,0,TRUE,2
1000:31,AIW-N,selected_lambda_oracle_L,1000,0.001,50,0.001,31,49.8215206677612,0.006,2,TRUE,interior,5475.77596646499,TRUE,-1.33990499185687e-05,0.001,12.9986852552162,-5.57100728818039,2.32,-2.99573227355399,-2.99930824637504,0,0,TRUE,2
1000:31,collapsed-R,actual_selection,1000,0.001,50,0.001,31,31.0873248715685,0.006,1,TRUE,interior,5474.7326302042,TRUE,-1.33990499185687e-05,0.001,12.9986852552162,-5.57100728818039,0.51400000000001,-2.99573227355399,-3.47095510327199,0,0,TRUE,2
1000:31,collapsed-R,oracle_lambda,1000,0.001,50,0.001,31,7.64684736286603,0.001,0,TRUE,interior,5374.80253729965,TRUE,-1.33990499185687e-05,0.001,12.9986852552162,-5.57100728818039,0.51400000000001,-2.99573227355399,-4.8734618255134,0,0,TRUE,2
1000:31,AIW-N,actual_selection,1000,0.005,50,0.001,31,35.5419896484209,0.006,1,TRUE,interior,4710.43750890627,TRUE,-1.33990499185687e-05,0.005,29.0659438487877,-12.4571509995181,2.4,-2.99573227355399,-3.33704047446809,0,1.6094379124341,TRUE,2
1000:31,AIW-N,oracle_lambda_oracle_L,1000,0.005,50,0.001,31,16.919817119648,0.001,2,TRUE,interior,4604.76536427319,TRUE,-1.33990499185687e-05,0.005,29.0659438487877,-12.4571509995181,2.4,-2.99573227355399,-4.07926973339391,0,1.6094379124341,TRUE,2
1000:31,AIW-N,selected_lambda_oracle_L,1000,0.005,50,0.001,31,44.9304993168774,0.006,2,TRUE,interior,4706.42576063123,TRUE,-1.33990499185687e-05,0.005,29.0659438487877,-12.4571509995181,2.4,-2.99573227355399,-3.10263844274398,0,1.6094379124341,TRUE,2
1000:31,collapsed-R,actual_selection,1000,0.005,50,0.001,31,7.28325137414792,0.006,0,TRUE,interior,4696.21494151098,TRUE,-1.33990499185687e-05,0.005,29.0659438487877,-12.4571509995181,0.393999999999998,-2.99573227355399,-4.92217789914937,0,1.6094379124341,TRUE,2
1000:31,collapsed-R,oracle_lambda,1000,0.005,50,0.001,31,1.64650716396364,0.001,0,TRUE,interior,4604.13756735489,TRUE,-1.33990499185687e-05,0.005,29.0659438487877,-12.4571509995181,0.393999999999998,-2.99573227355399,-6.40909910513173,0,1.6094379124341,TRUE,2
1000:31,AIW-N,actual_selection,1000,2e-04,100,0.001,31,84.7519128676201,0.002,4,TRUE,interior,6396.69776747097,TRUE,-2.41801332467434e-06,2e-04,5.81318452454546,-2.49137627079954,2.372,-2.30258509299405,-2.46802696226691,0,-1.6094379124341,TRUE,2
1000:31,AIW-N,oracle_lambda_oracle_L,1000,2e-04,100,0.001,31,26.3733572124906,0.001,2,TRUE,interior,6384.41279660277,TRUE,-2.41801332467434e-06,2e-04,5.81318452454546,-2.49137627079954,2.372,-2.30258509299405,-3.63540097490809,0,-1.6094379124341,TRUE,2
1000:31,AIW-N,selected_lambda_oracle_L,1000,2e-04,100,0.001,31,56.1245553078117,0.002,2,TRUE,interior,6394.39456464412,TRUE,-2.41801332467434e-06,2e-04,5.81318452454546,-2.49137627079954,2.372,-2.30258509299405,-2.88018185619722,0,-1.6094379124341,TRUE,2
1000:31,collapsed-R,actual_selection,1000,2e-04,100,0.001,31,29.9737376521344,0.002,0,TRUE,interior,6386.39562026493,TRUE,-2.41801332467434e-06,2e-04,5.81318452454546,-2.49137627079954,0.27699999999999,-2.30258509299405,-3.507433692312,0,-1.6094379124341,TRUE,2
1000:31,collapsed-R,oracle_lambda,1000,2e-04,100,0.001,31,8.67035167609722,0.001,0,TRUE,interior,6376.92935606688,TRUE,-2.41801332467434e-06,2e-04,5.81318452454546,-2.49137627079954,0.27699999999999,-2.30258509299405,-4.74784592660203,0,-1.6094379124341,TRUE,2
1000:31,AIW-N,actual_selection,1000,0.001,100,0.001,31,67.2320606311146,0.002,1,TRUE,interior,6044.41040777806,TRUE,-2.41801332467434e-06,0.001,12.9986757626334,-5.5708866990377,2.893,-2.30258509299405,-2.69960505250066,0,0,TRUE,2
1000:31,AIW-N,oracle_lambda_oracle_L,1000,0.001,100,0.001,31,53.7854384465981,0.001,2,TRUE,interior,6037.95394110591,TRUE,-2.41801332467434e-06,0.001,12.9986757626334,-5.5708866990377,2.893,-2.30258509299405,-2.92275250929356,0,0,TRUE,2
1000:31,AIW-N,selected_lambda_oracle_L,1000,0.001,100,0.001,31,79.8224087792407,0.002,2,TRUE,interior,6042.7511721669,TRUE,-2.41801332467434e-06,0.001,12.9986757626334,-5.5708866990377,2.893,-2.30258509299405,-2.52795100217669,0,0,TRUE,2
1000:31,collapsed-R,actual_selection,1000,0.001,100,0.001,31,65.5316284820016,0.002,1,TRUE,interior,6041.46718174867,TRUE,-2.41801332467434e-06,0.001,12.9986757626334,-5.5708866990377,0.590999999999994,-2.30258509299405,-2.72522237530099,0,0,TRUE,2
1000:31,collapsed-R,oracle_lambda,1000,0.001,100,0.001,31,42.4655177122877,0.001,1,TRUE,interior,6036.76342490504,TRUE,-2.41801332467434e-06,0.001,12.9986757626334,-5.5708866990377,0.590999999999994,-2.30258509299405,-3.15906288031882,0,0,TRUE,2
1000:31,AIW-N,actual_selection,1000,0.005,100,0.001,31,77.5739798926136,0.002,1,TRUE,interior,5384.65114707996,TRUE,-2.41801332467434e-06,0.005,29.0659226227273,-12.4568813539977,2.184,-2.30258509299405,-2.55652321868435,0,1.6094379124341,TRUE,2
1000:31,AIW-N,oracle_lambda_oracle_L,1000,0.005,100,0.001,31,67.714959794756,0.001,2,TRUE,interior,5376.4886285177,TRUE,-2.41801332467434e-06,0.005,29.0659226227273,-12.4568813539977,2.184,-2.30258509299405,-2.69244815161704,0,1.6094379124341,TRUE,2
1000:31,AIW-N,selected_lambda_oracle_L,1000,0.005,100,0.001,31,91.0292601051244,0.002,2,TRUE,interior,5382.00637819666,TRUE,-2.41801332467434e-06,0.005,29.0659226227273,-12.4568813539977,2.184,-2.30258509299405,-2.39657428453132,0,1.6094379124341,TRUE,2
1000:31,collapsed-R,actual_selection,1000,0.005,100,0.001,31,64.9951428968958,0.002,1,TRUE,interior,5376.78020757563,TRUE,-2.41801332467434e-06,0.005,29.0659226227273,-12.4568813539977,1.761,-2.30258509299405,-2.73344273654167,0,1.6094379124341,TRUE,2
1000:31,collapsed-R,oracle_lambda,1000,0.005,100,0.001,31,16.0940037467574,0.001,0,TRUE,interior,5358.96896238738,TRUE,-2.41801332467434e-06,0.005,29.0659226227273,-12.4568813539977,1.761,-2.30258509299405,-4.12930851445361,0,1.6094379124341,TRUE,2
1000:31,AIW-N,actual_selection,1000,2e-04,200,0.001,31,683.400480550408,0.002,5,TRUE,interior,6498.31118684424,TRUE,-1.44275132732275e-06,2e-04,5.81318414751702,-2.4913714811595,2.066,-1.6094379124341,-0.380674236125296,0,-1.6094379124341,TRUE,2
1000:31,AIW-N,oracle_lambda_oracle_L,1000,2e-04,200,0.001,31,118.05886571513,0.001,2,TRUE,interior,6492.66105900712,TRUE,-1.44275132732275e-06,2e-04,5.81318414751702,-2.4913714811595,2.066,-1.6094379124341,-2.13657191691412,0,-1.6094379124341,TRUE,2
1000:31,AIW-N,selected_lambda_oracle_L,1000,2e-04,200,0.001,31,427.76122640335,0.002,2,TRUE,interior,6494.18053664003,TRUE,-1.44275132732275e-06,2e-04,5.81318414751702,-2.4913714811595,2.066,-1.6094379124341,-0.849190121309699,0,-1.6094379124341,TRUE,2
1000:31,collapsed-R,actual_selection,1000,2e-04,200,0.001,31,428.989724310933,0.002,1,TRUE,interior,6490.22053456883,TRUE,-1.44275132732275e-06,2e-04,5.81318414751702,-2.4913714811595,0.742000000000019,-1.6094379124341,-0.846322312996157,0,-1.6094379124341,TRUE,2
1000:31,collapsed-R,oracle_lambda,1000,2e-04,200,0.001,31,102.035173148765,0.001,1,TRUE,interior,6488.69724525046,TRUE,-1.44275132732275e-06,2e-04,5.81318414751702,-2.4913714811595,0.742000000000019,-1.6094379124341,-2.2824376903479,0,-1.6094379124341,TRUE,2
1000:31,AIW-N,actual_selection,1000,0.001,200,0.001,31,288.506172047706,0.002,5,TRUE,interior,6194.19040458584,TRUE,-1.44275132732275e-06,0.001,12.9986749195722,-5.57087598907699,2.129,-1.6094379124341,-1.24303879968325,0,0,TRUE,2
1000:31,AIW-N,oracle_lambda_oracle_L,1000,0.001,200,0.001,31,140.106648045363,0.001,2,TRUE,interior,6190.92528564074,TRUE,-1.44275132732275e-06,0.001,12.9986749195722,-5.57087598907699,2.129,-1.6094379124341,-1.96535137462107,0,0,TRUE,2
1000:31,AIW-N,selected_lambda_oracle_L,1000,0.001,200,0.001,31,223.858890713701,0.002,2,TRUE,interior,6193.54128286243,TRUE,-1.44275132732275e-06,0.001,12.9986749195722,-5.57087598907699,2.129,-1.6094379124341,-1.49673937780131,0,0,TRUE,2
1000:31,collapsed-R,actual_selection,1000,0.001,200,0.001,31,181.071938597174,0.002,1,TRUE,interior,6191.02314835608,TRUE,-1.44275132732275e-06,0.001,12.9986749195722,-5.57087598907699,0.73299999999999,-1.6094379124341,-1.70886087586585,0,0,TRUE,2
1000:31,collapsed-R,oracle_lambda,1000,0.001,200,0.001,31,112.254704561341,0.001,1,TRUE,interior,6189.80278485019,TRUE,-1.44275132732275e-06,0.001,12.9986749195722,-5.57087598907699,0.73299999999999,-1.6094379124341,-2.18698484177843,0,0,TRUE,2
1000:31,AIW-N,actual_selection,1000,0.005,200,0.001,31,197.396459143663,0.002,2,TRUE,interior,5619.78882993708,TRUE,-1.44275132732275e-06,0.005,29.0659207375851,-12.4568574057975,2.295,-1.6094379124341,-1.62254108961241,0,1.6094379124341,TRUE,2
1000:31,AIW-N,oracle_lambda_oracle_L,1000,0.005,200,0.001,31,145.052828025025,0.001,2,TRUE,interior,5616.74534917436,TRUE,-1.44275132732275e-06,0.005,29.0659207375851,-12.4568574057975,2.295,-1.6094379124341,-1.93065727170699,0,1.6094379124341,TRUE,2
1000:31,AIW-N,selected_lambda_oracle_L,1000,0.005,200,0.001,31,197.396459143663,0.002,2,TRUE,interior,5619.78882993708,TRUE,-1.44275132732275e-06,0.005,29.0659207375851,-12.4568574057975,2.295,-1.6094379124341,-1.62254108961241,0,1.6094379124341,TRUE,2
1000:31,collapsed-R,actual_selection,1000,0.005,200,0.001,31,153.930252917442,0.002,1,TRUE,interior,5611.10257750719,TRUE,-1.44275132732275e-06,0.005,29.0659207375851,-12.4568574057975,2.12,-1.6094379124341,-1.8712556822936,0,1.6094379124341,TRUE,2
1000:31,collapsed-R,oracle_lambda,1000,0.005,200,0.001,31,109.145219545886,0.001,1,TRUE,interior,5609.31828706081,TRUE,-1.44275132732275e-06,0.005,29.0659207375851,-12.4568574057975,2.12,-1.6094379124341,-2.21507599405125,0,1.6094379124341,TRUE,2
1000:31,AIW-N,actual_selection,1000,2e-04,500,0.001,31,218.028812996629,0.001,3,TRUE,interior,6573.8547010578,TRUE,2.91805842193115e-06,2e-04,5.81318471785905,2.49137872658564,2.365,-0.693147180559945,-1.52312805521739,0,-1.6094379124341,TRUE,2
1000:31,AIW-N,oracle_lambda_oracle_L,1000,2e-04,500,0.001,31,177.687320980189,0.001,2,TRUE,interior,6571.41107548461,TRUE,2.91805842193115e-06,2e-04,5.81318471785905,2.49137872658564,2.365,-0.693147180559945,-1.72772989706948,0,-1.6094379124341,TRUE,2
1000:31,AIW-N,selected_lambda_oracle_L,1000,2e-04,500,0.001,31,177.687320980189,0.001,2,TRUE,interior,6571.41107548461,TRUE,2.91805842193115e-06,2e-04,5.81318471785905,2.49137872658564,2.365,-0.693147180559945,-1.72772989706948,0,-1.6094379124341,TRUE,2
1000:31,collapsed-R,actual_selection,1000,2e-04,500,0.001,31,157.106329832275,0.001,1,TRUE,interior,6566.91701315969,TRUE,2.91805842193115e-06,2e-04,5.81318471785905,2.49137872658564,0.703000000000003,-0.693147180559945,-1.85083244279275,0,-1.6094379124341,TRUE,2
1000:31,collapsed-R,oracle_lambda,1000,2e-04,500,0.001,31,157.106329832275,0.001,1,TRUE,interior,6566.91701315969,TRUE,2.91805842193115e-06,2e-04,5.81318471785905,2.49137872658564,0.703000000000003,-0.693147180559945,-1.85083244279275,0,-1.6094379124341,TRUE,2
1000:31,AIW-N,actual_selection,1000,0.001,500,0.001,31,533.288754705395,0.002,5,TRUE,interior,6362.18132646311,TRUE,2.91805842193115e-06,0.001,12.9986761948958,5.57089219034236,2.102,-0.693147180559945,-0.628692247843173,0,0,TRUE,2
1000:31,AIW-N,oracle_lambda_oracle_L,1000,0.001,500,0.001,31,224.245863496574,0.001,2,TRUE,interior,6357.83329382416,TRUE,2.91805842193115e-06,0.001,12.9986761948958,5.57089219034236,2.102,-0.693147180559945,-1.49501222415952,0,0,TRUE,2
1000:31,AIW-N,selected_lambda_oracle_L,1000,0.001,500,0.001,31,224.245863496574,0.001,2,TRUE,interior,6357.83329382416,TRUE,2.91805842193115e-06,0.001,12.9986761948958,5.57089219034236,2.102,-0.693147180559945,-1.49501222415952,0,0,TRUE,2
1000:31,collapsed-R,actual_selection,1000,0.001,500,0.001,31,437.607041070028,0.002,2,TRUE,interior,6354.69483231003,TRUE,2.91805842193115e-06,0.001,12.9986761948958,5.57089219034236,1.45900000000002,-0.693147180559945,-0.826433937807221,0,0,TRUE,2
1000:31,collapsed-R,oracle_lambda,1000,0.001,500,0.001,31,183.530443891145,0.001,1,TRUE,interior,6353.38456903941,TRUE,2.91805842193115e-06,0.001,12.9986761948958,5.57089219034236,1.45900000000002,-0.693147180559945,-1.69537471848478,0,0,TRUE,2
1000:31,AIW-N,actual_selection,1000,0.005,500,0.001,31,370.817370804398,0.002,2,TRUE,interior,5893.14688218913,TRUE,2.91805842193115e-06,0.005,29.0659235892953,12.4568936329282,2.136,-0.693147180559945,-0.992045599558163,0,1.6094379124341,TRUE,2
1000:31,AIW-N,oracle_lambda_oracle_L,1000,0.005,500,0.001,31,252.805299325103,0.001,2,TRUE,interior,5876.33530767396,TRUE,2.91805842193115e-06,0.005,29.0659235892953,12.4568936329282,2.136,-0.693147180559945,-1.37513565440896,0,1.6094379124341,TRUE,2
1000:31,AIW-N,selected_lambda_oracle_L,1000,0.005,500,0.001,31,370.817370804398,0.002,2,TRUE,interior,5893.14688218913,TRUE,2.91805842193115e-06,0.005,29.0659235892953,12.4568936329282,2.136,-0.693147180559945,-0.992045599558163,0,1.6094379124341,TRUE,2
1000:31,collapsed-R,actual_selection,1000,0.005,500,0.001,31,553.922461005416,0.004,2,TRUE,interior,5881.4889894209,TRUE,2.91805842193115e-06,0.005,29.0659235892953,12.4568936329282,1.65900000000001,-0.693147180559945,-0.590730564114546,0,1.6094379124341,TRUE,2
1000:31,collapsed-R,oracle_lambda,1000,0.005,500,0.001,31,194.668099729988,0.001,1,TRUE,interior,5862.88466533899,TRUE,2.91805842193115e-06,0.005,29.0659235892953,12.4568936329282,1.65900000000001,-0.693147180559945,-1.63645922322247,0,1.6094379124341,TRUE,2
1000:31,AIW-N,actual_selection,1000,2e-04,1000,0.001,31,Inf,0.001,3,FALSE,normal_limit,6686.98632475893,TRUE,2.13016116826666e-06,2e-04,5.81318441326409,2.49137485712003,2.093,0,Inf,0,-1.6094379124341,FALSE,2
1000:31,AIW-N,oracle_lambda_oracle_L,1000,2e-04,1000,0.001,31,12386.390408671,0.001,2,TRUE,interior,6683.81138167292,TRUE,2.13016116826666e-06,2e-04,5.81318441326409,2.49137485712003,2.093,0,2.51659832217664,0,-1.6094379124341,TRUE,2
1000:31,AIW-N,selected_lambda_oracle_L,1000,2e-04,1000,0.001,31,12386.390408671,0.001,2,TRUE,interior,6683.81138167292,TRUE,2.13016116826666e-06,2e-04,5.81318441326409,2.49137485712003,2.093,0,2.51659832217664,0,-1.6094379124341,TRUE,2
1000:31,collapsed-R,actual_selection,1000,2e-04,1000,0.001,31,1e+06,0.001,1,TRUE,interior,6679.47962540008,TRUE,2.13016116826666e-06,2e-04,5.81318441326409,2.49137485712003,0.716000000000008,0,6.90775527898214,0,-1.6094379124341,TRUE,2
1000:31,collapsed-R,oracle_lambda,1000,2e-04,1000,0.001,31,1e+06,0.001,1,TRUE,interior,6679.47962540008,TRUE,2.13016116826666e-06,2e-04,5.81318441326409,2.49137485712003,0.716000000000008,0,6.90775527898214,0,-1.6094379124341,TRUE,2
1000:31,AIW-N,actual_selection,1000,0.001,1000,0.001,31,16361.3796097685,0.002,5,TRUE,interior,6535.51824156731,TRUE,2.13016116826666e-06,0.001,12.9986755138007,5.57088353795422,2.01799999999999,0,2.79492365584463,0,0,TRUE,2
1000:31,AIW-N,oracle_lambda_oracle_L,1000,0.001,1000,0.001,31,637.438411123039,0.001,2,TRUE,interior,6521.95835962122,TRUE,2.13016116826666e-06,0.001,12.9986755138007,5.57088353795422,2.01799999999999,0,-0.450297616619679,0,0,TRUE,2
1000:31,AIW-N,selected_lambda_oracle_L,1000,0.001,1000,0.001,31,5251.42243838222,0.002,2,TRUE,interior,6526.44959520739,TRUE,2.13016116826666e-06,0.001,12.9986755138007,5.57088353795422,2.01799999999999,0,1.65849898054998,0,0,TRUE,2
1000:31,collapsed-R,actual_selection,1000,0.001,1000,0.001,31,7350.18767448953,0.002,2,TRUE,interior,6526.45553674721,TRUE,2.13016116826666e-06,0.001,12.9986755138007,5.57088353795422,2.37400000000002,0,1.99472584684291,0,0,TRUE,2
1000:31,collapsed-R,oracle_lambda,1000,0.001,1000,0.001,31,530.416205139288,0.001,1,TRUE,interior,6517.50180479668,TRUE,2.13016116826666e-06,0.001,12.9986755138007,5.57088353795422,2.37400000000002,0,-0.634093287901326,0,0,TRUE,2
1000:31,AIW-N,actual_selection,1000,0.005,1000,0.001,31,853.928706917167,0.002,2,TRUE,interior,6137.72386632256,TRUE,2.13016116826666e-06,0.005,29.0659220663204,12.4568742856002,2.22,0,-0.157907570039961,0,1.6094379124341,TRUE,2
1000:31,AIW-N,oracle_lambda_oracle_L,1000,0.005,1000,0.001,31,526.495907151575,0.001,2,TRUE,interior,6118.423757055,TRUE,2.13016116826666e-06,0.005,29.0659220663204,12.4568742856002,2.22,0,-0.641511721129538,0,1.6094379124341,TRUE,2
1000:31,AIW-N,selected_lambda_oracle_L,1000,0.005,1000,0.001,31,853.928706917167,0.002,2,TRUE,interior,6137.72386632256,TRUE,2.13016116826666e-06,0.005,29.0659220663204,12.4568742856002,2.22,0,-0.157907570039961,0,1.6094379124341,TRUE,2
1000:31,collapsed-R,actual_selection,1000,0.005,1000,0.001,31,853.712229223988,0.002,2,TRUE,interior,6136.31098172986,TRUE,2.13016116826666e-06,0.005,29.0659220663204,12.4568742856002,1.60800000000002,0,-0.158161110101876,0,1.6094379124341,TRUE,2
1000:31,collapsed-R,oracle_lambda,1000,0.005,1000,0.001,31,403.756425403898,0.001,1,TRUE,interior,6097.91603367807,TRUE,2.13016116826666e-06,0.005,29.0659220663204,12.4568742856002,1.60800000000002,0,-0.906943490258842,0,1.6094379124341,TRUE,2
1000:32,AIW-N,actual_selection,1000,2e-04,20,0.001,32,34.3087604131711,0.01,3,TRUE,interior,5685.62133486712,TRUE,-3.64203470713546e-06,2e-04,5.81318499774293,-2.49138228212532,2.368,-3.91202300542815,-3.3723545517889,0,-1.6094379124341,TRUE,1
1000:32,AIW-N,oracle_lambda_oracle_L,1000,2e-04,20,0.001,32,4.7883501248621,0.001,2,TRUE,interior,5541.23638435112,TRUE,-3.64203470713546e-06,2e-04,5.81318499774293,-2.49138228212532,2.368,-3.91202300542815,-5.34156936846661,0,-1.6094379124341,TRUE,1
1000:32,AIW-N,selected_lambda_oracle_L,1000,2e-04,20,0.001,32,25.2063045056292,0.01,2,TRUE,interior,5684.59585970037,TRUE,-3.64203470713546e-06,2e-04,5.81318499774293,-2.49138228212532,2.368,-3.91202300542815,-3.68066113695945,0,-1.6094379124341,TRUE,1
1000:32,collapsed-R,actual_selection,1000,2e-04,20,0.001,32,15.4587724531514,0.01,0,TRUE,interior,5682.167149629,TRUE,-3.64203470713546e-06,2e-04,5.81318499774293,-2.49138228212532,0.513000000000001,-3.91202300542815,-4.16957864045324,0,-1.6094379124341,TRUE,1
1000:32,collapsed-R,oracle_lambda,1000,2e-04,20,0.001,32,1,0.001,0,TRUE,interior,5540.95606948262,TRUE,-3.64203470713546e-06,2e-04,5.81318499774293,-2.49138228212532,0.513000000000001,-3.91202300542815,-6.90775527898214,0,-1.6094379124341,TRUE,1
1000:32,AIW-N,actual_selection,1000,0.001,20,0.001,32,12.5410325319477,0.01,1,TRUE,interior,4894.74306952764,TRUE,-3.64203470713546e-06,0.001,12.9986768207352,-5.57090014077077,2.256,-3.91202300542815,-4.37874940809625,0,0,TRUE,1
1000:32,AIW-N,oracle_lambda_oracle_L,1000,0.001,20,0.001,32,4.54322222690061,0.001,2,TRUE,interior,4749.19024653293,TRUE,-3.64203470713546e-06,0.001,12.9986768207352,-5.57090014077077,2.256,-3.91202300542815,-5.39411877706828,0,0,TRUE,1
1000:32,AIW-N,selected_lambda_oracle_L,1000,0.001,20,0.001,32,17.971880599409,0.01,2,TRUE,interior,4889.23248904063,TRUE,-3.64203470713546e-06,0.001,12.9986768207352,-5.57090014077077,2.256,-3.91202300542815,-4.01894693149711,0,0,TRUE,1
1000:32,collapsed-R,actual_selection,1000,0.001,20,0.001,32,5.74916441736642,0.01,0,TRUE,interior,4889.66543067912,TRUE,-3.64203470713546e-06,0.001,12.9986768207352,-5.57090014077077,0.497,-3.91202300542815,-5.15870075345155,0,0,TRUE,1
1000:32,collapsed-R,oracle_lambda,1000,0.001,20,0.001,32,1,0.001,0,TRUE,interior,4752.73768800599,TRUE,-3.64203470713546e-06,0.001,12.9986768207352,-5.57090014077077,0.497,-3.91202300542815,-6.90775527898214,0,0,TRUE,1
1000:32,AIW-N,actual_selection,1000,0.005,20,0.001,32,11.823602630078,0.01,1,TRUE,interior,4079.53328816144,TRUE,-3.64203470713546e-06,0.005,29.0659249887147,-12.4569114106266,2.267,-3.91202300542815,-4.43765752240479,0,1.6094379124341,TRUE,1
1000:32,AIW-N,oracle_lambda_oracle_L,1000,0.005,20,0.001,32,4.51746625212905,0.001,2,TRUE,interior,3939.00473851068,TRUE,-3.64203470713546e-06,0.005,29.0659249887147,-12.4569114106266,2.267,-3.91202300542815,-5.39980400600083,0,1.6094379124341,TRUE,1
1000:32,AIW-N,selected_lambda_oracle_L,1000,0.005,20,0.001,32,16.9329156930066,0.01,2,TRUE,interior,4074.00319562116,TRUE,-3.64203470713546e-06,0.005,29.0659249887147,-12.4569114106266,2.267,-3.91202300542815,-4.07849587716879,0,1.6094379124341,TRUE,1
1000:32,collapsed-R,actual_selection,1000,0.005,20,0.001,32,1.51295086906911,0.01,0,TRUE,interior,4073.89340236508,TRUE,-3.64203470713546e-06,0.005,29.0659249887147,-12.4569114106266,0.485999999999999,-3.91202300542815,-6.49369331722854,0,1.6094379124341,TRUE,1
1000:32,collapsed-R,oracle_lambda,1000,0.005,20,0.001,32,1,0.001,0,TRUE,interior,3941.64306949128,TRUE,-3.64203470713546e-06,0.005,29.0659249887147,-12.4569114106266,0.485999999999999,-3.91202300542815,-6.90775527898214,0,1.6094379124341,TRUE,1
1000:32,AIW-N,actual_selection,1000,2e-04,50,0.001,32,197.023189998632,0.004,5,TRUE,interior,6309.53661709391,TRUE,6.81419719525367e-07,2e-04,5.81318385319266,2.49136774215763,1.986,-2.99573227355399,-1.624433841443,0,-1.6094379124341,TRUE,1
1000:32,AIW-N,oracle_lambda_oracle_L,1000,2e-04,50,0.001,32,26.872969392599,0.001,2,TRUE,interior,6270.77383897134,TRUE,6.81419719525367e-07,2e-04,5.81318385319266,2.49136774215763,1.986,-2.99573227355399,-3.61663435287361,0,-1.6094379124341,TRUE,1
1000:32,AIW-N,selected_lambda_oracle_L,1000,2e-04,50,0.001,32,128.895376560465,0.004,2,TRUE,interior,6305.90169485198,TRUE,6.81419719525367e-07,2e-04,5.81318385319266,2.49136774215763,1.986,-2.99573227355399,-2.04875423810181,0,-1.6094379124341,TRUE,1
1000:32,collapsed-R,actual_selection,1000,2e-04,50,0.001,32,108.979483576843,0.004,1,TRUE,interior,6301.30633062511,TRUE,6.81419719525367e-07,2e-04,5.81318385319266,2.49136774215763,0.782,-2.99573227355399,-2.21659563853503,0,-1.6094379124341,TRUE,1
1000:32,collapsed-R,oracle_lambda,1000,2e-04,50,0.001,32,17.2054825125592,0.001,1,TRUE,interior,6266.66804877957,TRUE,6.81419719525367e-07,2e-04,5.81318385319266,2.49136774215763,0.782,-2.99573227355399,-4.06252719522277,0,-1.6094379124341,TRUE,1
1000:32,AIW-N,actual_selection,1000,0.001,50,0.001,32,74.2721829738009,0.006,1,TRUE,interior,5778.2570332377,TRUE,6.81419719525367e-07,0.001,12.9986742614429,5.57086762841464,2.384,-2.99573227355399,-2.60001878532948,0,0,TRUE,1
1000:32,AIW-N,oracle_lambda_oracle_L,1000,0.001,50,0.001,32,27.2947579625941,0.001,2,TRUE,interior,5699.28237654029,TRUE,6.81419719525367e-07,0.001,12.9986742614429,5.57086762841464,2.384,-2.99573227355399,-3.60106061125085,0,0,TRUE,1
1000:32,AIW-N,selected_lambda_oracle_L,1000,0.001,50,0.001,32,88.8618560187513,0.006,2,TRUE,interior,5775.74559954973,TRUE,6.81419719525367e-07,0.001,12.9986742614429,5.57086762841464,2.384,-2.99573227355399,-2.42067229469328,0,0,TRUE,1
1000:32,collapsed-R,actual_selection,1000,0.001,50,0.001,32,71.4864094523655,0.006,1,TRUE,interior,5775.05732576732,TRUE,6.81419719525367e-07,0.001,12.9986742614429,5.57086762841464,0.600999999999996,-2.99573227355399,-2.6382479249385,0,0,TRUE,1
1000:32,collapsed-R,oracle_lambda,1000,0.001,50,0.001,32,15.8469364867074,0.001,1,TRUE,interior,5698.36995944756,TRUE,6.81419719525367e-07,0.001,12.9986742614429,5.57086762841464,0.600999999999996,-2.99573227355399,-4.14477907893589,0,0,TRUE,1
1000:32,AIW-N,actual_selection,1000,0.005,50,0.001,32,72.8589980444375,0.008,1,TRUE,interior,5018.47023896312,TRUE,6.81419719525367e-07,0.005,29.0659192659633,12.4568387107882,2.287,-2.99573227355399,-2.61922923928824,0,1.6094379124341,TRUE,1
1000:32,AIW-N,oracle_lambda_oracle_L,1000,0.005,50,0.001,32,25.9846126031627,0.001,2,TRUE,interior,4913.9815695504,TRUE,6.81419719525367e-07,0.005,29.0659192659633,12.4568387107882,2.287,-2.99573227355399,-3.65025073911227,0,1.6094379124341,TRUE,1
1000:32,AIW-N,selected_lambda_oracle_L,1000,0.005,50,0.001,32,84.8047705150279,0.008,2,TRUE,interior,5015.44738306411,TRUE,6.81419719525367e-07,0.005,29.0659192659633,12.4568387107882,2.287,-2.99573227355399,-2.46740348169315,0,1.6094379124341,TRUE,1
1000:32,collapsed-R,actual_selection,1000,0.005,50,0.001,32,58.603024738962,0.008,1,TRUE,interior,5010.81238070835,TRUE,6.81419719525367e-07,0.005,29.0659192659633,12.4568387107882,1.083,-2.99573227355399,-2.83696896702543,0,1.6094379124341,TRUE,1
1000:32,collapsed-R,oracle_lambda,1000,0.005,50,0.001,32,3.77438466968963,0.001,0,TRUE,interior,4909.99428503527,TRUE,6.81419719525367e-07,0.005,29.0659192659633,12.4568387107882,1.083,-2.99573227355399,-5.57951791097404,0,1.6094379124341,TRUE,1
1000:32,AIW-N,actual_selection,1000,2e-04,100,0.001,32,81.3952118089935,0.002,4,TRUE,interior,6400.55838598842,TRUE,1.90526147676222e-05,2e-04,5.81319095541921,2.49145796504373,2.549,-2.30258509299405,-2.50843883068912,0,-1.6094379124341,TRUE,1
1000:32,AIW-N,oracle_lambda_oracle_L,1000,2e-04,100,0.001,32,30.2982289953265,0.001,2,TRUE,interior,6393.03365599604,TRUE,1.90526147676222e-05,2e-04,5.81319095541921,2.49145796504373,2.549,-2.30258509299405,-3.49666601717415,0,-1.6094379124341,TRUE,1
1000:32,AIW-N,selected_lambda_oracle_L,1000,2e-04,100,0.001,32,59.3763326575343,0.002,2,TRUE,interior,6397.10526418057,TRUE,1.90526147676222e-05,2e-04,5.81319095541921,2.49145796504373,2.549,-2.30258509299405,-2.82385957212074,0,-1.6094379124341,TRUE,1
1000:32,collapsed-R,actual_selection,1000,2e-04,100,0.001,32,23.9028238769686,0.002,0,TRUE,interior,6389.75613266191,TRUE,1.90526147676222e-05,2e-04,5.81319095541921,2.49145796504373,0.27,-2.30258509299405,-3.73375867317623,0,-1.6094379124341,TRUE,1
1000:32,collapsed-R,oracle_lambda,1000,2e-04,100,0.001,32,7.99752653449046,0.001,0,TRUE,interior,6386.68442527868,TRUE,1.90526147676222e-05,2e-04,5.81319095541921,2.49145796504373,0.27,-2.30258509299405,-4.82862296829797,0,-1.6094379124341,TRUE,1
1000:32,AIW-N,actual_selection,1000,0.001,100,0.001,32,46.1114300195749,0.002,1,TRUE,interior,5938.03306679807,TRUE,1.90526147676222e-05,0.001,12.9986901425043,5.57106937292107,2.279,-2.30258509299405,-3.07669442002441,0,0,TRUE,1
1000:32,AIW-N,oracle_lambda_oracle_L,1000,0.001,100,0.001,32,41.1279605366736,0.001,2,TRUE,interior,5921.54678816798,TRUE,1.90526147676222e-05,0.001,12.9986901425043,5.57106937292107,2.279,-2.30258509299405,-3.19106708375396,0,0,TRUE,1
1000:32,AIW-N,selected_lambda_oracle_L,1000,0.001,100,0.001,32,60.7431205162146,0.002,2,TRUE,interior,5936.62586517031,TRUE,1.90526147676222e-05,0.001,12.9986901425043,5.57106937292107,2.279,-2.30258509299405,-2.80110144570535,0,0,TRUE,1
1000:32,collapsed-R,actual_selection,1000,0.001,100,0.001,32,43.5290815105687,0.002,1,TRUE,interior,5934.42198704966,TRUE,1.90526147676222e-05,0.001,12.9986901425043,5.57106937292107,0.601000000000003,-2.30258509299405,-3.13432602378829,0,0,TRUE,1
1000:32,collapsed-R,oracle_lambda,1000,0.001,100,0.001,32,27.1376037221322,0.001,1,TRUE,interior,5919.54118404846,TRUE,1.90526147676222e-05,0.001,12.9986901425043,5.57106937292107,0.601000000000003,-2.30258509299405,-3.60683492168896,0,0,TRUE,1
1000:32,AIW-N,actual_selection,1000,0.005,100,0.001,32,46.0774220406401,0.002,1,TRUE,interior,5174.10185745032,TRUE,1.90526147676222e-05,0.005,29.0659547770961,12.4572898252186,2.966,-2.30258509299405,-3.07743220945811,0,1.6094379124341,TRUE,1
1000:32,AIW-N,oracle_lambda_oracle_L,1000,0.005,100,0.001,32,44.636389825457,0.001,2,TRUE,interior,5150.31986853041,TRUE,1.90526147676222e-05,0.005,29.0659547770961,12.4572898252186,2.966,-2.30258509299405,-3.10920583726513,0,1.6094379124341,TRUE,1
1000:32,AIW-N,selected_lambda_oracle_L,1000,0.005,100,0.001,32,62.120520993718,0.002,2,TRUE,interior,5173.14469949527,TRUE,1.90526147676222e-05,0.005,29.0659547770961,12.4572898252186,2.966,-2.30258509299405,-2.77867889384503,0,1.6094379124341,TRUE,1
1000:32,collapsed-R,actual_selection,1000,0.005,100,0.001,32,8.87825706878933,0.002,0,TRUE,interior,5156.82893449361,TRUE,1.90526147676222e-05,0.005,29.0659547770961,12.4572898252186,1.38800000000001,-2.30258509299405,-4.72415001727996,0,1.6094379124341,TRUE,1
1000:32,collapsed-R,oracle_lambda,1000,0.005,100,0.001,32,4.68866311836848,0.001,0,TRUE,interior,5140.13659661814,TRUE,1.90526147676222e-05,0.005,29.0659547770961,12.4572898252186,1.38800000000001,-2.30258509299405,-5.36260778654663,0,1.6094379124341,TRUE,1
1000:32,AIW-N,actual_selection,1000,2e-04,200,0.001,32,362.662977349849,0.002,5,TRUE,interior,6489.89159983103,TRUE,-1.59866689549632e-05,2e-04,5.81318977012618,-2.49144290793465,2.346,-1.6094379124341,-1.01428131303468,0,-1.6094379124341,TRUE,1
1000:32,AIW-N,oracle_lambda_oracle_L,1000,2e-04,200,0.001,32,98.2164419911293,0.001,2,TRUE,interior,6462.99385448549,TRUE,-1.59866689549632e-05,2e-04,5.81318977012618,-2.49144290793465,2.346,-1.6094379124341,-2.32058164391896,0,-1.6094379124341,TRUE,1
1000:32,AIW-N,selected_lambda_oracle_L,1000,2e-04,200,0.001,32,288.729225379096,0.002,2,TRUE,interior,6486.69266409891,TRUE,-1.59866689549632e-05,2e-04,5.81318977012618,-2.49144290793465,2.346,-1.6094379124341,-1.24226596647349,0,-1.6094379124341,TRUE,1
1000:32,collapsed-R,actual_selection,1000,2e-04,200,0.001,32,266.922664425296,0.002,1,TRUE,interior,6482.79081312279,TRUE,-1.59866689549632e-05,2e-04,5.81318977012618,-2.49144290793465,0.760999999999996,-1.6094379124341,-1.3207963088847,0,-1.6094379124341,TRUE,1
1000:32,collapsed-R,oracle_lambda,1000,2e-04,200,0.001,32,83.0629880059133,0.001,1,TRUE,interior,6459.20120982345,TRUE,-1.59866689549632e-05,2e-04,5.81318977012618,-2.49144290793465,0.760999999999996,-1.6094379124341,-2.48815606736069,0,-1.6094379124341,TRUE,1
1000:32,AIW-N,actual_selection,1000,0.001,200,0.001,32,257.27137304044,0.004,2,TRUE,interior,6097.75519674469,TRUE,-1.59866689549632e-05,0.001,12.9986874921085,-5.57103570420163,2.62600000000001,-1.6094379124341,-1.35762382495749,0,0,TRUE,1
1000:32,AIW-N,oracle_lambda_oracle_L,1000,0.001,200,0.001,32,90.7955351599464,0.001,2,TRUE,interior,6064.18843386308,TRUE,-1.59866689549632e-05,0.001,12.9986874921085,-5.57103570420163,2.62600000000001,-1.6094379124341,-2.39914516683117,0,0,TRUE,1
1000:32,AIW-N,selected_lambda_oracle_L,1000,0.001,200,0.001,32,257.27137304044,0.004,2,TRUE,interior,6097.75519674469,TRUE,-1.59866689549632e-05,0.001,12.9986874921085,-5.57103570420163,2.62600000000001,-1.6094379124341,-1.35762382495749,0,0,TRUE,1
1000:32,collapsed-R,actual_selection,1000,0.001,200,0.001,32,229.245080690393,0.004,1,TRUE,interior,6095.45632566158,TRUE,-1.59866689549632e-05,0.001,12.9986874921085,-5.57103570420163,0.759999999999984,-1.6094379124341,-1.47296362635107,0,0,TRUE,1
1000:32,collapsed-R,oracle_lambda,1000,0.001,200,0.001,32,74.1490872778388,0.001,1,TRUE,interior,6062.81602047825,TRUE,-1.59866689549632e-05,0.001,12.9986874921085,-5.57103570420163,0.759999999999984,-1.6094379124341,-2.60167751960627,0,0,TRUE,1
1000:32,AIW-N,actual_selection,1000,0.005,200,0.001,32,197.307950056549,0.004,2,TRUE,interior,5487.07566624716,TRUE,-1.59866689549632e-05,0.005,29.0659488506309,-12.4572145396733,2.376,-1.6094379124341,-1.62298957251017,0,1.6094379124341,TRUE,1
1000:32,AIW-N,oracle_lambda_oracle_L,1000,0.005,200,0.001,32,94.7659448816706,0.001,2,TRUE,interior,5448.48765151134,TRUE,-1.59866689549632e-05,0.005,29.0659488506309,-12.4572145396733,2.376,-1.6094379124341,-2.35634516546615,0,1.6094379124341,TRUE,1
1000:32,AIW-N,selected_lambda_oracle_L,1000,0.005,200,0.001,32,197.307950056549,0.004,2,TRUE,interior,5487.07566624716,TRUE,-1.59866689549632e-05,0.005,29.0659488506309,-12.4572145396733,2.376,-1.6094379124341,-1.62298957251017,0,1.6094379124341,TRUE,1
1000:32,collapsed-R,actual_selection,1000,0.005,200,0.001,32,155.395208450052,0.004,1,TRUE,interior,5478.79958586084,TRUE,-1.59866689549632e-05,0.005,29.0659488506309,-12.4572145396733,1.901,-1.6094379124341,-1.86178367517871,0,1.6094379124341,TRUE,1
1000:32,collapsed-R,oracle_lambda,1000,0.005,200,0.001,32,16.5205143943904,0.001,0,TRUE,interior,5422.24240371929,TRUE,-1.59866689549632e-05,0.005,29.0659488506309,-12.4572145396733,1.901,-1.6094379124341,-4.10315237369911,0,1.6094379124341,TRUE,1
1000:32,AIW-N,actual_selection,1000,2e-04,500,0.001,32,113.565453110315,0.001,5,TRUE,interior,6612.89055714493,TRUE,-3.92505153615548e-07,2e-04,5.81318374150081,-2.49136632325887,2.65199999999999,-0.693147180559945,-2.1753759288903,0,-1.6094379124341,TRUE,1
1000:32,AIW-N,oracle_lambda_oracle_L,1000,2e-04,500,0.001,32,111.30195704349,0.001,2,TRUE,interior,6612.63301360818,TRUE,-3.92505153615548e-07,2e-04,5.81318374150081,-2.49136632325887,2.65199999999999,-0.693147180559945,-2.19550843735576,0,-1.6094379124341,TRUE,1
1000:32,AIW-N,selected_lambda_oracle_L,1000,2e-04,500,0.001,32,111.30195704349,0.001,2,TRUE,interior,6612.63301360818,TRUE,-3.92505153615548e-07,2e-04,5.81318374150081,-2.49136632325887,2.65199999999999,-0.693147180559945,-2.19550843735576,0,-1.6094379124341,TRUE,1
1000:32,collapsed-R,actual_selection,1000,2e-04,500,0.001,32,76.6180156754661,0.001,0,TRUE,interior,6606.04267795726,TRUE,-3.92505153615548e-07,2e-04,5.81318374150081,-2.49136632325887,0.296999999999997,-0.693147180559945,-2.56892303830308,0,-1.6094379124341,TRUE,1
1000:32,collapsed-R,oracle_lambda,1000,2e-04,500,0.001,32,76.6180156754661,0.001,0,TRUE,interior,6606.04267795726,TRUE,-3.92505153615548e-07,2e-04,5.81318374150081,-2.49136632325887,0.296999999999997,-0.693147180559945,-2.56892303830308,0,-1.6094379124341,TRUE,1
1000:32,AIW-N,actual_selection,1000,0.001,500,0.001,32,346.78656808418,0.002,5,TRUE,interior,6385.45155012392,TRUE,-3.92505153615548e-07,0.001,12.9986740116924,-5.57086445566055,2.125,-0.693147180559945,-1.05904576584029,0,0,TRUE,1
1000:32,AIW-N,oracle_lambda_oracle_L,1000,0.001,500,0.001,32,158.508070891474,0.001,2,TRUE,interior,6350.98451815931,TRUE,-3.92505153615548e-07,0.001,12.9986740116924,-5.57086445566055,2.125,-0.693147180559945,-1.84194976651026,0,0,TRUE,1
1000:32,AIW-N,selected_lambda_oracle_L,1000,0.001,500,0.001,32,349.128154480614,0.002,2,TRUE,interior,6384.89344133713,TRUE,-3.92505153615548e-07,0.001,12.9986740116924,-5.57086445566055,2.125,-0.693147180559945,-1.05231621936739,0,0,TRUE,1
1000:32,collapsed-R,actual_selection,1000,0.001,500,0.001,32,349.446725158422,0.002,2,TRUE,interior,6383.2731042045,TRUE,-3.92505153615548e-07,0.001,12.9986740116924,-5.57086445566055,1.89300000000002,-0.693147180559945,-1.05140416051965,0,0,TRUE,1
1000:32,collapsed-R,oracle_lambda,1000,0.001,500,0.001,32,114.653304994977,0.001,1,TRUE,interior,6346.37989794738,TRUE,-3.92505153615548e-07,0.001,12.9986740116924,-5.57086445566055,1.89300000000002,-0.693147180559945,-2.16584244327315,0,0,TRUE,1
1000:32,AIW-N,actual_selection,1000,0.005,500,0.001,32,642.215884936178,0.006,2,TRUE,interior,5881.24792762047,TRUE,-3.92505153615548e-07,0.005,29.065918707504,-12.4568316162944,2.39,-0.693147180559945,-0.442830762447055,0,1.6094379124341,TRUE,1
1000:32,AIW-N,oracle_lambda_oracle_L,1000,0.005,500,0.001,32,163.846744303523,0.001,2,TRUE,interior,5763.95900349519,TRUE,-3.92505153615548e-07,0.005,29.065918707504,-12.4568316162944,2.39,-0.693147180559945,-1.80882377401627,0,1.6094379124341,TRUE,1
1000:32,AIW-N,selected_lambda_oracle_L,1000,0.005,500,0.001,32,642.215884936178,0.006,2,TRUE,interior,5881.24792762047,TRUE,-3.92505153615548e-07,0.005,29.065918707504,-12.4568316162944,2.39,-0.693147180559945,-0.442830762447055,0,1.6094379124341,TRUE,1
1000:32,collapsed-R,actual_selection,1000,0.005,500,0.001,32,638.161503057881,0.006,2,TRUE,interior,5879.6099130653,TRUE,-3.92505153615548e-07,0.005,29.065918707504,-12.4568316162944,1.48799999999999,-0.693147180559945,-0.449163888082612,0,1.6094379124341,TRUE,1
1000:32,collapsed-R,oracle_lambda,1000,0.005,500,0.001,32,117.068952155471,0.001,1,TRUE,interior,5753.79275418985,TRUE,-3.92505153615548e-07,0.005,29.065918707504,-12.4568316162944,1.48799999999999,-0.693147180559945,-2.14499218311171,0,1.6094379124341,TRUE,1
1000:32,AIW-N,actual_selection,1000,2e-04,1000,0.001,32,285.315118652813,0.001,5,TRUE,interior,6627.75880007633,TRUE,2.83010417908543e-06,2e-04,5.81318468385661,2.49137829463105,2.30200000000001,0,-1.25416103004329,0,-1.6094379124341,TRUE,1
1000:32,AIW-N,oracle_lambda_oracle_L,1000,2e-04,1000,0.001,32,186.456460926341,0.001,2,TRUE,interior,6621.90465708027,TRUE,2.83010417908543e-06,2e-04,5.81318468385661,2.49137829463105,2.30200000000001,0,-1.67955752063084,0,-1.6094379124341,TRUE,1
1000:32,AIW-N,selected_lambda_oracle_L,1000,2e-04,1000,0.001,32,186.456460926341,0.001,2,TRUE,interior,6621.90465708027,TRUE,2.83010417908543e-06,2e-04,5.81318468385661,2.49137829463105,2.30200000000001,0,-1.67955752063084,0,-1.6094379124341,TRUE,1
1000:32,collapsed-R,actual_selection,1000,2e-04,1000,0.001,32,164.259212946788,0.001,1,TRUE,interior,6617.56181756628,TRUE,2.83010417908543e-06,2e-04,5.81318468385661,2.49137829463105,0.707000000000022,0,-1.80630953219023,0,-1.6094379124341,TRUE,1
1000:32,collapsed-R,oracle_lambda,1000,2e-04,1000,0.001,32,164.259212946788,0.001,1,TRUE,interior,6617.56181756628,TRUE,2.83010417908543e-06,2e-04,5.81318468385661,2.49137829463105,0.707000000000022,0,-1.80630953219023,0,-1.6094379124341,TRUE,1
1000:32,AIW-N,actual_selection,1000,0.001,1000,0.001,32,449.159935959838,0.001,5,TRUE,interior,6517.87362746449,TRUE,2.83010417908543e-06,0.001,12.998676118864,5.57089122446252,1.971,0,-0.800376249855425,0,0,TRUE,1
1000:32,AIW-N,oracle_lambda_oracle_L,1000,0.001,1000,0.001,32,381.794175783338,0.001,2,TRUE,interior,6512.56797840574,TRUE,2.83010417908543e-06,0.001,12.998676118864,5.57089122446252,1.971,0,-0.962873622434035,0,0,TRUE,1
1000:32,AIW-N,selected_lambda_oracle_L,1000,0.001,1000,0.001,32,381.794175783338,0.001,2,TRUE,interior,6512.56797840574,TRUE,2.83010417908543e-06,0.001,12.998676118864,5.57089122446252,1.971,0,-0.962873622434035,0,0,TRUE,1
1000:32,collapsed-R,actual_selection,1000,0.001,1000,0.001,32,385.614943950664,0.001,2,TRUE,interior,6511.15457129938,TRUE,2.83010417908543e-06,0.001,12.998676118864,5.57089122446252,2.31399999999996,0,-0.952915961937929,0,0,TRUE,1
1000:32,collapsed-R,oracle_lambda,1000,0.001,1000,0.001,32,385.614943950664,0.001,2,TRUE,interior,6511.15457129938,TRUE,2.83010417908543e-06,0.001,12.998676118864,5.57089122446252,2.31399999999996,0,-0.952915961937929,0,0,TRUE,1
1000:32,AIW-N,actual_selection,1000,0.005,1000,0.001,32,540.839738923189,0.001,2,TRUE,interior,6199.49097585837,TRUE,2.83010417908543e-06,0.005,29.0659234192831,12.4568914731552,2.227,0,-0.614632275216367,0,1.6094379124341,TRUE,1
1000:32,AIW-N,oracle_lambda_oracle_L,1000,0.005,1000,0.001,32,540.839738923189,0.001,2,TRUE,interior,6199.49097585837,TRUE,2.83010417908543e-06,0.005,29.0659234192831,12.4568914731552,2.227,0,-0.614632275216367,0,1.6094379124341,TRUE,1
1000:32,AIW-N,selected_lambda_oracle_L,1000,0.005,1000,0.001,32,540.839738923189,0.001,2,TRUE,interior,6199.49097585837,TRUE,2.83010417908543e-06,0.005,29.0659234192831,12.4568914731552,2.227,0,-0.614632275216367,0,1.6094379124341,TRUE,1
1000:32,collapsed-R,actual_selection,1000,0.005,1000,0.001,32,537.657294908166,0.001,2,TRUE,interior,6197.53810527595,TRUE,2.83010417908543e-06,0.005,29.0659234192831,12.4568914731552,1.50700000000001,0,-0.620533920101935,0,1.6094379124341,TRUE,1
1000:32,collapsed-R,oracle_lambda,1000,0.005,1000,0.001,32,537.657294908166,0.001,2,TRUE,interior,6197.53810527595,TRUE,2.83010417908543e-06,0.005,29.0659234192831,12.4568914731552,1.50700000000001,0,-0.620533920101935,0,1.6094379124341,TRUE,1
100:31,AIW-N,actual_selection,100,2e-04,20,0.001,31,11.0145717758006,0.001,5,TRUE,interior,573.348002100918,TRUE,-0.000190100732077141,2e-04,5.81325708970929,-2.49229794816199,0.372,-3.91202300542815,-4.50853617594286,-2.30258509299405,-1.6094379124341,TRUE,3
100:31,AIW-N,oracle_lambda_oracle_L,100,2e-04,20,0.001,31,10.9692668772933,0.001,2,TRUE,interior,571.644061459405,TRUE,-0.000190100732077141,2e-04,5.81325708970929,-2.49229794816199,0.372,-3.91202300542815,-4.51265783671004,-2.30258509299405,-1.6094379124341,TRUE,3
100:31,AIW-N,selected_lambda_oracle_L,100,2e-04,20,0.001,31,15.6926679451186,0.002,2,TRUE,interior,572.192540776623,TRUE,-0.000190100732077141,2e-04,5.81325708970929,-2.49229794816199,0.372,-3.91202300542815,-4.154561685576,-2.30258509299405,-1.6094379124341,TRUE,3
100:31,collapsed-R,actual_selection,100,2e-04,20,0.001,31,8.42862456811102,0.002,0,TRUE,interior,569.96743444706,TRUE,-0.000190100732077141,2e-04,5.81325708970929,-2.49229794816199,0.457000000000001,-3.91202300542815,-4.77612167946047,-2.30258509299405,-1.6094379124341,TRUE,3
100:31,collapsed-R,oracle_lambda,100,2e-04,20,0.001,31,5.42763033144409,0.001,0,TRUE,interior,569.486986473582,TRUE,-0.000190100732077141,2e-04,5.81325708970929,-2.49229794816199,0.457000000000001,-3.91202300542815,-5.21625264333679,-2.30258509299405,-1.6094379124341,TRUE,3
100:31,AIW-N,actual_selection,100,0.001,20,0.001,31,10.6977241276618,0.002,1,TRUE,interior,495.997498914279,TRUE,-0.000190100732077141,0.001,12.9988380232726,-5.57294763227345,0.277,-3.91202300542815,-4.53772425848714,-2.30258509299405,0,TRUE,3
100:31,AIW-N,oracle_lambda_oracle_L,100,0.001,20,0.001,31,10.1053535186722,0.001,2,TRUE,interior,491.197516155172,TRUE,-0.000190100732077141,0.001,12.9988380232726,-5.57294763227345,0.277,-3.91202300542815,-4.59468994420884,-2.30258509299405,0,TRUE,3
100:31,AIW-N,selected_lambda_oracle_L,100,0.001,20,0.001,31,13.4613871119263,0.002,2,TRUE,interior,491.774635565096,TRUE,-0.000190100732077141,0.001,12.9988380232726,-5.57294763227345,0.277,-3.91202300542815,-4.30792990569741,-2.30258509299405,0,TRUE,3
100:31,collapsed-R,actual_selection,100,0.001,20,0.001,31,5.93869823751659,0.002,0,TRUE,interior,493.664309171301,TRUE,-0.000190100732077141,0.001,12.9988380232726,-5.57294763227345,0.712,-3.91202300542815,-5.12626532155811,-2.30258509299405,0,TRUE,3
100:31,collapsed-R,oracle_lambda,100,0.001,20,0.001,31,4.02518363401588,0.001,0,TRUE,interior,493.235798947321,TRUE,-0.000190100732077141,0.001,12.9988380232726,-5.57294763227345,0.712,-3.91202300542815,-5.51518474579434,-2.30258509299405,0,TRUE,3
100:31,AIW-N,actual_selection,100,0.005,20,0.001,31,10.426753309333,0.002,1,TRUE,interior,415.734868286434,TRUE,-0.000190100732077141,0.005,29.0662854485465,-12.4614897408099,0.302000000000001,-3.91202300542815,-4.56338034228902,-2.30258509299405,1.6094379124341,TRUE,3
100:31,AIW-N,oracle_lambda_oracle_L,100,0.005,20,0.001,31,10.2025048108343,0.001,2,TRUE,interior,410.95379218263,TRUE,-0.000190100732077141,0.005,29.0662854485465,-12.4614897408099,0.302000000000001,-3.91202300542815,-4.58512201914958,-2.30258509299405,1.6094379124341,TRUE,3
100:31,AIW-N,selected_lambda_oracle_L,100,0.005,20,0.001,31,13.4164014961437,0.002,2,TRUE,interior,411.520188078256,TRUE,-0.000190100732077141,0.005,29.0662854485465,-12.4614897408099,0.302000000000001,-3.91202300542815,-4.31127732824357,-2.30258509299405,1.6094379124341,TRUE,3
100:31,collapsed-R,actual_selection,100,0.005,20,0.001,31,1.36188796475411,0.001,0,TRUE,interior,410.815908451036,TRUE,-0.000190100732077141,0.005,29.0662854485465,-12.4614897408099,0.767999999999999,-3.91202300542815,-6.59888333252797,-2.30258509299405,1.6094379124341,TRUE,3
100:31,collapsed-R,oracle_lambda,100,0.005,20,0.001,31,1.36188796475411,0.001,0,TRUE,interior,410.815908451036,TRUE,-0.000190100732077141,0.005,29.0662854485465,-12.4614897408099,0.767999999999999,-3.91202300542815,-6.59888333252797,-2.30258509299405,1.6094379124341,TRUE,3
100:31,AIW-N,actual_selection,100,2e-04,50,0.001,31,10.4554508287282,0.001,1,TRUE,interior,576.601460593785,TRUE,2.11521492222183e-07,2e-04,5.81318367153412,2.49136543442334,0.354,-2.99573227355399,-4.56063182615812,-2.30258509299405,-1.6094379124341,TRUE,3
100:31,AIW-N,oracle_lambda_oracle_L,100,2e-04,50,0.001,31,16.7111905278969,0.001,2,TRUE,interior,574.582934839628,TRUE,2.11521492222183e-07,2e-04,5.81318367153412,2.49136543442334,0.354,-2.99573227355399,-4.09167669247965,-2.30258509299405,-1.6094379124341,TRUE,3
100:31,AIW-N,selected_lambda_oracle_L,100,2e-04,50,0.001,31,16.7111905278969,0.001,2,TRUE,interior,574.582934839628,TRUE,2.11521492222183e-07,2e-04,5.81318367153412,2.49136543442334,0.354,-2.99573227355399,-4.09167669247965,-2.30258509299405,-1.6094379124341,TRUE,3
100:31,collapsed-R,actual_selection,100,2e-04,50,0.001,31,8.00184029632387,0.001,0,TRUE,interior,574.25139795464,TRUE,2.11521492222183e-07,2e-04,5.81318367153412,2.49136543442334,0.378000000000002,-2.99573227355399,-4.82808372671628,-2.30258509299405,-1.6094379124341,TRUE,3
100:31,collapsed-R,oracle_lambda,100,2e-04,50,0.001,31,8.00184029632387,0.001,0,TRUE,interior,574.25139795464,TRUE,2.11521492222183e-07,2e-04,5.81318367153412,2.49136543442334,0.378000000000002,-2.99573227355399,-4.82808372671628,-2.30258509299405,-1.6094379124341,TRUE,3
100:31,AIW-N,actual_selection,100,0.001,50,0.001,31,14.3739779351877,0.001,1,TRUE,interior,521.096133495827,TRUE,2.11521492222183e-07,0.001,12.9986738552421,5.57086246816387,0.292999999999999,-2.99573227355399,-4.24233579498732,-2.30258509299405,0,TRUE,3
100:31,AIW-N,oracle_lambda_oracle_L,100,0.001,50,0.001,31,19.4654178541191,0.001,2,TRUE,interior,518.121852511389,TRUE,2.11521492222183e-07,0.001,12.9986738552421,5.57086246816387,0.292999999999999,-2.99573227355399,-3.93911583120335,-2.30258509299405,0,TRUE,3
100:31,AIW-N,selected_lambda_oracle_L,100,0.001,50,0.001,31,19.4654178541191,0.001,2,TRUE,interior,518.121852511389,TRUE,2.11521492222183e-07,0.001,12.9986738552421,5.57086246816387,0.292999999999999,-2.99573227355399,-3.93911583120335,-2.30258509299405,0,TRUE,3
100:31,collapsed-R,actual_selection,100,0.001,50,0.001,31,9.43063358560133,0.001,0,TRUE,interior,517.624129188055,TRUE,2.11521492222183e-07,0.001,12.9986738552421,5.57086246816387,1.056,-2.99573227355399,-4.66379199630098,-2.30258509299405,0,TRUE,3
100:31,collapsed-R,oracle_lambda,100,0.001,50,0.001,31,9.43063358560133,0.001,0,TRUE,interior,517.624129188055,TRUE,2.11521492222183e-07,0.001,12.9986738552421,5.57086246816387,1.056,-2.99573227355399,-4.66379199630098,-2.30258509299405,0,TRUE,3
100:31,AIW-N,actual_selection,100,0.005,50,0.001,31,16.2058857318114,0.001,1,TRUE,interior,449.558936650058,TRUE,2.11521492222183e-07,0.005,29.0659183576706,12.4568271721167,0.267000000000001,-2.99573227355399,-4.12238078594888,-2.30258509299405,1.6094379124341,TRUE,3
100:31,AIW-N,oracle_lambda_oracle_L,100,0.005,50,0.001,31,21.0206372414693,0.001,2,TRUE,interior,446.402699884534,TRUE,2.11521492222183e-07,0.005,29.0659183576706,12.4568271721167,0.267000000000001,-2.99573227355399,-3.86225059803332,-2.30258509299405,1.6094379124341,TRUE,3
100:31,AIW-N,selected_lambda_oracle_L,100,0.005,50,0.001,31,27.4086333243466,0.002,2,TRUE,interior,446.417402998717,TRUE,2.11521492222183e-07,0.005,29.0659183576706,12.4568271721167,0.267000000000001,-2.99573227355399,-3.59689723038675,-2.30258509299405,1.6094379124341,TRUE,3
100:31,collapsed-R,actual_selection,100,0.005,50,0.001,31,2.79363212184227,0.001,0,TRUE,interior,442.722138246378,TRUE,2.11521492222183e-07,0.005,29.0659183576706,12.4568271721167,3.071,-2.99573227355399,-5.88041269401659,-2.30258509299405,1.6094379124341,TRUE,3
100:31,collapsed-R,oracle_lambda,100,0.005,50,0.001,31,2.79363212184227,0.001,0,TRUE,interior,442.722138246378,TRUE,2.11521492222183e-07,0.005,29.0659183576706,12.4568271721167,3.071,-2.99573227355399,-5.88041269401659,-2.30258509299405,1.6094379124341,TRUE,3
100:31,AIW-N,actual_selection,100,2e-04,100,0.001,31,28.1556961933885,0.001,3,TRUE,interior,607.134964479533,TRUE,0.00014849564303644,2e-04,5.81324100215997,2.49209364258017,0.227,-2.30258509299405,-3.57000559341421,-2.30258509299405,-1.6094379124341,TRUE,3
100:31,AIW-N,oracle_lambda_oracle_L,100,2e-04,100,0.001,31,28.5542890839675,0.001,2,TRUE,interior,606.733737575792,TRUE,0.00014849564303644,2e-04,5.81324100215997,2.49209364258017,0.227,-2.30258509299405,-3.55594812355178,-2.30258509299405,-1.6094379124341,TRUE,3
100:31,AIW-N,selected_lambda_oracle_L,100,2e-04,100,0.001,31,47.4241257549609,0.002,2,TRUE,interior,606.823403515343,TRUE,0.00014849564303644,2e-04,5.81324100215997,2.49209364258017,0.227,-2.30258509299405,-3.04862419759643,-2.30258509299405,-1.6094379124341,TRUE,3
100:31,collapsed-R,actual_selection,100,2e-04,100,0.001,31,45.7864705671025,0.002,1,TRUE,interior,604.899731553434,TRUE,0.00014849564303644,2e-04,5.81324100215997,2.49209364258017,0.389999999999999,-2.30258509299405,-3.08376663396691,-2.30258509299405,-1.6094379124341,TRUE,3
100:31,collapsed-R,oracle_lambda,100,2e-04,100,0.001,31,25.4910896910389,0.001,1,TRUE,interior,604.514985547038,TRUE,0.00014849564303644,2e-04,5.81324100215997,2.49209364258017,0.389999999999999,-2.30258509299405,-3.66942631176133,-2.30258509299405,-1.6094379124341,TRUE,3
100:31,AIW-N,actual_selection,100,0.001,100,0.001,31,29.0728088114518,0.001,1,TRUE,interior,548.901931992852,TRUE,0.00014849564303644,0.001,12.9988020504187,5.57249079110433,0.360999999999997,-2.30258509299405,-3.53795194673803,-2.30258509299405,0,TRUE,3
100:31,AIW-N,oracle_lambda_oracle_L,100,0.001,100,0.001,31,34.0928111616783,0.001,2,TRUE,interior,544.932330859887,TRUE,0.00014849564303644,0.001,12.9988020504187,5.57249079110433,0.360999999999997,-2.30258509299405,-3.37866873329063,-2.30258509299405,0,TRUE,3
100:31,AIW-N,selected_lambda_oracle_L,100,0.001,100,0.001,31,46.5164500299542,0.002,2,TRUE,interior,544.976719762292,TRUE,0.00014849564303644,0.001,12.9988020504187,5.57249079110433,0.360999999999997,-2.30258509299405,-3.06794926486355,-2.30258509299405,0,TRUE,3
100:31,collapsed-R,actual_selection,100,0.001,100,0.001,31,25.346684109746,0.001,1,TRUE,interior,547.180825791095,TRUE,0.00014849564303644,0.001,12.9988020504187,5.57249079110433,0.943999999999999,-2.30258509299405,-3.67510736184985,-2.30258509299405,0,TRUE,3
100:31,collapsed-R,oracle_lambda,100,0.001,100,0.001,31,25.346684109746,0.001,1,TRUE,interior,547.180825791095,TRUE,0.00014849564303644,0.001,12.9988020504187,5.57249079110433,0.943999999999999,-2.30258509299405,-3.67510736184985,-2.30258509299405,0,TRUE,3
100:31,AIW-N,actual_selection,100,0.005,100,0.001,31,29.2369394686666,0.001,1,TRUE,interior,476.129456740745,TRUE,0.00014849564303644,0.005,29.0662050107998,12.4604682129009,0.327999999999999,-2.30258509299405,-3.53232231891302,-2.30258509299405,1.6094379124341,TRUE,3
100:31,AIW-N,oracle_lambda_oracle_L,100,0.005,100,0.001,31,34.6474212670506,0.001,2,TRUE,interior,472.419109429878,TRUE,0.00014849564303644,0.005,29.0662050107998,12.4604682129009,0.327999999999999,-2.30258509299405,-3.36253197842304,-2.30258509299405,1.6094379124341,TRUE,3
100:31,AIW-N,selected_lambda_oracle_L,100,0.005,100,0.001,31,34.6474212670506,0.001,2,TRUE,interior,472.419109429878,TRUE,0.00014849564303644,0.005,29.0662050107998,12.4604682129009,0.327999999999999,-2.30258509299405,-3.36253197842304,-2.30258509299405,1.6094379124341,TRUE,3
100:31,collapsed-R,actual_selection,100,0.005,100,0.001,31,21.9446981517592,0.001,1,TRUE,interior,472.508707078742,TRUE,0.00014849564303644,0.005,29.0662050107998,12.4604682129009,4.322,-2.30258509299405,-3.81922971069802,-2.30258509299405,1.6094379124341,TRUE,3
100:31,collapsed-R,oracle_lambda,100,0.005,100,0.001,31,21.9446981517592,0.001,1,TRUE,interior,472.508707078742,TRUE,0.00014849564303644,0.005,29.0662050107998,12.4604682129009,4.322,-2.30258509299405,-3.81922971069802,-2.30258509299405,1.6094379124341,TRUE,3
100:31,AIW-N,actual_selection,100,2e-04,200,0.001,31,257.502304308302,0.001,4,TRUE,interior,640.918108605024,TRUE,9.67714325840016e-05,2e-04,5.81322100298661,2.49183963833655,0.245000000000001,-1.6094379124341,-1.35672661014828,-2.30258509299405,-1.6094379124341,TRUE,3
100:31,AIW-N,oracle_lambda_oracle_L,100,2e-04,200,0.001,31,202.243238518149,0.001,2,TRUE,interior,640.734365351189,TRUE,9.67714325840016e-05,2e-04,5.81322100298661,2.49183963833655,0.245000000000001,-1.6094379124341,-1.59828415490943,-2.30258509299405,-1.6094379124341,TRUE,3
100:31,AIW-N,selected_lambda_oracle_L,100,2e-04,200,0.001,31,202.243238518149,0.001,2,TRUE,interior,640.734365351189,TRUE,9.67714325840016e-05,2e-04,5.81322100298661,2.49183963833655,0.245000000000001,-1.6094379124341,-1.59828415490943,-2.30258509299405,-1.6094379124341,TRUE,3
100:31,collapsed-R,actual_selection,100,2e-04,200,0.001,31,180.582201461774,0.001,1,TRUE,interior,638.212503886945,TRUE,9.67714325840016e-05,2e-04,5.81322100298661,2.49183963833655,1.992,-1.6094379124341,-1.71156919511623,-2.30258509299405,-1.6094379124341,TRUE,3
100:31,collapsed-R,oracle_lambda,100,2e-04,200,0.001,31,180.582201461774,0.001,1,TRUE,interior,638.212503886945,TRUE,9.67714325840016e-05,2e-04,5.81322100298661,2.49183963833655,1.992,-1.6094379124341,-1.71156919511623,-2.30258509299405,-1.6094379124341,TRUE,3
100:31,AIW-N,actual_selection,100,0.001,200,0.001,31,212.73322153572,0.001,5,TRUE,interior,608.074333988008,TRUE,9.67714325840016e-05,0.001,12.9987573309076,5.57192282034901,0.277999999999999,-1.6094379124341,-1.54771637933561,-2.30258509299405,0,TRUE,3
100:31,AIW-N,oracle_lambda_oracle_L,100,0.001,200,0.001,31,156.326111238038,0.001,2,TRUE,interior,606.677561699277,TRUE,9.67714325840016e-05,0.001,12.9987573309076,5.57192282034901,0.277999999999999,-1.6094379124341,-1.85581099704268,-2.30258509299405,0,TRUE,3
100:31,AIW-N,selected_lambda_oracle_L,100,0.001,200,0.001,31,156.326111238038,0.001,2,TRUE,interior,606.677561699277,TRUE,9.67714325840016e-05,0.001,12.9987573309076,5.57192282034901,0.277999999999999,-1.6094379124341,-1.85581099704268,-2.30258509299405,0,TRUE,3
100:31,collapsed-R,actual_selection,100,0.001,200,0.001,31,122.881632051338,0.001,1,TRUE,interior,605.264939434241,TRUE,9.67714325840016e-05,0.001,12.9987573309076,5.57192282034901,0.761999999999993,-1.6094379124341,-2.09653372800319,-2.30258509299405,0,TRUE,3
100:31,collapsed-R,oracle_lambda,100,0.001,200,0.001,31,122.881632051338,0.001,1,TRUE,interior,605.264939434241,TRUE,9.67714325840016e-05,0.001,12.9987573309076,5.57192282034901,0.761999999999993,-1.6094379124341,-2.09653372800319,-2.30258509299405,0,TRUE,3
100:31,AIW-N,actual_selection,100,0.005,200,0.001,31,154.657610884659,0.001,2,TRUE,interior,545.185794751667,TRUE,9.67714325840016e-05,0.005,29.066105014933,12.4591981916827,0.436,-1.6094379124341,-1.86654156745283,-2.30258509299405,1.6094379124341,TRUE,3
100:31,AIW-N,oracle_lambda_oracle_L,100,0.005,200,0.001,31,154.657610884659,0.001,2,TRUE,interior,545.185794751667,TRUE,9.67714325840016e-05,0.005,29.066105014933,12.4591981916827,0.436,-1.6094379124341,-1.86654156745283,-2.30258509299405,1.6094379124341,TRUE,3
100:31,AIW-N,selected_lambda_oracle_L,100,0.005,200,0.001,31,154.657610884659,0.001,2,TRUE,interior,545.185794751667,TRUE,9.67714325840016e-05,0.005,29.066105014933,12.4591981916827,0.436,-1.6094379124341,-1.86654156745283,-2.30258509299405,1.6094379124341,TRUE,3
100:31,collapsed-R,actual_selection,100,0.005,200,0.001,31,108.573447562456,0.001,1,TRUE,interior,540.752702955487,TRUE,9.67714325840016e-05,0.005,29.066105014933,12.4591981916827,2.765,-1.6094379124341,-2.22032839895999,-2.30258509299405,1.6094379124341,TRUE,3
100:31,collapsed-R,oracle_lambda,100,0.005,200,0.001,31,108.573447562456,0.001,1,TRUE,interior,540.752702955487,TRUE,9.67714325840016e-05,0.005,29.066105014933,12.4591981916827,2.765,-1.6094379124341,-2.22032839895999,-2.30258509299405,1.6094379124341,TRUE,3
100:31,AIW-N,actual_selection,100,2e-04,500,0.001,31,97.3066453877752,0.001,4,TRUE,interior,636.849275801013,TRUE,-0.000181743586079802,2e-04,5.81325385816269,-2.49225691008344,0.231999999999999,-0.693147180559945,-2.32988799420074,-2.30258509299405,-1.6094379124341,TRUE,3
100:31,AIW-N,oracle_lambda_oracle_L,100,2e-04,500,0.001,31,94.3463689900136,0.001,2,TRUE,interior,636.787491575755,TRUE,-0.000181743586079802,2e-04,5.81325385816269,-2.49225691008344,0.231999999999999,-0.693147180559945,-2.36078249238069,-2.30258509299405,-1.6094379124341,TRUE,3
100:31,AIW-N,selected_lambda_oracle_L,100,2e-04,500,0.001,31,94.3463689900136,0.001,2,TRUE,interior,636.787491575755,TRUE,-0.000181743586079802,2e-04,5.81325385816269,-2.49225691008344,0.231999999999999,-0.693147180559945,-2.36078249238069,-2.30258509299405,-1.6094379124341,TRUE,3
100:31,collapsed-R,actual_selection,100,2e-04,500,0.001,31,113.856259939673,0.001,1,TRUE,interior,635.128150252334,TRUE,-0.000181743586079802,2e-04,5.81325385816269,-2.49225691008344,3.10500000000001,-0.693147180559945,-2.17281850388494,-2.30258509299405,-1.6094379124341,TRUE,3
100:31,collapsed-R,oracle_lambda,100,2e-04,500,0.001,31,113.856259939673,0.001,1,TRUE,interior,635.128150252334,TRUE,-0.000181743586079802,2e-04,5.81325385816269,-2.49225691008344,3.10500000000001,-0.693147180559945,-2.17281850388494,-2.30258509299405,-1.6094379124341,TRUE,3
100:31,AIW-N,actual_selection,100,0.001,500,0.001,31,245.796558613616,0.001,4,TRUE,interior,617.517848497718,TRUE,-0.000181743586079802,0.001,12.9988307973147,-5.57285586834016,0.253,-0.693147180559945,-1.40325108270649,-2.30258509299405,0,TRUE,3
100:31,AIW-N,oracle_lambda_oracle_L,100,0.001,500,0.001,31,257.293038720153,0.001,2,TRUE,interior,617.037321378074,TRUE,-0.000181743586079802,0.001,12.9988307973147,-5.57285586834016,0.253,-0.693147180559945,-1.35753961517061,-2.30258509299405,0,TRUE,3
100:31,AIW-N,selected_lambda_oracle_L,100,0.001,500,0.001,31,257.293038720153,0.001,2,TRUE,interior,617.037321378074,TRUE,-0.000181743586079802,0.001,12.9988307973147,-5.57285586834016,0.253,-0.693147180559945,-1.35753961517061,-2.30258509299405,0,TRUE,3
100:31,collapsed-R,actual_selection,100,0.001,500,0.001,31,204.848260648895,0.001,1,TRUE,interior,615.406038821778,TRUE,-0.000181743586079802,0.001,12.9988307973147,-5.57285586834016,1.879,-0.693147180559945,-1.58548576587766,-2.30258509299405,0,TRUE,3
100:31,collapsed-R,oracle_lambda,100,0.001,500,0.001,31,204.848260648895,0.001,1,TRUE,interior,615.406038821778,TRUE,-0.000181743586079802,0.001,12.9988307973147,-5.57285586834016,1.879,-0.693147180559945,-1.58548576587766,-2.30258509299405,0,TRUE,3
100:31,AIW-N,actual_selection,100,0.005,500,0.001,31,268.982985287605,0.001,5,TRUE,interior,569.390463175416,TRUE,-0.000181743586079802,0.005,29.0662692908135,-12.4612845504172,0.274999999999999,-0.693147180559945,-1.31310715309971,-2.30258509299405,1.6094379124341,TRUE,3
100:31,AIW-N,oracle_lambda_oracle_L,100,0.005,500,0.001,31,268.179990917541,0.001,2,TRUE,interior,568.31296645509,TRUE,-0.000181743586079802,0.005,29.0662692908135,-12.4612845504172,0.274999999999999,-0.693147180559945,-1.31609691599767,-2.30258509299405,1.6094379124341,TRUE,3
100:31,AIW-N,selected_lambda_oracle_L,100,0.005,500,0.001,31,268.179990917541,0.001,2,TRUE,interior,568.31296645509,TRUE,-0.000181743586079802,0.005,29.0662692908135,-12.4612845504172,0.274999999999999,-0.693147180559945,-1.31609691599767,-2.30258509299405,1.6094379124341,TRUE,3
100:31,collapsed-R,actual_selection,100,0.005,500,0.001,31,192.225565431282,0.001,1,TRUE,interior,562.102334535032,TRUE,-0.000181743586079802,0.005,29.0662692908135,-12.4612845504172,2.45200000000001,-0.693147180559945,-1.6490857765607,-2.30258509299405,1.6094379124341,TRUE,3
100:31,collapsed-R,oracle_lambda,100,0.005,500,0.001,31,192.225565431282,0.001,1,TRUE,interior,562.102334535032,TRUE,-0.000181743586079802,0.005,29.0662692908135,-12.4612845504172,2.45200000000001,-0.693147180559945,-1.6490857765607,-2.30258509299405,1.6094379124341,TRUE,3
100:31,AIW-N,actual_selection,100,2e-04,1000,0.001,31,96.8677406511722,0.001,4,TRUE,interior,640.184981609881,TRUE,-8.66109680143217e-06,2e-04,5.81318693808219,-2.49140693133147,0.227000000000004,0,-2.33440872933012,-2.30258509299405,-1.6094379124341,TRUE,3
100:31,AIW-N,oracle_lambda_oracle_L,100,2e-04,1000,0.001,31,101.598792486989,0.001,2,TRUE,interior,640.049031261667,TRUE,-8.66109680143217e-06,2e-04,5.81318693808219,-2.49140693133147,0.227000000000004,0,-2.28672362887896,-2.30258509299405,-1.6094379124341,TRUE,3
100:31,AIW-N,selected_lambda_oracle_L,100,2e-04,1000,0.001,31,101.598792486989,0.001,2,TRUE,interior,640.049031261667,TRUE,-8.66109680143217e-06,2e-04,5.81318693808219,-2.49140693133147,0.227000000000004,0,-2.28672362887896,-2.30258509299405,-1.6094379124341,TRUE,3
100:31,collapsed-R,actual_selection,100,2e-04,1000,0.001,31,1e+06,0.002,0,TRUE,interior,638.538250764888,TRUE,-8.66109680143217e-06,2e-04,5.81318693808219,-2.49140693133147,0.38600000000001,0,6.90775527898214,-2.30258509299405,-1.6094379124341,TRUE,3
100:31,collapsed-R,oracle_lambda,100,2e-04,1000,0.001,31,126.927368150446,0.001,0,TRUE,interior,638.215875694089,TRUE,-8.66109680143217e-06,2e-04,5.81318693808219,-2.49140693133147,0.38600000000001,0,-2.0641402604504,-2.30258509299405,-1.6094379124341,TRUE,3
100:31,AIW-N,actual_selection,100,0.001,1000,0.001,31,291.96195391352,0.002,5,TRUE,interior,612.569523972553,TRUE,-8.66109680143217e-06,0.001,12.9986811594656,-5.57095525807133,0.253999999999998,0,-1.23113178001967,-2.30258509299405,0,TRUE,3
100:31,AIW-N,oracle_lambda_oracle_L,100,0.001,1000,0.001,31,149.322998090503,0.001,2,TRUE,interior,610.390465161278,TRUE,-8.66109680143217e-06,0.001,12.9986811594656,-5.57095525807133,0.253999999999998,0,-1.90164354684571,-2.30258509299405,0,TRUE,3
100:31,AIW-N,selected_lambda_oracle_L,100,0.001,1000,0.001,31,305.766930595728,0.002,2,TRUE,interior,612.241617012558,TRUE,-8.66109680143217e-06,0.001,12.9986811594656,-5.57095525807133,0.253999999999998,0,-1.18493213196355,-2.30258509299405,0,TRUE,3
100:31,collapsed-R,actual_selection,100,0.001,1000,0.001,31,270.367839351288,0.002,1,TRUE,interior,610.680907219047,TRUE,-8.66109680143217e-06,0.001,12.9986811594656,-5.57095525807133,1.033,0,-1.30797187919726,-2.30258509299405,0,TRUE,3
100:31,collapsed-R,oracle_lambda,100,0.001,1000,0.001,31,134.568410868733,0.001,1,TRUE,interior,609.08010854797,TRUE,-8.66109680143217e-06,0.001,12.9986811594656,-5.57095525807133,1.033,0,-2.00568257825485,-2.30258509299405,0,TRUE,3
100:31,AIW-N,actual_selection,100,0.005,1000,0.001,31,906.731864158163,0.008,5,TRUE,interior,563.179292576736,TRUE,-8.66109680143217e-06,0.005,29.0659346904109,-12.4570346566574,0.302999999999997,0,-0.0979085019475579,-2.30258509299405,1.6094379124341,TRUE,3
100:31,AIW-N,oracle_lambda_oracle_L,100,0.005,1000,0.001,31,189.41703159003,0.001,2,TRUE,interior,555.637652004397,TRUE,-8.66109680143217e-06,0.005,29.0659346904109,-12.4570346566574,0.302999999999997,0,-1.66380417835528,-2.30258509299405,1.6094379124341,TRUE,3
100:31,AIW-N,selected_lambda_oracle_L,100,0.005,1000,0.001,31,621.41101594613,0.006,2,TRUE,interior,561.785617067015,TRUE,-8.66109680143217e-06,0.005,29.0659346904109,-12.4570346566574,0.302999999999997,0,-0.475762554555395,-2.30258509299405,1.6094379124341,TRUE,3
100:31,collapsed-R,actual_selection,100,0.005,1000,0.001,31,630.771558741228,0.006,2,TRUE,interior,560.86231116856,TRUE,-8.66109680143217e-06,0.005,29.0659346904109,-12.4570346566574,2.574,0,-0.460811512510827,-2.30258509299405,1.6094379124341,TRUE,3
100:31,collapsed-R,oracle_lambda,100,0.005,1000,0.001,31,144.463149986166,0.001,1,TRUE,interior,552.214981280643,TRUE,-8.66109680143217e-06,0.005,29.0659346904109,-12.4570346566574,2.574,0,-1.93473082134889,-2.30258509299405,1.6094379124341,TRUE,3
100:32,AIW-N,actual_selection,100,2e-04,20,0.001,32,158.827778377825,0.01,5,TRUE,interior,573.06328425105,TRUE,-0.000269564294454751,2e-04,5.81328781841218,-2.49268814569676,0.321,-3.91202300542815,-1.83993481865451,-2.30258509299405,-1.6094379124341,TRUE,4
100:32,AIW-N,oracle_lambda_oracle_L,100,2e-04,20,0.001,32,9.75625479880539,0.001,2,TRUE,interior,548.610032149693,TRUE,-0.000269564294454751,2e-04,5.81328781841218,-2.49268814569676,0.321,-3.91202300542815,-4.62984668183079,-2.30258509299405,-1.6094379124341,TRUE,4
100:32,AIW-N,selected_lambda_oracle_L,100,2e-04,20,0.001,32,195.972629699687,0.01,2,TRUE,interior,572.90500677308,TRUE,-0.000269564294454751,2e-04,5.81328781841218,-2.49268814569676,0.321,-3.91202300542815,-1.62978027389216,-2.30258509299405,-1.6094379124341,TRUE,4
100:32,collapsed-R,actual_selection,100,2e-04,20,0.001,32,556.877353647176,0.01,1,TRUE,interior,572.09034916213,TRUE,-0.000269564294454751,2e-04,5.81328781841218,-2.49268814569676,0.304999999999999,-3.91202300542815,-0.58541025423908,-2.30258509299405,-1.6094379124341,TRUE,4
100:32,collapsed-R,oracle_lambda,100,2e-04,20,0.001,32,6.04096101095905,0.001,0,TRUE,interior,545.793324226901,TRUE,-0.000269564294454751,2e-04,5.81328781841218,-2.49268814569676,0.304999999999999,-3.91202300542815,-5.10919217191704,-2.30258509299405,-1.6094379124341,TRUE,4
100:32,AIW-N,actual_selection,100,0.001,20,0.001,32,30.8527929723923,0.01,1,TRUE,interior,491.116151047003,TRUE,-0.000269564294454751,0.001,12.9989067347411,-5.57382014048585,0.276,-3.91202300542815,-3.47852799877756,-2.30258509299405,0,TRUE,4
100:32,AIW-N,oracle_lambda_oracle_L,100,0.001,20,0.001,32,9.55912308927815,0.001,2,TRUE,interior,461.42481775701,TRUE,-0.000269564294454751,0.001,12.9989067347411,-5.57382014048585,0.276,-3.91202300542815,-4.65025928318897,-2.30258509299405,0,TRUE,4
100:32,AIW-N,selected_lambda_oracle_L,100,0.001,20,0.001,32,35.5617878919262,0.01,2,TRUE,interior,489.306149108062,TRUE,-0.000269564294454751,0.001,12.9989067347411,-5.57382014048585,0.276,-3.91202300542815,-3.33648359142469,-2.30258509299405,0,TRUE,4
100:32,collapsed-R,actual_selection,100,0.001,20,0.001,32,30.0588533299931,0.01,1,TRUE,interior,488.962623011169,TRUE,-0.000269564294454751,0.001,12.9989067347411,-5.57382014048585,0.841000000000001,-3.91202300542815,-3.50459804142637,-2.30258509299405,0,TRUE,4
100:32,collapsed-R,oracle_lambda,100,0.001,20,0.001,32,4.02107641777303,0.001,0,TRUE,interior,460.174242641582,TRUE,-0.000269564294454751,0.001,12.9989067347411,-5.57382014048585,0.841000000000001,-3.91202300542815,-5.51620564657884,-2.30258509299405,0,TRUE,4
100:32,AIW-N,actual_selection,100,0.005,20,0.001,32,26.5380462530997,0.01,1,TRUE,interior,406.615974037698,TRUE,-0.000269564294454751,0.005,29.0664390920609,-12.4634407284838,0.248,-3.91202300542815,-3.62917586796868,-2.30258509299405,1.6094379124341,TRUE,4
100:32,AIW-N,oracle_lambda_oracle_L,100,0.005,20,0.001,32,9.52991128798052,0.001,2,TRUE,interior,375.077347298425,TRUE,-0.000269564294454751,0.005,29.0664390920609,-12.4634407284838,0.248,-3.91202300542815,-4.65331987007074,-2.30258509299405,1.6094379124341,TRUE,4
100:32,AIW-N,selected_lambda_oracle_L,100,0.005,20,0.001,32,31.4335356335314,0.01,2,TRUE,interior,402.881935914191,TRUE,-0.000269564294454751,0.005,29.0664390920609,-12.4634407284838,0.248,-3.91202300542815,-3.45987994218219,-2.30258509299405,1.6094379124341,TRUE,4
100:32,collapsed-R,actual_selection,100,0.005,20,0.001,32,23.1225555579365,0.01,1,TRUE,interior,402.605569295184,TRUE,-0.000269564294454751,0.005,29.0664390920609,-12.4634407284838,1.544,-3.91202300542815,-3.76694670677363,-2.30258509299405,1.6094379124341,TRUE,4
100:32,collapsed-R,oracle_lambda,100,0.005,20,0.001,32,1.03616981130821,0.001,0,TRUE,interior,374.335100930927,TRUE,-0.000269564294454751,0.005,29.0664390920609,-12.4634407284838,1.544,-3.91202300542815,-6.87222423804755,-2.30258509299405,1.6094379124341,TRUE,4
100:32,AIW-N,actual_selection,100,2e-04,50,0.001,32,79.8935903452826,0.002,5,TRUE,interior,577.968808812145,TRUE,-6.45376883342411e-05,2e-04,5.81320854045701,-2.49168134237091,0.263999999999999,-2.99573227355399,-2.52705965038795,-2.30258509299405,-1.6094379124341,TRUE,4
100:32,AIW-N,oracle_lambda_oracle_L,100,2e-04,50,0.001,32,26.5259401504113,0.001,2,TRUE,interior,575.203827601297,TRUE,-6.45376883342411e-05,2e-04,5.81320854045701,-2.49168134237091,0.263999999999999,-2.99573227355399,-3.62963215117388,-2.30258509299405,-1.6094379124341,TRUE,4
100:32,AIW-N,selected_lambda_oracle_L,100,2e-04,50,0.001,32,37.6873825651395,0.002,2,TRUE,interior,575.713305511452,TRUE,-6.45376883342411e-05,2e-04,5.81320854045701,-2.49168134237091,0.263999999999999,-2.99573227355399,-3.27842992051579,-2.30258509299405,-1.6094379124341,TRUE,4
100:32,collapsed-R,actual_selection,100,2e-04,50,0.001,32,26.3783182608259,0.002,0,TRUE,interior,572.66033397543,TRUE,-6.45376883342411e-05,2e-04,5.81320854045701,-2.49168134237091,0.196000000000002,-2.99573227355399,-3.63521288426243,-2.30258509299405,-1.6094379124341,TRUE,4
100:32,collapsed-R,oracle_lambda,100,2e-04,50,0.001,32,16.7238547269847,0.001,0,TRUE,interior,572.189882297176,TRUE,-6.45376883342411e-05,2e-04,5.81320854045701,-2.49168134237091,0.196000000000002,-2.99573227355399,-4.09091915202491,-2.30258509299405,-1.6094379124341,TRUE,4
100:32,AIW-N,actual_selection,100,0.001,50,0.001,32,25.5286349674048,0.001,1,TRUE,interior,515.787568443167,TRUE,-6.45376883342411e-05,0.001,12.9987294638442,-5.57156885980928,0.398,-2.99573227355399,-3.66795451694493,-2.30258509299405,0,TRUE,4
100:32,AIW-N,oracle_lambda_oracle_L,100,0.001,50,0.001,32,31.7547806956623,0.001,2,TRUE,interior,513.732848900886,TRUE,-6.45376883342411e-05,0.001,12.9987294638442,-5.57156885980928,0.398,-2.99573227355399,-3.4497119918867,-2.30258509299405,0,TRUE,4
100:32,AIW-N,selected_lambda_oracle_L,100,0.001,50,0.001,32,31.7547806956623,0.001,2,TRUE,interior,513.732848900886,TRUE,-6.45376883342411e-05,0.001,12.9987294638442,-5.57156885980928,0.398,-2.99573227355399,-3.4497119918867,-2.30258509299405,0,TRUE,4
100:32,collapsed-R,actual_selection,100,0.001,50,0.001,32,24.4528330047902,0.001,1,TRUE,interior,513.502109936747,TRUE,-6.45376883342411e-05,0.001,12.9987294638442,-5.57156885980928,0.758999999999999,-2.99573227355399,-3.71100920045701,-2.30258509299405,0,TRUE,4
100:32,collapsed-R,oracle_lambda,100,0.001,50,0.001,32,24.4528330047902,0.001,1,TRUE,interior,513.502109936747,TRUE,-6.45376883342411e-05,0.001,12.9987294638442,-5.57156885980928,0.758999999999999,-2.99573227355399,-3.71100920045701,-2.30258509299405,0,TRUE,4
100:32,AIW-N,actual_selection,100,0.005,50,0.001,32,28.2702615822433,0.001,1,TRUE,interior,440.131680219348,TRUE,-6.45376883342411e-05,0.005,29.066042702285,-12.4584067118545,0.343,-2.99573227355399,-3.56594485432181,-2.30258509299405,1.6094379124341,TRUE,4
100:32,AIW-N,oracle_lambda_oracle_L,100,0.005,50,0.001,32,33.0108850496115,0.001,2,TRUE,interior,436.897165178155,TRUE,-6.45376883342411e-05,0.005,29.066042702285,-12.4584067118545,0.343,-2.99573227355399,-3.41091792191598,-2.30258509299405,1.6094379124341,TRUE,4
100:32,AIW-N,selected_lambda_oracle_L,100,0.005,50,0.001,32,33.0108850496115,0.001,2,TRUE,interior,436.897165178155,TRUE,-6.45376883342411e-05,0.005,29.066042702285,-12.4584067118545,0.343,-2.99573227355399,-3.41091792191598,-2.30258509299405,1.6094379124341,TRUE,4
100:32,collapsed-R,actual_selection,100,0.005,50,0.001,32,29.1975560473092,0.002,1,TRUE,interior,435.746279143079,TRUE,-6.45376883342411e-05,0.005,29.066042702285,-12.4584067118545,3.979,-2.99573227355399,-3.53367027022065,-2.30258509299405,1.6094379124341,TRUE,4
100:32,collapsed-R,oracle_lambda,100,0.005,50,0.001,32,4.84267939430323,0.001,0,TRUE,interior,430.318678869524,TRUE,-6.45376883342411e-05,0.005,29.066042702285,-12.4584067118545,3.979,-2.99573227355399,-5.33028711756585,-2.30258509299405,1.6094379124341,TRUE,4
100:32,AIW-N,actual_selection,100,2e-04,100,0.001,32,Inf,0.01,5,FALSE,normal_limit,577.243045665259,TRUE,8.59145975003004e-05,2e-04,5.81321680535352,2.49178632212541,0.234999999999999,-2.30258509299405,Inf,-2.30258509299405,-1.6094379124341,FALSE,4
100:32,AIW-N,oracle_lambda_oracle_L,100,2e-04,100,0.001,32,36.2046308345198,0.001,2,TRUE,interior,572.564351031756,TRUE,8.59145975003004e-05,2e-04,5.81321680535352,2.49178632212541,0.234999999999999,-2.30258509299405,-3.31856824472642,-2.30258509299405,-1.6094379124341,TRUE,4
100:32,AIW-N,selected_lambda_oracle_L,100,2e-04,100,0.001,32,184.397280865838,0.006,2,TRUE,interior,576.078283331813,TRUE,8.59145975003004e-05,2e-04,5.81321680535352,2.49178632212541,0.234999999999999,-2.30258509299405,-1.69066271381523,-2.30258509299405,-1.6094379124341,TRUE,4
100:32,collapsed-R,actual_selection,100,2e-04,100,0.001,32,155.296687536453,0.006,0,TRUE,interior,573.731825291688,TRUE,8.59145975003004e-05,2e-04,5.81321680535352,2.49178632212541,0.318999999999996,-2.30258509299405,-1.86241787850473,-2.30258509299405,-1.6094379124341,TRUE,4
100:32,collapsed-R,oracle_lambda,100,2e-04,100,0.001,32,24.7564973799992,0.001,0,TRUE,interior,570.492474475009,TRUE,8.59145975003004e-05,2e-04,5.81321680535352,2.49178632212541,0.318999999999996,-2.30258509299405,-3.69866730401588,-2.30258509299405,-1.6094379124341,TRUE,4
100:32,AIW-N,actual_selection,100,0.001,100,0.001,32,117.958829086289,0.01,2,TRUE,interior,520.666257714969,TRUE,8.59145975003004e-05,0.001,12.9987479447146,5.57180360167661,0.327999999999999,-2.30258509299405,-2.13741962144675,-2.30258509299405,0,TRUE,4
100:32,AIW-N,oracle_lambda_oracle_L,100,0.001,100,0.001,32,36.7842025597878,0.001,2,TRUE,interior,507.103756299344,TRUE,8.59145975003004e-05,0.001,12.9987479447146,5.57180360167661,0.327999999999999,-2.30258509299405,-3.30268680424018,-2.30258509299405,0,TRUE,4
100:32,AIW-N,selected_lambda_oracle_L,100,0.001,100,0.001,32,117.958829086289,0.01,2,TRUE,interior,520.666257714969,TRUE,8.59145975003004e-05,0.001,12.9987479447146,5.57180360167661,0.327999999999999,-2.30258509299405,-2.13741962144675,-2.30258509299405,0,TRUE,4
100:32,collapsed-R,actual_selection,100,0.001,100,0.001,32,111.662109454161,0.01,2,TRUE,interior,519.687021386947,TRUE,8.59145975003004e-05,0.001,12.9987479447146,5.57180360167661,0.975000000000001,-2.30258509299405,-2.19227784751623,-2.30258509299405,0,TRUE,4
100:32,collapsed-R,oracle_lambda,100,0.001,100,0.001,32,21.8851028188425,0.001,1,TRUE,interior,506.519533032725,TRUE,8.59145975003004e-05,0.001,12.9987479447146,5.57180360167661,0.975000000000001,-2.30258509299405,-3.82194911020809,-2.30258509299405,0,TRUE,4
100:32,AIW-N,actual_selection,100,0.005,100,0.001,32,98.2088844028964,0.01,2,TRUE,interior,444.7188111388,TRUE,8.59145975003004e-05,0.005,29.0660840267676,12.4589316106271,0.279,-2.30258509299405,-2.32065859517952,-2.30258509299405,1.6094379124341,TRUE,4
100:32,AIW-N,oracle_lambda_oracle_L,100,0.005,100,0.001,32,36.0255472395837,0.001,2,TRUE,interior,427.598181663992,TRUE,8.59145975003004e-05,0.005,29.0660840267676,12.4589316106271,0.279,-2.30258509299405,-3.32352694666137,-2.30258509299405,1.6094379124341,TRUE,4
100:32,AIW-N,selected_lambda_oracle_L,100,0.005,100,0.001,32,98.2088844028964,0.01,2,TRUE,interior,444.7188111388,TRUE,8.59145975003004e-05,0.005,29.0660840267676,12.4589316106271,0.279,-2.30258509299405,-2.32065859517952,-2.30258509299405,1.6094379124341,TRUE,4
100:32,collapsed-R,actual_selection,100,0.005,100,0.001,32,53.3321601530403,0.01,1,TRUE,interior,437.963159174766,TRUE,8.59145975003004e-05,0.005,29.0660840267676,12.4589316106271,3.882,-2.30258509299405,-2.93121574978885,-2.30258509299405,1.6094379124341,TRUE,4
100:32,collapsed-R,oracle_lambda,100,0.005,100,0.001,32,4.70425835123999,0.001,0,TRUE,interior,421.420490553354,TRUE,8.59145975003004e-05,0.005,29.0660840267676,12.4589316106271,3.882,-2.30258509299405,-5.35928714828681,-2.30258509299405,1.6094379124341,TRUE,4
100:32,AIW-N,actual_selection,100,2e-04,200,0.001,32,Inf,0.001,2,FALSE,normal_limit,604.469758257501,TRUE,1.6271120188021e-05,2e-04,5.81318988009468,2.49144430489905,0.25,-1.6094379124341,Inf,-2.30258509299405,-1.6094379124341,FALSE,4
100:32,AIW-N,oracle_lambda_oracle_L,100,2e-04,200,0.001,32,Inf,0.001,2,FALSE,normal_limit,604.469758257501,TRUE,1.6271120188021e-05,2e-04,5.81318988009468,2.49144430489905,0.25,-1.6094379124341,Inf,-2.30258509299405,-1.6094379124341,FALSE,4
100:32,AIW-N,selected_lambda_oracle_L,100,2e-04,200,0.001,32,Inf,0.001,2,FALSE,normal_limit,604.469758257501,TRUE,1.6271120188021e-05,2e-04,5.81318988009468,2.49144430489905,0.25,-1.6094379124341,Inf,-2.30258509299405,-1.6094379124341,FALSE,4
100:32,collapsed-R,actual_selection,100,2e-04,200,0.001,32,1e+06,0.001,1,TRUE,interior,602.241208850034,TRUE,1.6271120188021e-05,2e-04,5.81318988009468,2.49144430489905,2.913,-1.6094379124341,6.90775527898214,-2.30258509299405,-1.6094379124341,TRUE,4
100:32,collapsed-R,oracle_lambda,100,2e-04,200,0.001,32,1e+06,0.001,1,TRUE,interior,602.241208850034,TRUE,1.6271120188021e-05,2e-04,5.81318988009468,2.49144430489905,2.913,-1.6094379124341,6.90775527898214,-2.30258509299405,-1.6094379124341,TRUE,4
100:32,AIW-N,actual_selection,100,0.001,200,0.001,32,135.512725255774,0.001,4,TRUE,interior,554.171392861205,TRUE,1.6271120188021e-05,0.001,12.9986877380056,5.57103882790899,0.266000000000002,-1.6094379124341,-1.99868972974522,-2.30258509299405,0,TRUE,4
100:32,AIW-N,oracle_lambda_oracle_L,100,0.001,200,0.001,32,138.725411031524,0.001,2,TRUE,interior,553.503368346369,TRUE,1.6271120188021e-05,0.001,12.9986877380056,5.57103882790899,0.266000000000002,-1.6094379124341,-1.97525875985134,-2.30258509299405,0,TRUE,4
100:32,AIW-N,selected_lambda_oracle_L,100,0.001,200,0.001,32,138.725411031524,0.001,2,TRUE,interior,553.503368346369,TRUE,1.6271120188021e-05,0.001,12.9986877380056,5.57103882790899,0.266000000000002,-1.6094379124341,-1.97525875985134,-2.30258509299405,0,TRUE,4
100:32,collapsed-R,actual_selection,100,0.001,200,0.001,32,177.564140492885,0.002,2,TRUE,interior,552.02432769845,TRUE,1.6271120188021e-05,0.001,12.9986877380056,5.57103882790899,0.880999999999997,-1.6094379124341,-1.72842338045013,-2.30258509299405,0,TRUE,4
100:32,collapsed-R,oracle_lambda,100,0.001,200,0.001,32,93.3660235694246,0.001,1,TRUE,interior,550.33730489292,TRUE,1.6271120188021e-05,0.001,12.9986877380056,5.57103882790899,0.880999999999997,-1.6094379124341,-2.37122777327555,-2.30258509299405,0,TRUE,4
100:32,AIW-N,actual_selection,100,0.005,200,0.001,32,103.236243321084,0.001,2,TRUE,interior,480.17809648571,TRUE,1.6271120188021e-05,0.005,29.0659494004734,12.4572215244953,0.489999999999998,-1.6094379124341,-2.27073529261745,-2.30258509299405,1.6094379124341,TRUE,4
100:32,AIW-N,oracle_lambda_oracle_L,100,0.005,200,0.001,32,103.236243321084,0.001,2,TRUE,interior,480.17809648571,TRUE,1.6271120188021e-05,0.005,29.0659494004734,12.4572215244953,0.489999999999998,-1.6094379124341,-2.27073529261745,-2.30258509299405,1.6094379124341,TRUE,4
100:32,AIW-N,selected_lambda_oracle_L,100,0.005,200,0.001,32,103.236243321084,0.001,2,TRUE,interior,480.17809648571,TRUE,1.6271120188021e-05,0.005,29.0659494004734,12.4572215244953,0.489999999999998,-1.6094379124341,-2.27073529261745,-2.30258509299405,1.6094379124341,TRUE,4
100:32,collapsed-R,actual_selection,100,0.005,200,0.001,32,70.3584854207072,0.001,1,TRUE,interior,475.624559424663,TRUE,1.6271120188021e-05,0.005,29.0659494004734,12.4572215244953,3.637,-1.6094379124341,-2.65415188548564,-2.30258509299405,1.6094379124341,TRUE,4
100:32,collapsed-R,oracle_lambda,100,0.005,200,0.001,32,70.3584854207072,0.001,1,TRUE,interior,475.624559424663,TRUE,1.6271120188021e-05,0.005,29.0659494004734,12.4572215244953,3.637,-1.6094379124341,-2.65415188548564,-2.30258509299405,1.6094379124341,TRUE,4
100:32,AIW-N,actual_selection,100,2e-04,500,0.001,32,Inf,0.006,5,FALSE,normal_limit,587.745649851272,TRUE,0.000313852615947926,2e-04,5.81330494610635,2.49290561003292,0.256,-0.693147180559945,Inf,-2.30258509299405,-1.6094379124341,FALSE,4
100:32,AIW-N,oracle_lambda_oracle_L,100,2e-04,500,0.001,32,66.996337157819,0.001,2,TRUE,interior,581.226622423652,TRUE,0.000313852615947926,2e-04,5.81330494610635,2.49290561003292,0.256,-0.693147180559945,-2.70311733037187,-2.30258509299405,-1.6094379124341,TRUE,4
100:32,AIW-N,selected_lambda_oracle_L,100,2e-04,500,0.001,32,422.943200247077,0.004,2,TRUE,interior,584.497398231996,TRUE,0.000313852615947926,2e-04,5.81330494610635,2.49290561003292,0.256,-0.693147180559945,-0.860517387327712,-2.30258509299405,-1.6094379124341,TRUE,4
100:32,collapsed-R,actual_selection,100,2e-04,500,0.001,32,352.349705725371,0.004,1,TRUE,interior,581.831992467671,TRUE,0.000313852615947926,2e-04,5.81330494610635,2.49290561003292,1.47000000000001,-0.693147180559945,-1.04313111438649,-2.30258509299405,-1.6094379124341,TRUE,4
100:32,collapsed-R,oracle_lambda,100,2e-04,500,0.001,32,46.2611876068773,0.001,0,TRUE,interior,578.987093203129,TRUE,0.000313852615947926,2e-04,5.81330494610635,2.49290561003292,1.47000000000001,-0.693147180559945,-3.07345195007264,-2.30258509299405,-1.6094379124341,TRUE,4
100:32,AIW-N,actual_selection,100,0.001,500,0.001,32,418.207087361279,0.01,5,TRUE,interior,544.754399664054,TRUE,0.000313852615947926,0.001,12.9989450334296,5.5743064055242,0.308999999999998,-0.693147180559945,-0.871778544830206,-2.30258509299405,0,TRUE,4
100:32,AIW-N,oracle_lambda_oracle_L,100,0.001,500,0.001,32,61.7058342844072,0.001,2,TRUE,interior,532.548072909568,TRUE,0.000313852615947926,0.001,12.9989450334296,5.5743064055242,0.308999999999998,-0.693147180559945,-2.78537679363671,-2.30258509299405,0,TRUE,4
100:32,AIW-N,selected_lambda_oracle_L,100,0.001,500,0.001,32,212.728816226997,0.008,2,TRUE,interior,543.727488710345,TRUE,0.000313852615947926,0.001,12.9989450334296,5.5743064055242,0.308999999999998,-0.693147180559945,-1.54773708768715,-2.30258509299405,0,TRUE,4
100:32,collapsed-R,actual_selection,100,0.001,500,0.001,32,163.179589989751,0.008,1,TRUE,interior,543.193026224947,TRUE,0.000313852615947926,0.001,12.9989450334296,5.5743064055242,0.726000000000006,-0.693147180559945,-1.81290390561026,-2.30258509299405,0,TRUE,4
100:32,collapsed-R,oracle_lambda,100,0.001,500,0.001,32,49.3663592084135,0.001,1,TRUE,interior,533.755805949059,TRUE,0.000313852615947926,0.001,12.9989450334296,5.5743064055242,0.726000000000006,-0.693147180559945,-3.00848607444963,-2.30258509299405,0,TRUE,4
100:32,AIW-N,actual_selection,100,0.005,500,0.001,32,212.984091016942,0.01,2,TRUE,interior,484.292118475315,TRUE,0.000313852615947926,0.005,29.0665247305317,12.4645280501646,0.301000000000002,-0.693147180559945,-1.54653780612346,-2.30258509299405,1.6094379124341,TRUE,4
100:32,AIW-N,oracle_lambda_oracle_L,100,0.005,500,0.001,32,69.0654754572301,0.001,2,TRUE,interior,464.999355002962,TRUE,0.000313852615947926,0.005,29.0665247305317,12.4645280501646,0.301000000000002,-0.693147180559945,-2.67270030465453,-2.30258509299405,1.6094379124341,TRUE,4
100:32,AIW-N,selected_lambda_oracle_L,100,0.005,500,0.001,32,212.984091016942,0.01,2,TRUE,interior,484.292118475315,TRUE,0.000313852615947926,0.005,29.0665247305317,12.4645280501646,0.301000000000002,-0.693147180559945,-1.54653780612346,-2.30258509299405,1.6094379124341,TRUE,4
100:32,collapsed-R,actual_selection,100,0.005,500,0.001,32,137.571191345701,0.01,1,TRUE,interior,477.686956140736,TRUE,0.000313852615947926,0.005,29.0665247305317,12.4645280501646,3.025,-0.693147180559945,-1.98361374062305,-2.30258509299405,1.6094379124341,TRUE,4
100:32,collapsed-R,oracle_lambda,100,0.005,500,0.001,32,50.4976581161333,0.001,1,TRUE,interior,463.951834310192,TRUE,0.000313852615947926,0.005,29.0665247305317,12.4645280501646,3.025,-0.693147180559945,-2.98582831771408,-2.30258509299405,1.6094379124341,TRUE,4
100:32,AIW-N,actual_selection,100,2e-04,1000,0.001,32,257.267230540052,0.001,3,TRUE,interior,593.96636971215,TRUE,-0.000144599260478799,2e-04,5.81323949557819,-2.49207450875226,0.245000000000005,0,-1.35763992676349,-2.30258509299405,-1.6094379124341,TRUE,4
100:32,AIW-N,oracle_lambda_oracle_L,100,2e-04,1000,0.001,32,270.523256743161,0.001,2,TRUE,interior,593.78846045477,TRUE,-0.000144599260478799,2e-04,5.81323949557819,-2.49207450875226,0.245000000000005,0,-1.30739720752204,-2.30258509299405,-1.6094379124341,TRUE,4
100:32,AIW-N,selected_lambda_oracle_L,100,2e-04,1000,0.001,32,270.523256743161,0.001,2,TRUE,interior,593.78846045477,TRUE,-0.000144599260478799,2e-04,5.81323949557819,-2.49207450875226,0.245000000000005,0,-1.30739720752204,-2.30258509299405,-1.6094379124341,TRUE,4
100:32,collapsed-R,actual_selection,100,2e-04,1000,0.001,32,219.601624083408,0.001,1,TRUE,interior,591.220438733953,TRUE,-0.000144599260478799,2e-04,5.81323949557819,-2.49207450875226,1.877,0,-1.51594017373017,-2.30258509299405,-1.6094379124341,TRUE,4
100:32,collapsed-R,oracle_lambda,100,2e-04,1000,0.001,32,219.601624083408,0.001,1,TRUE,interior,591.220438733953,TRUE,-0.000144599260478799,2e-04,5.81323949557819,-2.49207450875226,1.877,0,-1.51594017373017,-2.30258509299405,-1.6094379124341,TRUE,4
100:32,AIW-N,actual_selection,100,0.001,1000,0.001,32,397.99357542212,0.001,5,TRUE,interior,576.24367875673,TRUE,-0.000144599260478799,0.001,12.9987986815994,-5.57244800656445,0.259999999999998,0,-0.921319415983463,-2.30258509299405,0,TRUE,4
100:32,AIW-N,oracle_lambda_oracle_L,100,0.001,1000,0.001,32,410.118654577128,0.001,2,TRUE,interior,575.991203213309,TRUE,-0.000144599260478799,0.001,12.9987986815994,-5.57244800656445,0.259999999999998,0,-0.891308759744664,-2.30258509299405,0,TRUE,4
100:32,AIW-N,selected_lambda_oracle_L,100,0.001,1000,0.001,32,410.118654577128,0.001,2,TRUE,interior,575.991203213309,TRUE,-0.000144599260478799,0.001,12.9987986815994,-5.57244800656445,0.259999999999998,0,-0.891308759744664,-2.30258509299405,0,TRUE,4
100:32,collapsed-R,actual_selection,100,0.001,1000,0.001,32,654.575016490277,0.002,2,TRUE,interior,574.954387636902,TRUE,-0.000144599260478799,0.001,12.9987986815994,-5.57244800656445,1.148,0,-0.42376908371386,-2.30258509299405,0,TRUE,4
100:32,collapsed-R,oracle_lambda,100,0.001,1000,0.001,32,274.158378229875,0.001,1,TRUE,interior,572.767063957673,TRUE,-0.000144599260478799,0.001,12.9987986815994,-5.57244800656445,1.148,0,-1.29404931684809,-2.30258509299405,0,TRUE,4
100:32,AIW-N,actual_selection,100,0.005,1000,0.001,32,494.082574872695,0.001,2,TRUE,interior,540.67060121939,TRUE,-0.000144599260478799,0.005,29.0661974778909,-12.4603725437613,0.262999999999998,0,-0.705052620150415,-2.30258509299405,1.6094379124341,TRUE,4
100:32,AIW-N,oracle_lambda_oracle_L,100,0.005,1000,0.001,32,494.082574872695,0.001,2,TRUE,interior,540.67060121939,TRUE,-0.000144599260478799,0.005,29.0661974778909,-12.4603725437613,0.262999999999998,0,-0.705052620150415,-2.30258509299405,1.6094379124341,TRUE,4
100:32,AIW-N,selected_lambda_oracle_L,100,0.005,1000,0.001,32,494.082574872695,0.001,2,TRUE,interior,540.67060121939,TRUE,-0.000144599260478799,0.005,29.0661974778909,-12.4603725437613,0.262999999999998,0,-0.705052620150415,-2.30258509299405,1.6094379124341,TRUE,4
100:32,collapsed-R,actual_selection,100,0.005,1000,0.001,32,766.350327980908,0.004,2,TRUE,interior,537.125830067181,TRUE,-0.000144599260478799,0.005,29.0661974778909,-12.4603725437613,2.545,0,-0.266115866559354,-2.30258509299405,1.6094379124341,TRUE,4
100:32,collapsed-R,oracle_lambda,100,0.005,1000,0.001,32,280.184600249346,0.001,1,TRUE,interior,529.272685022219,TRUE,-0.000144599260478799,0.005,29.0661974778909,-12.4603725437613,2.545,0,-1.27230660644202,-2.30258509299405,1.6094379124341,TRUE,4
2000:31,AIW-N,actual_selection,2000,2e-04,20,0.001,31,22.1916066484266,0.008,1,TRUE,interior,11786.0522948051,TRUE,-2.61696932492433e-05,2e-04,5.81319370689548,-2.49149291747758,6.616,-3.91202300542815,-3.80804114049345,0.693147180559945,-1.6094379124341,TRUE,5
2000:31,AIW-N,oracle_lambda_oracle_L,2000,2e-04,20,0.001,31,6.81154413269958,0.001,2,TRUE,interior,11575.3942473446,TRUE,-2.61696932492433e-05,2e-04,5.81319370689548,-2.49149291747758,6.616,-3.91202300542815,-4.98913643963365,0.693147180559945,-1.6094379124341,TRUE,5
2000:31,AIW-N,selected_lambda_oracle_L,2000,2e-04,20,0.001,31,35.9691266105106,0.008,2,TRUE,interior,11785.1445410382,TRUE,-2.61696932492433e-05,2e-04,5.81319370689548,-2.49149291747758,6.616,-3.91202300542815,-3.32509430262276,0.693147180559945,-1.6094379124341,TRUE,5
2000:31,collapsed-R,actual_selection,2000,2e-04,20,0.001,31,23.9240100989674,0.008,0,TRUE,interior,11782.5700379612,TRUE,-2.61696932492433e-05,2e-04,5.81319370689548,-2.49149291747758,1.017,-3.91202300542815,-3.73287271767287,0.693147180559945,-1.6094379124341,TRUE,5
2000:31,collapsed-R,oracle_lambda,2000,2e-04,20,0.001,31,1.19447813823227,0.001,0,TRUE,interior,11576.1219727826,TRUE,-2.61696932492433e-05,2e-04,5.81319370689548,-2.49149291747758,1.017,-3.91202300542815,-6.73004589338995,0.693147180559945,-1.6094379124341,TRUE,5
2000:31,AIW-N,actual_selection,2000,0.001,20,0.001,31,24.6780758490071,0.008,1,TRUE,interior,10656.1359059652,TRUE,-2.61696932492433e-05,0.001,12.9986962949923,-5.57114752893913,7.016,-3.91202300542815,-3.70184004696294,0.693147180559945,0,TRUE,5
2000:31,AIW-N,oracle_lambda_oracle_L,2000,0.001,20,0.001,31,8.14302605093223,0.001,2,TRUE,interior,10398.8818361177,TRUE,-2.61696932492433e-05,0.001,12.9986962949923,-5.57114752893913,7.016,-3.91202300542815,-4.8105934173211,0.693147180559945,0,TRUE,5
2000:31,AIW-N,selected_lambda_oracle_L,2000,0.001,20,0.001,31,33.8876605866062,0.008,2,TRUE,interior,10651.2515552996,TRUE,-2.61696932492433e-05,0.001,12.9986962949923,-5.57114752893913,7.016,-3.91202300542815,-3.3847043253532,0.693147180559945,0,TRUE,5
2000:31,collapsed-R,actual_selection,2000,0.001,20,0.001,31,17.2111632790772,0.008,1,TRUE,interior,10649.6251120096,TRUE,-2.61696932492433e-05,0.001,12.9986962949923,-5.57114752893913,1.089,-3.91202300542815,-4.06219707783689,0.693147180559945,0,TRUE,5
2000:31,collapsed-R,oracle_lambda,2000,0.001,20,0.001,31,1,0.001,0,TRUE,interior,10402.9961999794,TRUE,-2.61696932492433e-05,0.001,12.9986962949923,-5.57114752893913,1.089,-3.91202300542815,-6.90775527898214,0.693147180559945,0,TRUE,5
2000:31,AIW-N,actual_selection,2000,0.005,20,0.001,31,29.7261376047449,0.01,1,TRUE,interior,9206.13063207965,TRUE,-2.61696932492433e-05,0.005,29.0659685344774,-12.4574645873879,6.19,-3.91202300542815,-3.51572856616217,0.693147180559945,1.6094379124341,TRUE,5
2000:31,AIW-N,oracle_lambda_oracle_L,2000,0.005,20,0.001,31,9.00618191000572,0.001,2,TRUE,interior,8930.272229798,TRUE,-2.61696932492433e-05,0.005,29.0659685344774,-12.4574645873879,6.19,-3.91202300542815,-4.70984405854973,0.693147180559945,1.6094379124341,TRUE,5
2000:31,AIW-N,selected_lambda_oracle_L,2000,0.005,20,0.001,31,40.4839127323265,0.01,2,TRUE,interior,9201.95627427205,TRUE,-2.61696932492433e-05,0.005,29.0659685344774,-12.4574645873879,6.19,-3.91202300542815,-3.20685060026677,0.693147180559945,1.6094379124341,TRUE,5
2000:31,collapsed-R,actual_selection,2000,0.005,20,0.001,31,3.29778527164571,0.008,0,TRUE,interior,9194.96607250559,TRUE,-2.61696932492433e-05,0.005,29.0659685344774,-12.4574645873879,1.26099999999999,-3.91202300542815,-5.71450416562245,0.693147180559945,1.6094379124341,TRUE,5
2000:31,collapsed-R,oracle_lambda,2000,0.005,20,0.001,31,1,0.001,0,TRUE,interior,8934.27766628875,TRUE,-2.61696932492433e-05,0.005,29.0659685344774,-12.4574645873879,1.26099999999999,-3.91202300542815,-6.90775527898214,0.693147180559945,1.6094379124341,TRUE,5
2000:31,AIW-N,actual_selection,2000,2e-04,50,0.001,31,145.831084913899,0.004,5,TRUE,interior,12621.4188556911,TRUE,-9.91924901935e-06,2e-04,5.81318742447818,-2.49141311025272,7.022,-2.99573227355399,-1.9253062797047,0.693147180559945,-1.6094379124341,TRUE,5
2000:31,AIW-N,oracle_lambda_oracle_L,2000,2e-04,50,0.001,31,21.8581453719616,0.001,2,TRUE,interior,12503.9722483618,TRUE,-9.91924901935e-06,2e-04,5.81318742447818,-2.49141311025272,7.022,-2.99573227355399,-3.82318164100581,0.693147180559945,-1.6094379124341,TRUE,5
2000:31,AIW-N,selected_lambda_oracle_L,2000,2e-04,50,0.001,31,89.2701547247411,0.004,2,TRUE,interior,12614.1150519689,TRUE,-9.91924901935e-06,2e-04,5.81318742447818,-2.49141311025272,7.022,-2.99573227355399,-2.41608806057022,0.693147180559945,-1.6094379124341,TRUE,5
2000:31,collapsed-R,actual_selection,2000,2e-04,50,0.001,31,68.7284812158524,0.004,1,TRUE,interior,12610.5165656246,TRUE,-9.91924901935e-06,2e-04,5.81318742447818,-2.49141311025272,0.943999999999996,-2.99573227355399,-2.67759159192703,0.693147180559945,-1.6094379124341,TRUE,5
2000:31,collapsed-R,oracle_lambda,2000,2e-04,50,0.001,31,8.10486351064523,0.001,0,TRUE,interior,12502.2219005681,TRUE,-9.91924901935e-06,2e-04,5.81318742447818,-2.49141311025272,0.943999999999996,-2.99573227355399,-4.81529096407877,0.693147180559945,-1.6094379124341,TRUE,5
2000:31,AIW-N,actual_selection,2000,0.001,50,0.001,31,51.7262123734164,0.004,1,TRUE,interior,11618.1765919034,TRUE,-9.91924901935e-06,0.001,12.9986822470801,-5.57096907455925,6.84,-2.99573227355399,-2.96179061679648,0.693147180559945,0,TRUE,5
2000:31,AIW-N,oracle_lambda_oracle_L,2000,0.001,50,0.001,31,25.069872338549,0.001,2,TRUE,interior,11496.8246781916,TRUE,-9.91924901935e-06,0.001,12.9986822470801,-5.57096907455925,6.84,-2.99573227355399,-3.68608845902478,0.693147180559945,0,TRUE,5
2000:31,AIW-N,selected_lambda_oracle_L,2000,0.001,50,0.001,31,64.6722456587376,0.004,2,TRUE,interior,11614.561213355,TRUE,-9.91924901935e-06,0.001,12.9986822470801,-5.57096907455925,6.84,-2.99573227355399,-2.73842313923496,0.693147180559945,0,TRUE,5
2000:31,collapsed-R,actual_selection,2000,0.001,50,0.001,31,42.8552951545116,0.004,1,TRUE,interior,11611.9480842102,TRUE,-9.91924901935e-06,0.001,12.9986822470801,-5.57096907455925,1.47399999999999,-2.99573227355399,-3.14992606737204,0.693147180559945,0,TRUE,5
2000:31,collapsed-R,oracle_lambda,2000,0.001,50,0.001,31,12.5814861523741,0.001,0,TRUE,interior,11495.7653513107,TRUE,-9.91924901935e-06,0.001,12.9986822470801,-5.57096907455925,1.47399999999999,-2.99573227355399,-4.3755288985686,0.693147180559945,0,TRUE,5
2000:31,AIW-N,actual_selection,2000,0.005,50,0.001,31,48.5552725302781,0.004,1,TRUE,interior,10177.1259482471,TRUE,-9.91924901935e-06,0.005,29.0659371223909,-12.4570655512636,6.179,-2.99573227355399,-3.02505249013563,0.693147180559945,1.6094379124341,TRUE,5
2000:31,AIW-N,oracle_lambda_oracle_L,2000,0.005,50,0.001,31,24.7708825192705,0.001,2,TRUE,interior,10052.2038671575,TRUE,-9.91924901935e-06,0.005,29.0659371223909,-12.4570655512636,6.179,-2.99573227355399,-3.69808640756204,0.693147180559945,1.6094379124341,TRUE,5
2000:31,AIW-N,selected_lambda_oracle_L,2000,0.005,50,0.001,31,56.9675916747142,0.004,2,TRUE,interior,10172.6201529546,TRUE,-9.91924901935e-06,0.005,29.0659371223909,-12.4570655512636,6.179,-2.99573227355399,-2.86527273995344,0.693147180559945,1.6094379124341,TRUE,5
2000:31,collapsed-R,actual_selection,2000,0.005,50,0.001,31,7.51873065397505,0.004,0,TRUE,interior,10158.1109542703,TRUE,-9.91924901935e-06,0.005,29.0659371223909,-12.4570655512636,1.281,-2.99573227355399,-4.890357951282,0.693147180559945,1.6094379124341,TRUE,5
2000:31,collapsed-R,oracle_lambda,2000,0.005,50,0.001,31,1.56284389694999,0.001,0,TRUE,interior,10049.8373799948,TRUE,-9.91924901935e-06,0.005,29.0659371223909,-12.4570655512636,1.281,-2.99573227355399,-6.46124810652287,0.693147180559945,1.6094379124341,TRUE,5
2000:31,AIW-N,actual_selection,2000,2e-04,100,0.001,31,42.5645195028726,0.002,1,TRUE,interior,13054.7615068722,TRUE,1.85623000308303e-05,2e-04,5.81319076586349,2.49145555707024,4.927,-2.30258509299405,-3.15673424825975,0.693147180559945,-1.6094379124341,TRUE,5
2000:31,AIW-N,oracle_lambda_oracle_L,2000,2e-04,100,0.001,31,28.4521064784077,0.001,2,TRUE,interior,13009.7251467741,TRUE,1.85623000308303e-05,2e-04,5.81319076586349,2.49145555707024,4.927,-2.30258509299405,-3.55953307973042,0.693147180559945,-1.6094379124341,TRUE,5
2000:31,AIW-N,selected_lambda_oracle_L,2000,2e-04,100,0.001,31,65.7051104976945,0.002,2,TRUE,interior,13053.4638463669,TRUE,1.85623000308303e-05,2e-04,5.81319076586349,2.49145555707024,4.927,-2.30258509299405,-2.72257857116366,0.693147180559945,-1.6094379124341,TRUE,5
2000:31,collapsed-R,actual_selection,2000,2e-04,100,0.001,31,42.004030802383,0.002,0,TRUE,interior,13051.1212433375,TRUE,1.85623000308303e-05,2e-04,5.81319076586349,2.49145555707024,0.832000000000008,-2.30258509299405,-3.16998969381843,0.693147180559945,-1.6094379124341,TRUE,5
2000:31,collapsed-R,oracle_lambda,2000,2e-04,100,0.001,31,12.646008651028,0.001,0,TRUE,interior,13008.3335583213,TRUE,1.85623000308303e-05,2e-04,5.81319076586349,2.49145555707024,0.832000000000008,-2.30258509299405,-4.3704136352539,0.693147180559945,-1.6094379124341,TRUE,5
2000:31,AIW-N,actual_selection,2000,0.001,100,0.001,31,71.5153894970134,0.004,1,TRUE,interior,12024.3525799929,TRUE,1.85623000308303e-05,0.001,12.9986897186448,5.57106398852867,6.696,-2.30258509299405,-2.63784261472202,0.693147180559945,0,TRUE,5
2000:31,AIW-N,oracle_lambda_oracle_L,2000,0.001,100,0.001,31,30.4553095670138,0.001,2,TRUE,interior,11914.373891696,TRUE,1.85623000308303e-05,0.001,12.9986897186448,5.57106398852867,6.696,-2.30258509299405,-3.49149493001004,0.693147180559945,0,TRUE,5
2000:31,AIW-N,selected_lambda_oracle_L,2000,0.001,100,0.001,31,85.6863350419598,0.004,2,TRUE,interior,12021.9889574001,TRUE,1.85623000308303e-05,0.001,12.9986897186448,5.57106398852867,6.696,-2.30258509299405,-2.45706191717773,0.693147180559945,0,TRUE,5
2000:31,collapsed-R,actual_selection,2000,0.001,100,0.001,31,65.6388948546106,0.004,1,TRUE,interior,12020.0404354018,TRUE,1.85623000308303e-05,0.001,12.9986897186448,5.57106398852867,1.29199999999999,-2.30258509299405,-2.72358684936434,0.693147180559945,0,TRUE,5
2000:31,collapsed-R,oracle_lambda,2000,0.001,100,0.001,31,18.0410427915173,0.001,1,TRUE,interior,11912.6923735657,TRUE,1.85623000308303e-05,0.001,12.9986897186448,5.57106398852867,1.29199999999999,-2.30258509299405,-4.01510596161044,0.693147180559945,0,TRUE,5
2000:31,AIW-N,actual_selection,2000,0.005,100,0.001,31,64.629714808967,0.004,1,TRUE,interior,10542.6671485942,TRUE,1.85623000308303e-05,0.005,29.0659538293174,12.4572777853512,6.14800000000001,-2.30258509299405,-2.73908099238971,0.693147180559945,1.6094379124341,TRUE,5
2000:31,AIW-N,oracle_lambda_oracle_L,2000,0.005,100,0.001,31,31.8250437390474,0.001,2,TRUE,interior,10390.6052432967,TRUE,1.85623000308303e-05,0.005,29.0659538293174,12.4572777853512,6.14800000000001,-2.30258509299405,-3.44750176017834,0.693147180559945,1.6094379124341,TRUE,5
2000:31,AIW-N,selected_lambda_oracle_L,2000,0.005,100,0.001,31,76.4836666969631,0.004,2,TRUE,interior,10539.7177239566,TRUE,1.85623000308303e-05,0.005,29.0659538293174,12.4572777853512,6.14800000000001,-2.30258509299405,-2.5706780681748,0.693147180559945,1.6094379124341,TRUE,5
2000:31,collapsed-R,actual_selection,2000,0.005,100,0.001,31,15.6350165719315,0.004,0,TRUE,interior,10519.7387330104,TRUE,1.85623000308303e-05,0.005,29.0659538293174,12.4572777853512,2.37100000000002,-2.30258509299405,-4.15824222814763,0.693147180559945,1.6094379124341,TRUE,5
2000:31,collapsed-R,oracle_lambda,2000,0.005,100,0.001,31,4.04248744182737,0.001,0,TRUE,interior,10385.19156339,TRUE,1.85623000308303e-05,0.005,29.0659538293174,12.4572777853512,2.37100000000002,-2.30258509299405,-5.51089507305405,0.693147180559945,1.6094379124341,TRUE,5
2000:31,AIW-N,actual_selection,2000,2e-04,200,0.001,31,524.815350962471,0.002,5,TRUE,interior,13357.88056563,TRUE,7.9955934494641e-06,2e-04,5.81318668080189,2.49140366297067,5.473,-1.6094379124341,-0.64470879070828,0.693147180559945,-1.6094379124341,TRUE,5
2000:31,AIW-N,oracle_lambda_oracle_L,2000,2e-04,200,0.001,31,65.5598015684146,0.001,2,TRUE,interior,13350.8012162253,TRUE,7.9955934494641e-06,2e-04,5.81318668080189,2.49140366297067,5.473,-1.6094379124341,-2.72479255182838,0.693147180559945,-1.6094379124341,TRUE,5
2000:31,AIW-N,selected_lambda_oracle_L,2000,2e-04,200,0.001,31,65.5598015684146,0.001,2,TRUE,interior,13350.8012162253,TRUE,7.9955934494641e-06,2e-04,5.81318668080189,2.49140366297067,5.473,-1.6094379124341,-2.72479255182838,0.693147180559945,-1.6094379124341,TRUE,5
2000:31,collapsed-R,actual_selection,2000,2e-04,200,0.001,31,44.1790074784573,0.001,0,TRUE,interior,13345.8659118488,TRUE,7.9955934494641e-06,2e-04,5.81318668080189,2.49140366297067,0.853999999999971,-1.6094379124341,-3.11950554664638,0.693147180559945,-1.6094379124341,TRUE,5
2000:31,collapsed-R,oracle_lambda,2000,2e-04,200,0.001,31,44.1790074784573,0.001,0,TRUE,interior,13345.8659118488,TRUE,7.9955934494641e-06,2e-04,5.81318668080189,2.49140366297067,0.853999999999971,-1.6094379124341,-3.11950554664638,0.693147180559945,-1.6094379124341,TRUE,5
2000:31,AIW-N,actual_selection,2000,0.001,200,0.001,31,191.87536350883,0.002,5,TRUE,interior,12724.0123160103,TRUE,7.9955934494641e-06,0.001,12.9986805841694,5.57094794979439,7.75400000000001,-1.6094379124341,-1.65090926613391,0.693147180559945,0,TRUE,5
2000:31,AIW-N,oracle_lambda_oracle_L,2000,0.001,200,0.001,31,85.4463027289898,0.001,2,TRUE,interior,12698.5465872758,TRUE,7.9955934494641e-06,0.001,12.9986805841694,5.57094794979439,7.75400000000001,-1.6094379124341,-2.45986713859549,0.693147180559945,0,TRUE,5
2000:31,AIW-N,selected_lambda_oracle_L,2000,0.001,200,0.001,31,153.142925632035,0.002,2,TRUE,interior,12721.6175367405,TRUE,7.9955934494641e-06,0.001,12.9986805841694,5.57094794979439,7.75400000000001,-1.6094379124341,-1.87638363918269,0.693147180559945,0,TRUE,5
2000:31,collapsed-R,actual_selection,2000,0.001,200,0.001,31,132.358329037259,0.002,1,TRUE,interior,12719.6051070997,TRUE,7.9955934494641e-06,0.001,12.9986805841694,5.57094794979439,1.43600000000004,-1.6094379124341,-2.02224242038693,0.693147180559945,0,TRUE,5
2000:31,collapsed-R,oracle_lambda,2000,0.001,200,0.001,31,66.8781707904388,0.001,1,TRUE,interior,12695.7406026061,TRUE,7.9955934494641e-06,0.001,12.9986805841694,5.57094794979439,1.43600000000004,-1.6094379124341,-2.70488266120116,0.693147180559945,0,TRUE,5
2000:31,AIW-N,actual_selection,2000,0.005,200,0.001,31,117.909272994666,0.002,1,TRUE,interior,11422.1426051326,TRUE,7.9955934494641e-06,0.005,29.0659334040095,12.4570183148533,6.503,-1.6094379124341,-2.13783982317742,0.693147180559945,1.6094379124341,TRUE,5
2000:31,AIW-N,oracle_lambda_oracle_L,2000,0.005,200,0.001,31,92.8252570321082,0.001,2,TRUE,interior,11378.2874849657,TRUE,7.9955934494641e-06,0.005,29.0659334040095,12.4570183148533,6.503,-1.6094379124341,-2.37703650992624,0.693147180559945,1.6094379124341,TRUE,5
2000:31,AIW-N,selected_lambda_oracle_L,2000,0.005,200,0.001,31,140.326996656075,0.002,2,TRUE,interior,11421.7730041288,TRUE,7.9955934494641e-06,0.005,29.0659334040095,12.4570183148533,6.503,-1.6094379124341,-1.96377988945713,0.693147180559945,1.6094379124341,TRUE,5
2000:31,collapsed-R,actual_selection,2000,0.005,200,0.001,31,98.416405451824,0.002,1,TRUE,interior,11411.7311730768,TRUE,7.9955934494641e-06,0.005,29.0659334040095,12.4570183148533,3.855,-1.6094379124341,-2.31854776674913,0.693147180559945,1.6094379124341,TRUE,5
2000:31,collapsed-R,oracle_lambda,2000,0.005,200,0.001,31,19.6495026688009,0.001,0,TRUE,interior,11354.548132253,TRUE,7.9955934494641e-06,0.005,29.0659334040095,12.4570183148533,3.855,-1.6094379124341,-3.92970325046294,0.693147180559945,1.6094379124341,TRUE,5
2000:31,AIW-N,actual_selection,2000,2e-04,500,0.001,31,177.589136772694,0.001,4,TRUE,interior,13429.6448134339,TRUE,-1.1204897000876e-05,2e-04,5.8131879215047,-2.49141942420334,5.741,-0.693147180559945,-1.72828261711525,0.693147180559945,-1.6094379124341,TRUE,5
2000:31,AIW-N,oracle_lambda_oracle_L,2000,2e-04,500,0.001,31,140.223640076023,0.001,2,TRUE,interior,13426.1189153551,TRUE,-1.1204897000876e-05,2e-04,5.8131879215047,-2.49141942420334,5.741,-0.693147180559945,-1.96451670179113,0.693147180559945,-1.6094379124341,TRUE,5
2000:31,AIW-N,selected_lambda_oracle_L,2000,2e-04,500,0.001,31,140.223640076023,0.001,2,TRUE,interior,13426.1189153551,TRUE,-1.1204897000876e-05,2e-04,5.8131879215047,-2.49141942420334,5.741,-0.693147180559945,-1.96451670179113,0.693147180559945,-1.6094379124341,TRUE,5
2000:31,collapsed-R,actual_selection,2000,2e-04,500,0.001,31,119.939529883157,0.001,1,TRUE,interior,13421.3884196095,TRUE,-1.1204897000876e-05,2e-04,5.8131879215047,-2.49141942420334,1.03000000000002,-0.693147180559945,-2.12076758084961,0.693147180559945,-1.6094379124341,TRUE,5
2000:31,collapsed-R,oracle_lambda,2000,2e-04,500,0.001,31,119.939529883157,0.001,1,TRUE,interior,13421.3884196095,TRUE,-1.1204897000876e-05,2e-04,5.8131879215047,-2.49141942420334,1.03000000000002,-0.693147180559945,-2.12076758084961,0.693147180559945,-1.6094379124341,TRUE,5
2000:31,AIW-N,actual_selection,2000,0.001,500,0.001,31,445.374918167796,0.002,5,TRUE,interior,13016.3351226759,TRUE,-1.1204897000876e-05,0.001,12.9986833584652,-5.57098319298205,6.47,-0.693147180559945,-0.808838838793912,0.693147180559945,0,TRUE,5
2000:31,AIW-N,oracle_lambda_oracle_L,2000,0.001,500,0.001,31,182.830449842337,0.001,2,TRUE,interior,13003.6532273254,TRUE,-1.1204897000876e-05,0.001,12.9986833584652,-5.57098319298205,6.47,-0.693147180559945,-1.69919605920425,0.693147180559945,0,TRUE,5
2000:31,AIW-N,selected_lambda_oracle_L,2000,0.001,500,0.001,31,379.137784179392,0.002,2,TRUE,interior,13011.2920174521,TRUE,-1.1204897000876e-05,0.001,12.9986833584652,-5.57098319298205,6.47,-0.693147180559945,-0.969855593319309,0.693147180559945,0,TRUE,5
2000:31,collapsed-R,actual_selection,2000,0.001,500,0.001,31,350.886905766365,0.002,1,TRUE,interior,13008.0429848689,TRUE,-1.1204897000876e-05,0.001,12.9986833584652,-5.57098319298205,2.20000000000002,-0.693147180559945,-1.04729131322954,0.693147180559945,0,TRUE,5
2000:31,collapsed-R,oracle_lambda,2000,0.001,500,0.001,31,165.311378891379,0.001,1,TRUE,interior,13000.7109111344,TRUE,-1.1204897000876e-05,0.001,12.9986833584652,-5.57098319298205,2.20000000000002,-0.693147180559945,-1.79992443870599,0.693147180559945,0,TRUE,5
2000:31,AIW-N,actual_selection,2000,0.005,500,0.001,31,320.258111095733,0.002,2,TRUE,interior,12035.3142891139,TRUE,-1.1204897000876e-05,0.005,29.0659396075235,-12.4570971210167,6.11599999999999,-0.693147180559945,-1.13862801113888,0.693147180559945,1.6094379124341,TRUE,5
2000:31,AIW-N,oracle_lambda_oracle_L,2000,0.005,500,0.001,31,203.073146793592,0.001,2,TRUE,interior,11996.4662322817,TRUE,-1.1204897000876e-05,0.005,29.0659396075235,-12.4570971210167,6.11599999999999,-0.693147180559945,-1.59418903581079,0.693147180559945,1.6094379124341,TRUE,5
2000:31,AIW-N,selected_lambda_oracle_L,2000,0.005,500,0.001,31,320.258111095733,0.002,2,TRUE,interior,12035.3142891139,TRUE,-1.1204897000876e-05,0.005,29.0659396075235,-12.4570971210167,6.11599999999999,-0.693147180559945,-1.13862801113888,0.693147180559945,1.6094379124341,TRUE,5
2000:31,collapsed-R,actual_selection,2000,0.005,500,0.001,31,276.211505488868,0.002,1,TRUE,interior,12028.8950671996,TRUE,-1.1204897000876e-05,0.005,29.0659396075235,-12.4570971210167,3.92500000000001,-0.693147180559945,-1.28658838250645,0.693147180559945,1.6094379124341,TRUE,5
2000:31,collapsed-R,oracle_lambda,2000,0.005,500,0.001,31,168.511380204822,0.001,1,TRUE,interior,11991.105590032,TRUE,-1.1204897000876e-05,0.005,29.0659396075235,-12.4570971210167,3.92500000000001,-0.693147180559945,-1.78075199316278,0.693147180559945,1.6094379124341,TRUE,5
2000:31,AIW-N,actual_selection,2000,2e-04,1000,0.001,31,298.408263295064,0.001,5,TRUE,interior,13536.3364922858,TRUE,9.43778504014992e-06,2e-04,5.81318723834628,2.49141074573179,6.33800000000002,0,-1.20929271902836,0.693147180559945,-1.6094379124341,TRUE,5
2000:31,AIW-N,oracle_lambda_oracle_L,2000,2e-04,1000,0.001,31,162.883485172051,0.001,2,TRUE,interior,13527.0638327556,TRUE,9.43778504014992e-06,2e-04,5.81318723834628,2.49141074573179,6.33800000000002,0,-1.81472014867275,0.693147180559945,-1.6094379124341,TRUE,5
2000:31,AIW-N,selected_lambda_oracle_L,2000,2e-04,1000,0.001,31,162.883485172051,0.001,2,TRUE,interior,13527.0638327556,TRUE,9.43778504014992e-06,2e-04,5.81318723834628,2.49141074573179,6.33800000000002,0,-1.81472014867275,0.693147180559945,-1.6094379124341,TRUE,5
2000:31,collapsed-R,actual_selection,2000,2e-04,1000,0.001,31,141.280263997372,0.001,0,TRUE,interior,13523.1967628265,TRUE,9.43778504014992e-06,2e-04,5.81318723834628,2.49141074573179,1.10599999999999,0,-1.95700967351716,0.693147180559945,-1.6094379124341,TRUE,5
2000:31,collapsed-R,oracle_lambda,2000,2e-04,1000,0.001,31,141.280263997372,0.001,0,TRUE,interior,13523.1967628265,TRUE,9.43778504014992e-06,2e-04,5.81318723834628,2.49141074573179,1.10599999999999,0,-1.95700967351716,0.693147180559945,-1.6094379124341,TRUE,5
2000:31,AIW-N,actual_selection,2000,0.001,1000,0.001,31,442.337511943542,0.001,5,TRUE,interior,13331.0072122936,TRUE,9.43778504014992e-06,0.001,12.9986818308766,5.57096378732972,5.48400000000001,0,-0.815682086617651,0.693147180559945,0,TRUE,5
2000:31,AIW-N,oracle_lambda_oracle_L,2000,0.001,1000,0.001,31,357.609642282314,0.001,2,TRUE,interior,13327.0352748174,TRUE,9.43778504014992e-06,0.001,12.9986818308766,5.57096378732972,5.48400000000001,0,-1.02831327216958,0.693147180559945,0,TRUE,5
2000:31,AIW-N,selected_lambda_oracle_L,2000,0.001,1000,0.001,31,357.609642282314,0.001,2,TRUE,interior,13327.0352748174,TRUE,9.43778504014992e-06,0.001,12.9986818308766,5.57096378732972,5.48400000000001,0,-1.02831327216958,0.693147180559945,0,TRUE,5
2000:31,collapsed-R,actual_selection,2000,0.001,1000,0.001,31,364.455538641008,0.001,2,TRUE,interior,13325.5772556655,TRUE,9.43778504014992e-06,0.001,12.9986818308766,5.57096378732972,2.08300000000003,0,-1.00935071401049,0.693147180559945,0,TRUE,5
2000:31,collapsed-R,oracle_lambda,2000,0.001,1000,0.001,31,364.455538641008,0.001,2,TRUE,interior,13325.5772556655,TRUE,9.43778504014992e-06,0.001,12.9986818308766,5.57096378732972,2.08300000000003,0,-1.00935071401049,0.693147180559945,0,TRUE,5
2000:31,AIW-N,actual_selection,2000,0.005,1000,0.001,31,974.799714316941,0.002,2,TRUE,interior,12742.9067783379,TRUE,9.43778504014992e-06,0.005,29.0659361917314,12.4570537286589,6.262,0,-0.0255232502995111,0.693147180559945,1.6094379124341,TRUE,5
2000:31,AIW-N,oracle_lambda_oracle_L,2000,0.005,1000,0.001,31,538.944457588666,0.001,2,TRUE,interior,12720.7532115847,TRUE,9.43778504014992e-06,0.005,29.0659361917314,12.4570537286589,6.262,0,-0.618142760528194,0.693147180559945,1.6094379124341,TRUE,5
2000:31,AIW-N,selected_lambda_oracle_L,2000,0.005,1000,0.001,31,974.799714316941,0.002,2,TRUE,interior,12742.9067783379,TRUE,9.43778504014992e-06,0.005,29.0659361917314,12.4570537286589,6.262,0,-0.0255232502995111,0.693147180559945,1.6094379124341,TRUE,5
2000:31,collapsed-R,actual_selection,2000,0.005,1000,0.001,31,975.287929314392,0.002,2,TRUE,interior,12741.3181190162,TRUE,9.43778504014992e-06,0.005,29.0659361917314,12.4570537286589,3.00500000000002,0,-0.0250225394630053,0.693147180559945,1.6094379124341,TRUE,5
2000:31,collapsed-R,oracle_lambda,2000,0.005,1000,0.001,31,536.597482730463,0.001,2,TRUE,interior,12718.5376429759,TRUE,9.43778504014992e-06,0.005,29.0659361917314,12.4570537286589,3.00500000000002,0,-0.622507032148723,0.693147180559945,1.6094379124341,TRUE,5
2000:32,AIW-N,actual_selection,2000,2e-04,20,0.001,32,7.72186374071021,0.006,1,TRUE,interior,11435.264129025,TRUE,-1.96015264285234e-05,2e-04,5.81319116762865,-2.4914606607903,10.042,-3.91202300542815,-4.86369952689145,0.693147180559945,-1.6094379124341,TRUE,4
2000:32,AIW-N,oracle_lambda_oracle_L,2000,2e-04,20,0.001,32,4.57009066371491,0.001,2,TRUE,interior,11251.5632259483,TRUE,-1.96015264285234e-05,2e-04,5.81319116762865,-2.4914606607903,10.042,-3.91202300542815,-5.38822223538552,0.693147180559945,-1.6094379124341,TRUE,4
2000:32,AIW-N,selected_lambda_oracle_L,2000,2e-04,20,0.001,32,16.3975144355079,0.006,2,TRUE,interior,11430.6077688543,TRUE,-1.96015264285234e-05,2e-04,5.81319116762865,-2.4914606607903,10.042,-3.91202300542815,-4.11062551444868,0.693147180559945,-1.6094379124341,TRUE,4
2000:32,collapsed-R,actual_selection,2000,2e-04,20,0.001,32,6.4795289515795,0.006,0,TRUE,interior,11431.6641151395,TRUE,-1.96015264285234e-05,2e-04,5.81319116762865,-2.4914606607903,1.226,-3.91202300542815,-5.03910746391768,0.693147180559945,-1.6094379124341,TRUE,4
2000:32,collapsed-R,oracle_lambda,2000,2e-04,20,0.001,32,1.13617043797471,0.001,0,TRUE,interior,11253.7718531496,TRUE,-1.96015264285234e-05,2e-04,5.81319116762865,-2.4914606607903,1.226,-3.91202300542815,-6.78009193650863,0.693147180559945,-1.6094379124341,TRUE,4
2000:32,AIW-N,actual_selection,2000,0.001,20,0.001,32,8.29400830828855,0.006,1,TRUE,interior,9981.57275605443,TRUE,-1.96015264285234e-05,0.001,12.998690617019,-5.57107540079366,6.384,-3.91202300542815,-4.79222191543569,0.693147180559945,0,TRUE,4
2000:32,AIW-N,oracle_lambda_oracle_L,2000,0.001,20,0.001,32,4.36333566291663,0.001,2,TRUE,interior,9778.78703521816,TRUE,-1.96015264285234e-05,0.001,12.998690617019,-5.57107540079366,6.384,-3.91202300542815,-5.43451845382867,0.693147180559945,0,TRUE,4
2000:32,AIW-N,selected_lambda_oracle_L,2000,0.001,20,0.001,32,13.8305076568653,0.006,2,TRUE,interior,9975.30615605128,TRUE,-1.96015264285234e-05,0.001,12.998690617019,-5.57107540079366,6.384,-3.91202300542815,-4.28087842704746,0.693147180559945,0,TRUE,4
2000:32,collapsed-R,actual_selection,2000,0.001,20,0.001,32,2.74959948743302,0.006,0,TRUE,interior,9979.0622761172,TRUE,-1.96015264285234e-05,0.001,12.998690617019,-5.57107540079366,1.09599999999999,-3.91202300542815,-5.89630001884378,0.693147180559945,0,TRUE,4
2000:32,collapsed-R,oracle_lambda,2000,0.001,20,0.001,32,1,0.001,0,TRUE,interior,9784.26921353049,TRUE,-1.96015264285234e-05,0.001,12.998690617019,-5.57107540079366,1.09599999999999,-3.91202300542815,-6.90775527898214,0.693147180559945,0,TRUE,4
2000:32,AIW-N,actual_selection,2000,0.005,20,0.001,32,8.49296842884729,0.006,1,TRUE,interior,8366.13131958945,TRUE,-1.96015264285234e-05,0.005,29.0659558381432,-12.4573033039515,6.486,-3.91202300542815,-4.76851670150575,0.693147180559945,1.6094379124341,TRUE,4
2000:32,AIW-N,oracle_lambda_oracle_L,2000,0.005,20,0.001,32,4.37407177830391,0.001,2,TRUE,interior,8157.21922121232,TRUE,-1.96015264285234e-05,0.005,29.0659558381432,-12.4573033039515,6.486,-3.91202300542815,-5.43206094664183,0.693147180559945,1.6094379124341,TRUE,4
2000:32,AIW-N,selected_lambda_oracle_L,2000,0.005,20,0.001,32,13.5363185975712,0.006,2,TRUE,interior,8359.62844886069,TRUE,-1.96015264285234e-05,0.005,29.0659558381432,-12.4573033039515,6.486,-3.91202300542815,-4.30237893934065,0.693147180559945,1.6094379124341,TRUE,4
2000:32,collapsed-R,actual_selection,2000,0.005,20,0.001,32,1.33363227646449,0.006,0,TRUE,interior,8362.46847210755,TRUE,-1.96015264285234e-05,0.005,29.0659558381432,-12.4573033039515,1.11599999999999,-3.91202300542815,-6.6198490243127,0.693147180559945,1.6094379124341,TRUE,4
2000:32,collapsed-R,oracle_lambda,2000,0.005,20,0.001,32,1,0.001,0,TRUE,interior,8161.775216314,TRUE,-1.96015264285234e-05,0.005,29.0659558381432,-12.4573033039515,1.11599999999999,-3.91202300542815,-6.90775527898214,0.693147180559945,1.6094379124341,TRUE,4
2000:32,AIW-N,actual_selection,2000,2e-04,50,0.001,32,15.0862440813101,0.004,1,TRUE,interior,12079.2470738649,TRUE,-7.48733123977338e-06,2e-04,5.81318648431039,-2.49140116683759,13.052,-2.99573227355399,-4.19397193835571,0.693147180559945,-1.6094379124341,TRUE,4
2000:32,AIW-N,oracle_lambda_oracle_L,2000,2e-04,50,0.001,32,10.226535590331,0.001,2,TRUE,interior,11984.2855359903,TRUE,-7.48733123977338e-06,2e-04,5.81318648431039,-2.49140116683759,13.052,-2.99573227355399,-4.58276940834568,0.693147180559945,-1.6094379124341,TRUE,4
2000:32,AIW-N,selected_lambda_oracle_L,2000,2e-04,50,0.001,32,28.8391328271973,0.004,2,TRUE,interior,12076.2248635788,TRUE,-7.48733123977338e-06,2e-04,5.81318648431039,-2.49140116683759,13.052,-2.99573227355399,-3.54602203542254,0.693147180559945,-1.6094379124341,TRUE,4
2000:32,collapsed-R,actual_selection,2000,2e-04,50,0.001,32,14.9274780773343,0.004,0,TRUE,interior,12076.0131985873,TRUE,-7.48733123977338e-06,2e-04,5.81318648431039,-2.49140116683759,1.00899999999999,-2.99573227355399,-4.20455159815353,0.693147180559945,-1.6094379124341,TRUE,4
2000:32,collapsed-R,oracle_lambda,2000,2e-04,50,0.001,32,2.80118845909162,0.001,0,TRUE,interior,11985.9828922302,TRUE,-7.48733123977338e-06,2e-04,5.81318648431039,-2.49140116683759,1.00899999999999,-2.99573227355399,-5.87771150217868,0.693147180559945,-1.6094379124341,TRUE,4
2000:32,AIW-N,actual_selection,2000,0.001,50,0.001,32,23.2493316518461,0.004,1,TRUE,interior,11093.8454065685,TRUE,-7.48733123977338e-06,0.001,12.998680144801,-5.57094236827116,6.27,-2.99573227355399,-3.76147889351911,0.693147180559945,0,TRUE,4
2000:32,AIW-N,oracle_lambda_oracle_L,2000,0.001,50,0.001,32,14.502360329588,0.001,2,TRUE,interior,10973.8005677034,TRUE,-7.48733123977338e-06,0.001,12.998680144801,-5.57094236827116,6.27,-2.99573227355399,-4.23344386145216,0.693147180559945,0,TRUE,4
2000:32,AIW-N,selected_lambda_oracle_L,2000,0.001,50,0.001,32,35.2319796218396,0.004,2,TRUE,interior,11089.6627022178,TRUE,-7.48733123977338e-06,0.001,12.998680144801,-5.57094236827116,6.27,-2.99573227355399,-3.34580109684123,0.693147180559945,0,TRUE,4
2000:32,collapsed-R,actual_selection,2000,0.001,50,0.001,32,14.8141705398419,0.004,0,TRUE,interior,11088.8992781102,TRUE,-7.48733123977338e-06,0.001,12.998680144801,-5.57094236827116,1.109,-2.99573227355399,-4.21217108738481,0.693147180559945,0,TRUE,4
2000:32,collapsed-R,oracle_lambda,2000,0.001,50,0.001,32,2.87216732125656,0.001,0,TRUE,interior,10977.2401860175,TRUE,-7.48733123977338e-06,0.001,12.998680144801,-5.57094236827116,1.109,-2.99573227355399,-5.85268837000273,0.693147180559945,0,TRUE,4
2000:32,AIW-N,actual_selection,2000,0.005,50,0.001,32,28.1800979858561,0.004,1,TRUE,interior,9741.86490488186,TRUE,-7.48733123977338e-06,0.005,29.0659324215519,-12.457005834188,7.831,-2.99573227355399,-3.56913929537584,0.693147180559945,1.6094379124341,TRUE,4
2000:32,AIW-N,oracle_lambda_oracle_L,2000,0.005,50,0.001,32,17.0355534054008,0.001,2,TRUE,interior,9607.47012521453,TRUE,-7.48733123977338e-06,0.005,29.0659324215519,-12.457005834188,7.831,-2.99573227355399,-4.07245274202172,0.693147180559945,1.6094379124341,TRUE,4
2000:32,AIW-N,selected_lambda_oracle_L,2000,0.005,50,0.001,32,39.5572271611681,0.004,2,TRUE,interior,9737.89959560881,TRUE,-7.48733123977338e-06,0.005,29.0659324215519,-12.457005834188,7.831,-2.99573227355399,-3.23000686666679,0.693147180559945,1.6094379124341,TRUE,4
2000:32,collapsed-R,actual_selection,2000,0.005,50,0.001,32,4.20182411687623,0.004,0,TRUE,interior,9731.18249899407,TRUE,-7.48733123977338e-06,0.005,29.0659324215519,-12.457005834188,1.096,-2.99573227355399,-5.47223653443768,0.693147180559945,1.6094379124341,TRUE,4
2000:32,collapsed-R,oracle_lambda,2000,0.005,50,0.001,32,1.47874842788485,0.001,0,TRUE,interior,9608.92554960392,TRUE,-7.48733123977338e-06,0.005,29.0659324215519,-12.457005834188,1.096,-2.99573227355399,-6.51655920581013,0.693147180559945,1.6094379124341,TRUE,4
2000:32,AIW-N,actual_selection,2000,2e-04,100,0.001,32,82.4903159063732,0.002,3,TRUE,interior,12958.4683372592,TRUE,2.20862508683005e-05,2e-04,5.81319212822579,2.4914728634473,5.688,-2.30258509299405,-2.49507437548447,0.693147180559945,-1.6094379124341,TRUE,4
2000:32,AIW-N,oracle_lambda_oracle_L,2000,2e-04,100,0.001,32,34.8239402036024,0.001,2,TRUE,interior,12907.729168662,TRUE,2.20862508683005e-05,2e-04,5.81319212822579,2.4914728634473,5.688,-2.30258509299405,-3.35745019183669,0.693147180559945,-1.6094379124341,TRUE,4
2000:32,AIW-N,selected_lambda_oracle_L,2000,2e-04,100,0.001,32,72.930270034351,0.002,2,TRUE,interior,12957.3466103255,TRUE,2.20862508683005e-05,2e-04,5.81319212822579,2.4914728634473,5.688,-2.30258509299405,-2.61825149934166,0.693147180559945,-1.6094379124341,TRUE,4
2000:32,collapsed-R,actual_selection,2000,2e-04,100,0.001,32,58.8724155072579,0.002,1,TRUE,interior,12952.7913601333,TRUE,2.20862508683005e-05,2e-04,5.81319212822579,2.4914728634473,1.01499999999999,-2.30258509299405,-2.832382625575,0.693147180559945,-1.6094379124341,TRUE,4
2000:32,collapsed-R,oracle_lambda,2000,2e-04,100,0.001,32,24.4177374866181,0.001,0,TRUE,interior,12903.4462953087,TRUE,2.20862508683005e-05,2e-04,5.81319212822579,2.4914728634473,1.01499999999999,-2.30258509299405,-3.7124454646075,0.693147180559945,-1.6094379124341,TRUE,4
2000:32,AIW-N,actual_selection,2000,0.001,100,0.001,32,52.6407000953496,0.002,1,TRUE,interior,12005.1239584619,TRUE,2.20862508683005e-05,0.001,12.9986927649795,5.57110268676422,6.325,-2.30258509299405,-2.94426569236982,0.693147180559945,0,TRUE,4
2000:32,AIW-N,oracle_lambda_oracle_L,2000,0.001,100,0.001,32,40.418117795644,0.001,2,TRUE,interior,11943.2206706398,TRUE,2.20862508683005e-05,0.001,12.9986927649795,5.57110268676422,6.325,-2.30258509299405,-3.20847713425508,0.693147180559945,0,TRUE,4
2000:32,AIW-N,selected_lambda_oracle_L,2000,0.001,100,0.001,32,65.136189531113,0.002,2,TRUE,interior,12001.2733687161,TRUE,2.20862508683005e-05,0.001,12.9986927649795,5.57110268676422,6.325,-2.30258509299405,-2.73127497745062,0.693147180559945,0,TRUE,4
2000:32,collapsed-R,actual_selection,2000,0.001,100,0.001,32,42.2908874624512,0.002,1,TRUE,interior,11998.6677586949,TRUE,2.20862508683005e-05,0.001,12.9986927649795,5.57110268676422,1.48500000000001,-2.30258509299405,-3.1631836425571,0.693147180559945,0,TRUE,4
2000:32,collapsed-R,oracle_lambda,2000,0.001,100,0.001,32,20.9842074801697,0.001,1,TRUE,interior,11940.842395992,TRUE,2.20862508683005e-05,0.001,12.9986927649795,5.57110268676422,1.48500000000001,-2.30258509299405,-3.863985148925,0.693147180559945,0,TRUE,4
2000:32,AIW-N,actual_selection,2000,0.005,100,0.001,32,52.5127542232374,0.002,1,TRUE,interior,10633.1192530014,TRUE,2.20862508683005e-05,0.005,29.065960641129,12.4573643172365,6.539,-2.30258509299405,-2.94669920130364,0.693147180559945,1.6094379124341,TRUE,4
2000:32,AIW-N,oracle_lambda_oracle_L,2000,0.005,100,0.001,32,41.962032042025,0.001,2,TRUE,interior,10570.7084570814,TRUE,2.20862508683005e-05,0.005,29.065960641129,12.4573643172365,6.539,-2.30258509299405,-3.17099006855169,0.693147180559945,1.6094379124341,TRUE,4
2000:32,AIW-N,selected_lambda_oracle_L,2000,0.005,100,0.001,32,63.1719647751259,0.002,2,TRUE,interior,10630.0776941452,TRUE,2.20862508683005e-05,0.005,29.065960641129,12.4573643172365,6.539,-2.30258509299405,-2.76189467157713,0.693147180559945,1.6094379124341,TRUE,4
2000:32,collapsed-R,actual_selection,2000,0.005,100,0.001,32,9.27069437207909,0.002,0,TRUE,interior,10613.1359977443,TRUE,2.20862508683005e-05,0.005,29.065960641129,12.4573643172365,2.658,-2.30258509299405,-4.68089699691524,0.693147180559945,1.6094379124341,TRUE,4
2000:32,collapsed-R,oracle_lambda,2000,0.005,100,0.001,32,4.87933224789578,0.001,0,TRUE,interior,10561.2657871302,TRUE,2.20862508683005e-05,0.005,29.065960641129,12.4573643172365,2.658,-2.30258509299405,-5.32274690292736,0.693147180559945,1.6094379124341,TRUE,4
2000:32,AIW-N,actual_selection,2000,2e-04,200,0.001,32,428.704032990568,0.002,5,TRUE,interior,13311.9333758548,TRUE,-4.41431653424896e-06,2e-04,5.81318529630166,-2.49138607489779,6.474,-1.6094379124341,-0.846988497933377,0.693147180559945,-1.6094379124341,TRUE,4
2000:32,AIW-N,oracle_lambda_oracle_L,2000,2e-04,200,0.001,32,82.9788187558238,0.001,2,TRUE,interior,13271.4648804202,TRUE,-4.41431653424896e-06,2e-04,5.81318529630166,-2.49138607489779,6.474,-1.6094379124341,-2.48916989946647,0.693147180559945,-1.6094379124341,TRUE,4
2000:32,AIW-N,selected_lambda_oracle_L,2000,2e-04,200,0.001,32,282.344244344502,0.002,2,TRUE,interior,13304.2685567483,TRUE,-4.41431653424896e-06,2e-04,5.81318529630166,-2.49138607489779,6.474,-1.6094379124341,-1.26462822789663,0.693147180559945,-1.6094379124341,TRUE,4
2000:32,collapsed-R,actual_selection,2000,2e-04,200,0.001,32,252.641103913169,0.002,1,TRUE,interior,13299.2858655227,TRUE,-4.41431653424896e-06,2e-04,5.81318529630166,-2.49138607489779,1.06800000000003,-1.6094379124341,-1.37578535897371,0.693147180559945,-1.6094379124341,TRUE,4
2000:32,collapsed-R,oracle_lambda,2000,2e-04,200,0.001,32,63.2510705524775,0.001,1,TRUE,interior,13266.6820791671,TRUE,-4.41431653424896e-06,2e-04,5.81318529630166,-2.49138607489779,1.06800000000003,-1.6094379124341,-2.76064322578688,0.693147180559945,-1.6094379124341,TRUE,4
2000:32,AIW-N,actual_selection,2000,0.001,200,0.001,32,224.730456339502,0.002,5,TRUE,interior,12638.9198265493,TRUE,-4.41431653424896e-06,0.001,12.9986774883328,-5.57090862166784,7.166,-1.6094379124341,-1.492853566744,0.693147180559945,0,TRUE,4
2000:32,AIW-N,oracle_lambda_oracle_L,2000,0.001,200,0.001,32,100.650929875392,0.001,2,TRUE,interior,12589.7613625812,TRUE,-4.41431653424896e-06,0.001,12.9986774883328,-5.57090862166784,7.166,-1.6094379124341,-2.29609688823666,0.693147180559945,0,TRUE,4
2000:32,AIW-N,selected_lambda_oracle_L,2000,0.001,200,0.001,32,180.994950021379,0.002,2,TRUE,interior,12638.0368468844,TRUE,-4.41431653424896e-06,0.001,12.9986774883328,-5.57090862166784,7.166,-1.6094379124341,-1.70928614853991,0.693147180559945,0,TRUE,4
2000:32,collapsed-R,actual_selection,2000,0.001,200,0.001,32,141.104068860283,0.002,1,TRUE,interior,12634.6109949642,TRUE,-4.41431653424896e-06,0.001,12.9986774883328,-5.57090862166784,1.741,-1.6094379124341,-1.95825758382558,0.693147180559945,0,TRUE,4
2000:32,collapsed-R,oracle_lambda,2000,0.001,200,0.001,32,70.2805454182843,0.001,1,TRUE,interior,12586.7542659598,TRUE,-4.41431653424896e-06,0.001,12.9986774883328,-5.57090862166784,1.741,-1.6094379124341,-2.65526025504617,0.693147180559945,0,TRUE,4
2000:32,AIW-N,actual_selection,2000,0.005,200,0.001,32,165.506525905069,0.002,2,TRUE,interior,11465.1156523506,TRUE,-4.41431653424896e-06,0.005,29.0659264815083,-12.456930374489,7.432,-1.6094379124341,-1.79874465349185,0.693147180559945,1.6094379124341,TRUE,4
2000:32,AIW-N,oracle_lambda_oracle_L,2000,0.005,200,0.001,32,106.995687227195,0.001,2,TRUE,interior,11406.8224747874,TRUE,-4.41431653424896e-06,0.005,29.0659264815083,-12.456930374489,7.432,-1.6094379124341,-2.23496675162045,0.693147180559945,1.6094379124341,TRUE,4
2000:32,AIW-N,selected_lambda_oracle_L,2000,0.005,200,0.001,32,165.506525905069,0.002,2,TRUE,interior,11465.1156523506,TRUE,-4.41431653424896e-06,0.005,29.0659264815083,-12.456930374489,7.432,-1.6094379124341,-1.79874465349185,0.693147180559945,1.6094379124341,TRUE,4
2000:32,collapsed-R,actual_selection,2000,0.005,200,0.001,32,116.574171993525,0.002,1,TRUE,interior,11452.7579132466,TRUE,-4.41431653424896e-06,0.005,29.0659264815083,-12.456930374489,4.22400000000003,-1.6094379124341,-2.14922753909209,0.693147180559945,1.6094379124341,TRUE,4
2000:32,collapsed-R,oracle_lambda,2000,0.005,200,0.001,32,21.7298364303691,0.001,0,TRUE,interior,11376.8792884217,TRUE,-4.41431653424896e-06,0.005,29.0659264815083,-12.456930374489,4.22400000000003,-1.6094379124341,-3.82906901210664,0.693147180559945,1.6094379124341,TRUE,4
2000:32,AIW-N,actual_selection,2000,2e-04,500,0.001,32,260.245779531492,0.001,5,TRUE,interior,13623.5105058715,TRUE,2.08860412563428e-05,2e-04,5.81319166422309,2.49146696913572,6.494,-0.693147180559945,-1.34612878859649,0.693147180559945,-1.6094379124341,TRUE,4
2000:32,AIW-N,oracle_lambda_oracle_L,2000,2e-04,500,0.001,32,168.089853524276,0.001,2,TRUE,interior,13619.7628177408,TRUE,2.08860412563428e-05,2e-04,5.81319166422309,2.49146696913572,6.494,-0.693147180559945,-1.7832566001497,0.693147180559945,-1.6094379124341,TRUE,4
2000:32,AIW-N,selected_lambda_oracle_L,2000,2e-04,500,0.001,32,168.089853524276,0.001,2,TRUE,interior,13619.7628177408,TRUE,2.08860412563428e-05,2e-04,5.81319166422309,2.49146696913572,6.494,-0.693147180559945,-1.7832566001497,0.693147180559945,-1.6094379124341,TRUE,4
2000:32,collapsed-R,actual_selection,2000,2e-04,500,0.001,32,154.297143070872,0.001,1,TRUE,interior,13615.0396288025,TRUE,2.08860412563428e-05,2e-04,5.81319166422309,2.49146696913572,0.892000000000024,-0.693147180559945,-1.86887503520328,0.693147180559945,-1.6094379124341,TRUE,4
2000:32,collapsed-R,oracle_lambda,2000,2e-04,500,0.001,32,154.297143070872,0.001,1,TRUE,interior,13615.0396288025,TRUE,2.08860412563428e-05,2e-04,5.81319166422309,2.49146696913572,0.892000000000024,-0.693147180559945,-1.86887503520328,0.693147180559945,-1.6094379124341,TRUE,4
2000:32,AIW-N,actual_selection,2000,0.001,500,0.001,32,800.972987988333,0.002,5,TRUE,interior,13226.2827978279,TRUE,2.08860412563428e-05,0.001,12.998691727438,5.57108950668285,5.68000000000001,-0.693147180559945,-0.221928055343414,0.693147180559945,0,TRUE,4
2000:32,AIW-N,oracle_lambda_oracle_L,2000,0.001,500,0.001,32,236.181632514965,0.001,2,TRUE,interior,13210.9487118683,TRUE,2.08860412563428e-05,0.001,12.998691727438,5.57108950668285,5.68000000000001,-0.693147180559945,-1.44315414066859,0.693147180559945,0,TRUE,4
2000:32,AIW-N,selected_lambda_oracle_L,2000,0.001,500,0.001,32,620.47572654055,0.002,2,TRUE,interior,13217.0930711673,TRUE,2.08860412563428e-05,0.001,12.998691727438,5.57108950668285,5.68000000000001,-0.693147180559945,-0.477268794295963,0.693147180559945,0,TRUE,4
2000:32,collapsed-R,actual_selection,2000,0.001,500,0.001,32,639.289995042819,0.002,2,TRUE,interior,13215.8279245085,TRUE,2.08860412563428e-05,0.001,12.998691727438,5.57108950668285,2.36399999999998,-0.693147180559945,-0.447397101194549,0.693147180559945,0,TRUE,4
2000:32,collapsed-R,oracle_lambda,2000,0.001,500,0.001,32,175.165544801828,0.001,1,TRUE,interior,13204.3108592078,TRUE,2.08860412563428e-05,0.001,12.998691727438,5.57108950668285,2.36399999999998,-0.693147180559945,-1.74202378191039,0.693147180559945,0,TRUE,4
2000:32,AIW-N,actual_selection,2000,0.005,500,0.001,32,400.764902136777,0.002,2,TRUE,interior,12234.0483421974,TRUE,2.08860412563428e-05,0.005,29.0659583211155,12.4573348456786,6.315,-0.693147180559945,-0.914380302564936,0.693147180559945,1.6094379124341,TRUE,4
2000:32,AIW-N,oracle_lambda_oracle_L,2000,0.005,500,0.001,32,247.266016008332,0.001,2,TRUE,interior,12196.1206012663,TRUE,2.08860412563428e-05,0.005,29.0659583211155,12.4573348456786,6.315,-0.693147180559945,-1.39729053400157,0.693147180559945,1.6094379124341,TRUE,4
2000:32,AIW-N,selected_lambda_oracle_L,2000,0.005,500,0.001,32,400.764902136777,0.002,2,TRUE,interior,12234.0483421974,TRUE,2.08860412563428e-05,0.005,29.0659583211155,12.4573348456786,6.315,-0.693147180559945,-0.914380302564936,0.693147180559945,1.6094379124341,TRUE,4
2000:32,collapsed-R,actual_selection,2000,0.005,500,0.001,32,292.675593357201,0.002,1,TRUE,interior,12209.3845563072,TRUE,2.08860412563428e-05,0.005,29.0659583211155,12.4573348456786,3.55199999999999,-0.693147180559945,-1.22869047325978,0.693147180559945,1.6094379124341,TRUE,4
2000:32,collapsed-R,oracle_lambda,2000,0.005,500,0.001,32,174.30528792537,0.001,1,TRUE,interior,12178.1246112539,TRUE,2.08860412563428e-05,0.005,29.0659583211155,12.4573348456786,3.55199999999999,-0.693147180559945,-1.74694698884768,0.693147180559945,1.6094379124341,TRUE,4
2000:32,AIW-N,actual_selection,2000,2e-04,1000,0.001,32,517.510759024754,0.001,5,TRUE,interior,13658.1850939715,TRUE,-9.15988602071692e-06,2e-04,5.81318713091177,-2.49140938093974,5.52700000000002,0,-0.658724963672732,0.693147180559945,-1.6094379124341,TRUE,4
2000:32,AIW-N,oracle_lambda_oracle_L,2000,2e-04,1000,0.001,32,312.874898359276,0.001,2,TRUE,interior,13650.2056862842,TRUE,-9.15988602071692e-06,2e-04,5.81318713091177,-2.49140938093974,5.52700000000002,0,-1.16195185409074,0.693147180559945,-1.6094379124341,TRUE,4
2000:32,AIW-N,selected_lambda_oracle_L,2000,2e-04,1000,0.001,32,312.874898359276,0.001,2,TRUE,interior,13650.2056862842,TRUE,-9.15988602071692e-06,2e-04,5.81318713091177,-2.49140938093974,5.52700000000002,0,-1.16195185409074,0.693147180559945,-1.6094379124341,TRUE,4
2000:32,collapsed-R,actual_selection,2000,2e-04,1000,0.001,32,278.012436814979,0.001,1,TRUE,interior,13647.4924668357,TRUE,-9.15988602071692e-06,2e-04,5.81318713091177,-2.49140938093974,0.788999999999959,0,-1.28008942954763,0.693147180559945,-1.6094379124341,TRUE,4
2000:32,collapsed-R,oracle_lambda,2000,2e-04,1000,0.001,32,278.012436814979,0.001,1,TRUE,interior,13647.4924668357,TRUE,-9.15988602071692e-06,2e-04,5.81318713091177,-2.49140938093974,0.788999999999959,0,-1.28008942954763,0.693147180559945,-1.6094379124341,TRUE,4
2000:32,AIW-N,actual_selection,2000,0.001,1000,0.001,32,570.062039146814,0.001,5,TRUE,interior,13450.6973526866,TRUE,-9.15988602071692e-06,0.001,12.9986815906457,-5.57096073556193,4.941,0,-0.562010083467805,0.693147180559945,0,TRUE,4
2000:32,AIW-N,oracle_lambda_oracle_L,2000,0.001,1000,0.001,32,449.835681405613,0.001,2,TRUE,interior,13446.6860055755,TRUE,-9.15988602071692e-06,0.001,12.9986815906457,-5.57096073556193,4.941,0,-0.798872915334126,0.693147180559945,0,TRUE,4
2000:32,AIW-N,selected_lambda_oracle_L,2000,0.001,1000,0.001,32,449.835681405613,0.001,2,TRUE,interior,13446.6860055755,TRUE,-9.15988602071692e-06,0.001,12.9986815906457,-5.57096073556193,4.941,0,-0.798872915334126,0.693147180559945,0,TRUE,4
2000:32,collapsed-R,actual_selection,2000,0.001,1000,0.001,32,403.667139765317,0.001,1,TRUE,interior,13442.5005672273,TRUE,-9.15988602071692e-06,0.001,12.9986815906457,-5.57096073556193,1.74799999999996,0,-0.907164652094579,0.693147180559945,0,TRUE,4
2000:32,collapsed-R,oracle_lambda,2000,0.001,1000,0.001,32,403.667139765317,0.001,1,TRUE,interior,13442.5005672273,TRUE,-9.15988602071692e-06,0.001,12.9986815906457,-5.57096073556193,1.74799999999996,0,-0.907164652094579,0.693147180559945,0,TRUE,4
2000:32,AIW-N,actual_selection,2000,0.005,1000,0.001,32,1011.91808181,0.002,2,TRUE,interior,12810.1099918754,TRUE,-9.15988602071692e-06,0.005,29.0659356545588,-12.4570469046987,6.322,0,0.0118476207608392,0.693147180559945,1.6094379124341,TRUE,4
2000:32,AIW-N,oracle_lambda_oracle_L,2000,0.005,1000,0.001,32,555.334192675395,0.001,2,TRUE,interior,12797.2808675398,TRUE,-9.15988602071692e-06,0.005,29.0659356545588,-12.4570469046987,6.322,0,-0.588185197489971,0.693147180559945,1.6094379124341,TRUE,4
2000:32,AIW-N,selected_lambda_oracle_L,2000,0.005,1000,0.001,32,1011.91808181,0.002,2,TRUE,interior,12810.1099918754,TRUE,-9.15988602071692e-06,0.005,29.0659356545588,-12.4570469046987,6.322,0,0.0118476207608392,0.693147180559945,1.6094379124341,TRUE,4
2000:32,collapsed-R,actual_selection,2000,0.005,1000,0.001,32,1009.20951988499,0.002,2,TRUE,interior,12808.1164672891,TRUE,-9.15988602071692e-06,0.005,29.0659356545588,-12.4570469046987,2.20899999999997,0,0.0091673708407399,0.693147180559945,1.6094379124341,TRUE,4
2000:32,collapsed-R,oracle_lambda,2000,0.005,1000,0.001,32,456.166878140997,0.001,1,TRUE,interior,12777.394680107,TRUE,-9.15988602071692e-06,0.005,29.0659356545588,-12.4570469046987,2.20899999999997,0,-0.784896575579565,0.693147180559945,1.6094379124341,TRUE,4
250:31,AIW-N,actual_selection,250,2e-04,20,0.001,31,6.61935224654069,0.001,1,TRUE,interior,1369.82708253502,TRUE,3.44561142874854e-05,2e-04,5.81319691047259,2.49153361242242,0.805,-3.91202300542815,-5.01775776177522,-1.38629436111989,-1.6094379124341,TRUE,2
250:31,AIW-N,oracle_lambda_oracle_L,250,2e-04,20,0.001,31,9.46118784105412,0.001,2,TRUE,interior,1366.87323790521,TRUE,3.44561142874854e-05,2e-04,5.81319691047259,2.49153361242242,0.805,-3.91202300542815,-4.66055733920747,-1.38629436111989,-1.6094379124341,TRUE,2
250:31,AIW-N,selected_lambda_oracle_L,250,2e-04,20,0.001,31,9.46118784105412,0.001,2,TRUE,interior,1366.87323790521,TRUE,3.44561142874854e-05,2e-04,5.81319691047259,2.49153361242242,0.805,-3.91202300542815,-4.66055733920747,-1.38629436111989,-1.6094379124341,TRUE,2
250:31,collapsed-R,actual_selection,250,2e-04,20,0.001,31,2.95441888130993,0.001,0,TRUE,interior,1366.76492378494,TRUE,3.44561142874854e-05,2e-04,5.81319691047259,2.49153361242242,0.379,-3.91202300542815,-5.82445330353451,-1.38629436111989,-1.6094379124341,TRUE,2
250:31,collapsed-R,oracle_lambda,250,2e-04,20,0.001,31,2.95441888130993,0.001,0,TRUE,interior,1366.76492378494,TRUE,3.44561142874854e-05,2e-04,5.81319691047259,2.49153361242242,0.379,-3.91202300542815,-5.82445330353451,-1.38629436111989,-1.6094379124341,TRUE,2
250:31,AIW-N,actual_selection,250,0.001,20,0.001,31,9.12652934845267,0.001,1,TRUE,interior,1245.34140043661,TRUE,3.44561142874854e-05,0.001,12.9987034584085,5.57123852560215,0.525,-3.91202300542815,-4.69656979372644,-1.38629436111989,0,TRUE,2
250:31,AIW-N,oracle_lambda_oracle_L,250,0.001,20,0.001,31,11.9208447763078,0.001,2,TRUE,interior,1241.44844010806,TRUE,3.44561142874854e-05,0.001,12.9987034584085,5.57123852560215,0.525,-3.91202300542815,-4.42946674936051,-1.38629436111989,0,TRUE,2
250:31,AIW-N,selected_lambda_oracle_L,250,0.001,20,0.001,31,11.9208447763078,0.001,2,TRUE,interior,1241.44844010806,TRUE,3.44561142874854e-05,0.001,12.9987034584085,5.57123852560215,0.525,-3.91202300542815,-4.42946674936051,-1.38629436111989,0,TRUE,2
250:31,collapsed-R,actual_selection,250,0.001,20,0.001,31,3.12938909568996,0.001,0,TRUE,interior,1241.97225864132,TRUE,3.44561142874854e-05,0.001,12.9987034584085,5.57123852560215,0.405,-3.91202300542815,-5.76691747057546,-1.38629436111989,0,TRUE,2
250:31,collapsed-R,oracle_lambda,250,0.001,20,0.001,31,3.12938909568996,0.001,0,TRUE,interior,1241.97225864132,TRUE,3.44561142874854e-05,0.001,12.9987034584085,5.57123852560215,0.405,-3.91202300542815,-5.76691747057546,-1.38629436111989,0,TRUE,2
250:31,AIW-N,actual_selection,250,0.005,20,0.001,31,11.0139410947877,0.001,1,TRUE,interior,1075.40687803685,TRUE,3.44561142874854e-05,0.005,29.065984552363,12.4576680621121,0.544,-3.91202300542815,-4.50859343636863,-1.38629436111989,1.6094379124341,TRUE,2
250:31,AIW-N,oracle_lambda_oracle_L,250,0.005,20,0.001,31,13.7108860849024,0.001,2,TRUE,interior,1070.27226985018,TRUE,3.44561142874854e-05,0.005,29.065984552363,12.4576680621121,0.544,-3.91202300542815,-4.28956515694186,-1.38629436111989,1.6094379124341,TRUE,2
250:31,AIW-N,selected_lambda_oracle_L,250,0.005,20,0.001,31,13.7108860849024,0.001,2,TRUE,interior,1070.27226985018,TRUE,3.44561142874854e-05,0.005,29.065984552363,12.4576680621121,0.544,-3.91202300542815,-4.28956515694186,-1.38629436111989,1.6094379124341,TRUE,2
250:31,collapsed-R,actual_selection,250,0.005,20,0.001,31,1.2761170878706,0.001,0,TRUE,interior,1070.09261767219,TRUE,3.44561142874854e-05,0.005,29.065984552363,12.4576680621121,0.328999999999999,-3.91202300542815,-6.66393333661531,-1.38629436111989,1.6094379124341,TRUE,2
250:31,collapsed-R,oracle_lambda,250,0.005,20,0.001,31,1.2761170878706,0.001,0,TRUE,interior,1070.09261767219,TRUE,3.44561142874854e-05,0.005,29.065984552363,12.4576680621121,0.328999999999999,-3.91202300542815,-6.66393333661531,-1.38629436111989,1.6094379124341,TRUE,2
250:31,AIW-N,actual_selection,250,2e-04,50,0.001,31,24.8341299762346,0.001,1,TRUE,interior,1478.50611846882,TRUE,1.94628973059808e-05,2e-04,5.81319111403457,2.49145997997232,0.467000000000001,-2.99573227355399,-3.69553636319935,-1.38629436111989,-1.6094379124341,TRUE,2
250:31,AIW-N,oracle_lambda_oracle_L,250,2e-04,50,0.001,31,37.9298382446279,0.001,2,TRUE,interior,1476.4041600206,TRUE,1.94628973059808e-05,2e-04,5.81319111403457,2.49145997997232,0.467000000000001,-2.99573227355399,-3.27201718786654,-1.38629436111989,-1.6094379124341,TRUE,2
250:31,AIW-N,selected_lambda_oracle_L,250,2e-04,50,0.001,31,37.9298382446279,0.001,2,TRUE,interior,1476.4041600206,TRUE,1.94628973059808e-05,2e-04,5.81319111403457,2.49145997997232,0.467000000000001,-2.99573227355399,-3.27201718786654,-1.38629436111989,-1.6094379124341,TRUE,2
250:31,collapsed-R,actual_selection,250,2e-04,50,0.001,31,26.4258622280805,0.001,1,TRUE,interior,1476.18934684287,TRUE,1.94628973059808e-05,2e-04,5.81319111403457,2.49145997997232,0.305000000000004,-2.99573227355399,-3.63341211850251,-1.38629436111989,-1.6094379124341,TRUE,2
250:31,collapsed-R,oracle_lambda,250,2e-04,50,0.001,31,26.4258622280805,0.001,1,TRUE,interior,1476.18934684287,TRUE,1.94628973059808e-05,2e-04,5.81319111403457,2.49145997997232,0.305000000000004,-2.99573227355399,-3.63341211850251,-1.38629436111989,-1.6094379124341,TRUE,2
250:31,AIW-N,actual_selection,250,0.001,50,0.001,31,32.2203482362055,0.001,1,TRUE,interior,1369.71706817,TRUE,1.94628973059808e-05,0.001,12.998690497179,5.57107387843836,0.681000000000001,-2.99573227355399,-3.43515709321582,-1.38629436111989,0,TRUE,2
250:31,AIW-N,oracle_lambda_oracle_L,250,0.001,50,0.001,31,44.8761980542031,0.001,2,TRUE,interior,1367.75220240627,TRUE,1.94628973059808e-05,0.001,12.998690497179,5.57107387843836,0.681000000000001,-2.99573227355399,-3.10384773494337,-1.38629436111989,0,TRUE,2
250:31,AIW-N,selected_lambda_oracle_L,250,0.001,50,0.001,31,44.8761980542031,0.001,2,TRUE,interior,1367.75220240627,TRUE,1.94628973059808e-05,0.001,12.998690497179,5.57107387843836,0.681000000000001,-2.99573227355399,-3.10384773494337,-1.38629436111989,0,TRUE,2
250:31,collapsed-R,actual_selection,250,0.001,50,0.001,31,30.1152095165786,0.001,1,TRUE,interior,1366.51842923349,TRUE,1.94628973059808e-05,0.001,12.998690497179,5.57107387843836,0.818999999999999,-2.99573227355399,-3.50272493529403,-1.38629436111989,0,TRUE,2
250:31,collapsed-R,oracle_lambda,250,0.001,50,0.001,31,30.1152095165786,0.001,1,TRUE,interior,1366.51842923349,TRUE,1.94628973059808e-05,0.001,12.998690497179,5.57107387843836,0.818999999999999,-2.99573227355399,-3.50272493529403,-1.38629436111989,0,TRUE,2
250:31,AIW-N,actual_selection,250,0.005,50,0.001,31,36.9047279540737,0.001,1,TRUE,interior,1213.11000452925,TRUE,1.94628973059808e-05,0.005,29.0659555701728,12.4572998998616,0.701000000000001,-2.99573227355399,-3.29941560730677,-1.38629436111989,1.6094379124341,TRUE,2
250:31,AIW-N,oracle_lambda_oracle_L,250,0.005,50,0.001,31,48.9983303629163,0.001,2,TRUE,interior,1210.93204230527,TRUE,1.94628973059808e-05,0.005,29.0659555701728,12.4572998998616,0.701000000000001,-2.99573227355399,-3.01596905567825,-1.38629436111989,1.6094379124341,TRUE,2
250:31,AIW-N,selected_lambda_oracle_L,250,0.005,50,0.001,31,48.9983303629163,0.001,2,TRUE,interior,1210.93204230527,TRUE,1.94628973059808e-05,0.005,29.0659555701728,12.4572998998616,0.701000000000001,-2.99573227355399,-3.01596905567825,-1.38629436111989,1.6094379124341,TRUE,2
250:31,collapsed-R,actual_selection,250,0.005,50,0.001,31,4.56835729979967,0.001,0,TRUE,interior,1198.2490434833,TRUE,1.94628973059808e-05,0.005,29.0659555701728,12.4572998998616,1.665,-2.99573227355399,-5.38860159169262,-1.38629436111989,1.6094379124341,TRUE,2
250:31,collapsed-R,oracle_lambda,250,0.005,50,0.001,31,4.56835729979967,0.001,0,TRUE,interior,1198.2490434833,TRUE,1.94628973059808e-05,0.005,29.0659555701728,12.4572998998616,1.665,-2.99573227355399,-5.38860159169262,-1.38629436111989,1.6094379124341,TRUE,2
250:31,AIW-N,actual_selection,250,2e-04,100,0.001,31,90.0853510280507,0.001,5,TRUE,interior,1582.90367506117,TRUE,-3.14953538140882e-05,2e-04,5.81319576582209,-2.49151907203488,0.477,-2.30258509299405,-2.40699771329054,-1.38629436111989,-1.6094379124341,TRUE,2
250:31,AIW-N,oracle_lambda_oracle_L,250,2e-04,100,0.001,31,65.4392745028666,0.001,2,TRUE,interior,1581.93271053722,TRUE,-3.14953538140882e-05,2e-04,5.81319576582209,-2.49151907203488,0.477,-2.30258509299405,-2.72663267319674,-1.38629436111989,-1.6094379124341,TRUE,2
250:31,AIW-N,selected_lambda_oracle_L,250,2e-04,100,0.001,31,65.4392745028666,0.001,2,TRUE,interior,1581.93271053722,TRUE,-3.14953538140882e-05,2e-04,5.81319576582209,-2.49151907203488,0.477,-2.30258509299405,-2.72663267319674,-1.38629436111989,-1.6094379124341,TRUE,2
250:31,collapsed-R,actual_selection,250,2e-04,100,0.001,31,28.626121833106,0.001,0,TRUE,interior,1577.81937284199,TRUE,-3.14953538140882e-05,2e-04,5.81319576582209,-2.49151907203488,0.172000000000001,-2.30258509299405,-3.55343562719948,-1.38629436111989,-1.6094379124341,TRUE,2
250:31,collapsed-R,oracle_lambda,250,2e-04,100,0.001,31,28.626121833106,0.001,0,TRUE,interior,1577.81937284199,TRUE,-3.14953538140882e-05,2e-04,5.81319576582209,-2.49151907203488,0.172000000000001,-2.30258509299405,-3.55343562719948,-1.38629436111989,-1.6094379124341,TRUE,2
250:31,AIW-N,actual_selection,250,0.001,100,0.001,31,37.5388313152651,0.001,1,TRUE,interior,1440.81517564856,TRUE,-3.14953538140882e-05,0.001,12.9987008988921,-5.5712060123072,0.592000000000001,-2.30258509299405,-3.28237938002747,-1.38629436111989,0,TRUE,2
250:31,AIW-N,oracle_lambda_oracle_L,250,0.001,100,0.001,31,48.2407170876344,0.001,2,TRUE,interior,1438.77759654865,TRUE,-3.14953538140882e-05,0.001,12.9987008988921,-5.5712060123072,0.592000000000001,-2.30258509299405,-3.03155186167298,-1.38629436111989,0,TRUE,2
250:31,AIW-N,selected_lambda_oracle_L,250,0.001,100,0.001,31,48.2407170876344,0.001,2,TRUE,interior,1438.77759654865,TRUE,-3.14953538140882e-05,0.001,12.9987008988921,-5.5712060123072,0.592000000000001,-2.30258509299405,-3.03155186167298,-1.38629436111989,0,TRUE,2
250:31,collapsed-R,actual_selection,250,0.001,100,0.001,31,36.6820396138936,0.001,1,TRUE,interior,1438.38570116273,TRUE,-3.14953538140882e-05,0.001,12.9987008988921,-5.5712060123072,0.512000000000001,-2.30258509299405,-3.30546802752657,-1.38629436111989,0,TRUE,2
250:31,collapsed-R,oracle_lambda,250,0.001,100,0.001,31,36.6820396138936,0.001,1,TRUE,interior,1438.38570116273,TRUE,-3.14953538140882e-05,0.001,12.9987008988921,-5.5712060123072,0.512000000000001,-2.30258509299405,-3.30546802752657,-1.38629436111989,0,TRUE,2
250:31,AIW-N,actual_selection,250,0.005,100,0.001,31,50.8524490062765,0.002,1,TRUE,interior,1251.25209339825,TRUE,-3.14953538140882e-05,0.005,29.0659788291105,-12.4575953601744,0.532999999999998,-2.30258509299405,-2.97882699626526,-1.38629436111989,1.6094379124341,TRUE,2
250:31,AIW-N,oracle_lambda_oracle_L,250,0.005,100,0.001,31,47.9580156404847,0.001,2,TRUE,interior,1245.73450117497,TRUE,-3.14953538140882e-05,0.005,29.0659788291105,-12.4575953601744,0.532999999999998,-2.30258509299405,-3.03742932498146,-1.38629436111989,1.6094379124341,TRUE,2
250:31,AIW-N,selected_lambda_oracle_L,250,0.005,100,0.001,31,62.4705176393279,0.002,2,TRUE,interior,1248.68374650603,TRUE,-3.14953538140882e-05,0.005,29.0659788291105,-12.4575953601744,0.532999999999998,-2.30258509299405,-2.77306055130436,-1.38629436111989,1.6094379124341,TRUE,2
250:31,collapsed-R,actual_selection,250,0.005,100,0.001,31,45.8852571830438,0.002,1,TRUE,interior,1246.87563498251,TRUE,-3.14953538140882e-05,0.005,29.0659788291105,-12.4575953601744,2.11099999999999,-2.30258509299405,-3.08161140777876,-1.38629436111989,1.6094379124341,TRUE,2
250:31,collapsed-R,oracle_lambda,250,0.005,100,0.001,31,7.75286567075776,0.001,0,TRUE,interior,1235.81712091774,TRUE,-3.14953538140882e-05,0.005,29.0659788291105,-12.4575953601744,2.11099999999999,-2.30258509299405,-4.85969273999399,-1.38629436111989,1.6094379124341,TRUE,2
250:31,AIW-N,actual_selection,250,2e-04,200,0.001,31,165.545022881056,0.001,5,TRUE,interior,1592.57999278849,TRUE,-9.94686744162813e-06,2e-04,5.81318743515535,-2.49141324588971,0.463000000000001,-1.6094379124341,-1.79851207958424,-1.38629436111989,-1.6094379124341,TRUE,2
250:31,AIW-N,oracle_lambda_oracle_L,250,2e-04,200,0.001,31,169.549737047459,0.001,2,TRUE,interior,1592.32001655481,TRUE,-9.94686744162813e-06,2e-04,5.81318743515535,-2.49141324588971,0.463000000000001,-1.6094379124341,-1.77460896129663,-1.38629436111989,-1.6094379124341,TRUE,2
250:31,AIW-N,selected_lambda_oracle_L,250,2e-04,200,0.001,31,169.549737047459,0.001,2,TRUE,interior,1592.32001655481,TRUE,-9.94686744162813e-06,2e-04,5.81318743515535,-2.49141324588971,0.463000000000001,-1.6094379124341,-1.77460896129663,-1.38629436111989,-1.6094379124341,TRUE,2
250:31,collapsed-R,actual_selection,250,2e-04,200,0.001,31,141.812877474996,0.001,1,TRUE,interior,1589.16998417867,TRUE,-9.94686744162813e-06,2e-04,5.81318743515535,-2.49141324588971,1.651,-1.6094379124341,-1.95324685465631,-1.38629436111989,-1.6094379124341,TRUE,2
250:31,collapsed-R,oracle_lambda,250,2e-04,200,0.001,31,141.812877474996,0.001,1,TRUE,interior,1589.16998417867,TRUE,-9.94686744162813e-06,2e-04,5.81318743515535,-2.49141324588971,1.651,-1.6094379124341,-1.95324685465631,-1.38629436111989,-1.6094379124341,TRUE,2
250:31,AIW-N,actual_selection,250,0.001,200,0.001,31,88.0598408298287,0.001,5,TRUE,interior,1467.88674075922,TRUE,-9.94686744162813e-06,0.001,12.998682270955,-5.57096937785279,0.498999999999999,-1.6094379124341,-2.42973868617571,-1.38629436111989,0,TRUE,2
250:31,AIW-N,oracle_lambda_oracle_L,250,0.001,200,0.001,31,88.6534205105231,0.001,2,TRUE,interior,1466.64567872789,TRUE,-9.94686744162813e-06,0.001,12.998682270955,-5.57096937785279,0.498999999999999,-1.6094379124341,-2.42302066276722,-1.38629436111989,0,TRUE,2
250:31,AIW-N,selected_lambda_oracle_L,250,0.001,200,0.001,31,88.6534205105231,0.001,2,TRUE,interior,1466.64567872789,TRUE,-9.94686744162813e-06,0.001,12.998682270955,-5.57096937785279,0.498999999999999,-1.6094379124341,-2.42302066276722,-1.38629436111989,0,TRUE,2
250:31,collapsed-R,actual_selection,250,0.001,200,0.001,31,67.9520934360582,0.001,1,TRUE,interior,1465.4280217944,TRUE,-9.94686744162813e-06,0.001,12.998682270955,-5.57096937785279,0.688000000000002,-1.6094379124341,-2.68895233038188,-1.38629436111989,0,TRUE,2
250:31,collapsed-R,oracle_lambda,250,0.001,200,0.001,31,67.9520934360582,0.001,1,TRUE,interior,1465.4280217944,TRUE,-9.94686744162813e-06,0.001,12.998682270955,-5.57096937785279,0.688000000000002,-1.6094379124341,-2.68895233038188,-1.38629436111989,0,TRUE,2
250:31,AIW-N,actual_selection,250,0.005,200,0.001,31,79.0938824860294,0.002,1,TRUE,interior,1287.31772885838,TRUE,-9.94686744162813e-06,0.005,29.0659371757767,-12.4570662294485,0.693999999999999,-1.6094379124341,-2.53711974618759,-1.38629436111989,1.6094379124341,TRUE,2
250:31,AIW-N,oracle_lambda_oracle_L,250,0.005,200,0.001,31,76.4722524379872,0.001,2,TRUE,interior,1284.86954134764,TRUE,-9.94686744162813e-06,0.005,29.0659371757767,-12.4570662294485,0.693999999999999,-1.6094379124341,-2.57082731717493,-1.38629436111989,1.6094379124341,TRUE,2
250:31,AIW-N,selected_lambda_oracle_L,250,0.005,200,0.001,31,99.501253270945,0.002,2,TRUE,interior,1287.00365548851,TRUE,-9.94686744162813e-06,0.005,29.0659371757767,-12.4570662294485,0.693999999999999,-1.6094379124341,-2.30758503920903,-1.38629436111989,1.6094379124341,TRUE,2
250:31,collapsed-R,actual_selection,250,0.005,200,0.001,31,74.9961636734122,0.002,1,TRUE,interior,1284.00428803309,TRUE,-9.94686744162813e-06,0.005,29.0659371757767,-12.4570662294485,2.296,-1.6094379124341,-2.59031831777526,-1.38629436111989,1.6094379124341,TRUE,2
250:31,collapsed-R,oracle_lambda,250,0.005,200,0.001,31,56.7433821319486,0.001,1,TRUE,interior,1282.6200344349,TRUE,-9.94686744162813e-06,0.005,29.0659371757767,-12.4570662294485,2.296,-1.6094379124341,-2.86921624383562,-1.38629436111989,1.6094379124341,TRUE,2
250:31,AIW-N,actual_selection,250,2e-04,500,0.001,31,Inf,0.001,2,FALSE,normal_limit,1629.2213481743,TRUE,6.51039946718231e-06,2e-04,5.81318610663403,2.49139636901306,0.554000000000002,-0.693147180559945,Inf,-1.38629436111989,-1.6094379124341,FALSE,2
250:31,AIW-N,oracle_lambda_oracle_L,250,2e-04,500,0.001,31,Inf,0.001,2,FALSE,normal_limit,1629.2213481743,TRUE,6.51039946718231e-06,2e-04,5.81318610663403,2.49139636901306,0.554000000000002,-0.693147180559945,Inf,-1.38629436111989,-1.6094379124341,FALSE,2
250:31,AIW-N,selected_lambda_oracle_L,250,2e-04,500,0.001,31,Inf,0.001,2,FALSE,normal_limit,1629.2213481743,TRUE,6.51039946718231e-06,2e-04,5.81318610663403,2.49139636901306,0.554000000000002,-0.693147180559945,Inf,-1.38629436111989,-1.6094379124341,FALSE,2
250:31,collapsed-R,actual_selection,250,2e-04,500,0.001,31,1e+06,0.001,1,TRUE,interior,1626.68184683773,TRUE,6.51039946718231e-06,2e-04,5.81318610663403,2.49139636901306,0.957999999999995,-0.693147180559945,6.90775527898214,-1.38629436111989,-1.6094379124341,TRUE,2
250:31,collapsed-R,oracle_lambda,250,2e-04,500,0.001,31,1e+06,0.001,1,TRUE,interior,1626.68184683773,TRUE,6.51039946718231e-06,2e-04,5.81318610663403,2.49139636901306,0.957999999999995,-0.693147180559945,6.90775527898214,-1.38629436111989,-1.6094379124341,TRUE,2
250:31,AIW-N,actual_selection,250,0.001,500,0.001,31,633.528865205129,0.001,5,TRUE,interior,1576.24036397454,TRUE,6.51039946718231e-06,0.001,12.998679300291,5.57093164000936,0.522000000000002,-0.693147180559945,-0.45644971561,-1.38629436111989,0,TRUE,2
250:31,AIW-N,oracle_lambda_oracle_L,250,0.001,500,0.001,31,506.961180873678,0.001,2,TRUE,interior,1575.15012951649,TRUE,6.51039946718231e-06,0.001,12.998679300291,5.57093164000936,0.522000000000002,-0.693147180559945,-0.679320844646411,-1.38629436111989,0,TRUE,2
250:31,AIW-N,selected_lambda_oracle_L,250,0.001,500,0.001,31,506.961180873678,0.001,2,TRUE,interior,1575.15012951649,TRUE,6.51039946718231e-06,0.001,12.998679300291,5.57093164000936,0.522000000000002,-0.693147180559945,-0.679320844646411,-1.38629436111989,0,TRUE,2
250:31,collapsed-R,actual_selection,250,0.001,500,0.001,31,528.016169232214,0.001,1,TRUE,interior,1574.26783268107,TRUE,6.51039946718231e-06,0.001,12.998679300291,5.57093164000936,2.28899999999999,-0.693147180559945,-0.638628372198907,-1.38629436111989,0,TRUE,2
250:31,collapsed-R,oracle_lambda,250,0.001,500,0.001,31,528.016169232214,0.001,1,TRUE,interior,1574.26783268107,TRUE,6.51039946718231e-06,0.001,12.998679300291,5.57093164000936,2.28899999999999,-0.693147180559945,-0.638628372198907,-1.38629436111989,0,TRUE,2
250:31,AIW-N,actual_selection,250,0.005,500,0.001,31,504.726539465399,0.002,2,TRUE,interior,1451.25851610603,TRUE,6.51039946718231e-06,0.005,29.0659305331702,12.4569818450653,0.534999999999997,-0.693147180559945,-0.683738502383217,-1.38629436111989,1.6094379124341,TRUE,2
250:31,AIW-N,oracle_lambda_oracle_L,250,0.005,500,0.001,31,350.899488487969,0.001,2,TRUE,interior,1447.60061148413,TRUE,6.51039946718231e-06,0.005,29.0659305331702,12.4569818450653,0.534999999999997,-0.693147180559945,-1.04725545410857,-1.38629436111989,1.6094379124341,TRUE,2
250:31,AIW-N,selected_lambda_oracle_L,250,0.005,500,0.001,31,504.726539465399,0.002,2,TRUE,interior,1451.25851610603,TRUE,6.51039946718231e-06,0.005,29.0659305331702,12.4569818450653,0.534999999999997,-0.693147180559945,-0.683738502383217,-1.38629436111989,1.6094379124341,TRUE,2
250:31,collapsed-R,actual_selection,250,0.005,500,0.001,31,505.437756839024,0.002,2,TRUE,interior,1449.8535701457,TRUE,6.51039946718231e-06,0.005,29.0659305331702,12.4569818450653,1.566,-0.693147180559945,-0.682330379974329,-1.38629436111989,1.6094379124341,TRUE,2
250:31,collapsed-R,oracle_lambda,250,0.005,500,0.001,31,350.488483715445,0.001,2,TRUE,interior,1445.98834662358,TRUE,6.51039946718231e-06,0.005,29.0659305331702,12.4569818450653,1.566,-0.693147180559945,-1.04842742977926,-1.38629436111989,1.6094379124341,TRUE,2
250:31,AIW-N,actual_selection,250,2e-04,1000,0.001,31,646.792440141345,0.001,5,TRUE,interior,1618.08163978859,TRUE,5.41223382655426e-05,2e-04,5.81320451367823,2.49163019314656,0.467999999999996,0,-0.43572983944065,-1.38629436111989,-1.6094379124341,TRUE,2
250:31,AIW-N,oracle_lambda_oracle_L,250,2e-04,1000,0.001,31,794.169168780386,0.001,2,TRUE,interior,1618.01360799029,TRUE,5.41223382655426e-05,2e-04,5.81320451367823,2.49163019314656,0.467999999999996,0,-0.230458781511466,-1.38629436111989,-1.6094379124341,TRUE,2
250:31,AIW-N,selected_lambda_oracle_L,250,2e-04,1000,0.001,31,794.169168780386,0.001,2,TRUE,interior,1618.01360799029,TRUE,5.41223382655426e-05,2e-04,5.81320451367823,2.49163019314656,0.467999999999996,0,-0.230458781511466,-1.38629436111989,-1.6094379124341,TRUE,2
250:31,collapsed-R,actual_selection,250,2e-04,1000,0.001,31,3151.14229406263,0.001,1,TRUE,interior,1617.16600610078,TRUE,5.41223382655426e-05,2e-04,5.81320451367823,2.49163019314656,1.262,0,1.14776502013783,-1.38629436111989,-1.6094379124341,TRUE,2
250:31,collapsed-R,oracle_lambda,250,2e-04,1000,0.001,31,3151.14229406263,0.001,1,TRUE,interior,1617.16600610078,TRUE,5.41223382655426e-05,2e-04,5.81320451367823,2.49163019314656,1.262,0,1.14776502013783,-1.38629436111989,-1.6094379124341,TRUE,2
250:31,AIW-N,actual_selection,250,0.001,1000,0.001,31,606.555947371948,0.001,5,TRUE,interior,1584.50723767944,TRUE,5.41223382655426e-05,0.001,12.9987204596931,5.57145448666664,0.463999999999999,0,-0.499958308567302,-1.38629436111989,0,TRUE,2
250:31,AIW-N,oracle_lambda_oracle_L,250,0.001,1000,0.001,31,616.9897602696,0.001,2,TRUE,interior,1584.32045833198,TRUE,5.41223382655426e-05,0.001,12.9987204596931,5.57145448666664,0.463999999999999,0,-0.482902851211871,-1.38629436111989,0,TRUE,2
250:31,AIW-N,selected_lambda_oracle_L,250,0.001,1000,0.001,31,616.9897602696,0.001,2,TRUE,interior,1584.32045833198,TRUE,5.41223382655426e-05,0.001,12.9987204596931,5.57145448666664,0.463999999999999,0,-0.482902851211871,-1.38629436111989,0,TRUE,2
250:31,collapsed-R,actual_selection,250,0.001,1000,0.001,31,559.983541884786,0.001,1,TRUE,interior,1582.47792934647,TRUE,5.41223382655426e-05,0.001,12.9987204596931,5.57145448666664,2.001,0,-0.579847885176275,-1.38629436111989,0,TRUE,2
250:31,collapsed-R,oracle_lambda,250,0.001,1000,0.001,31,559.983541884786,0.001,1,TRUE,interior,1582.47792934647,TRUE,5.41223382655426e-05,0.001,12.9987204596931,5.57145448666664,2.001,0,-0.579847885176275,-1.38629436111989,0,TRUE,2
250:31,AIW-N,actual_selection,250,0.005,1000,0.001,31,603.908346914109,0.001,4,TRUE,interior,1492.71516829223,TRUE,5.41223382655426e-05,0.005,29.0660225683911,12.4581509657328,0.564999999999998,0,-0.504332836081222,-1.38629436111989,1.6094379124341,TRUE,2
250:31,AIW-N,oracle_lambda_oracle_L,250,0.005,1000,0.001,31,578.791127299817,0.001,2,TRUE,interior,1492.60114183078,TRUE,5.41223382655426e-05,0.005,29.0660225683911,12.4581509657328,0.564999999999998,0,-0.546813613817397,-1.38629436111989,1.6094379124341,TRUE,2
250:31,AIW-N,selected_lambda_oracle_L,250,0.005,1000,0.001,31,578.791127299817,0.001,2,TRUE,interior,1492.60114183078,TRUE,5.41223382655426e-05,0.005,29.0660225683911,12.4581509657328,0.564999999999998,0,-0.546813613817397,-1.38629436111989,1.6094379124341,TRUE,2
250:31,collapsed-R,actual_selection,250,0.005,1000,0.001,31,575.64044724714,0.001,2,TRUE,interior,1491.17531802577,TRUE,5.41223382655426e-05,0.005,29.0660225683911,12.4581509657328,1.24799999999998,0,-0.552272036724139,-1.38629436111989,1.6094379124341,TRUE,2
250:31,collapsed-R,oracle_lambda,250,0.005,1000,0.001,31,575.64044724714,0.001,2,TRUE,interior,1491.17531802577,TRUE,5.41223382655426e-05,0.005,29.0660225683911,12.4581509657328,1.24799999999998,0,-0.552272036724139,-1.38629436111989,1.6094379124341,TRUE,2
250:32,AIW-N,actual_selection,250,2e-04,20,0.001,32,52.8182726679814,0.006,5,TRUE,interior,1428.29358726426,TRUE,-3.4415269482344e-06,2e-04,5.81318492022809,-2.49138129740637,0.613,-3.91202300542815,-2.94089807488224,-1.38629436111989,-1.6094379124341,TRUE,3
250:32,AIW-N,oracle_lambda_oracle_L,250,2e-04,20,0.001,32,14.9438160725708,0.001,2,TRUE,interior,1417.56143877017,TRUE,-3.4415269482344e-06,2e-04,5.81318492022809,-2.49138129740637,0.613,-3.91202300542815,-4.20345770534904,-1.38629436111989,-1.6094379124341,TRUE,3
250:32,AIW-N,selected_lambda_oracle_L,250,2e-04,20,0.001,32,40.2972893685447,0.006,2,TRUE,interior,1426.67682921157,TRUE,-3.4415269482344e-06,2e-04,5.81318492022809,-2.49138129740637,0.613,-3.91202300542815,-3.21147107361808,-1.38629436111989,-1.6094379124341,TRUE,3
250:32,collapsed-R,actual_selection,250,2e-04,20,0.001,32,27.6593021398953,0.006,0,TRUE,interior,1423.89711778933,TRUE,-3.4415269482344e-06,2e-04,5.81318492022809,-2.49138129740637,0.346,-3.91202300542815,-3.58779318300251,-1.38629436111989,-1.6094379124341,TRUE,3
250:32,collapsed-R,oracle_lambda,250,2e-04,20,0.001,32,6.40385998245593,0.001,0,TRUE,interior,1415.52930328181,TRUE,-3.4415269482344e-06,2e-04,5.81318492022809,-2.49138129740637,0.346,-3.91202300542815,-5.05085434816291,-1.38629436111989,-1.6094379124341,TRUE,3
250:32,AIW-N,actual_selection,250,0.001,20,0.001,32,18.3347190472583,0.002,1,TRUE,interior,1283.12111081959,TRUE,-3.4415269482344e-06,0.001,12.9986766474067,-5.57089793887225,0.583,-3.91202300542815,-3.99895880087823,-1.38629436111989,0,TRUE,3
250:32,AIW-N,oracle_lambda_oracle_L,250,0.001,20,0.001,32,18.1758222983898,0.001,2,TRUE,interior,1275.13530298048,TRUE,-3.4415269482344e-06,0.001,12.9986766474067,-5.57089793887225,0.583,-3.91202300542815,-4.0076630132083,-1.38629436111989,0,TRUE,3
250:32,AIW-N,selected_lambda_oracle_L,250,0.001,20,0.001,32,29.7231949966151,0.004,2,TRUE,interior,1279.0763538497,TRUE,-3.4415269482344e-06,0.001,12.9986766474067,-5.57089793887225,0.583,-3.91202300542815,-3.51582756165979,-1.38629436111989,0,TRUE,3
250:32,collapsed-R,actual_selection,250,0.001,20,0.001,32,20.0016119480598,0.004,1,TRUE,interior,1279.82164764072,TRUE,-3.4415269482344e-06,0.001,12.9986766474067,-5.57089793887225,0.589,-3.91202300542815,-3.91194241127295,-1.38629436111989,0,TRUE,3
250:32,collapsed-R,oracle_lambda,250,0.001,20,0.001,32,8.21720572043495,0.001,0,TRUE,interior,1275.56783229665,TRUE,-3.4415269482344e-06,0.001,12.9986766474067,-5.57089793887225,0.589,-3.91202300542815,-4.80152506439237,-1.38629436111989,0,TRUE,3
250:32,AIW-N,actual_selection,250,0.005,20,0.001,32,18.8568210833474,0.002,1,TRUE,interior,1090.298186891,TRUE,-3.4415269482344e-06,0.005,29.0659246011405,-12.4569064870318,0.511,-3.91202300542815,-3.97088056935855,-1.38629436111989,1.6094379124341,TRUE,3
250:32,AIW-N,oracle_lambda_oracle_L,250,0.005,20,0.001,32,18.6166994932789,0.001,2,TRUE,interior,1082.39731037925,TRUE,-3.4415269482344e-06,0.005,29.0659246011405,-12.4569064870318,0.511,-3.91202300542815,-3.98369627884498,-1.38629436111989,1.6094379124341,TRUE,3
250:32,AIW-N,selected_lambda_oracle_L,250,0.005,20,0.001,32,23.1016267389989,0.002,2,TRUE,interior,1085.52476417214,TRUE,-3.4415269482344e-06,0.005,29.0659246011405,-12.4569064870318,0.511,-3.91202300542815,-3.76785224233219,-1.38629436111989,1.6094379124341,TRUE,3
250:32,collapsed-R,actual_selection,250,0.005,20,0.001,32,2.6073477499419,0.002,0,TRUE,interior,1082.60031366668,TRUE,-3.4415269482344e-06,0.005,29.0659246011405,-12.4569064870318,0.318999999999999,-3.91202300542815,-5.94942176207809,-1.38629436111989,1.6094379124341,TRUE,3
250:32,collapsed-R,oracle_lambda,250,0.005,20,0.001,32,1.98020556871878,0.001,0,TRUE,interior,1080.84993091669,TRUE,-3.4415269482344e-06,0.005,29.0659246011405,-12.4569064870318,0.318999999999999,-3.91202300542815,-6.22455461707964,-1.38629436111989,1.6094379124341,TRUE,3
250:32,AIW-N,actual_selection,250,2e-04,50,0.001,32,179.649527836267,0.01,5,TRUE,interior,1429.92415518981,TRUE,-2.84476623369066e-06,2e-04,5.81318468952485,-2.49137836663828,0.510999999999999,-2.99573227355399,-1.71674739366838,-1.38629436111989,-1.6094379124341,TRUE,3
250:32,AIW-N,oracle_lambda_oracle_L,250,2e-04,50,0.001,32,18.9364767635853,0.001,2,TRUE,interior,1391.98464686004,TRUE,-2.84476623369066e-06,2e-04,5.81318468952485,-2.49137836663828,0.510999999999999,-2.99573227355399,-3.96666522945827,-1.38629436111989,-1.6094379124341,TRUE,3
250:32,AIW-N,selected_lambda_oracle_L,250,2e-04,50,0.001,32,113.174379322798,0.01,2,TRUE,interior,1427.5949760311,TRUE,-2.84476623369066e-06,2e-04,5.81318468952485,-2.49137836663828,0.510999999999999,-2.99573227355399,-2.17882546990049,-1.38629436111989,-1.6094379124341,TRUE,3
250:32,collapsed-R,actual_selection,250,2e-04,50,0.001,32,61.5983851257432,0.008,1,TRUE,interior,1426.35922213407,TRUE,-2.84476623369066e-06,2e-04,5.81318468952485,-2.49137836663828,0.293000000000003,-2.99573227355399,-2.78711962427748,-1.38629436111989,-1.6094379124341,TRUE,3
250:32,collapsed-R,oracle_lambda,250,2e-04,50,0.001,32,8.00041528205465,0.001,0,TRUE,interior,1393.07600753078,TRUE,-2.84476623369066e-06,2e-04,5.81318468952485,-2.49137836663828,0.293000000000003,-2.99573227355399,-4.82826182839276,-1.38629436111989,-1.6094379124341,TRUE,3
250:32,AIW-N,actual_selection,250,0.001,50,0.001,32,43.5766442155882,0.008,1,TRUE,interior,1294.5586347316,TRUE,-2.84476623369066e-06,0.001,12.9986761315386,-5.5708913854756,0.568000000000001,-2.99573227355399,-3.13323395528533,-1.38629436111989,0,TRUE,3
250:32,AIW-N,oracle_lambda_oracle_L,250,0.001,50,0.001,32,21.3309178340122,0.001,2,TRUE,interior,1261.53778714863,TRUE,-2.84476623369066e-06,0.001,12.9986761315386,-5.5708913854756,0.568000000000001,-2.99573227355399,-3.84759771723186,-1.38629436111989,0,TRUE,3
250:32,AIW-N,selected_lambda_oracle_L,250,0.001,50,0.001,32,61.6721661395723,0.008,2,TRUE,interior,1293.57575506974,TRUE,-2.84476623369066e-06,0.001,12.9986761315386,-5.5708913854756,0.568000000000001,-2.99573227355399,-2.78592256590657,-1.38629436111989,0,TRUE,3
250:32,collapsed-R,actual_selection,250,0.001,50,0.001,32,42.468729390753,0.008,1,TRUE,interior,1291.98464882426,TRUE,-2.84476623369066e-06,0.001,12.9986761315386,-5.5708913854756,0.715000000000003,-2.99573227355399,-3.15898725291112,-1.38629436111989,0,TRUE,3
250:32,collapsed-R,oracle_lambda,250,0.001,50,0.001,32,7.82573975667624,0.001,0,TRUE,interior,1260.78405676928,TRUE,-2.84476623369066e-06,0.001,12.9986761315386,-5.5708913854756,0.715000000000003,-2.99573227355399,-4.85033700942991,-1.38629436111989,0,TRUE,3
250:32,AIW-N,actual_selection,250,0.005,50,0.001,32,38.3064917379172,0.006,1,TRUE,interior,1119.14972743285,TRUE,-2.84476623369066e-06,0.005,29.0659234476242,-12.4568918331914,0.612,-2.99573227355399,-3.26213590008499,-1.38629436111989,1.6094379124341,TRUE,3
250:32,AIW-N,oracle_lambda_oracle_L,250,0.005,50,0.001,32,23.0236069445813,0.001,2,TRUE,interior,1090.49179444276,TRUE,-2.84476623369066e-06,0.005,29.0659234476242,-12.4568918331914,0.612,-2.99573227355399,-3.77123520053508,-1.38629436111989,1.6094379124341,TRUE,3
250:32,AIW-N,selected_lambda_oracle_L,250,0.005,50,0.001,32,57.2880386468497,0.008,2,TRUE,interior,1117.54130900198,TRUE,-2.84476623369066e-06,0.005,29.0659234476242,-12.4568918331914,0.612,-2.99573227355399,-2.85966342667136,-1.38629436111989,1.6094379124341,TRUE,3
250:32,collapsed-R,actual_selection,250,0.005,50,0.001,32,37.1507560122068,0.008,1,TRUE,interior,1114.03145466217,TRUE,-2.84476623369066e-06,0.005,29.0659234476242,-12.4568918331914,1.455,-2.99573227355399,-3.29277115776415,-1.38629436111989,1.6094379124341,TRUE,3
250:32,collapsed-R,oracle_lambda,250,0.005,50,0.001,32,1.44387365802283,0.001,0,TRUE,interior,1087.18476383279,TRUE,-2.84476623369066e-06,0.005,29.0659234476242,-12.4568918331914,1.455,-2.99573227355399,-6.54042573678339,-1.38629436111989,1.6094379124341,TRUE,3
250:32,AIW-N,actual_selection,250,2e-04,100,0.001,32,494.41823778794,0.004,5,TRUE,interior,1519.49272641242,TRUE,-5.58900809283834e-06,2e-04,5.81318575042971,-2.491391843951,0.503,-2.30258509299405,-0.704373484789377,-1.38629436111989,-1.6094379124341,TRUE,3
250:32,AIW-N,oracle_lambda_oracle_L,250,2e-04,100,0.001,32,52.8858318718131,0.001,2,TRUE,interior,1512.77592272437,TRUE,-5.58900809283834e-06,2e-04,5.81318575042971,-2.491391843951,0.503,-2.30258509299405,-2.93961980450049,-1.38629436111989,-1.6094379124341,TRUE,3
250:32,AIW-N,selected_lambda_oracle_L,250,2e-04,100,0.001,32,265.10042045812,0.004,2,TRUE,interior,1516.67669727387,TRUE,-5.58900809283834e-06,2e-04,5.81318575042971,-2.491391843951,0.503,-2.30258509299405,-1.3276465796525,-1.38629436111989,-1.6094379124341,TRUE,3
250:32,collapsed-R,actual_selection,250,2e-04,100,0.001,32,264.716023045976,0.004,1,TRUE,interior,1513.83673654131,TRUE,-5.58900809283834e-06,2e-04,5.81318575042971,-2.491391843951,1.18200000000001,-2.30258509299405,-1.32909763872893,-1.38629436111989,-1.6094379124341,TRUE,3
250:32,collapsed-R,oracle_lambda,250,2e-04,100,0.001,32,43.422983686261,0.001,1,TRUE,interior,1509.93560472747,TRUE,-5.58900809283834e-06,2e-04,5.81318575042971,-2.491391843951,1.18200000000001,-2.30258509299405,-3.13676640002829,-1.38629436111989,-1.6094379124341,TRUE,3
250:32,AIW-N,actual_selection,250,0.001,100,0.001,32,121.581899940685,0.008,2,TRUE,interior,1373.52734361447,TRUE,-5.58900809283834e-06,0.001,12.998678503794,-5.57092152166299,0.568000000000001,-2.30258509299405,-2.10716716970121,-1.38629436111989,0,TRUE,3
250:32,AIW-N,oracle_lambda_oracle_L,250,0.001,100,0.001,32,40.3999739271533,0.001,2,TRUE,interior,1354.62407267565,TRUE,-5.58900809283834e-06,0.001,12.998678503794,-5.57092152166299,0.568000000000001,-2.30258509299405,-3.20892613938273,-1.38629436111989,0,TRUE,3
250:32,AIW-N,selected_lambda_oracle_L,250,0.001,100,0.001,32,121.581899940685,0.008,2,TRUE,interior,1373.52734361447,TRUE,-5.58900809283834e-06,0.001,12.998678503794,-5.57092152166299,0.568000000000001,-2.30258509299405,-2.10716716970121,-1.38629436111989,0,TRUE,3
250:32,collapsed-R,actual_selection,250,0.001,100,0.001,32,78.9754631935137,0.006,1,TRUE,interior,1371.63529511651,TRUE,-5.58900809283834e-06,0.001,12.998678503794,-5.57092152166299,0.629999999999996,-2.30258509299405,-2.53861806724612,-1.38629436111989,0,TRUE,3
250:32,collapsed-R,oracle_lambda,250,0.001,100,0.001,32,29.645381215798,0.001,1,TRUE,interior,1354.41333144528,TRUE,-5.58900809283834e-06,0.001,12.998678503794,-5.57092152166299,0.629999999999996,-2.30258509299405,-3.5184489425431,-1.38629436111989,0,TRUE,3
250:32,AIW-N,actual_selection,250,0.005,100,0.001,32,103.01319215006,0.01,2,TRUE,interior,1184.36686507453,TRUE,-5.58900809283834e-06,0.005,29.0659287521485,-12.456959219755,0.581000000000003,-2.30258509299405,-2.27289821982714,-1.38629436111989,1.6094379124341,TRUE,3
250:32,AIW-N,oracle_lambda_oracle_L,250,0.005,100,0.001,32,36.7660432847627,0.001,2,TRUE,interior,1157.96620989743,TRUE,-5.58900809283834e-06,0.005,29.0659287521485,-12.456959219755,0.581000000000003,-2.30258509299405,-3.30318059661805,-1.38629436111989,1.6094379124341,TRUE,3
250:32,AIW-N,selected_lambda_oracle_L,250,0.005,100,0.001,32,103.01319215006,0.01,2,TRUE,interior,1184.36686507453,TRUE,-5.58900809283834e-06,0.005,29.0659287521485,-12.456959219755,0.581000000000003,-2.30258509299405,-2.27289821982714,-1.38629436111989,1.6094379124341,TRUE,3
250:32,collapsed-R,actual_selection,250,0.005,100,0.001,32,66.2816414112501,0.008,1,TRUE,interior,1179.74666512077,TRUE,-5.58900809283834e-06,0.005,29.0659287521485,-12.456959219755,1.98600000000001,-2.30258509299405,-2.7138423219258,-1.38629436111989,1.6094379124341,TRUE,3
250:32,collapsed-R,oracle_lambda,250,0.005,100,0.001,32,4.39405260018344,0.001,0,TRUE,interior,1149.85579170323,TRUE,-5.58900809283834e-06,0.005,29.0659287521485,-12.456959219755,1.98600000000001,-2.30258509299405,-5.42750333418025,-1.38629436111989,1.6094379124341,TRUE,3
250:32,AIW-N,actual_selection,250,2e-04,200,0.001,32,651.536939989069,0.002,5,TRUE,interior,1558.25915342284,TRUE,2.68261114523509e-05,2e-04,5.81319396066925,2.49149614118169,0.468,-1.6094379124341,-0.428421184118141,-1.38629436111989,-1.6094379124341,TRUE,3
250:32,AIW-N,oracle_lambda_oracle_L,250,2e-04,200,0.001,32,118.842648513968,0.001,2,TRUE,interior,1553.45138625506,TRUE,2.68261114523509e-05,2e-04,5.81319396066925,2.49149614118169,0.468,-1.6094379124341,-2.12995494225128,-1.38629436111989,-1.6094379124341,TRUE,3
250:32,AIW-N,selected_lambda_oracle_L,250,2e-04,200,0.001,32,749.172780067983,0.002,2,TRUE,interior,1558.20457477695,TRUE,2.68261114523509e-05,2e-04,5.81319396066925,2.49149614118169,0.468,-1.6094379124341,-0.288785641069046,-1.38629436111989,-1.6094379124341,TRUE,3
250:32,collapsed-R,actual_selection,250,2e-04,200,0.001,32,2996.54663770787,0.002,1,TRUE,interior,1557.44187311448,TRUE,2.68261114523509e-05,2e-04,5.81319396066925,2.49149614118169,1.148,-1.6094379124341,1.09746050485568,-1.38629436111989,-1.6094379124341,TRUE,3
250:32,collapsed-R,oracle_lambda,250,2e-04,200,0.001,32,134.435267523231,0.001,1,TRUE,interior,1551.96969643929,TRUE,2.68261114523509e-05,2e-04,5.81319396066925,2.49149614118169,1.148,-1.6094379124341,-2.00667247814893,-1.38629436111989,-1.6094379124341,TRUE,3
250:32,AIW-N,actual_selection,250,0.001,200,0.001,32,382.4658258832,0.006,5,TRUE,interior,1455.28937537036,TRUE,2.68261114523509e-05,0.001,12.9986968624477,5.57115473736067,0.599,-1.6094379124341,-0.961115973803177,-1.38629436111989,0,TRUE,3
250:32,AIW-N,oracle_lambda_oracle_L,250,0.001,200,0.001,32,85.906477786315,0.001,2,TRUE,interior,1436.7581767513,TRUE,2.68261114523509e-05,0.001,12.9986968624477,5.57115473736067,0.599,-1.6094379124341,-2.45449604205153,-1.38629436111989,0,TRUE,3
250:32,AIW-N,selected_lambda_oracle_L,250,0.001,200,0.001,32,307.610192832184,0.006,2,TRUE,interior,1453.14045157707,TRUE,2.68261114523509e-05,0.001,12.9986968624477,5.57115473736067,0.599,-1.6094379124341,-1.17892190525406,-1.38629436111989,0,TRUE,3
250:32,collapsed-R,actual_selection,250,0.001,200,0.001,32,265.359173962054,0.006,1,TRUE,interior,1451.76243375844,TRUE,2.68261114523509e-05,0.001,12.9986968624477,5.57115473736067,0.495000000000001,-1.6094379124341,-1.32667099724367,-1.38629436111989,0,TRUE,3
250:32,collapsed-R,oracle_lambda,250,0.001,200,0.001,32,73.7994186696798,0.001,1,TRUE,interior,1436.64617328285,TRUE,2.68261114523509e-05,0.001,12.9986968624477,5.57115473736067,0.495000000000001,-1.6094379124341,-2.60640442451134,-1.38629436111989,0,TRUE,3
250:32,AIW-N,actual_selection,250,0.005,200,0.001,32,215.062393558271,0.008,2,TRUE,interior,1280.95825934188,TRUE,2.68261114523509e-05,0.005,29.0659698033462,12.4574807059084,0.529,-1.6094379124341,-1.53682709035849,-1.38629436111989,1.6094379124341,TRUE,3
250:32,AIW-N,oracle_lambda_oracle_L,250,0.005,200,0.001,32,80.8312346712152,0.001,2,TRUE,interior,1256.67026313506,TRUE,2.68261114523509e-05,0.005,29.0659698033462,12.4574807059084,0.529,-1.6094379124341,-2.51539182044008,-1.38629436111989,1.6094379124341,TRUE,3
250:32,AIW-N,selected_lambda_oracle_L,250,0.005,200,0.001,32,215.062393558271,0.008,2,TRUE,interior,1280.95825934188,TRUE,2.68261114523509e-05,0.005,29.0659698033462,12.4574807059084,0.529,-1.6094379124341,-1.53682709035849,-1.38629436111989,1.6094379124341,TRUE,3
250:32,collapsed-R,actual_selection,250,0.005,200,0.001,32,143.968989376106,0.006,1,TRUE,interior,1274.36550479231,TRUE,2.68261114523509e-05,0.005,29.0659698033462,12.4574807059084,2.08799999999999,-1.6094379124341,-1.93815735415243,-1.38629436111989,1.6094379124341,TRUE,3
250:32,collapsed-R,oracle_lambda,250,0.005,200,0.001,32,60.234653521812,0.001,1,TRUE,interior,1254.00474755697,TRUE,2.68261114523509e-05,0.005,29.0659698033462,12.4574807059084,2.08799999999999,-1.6094379124341,-2.80950745238724,-1.38629436111989,1.6094379124341,TRUE,3
250:32,AIW-N,actual_selection,250,2e-04,500,0.001,32,Inf,0.001,5,FALSE,normal_limit,1595.80015271419,TRUE,4.8121750444388e-05,2e-04,5.81320219375693,2.49160072442325,0.504000000000001,-0.693147180559945,Inf,-1.38629436111989,-1.6094379124341,FALSE,3
250:32,AIW-N,oracle_lambda_oracle_L,250,2e-04,500,0.001,32,Inf,0.001,2,FALSE,normal_limit,1594.93182849988,TRUE,4.8121750444388e-05,2e-04,5.81320219375693,2.49160072442325,0.504000000000001,-0.693147180559945,Inf,-1.38629436111989,-1.6094379124341,FALSE,3
250:32,AIW-N,selected_lambda_oracle_L,250,2e-04,500,0.001,32,Inf,0.001,2,FALSE,normal_limit,1594.93182849988,TRUE,4.8121750444388e-05,2e-04,5.81320219375693,2.49160072442325,0.504000000000001,-0.693147180559945,Inf,-1.38629436111989,-1.6094379124341,FALSE,3
250:32,collapsed-R,actual_selection,250,2e-04,500,0.001,32,1e+06,0.001,1,TRUE,interior,1593.83407939469,TRUE,4.8121750444388e-05,2e-04,5.81320219375693,2.49160072442325,1.86399999999999,-0.693147180559945,6.90775527898214,-1.38629436111989,-1.6094379124341,TRUE,3
250:32,collapsed-R,oracle_lambda,250,2e-04,500,0.001,32,1e+06,0.001,1,TRUE,interior,1593.83407939469,TRUE,4.8121750444388e-05,2e-04,5.81320219375693,2.49160072442325,1.86399999999999,-0.693147180559945,6.90775527898214,-1.38629436111989,-1.6094379124341,TRUE,3
250:32,AIW-N,actual_selection,250,0.001,500,0.001,32,22911.6412236039,0.002,5,TRUE,interior,1549.48431298001,TRUE,4.8121750444388e-05,0.001,12.9987152721914,5.5713885925981,0.463999999999999,-0.693147180559945,3.13164513176963,-1.38629436111989,0,TRUE,3
250:32,AIW-N,oracle_lambda_oracle_L,250,0.001,500,0.001,32,748.469030504063,0.001,2,TRUE,interior,1544.13871994983,TRUE,4.8121750444388e-05,0.001,12.9987152721914,5.5713885925981,0.463999999999999,-0.693147180559945,-0.289725451390513,-1.38629436111989,0,TRUE,3
250:32,AIW-N,selected_lambda_oracle_L,250,0.001,500,0.001,32,4091.78145675729,0.002,2,TRUE,interior,1548.33323163701,TRUE,4.8121750444388e-05,0.001,12.9987152721914,5.5713885925981,0.463999999999999,-0.693147180559945,1.40898043922358,-1.38629436111989,0,TRUE,3
250:32,collapsed-R,actual_selection,250,0.001,500,0.001,32,5693.51326676967,0.002,2,TRUE,interior,1548.05485874541,TRUE,4.8121750444388e-05,0.001,12.9987152721914,5.5713885925981,2.331,-0.693147180559945,1.73932750342646,-1.38629436111989,0,TRUE,3
250:32,collapsed-R,oracle_lambda,250,0.001,500,0.001,32,782.83354676743,0.001,2,TRUE,interior,1543.50829810111,TRUE,4.8121750444388e-05,0.001,12.9987152721914,5.5713885925981,2.331,-0.693147180559945,-0.244835189540147,-1.38629436111989,0,TRUE,3
250:32,AIW-N,actual_selection,250,0.005,500,0.001,32,659.041544300317,0.002,2,TRUE,interior,1430.09099777744,TRUE,4.8121750444388e-05,0.005,29.0660109687846,12.4580036221162,0.515000000000001,-0.693147180559945,-0.416968705039772,-1.38629436111989,1.6094379124341,TRUE,3
250:32,AIW-N,oracle_lambda_oracle_L,250,0.005,500,0.001,32,445.957774811226,0.001,2,TRUE,interior,1420.50083767625,TRUE,4.8121750444388e-05,0.005,29.0660109687846,12.4580036221162,0.515000000000001,-0.693147180559945,-0.807531006755216,-1.38629436111989,1.6094379124341,TRUE,3
250:32,AIW-N,selected_lambda_oracle_L,250,0.005,500,0.001,32,659.041544300317,0.002,2,TRUE,interior,1430.09099777744,TRUE,4.8121750444388e-05,0.005,29.0660109687846,12.4580036221162,0.515000000000001,-0.693147180559945,-0.416968705039772,-1.38629436111989,1.6094379124341,TRUE,3
250:32,collapsed-R,actual_selection,250,0.005,500,0.001,32,660.954388166625,0.002,2,TRUE,interior,1428.83967417135,TRUE,4.8121750444388e-05,0.005,29.0660109687846,12.4580036221162,1.78700000000001,-0.693147180559945,-0.414070445797854,-1.38629436111989,1.6094379124341,TRUE,3
250:32,collapsed-R,oracle_lambda,250,0.005,500,0.001,32,445.326456414474,0.001,2,TRUE,interior,1418.93342418401,TRUE,4.8121750444388e-05,0.005,29.0660109687846,12.4580036221162,1.78700000000001,-0.693147180559945,-0.808947655855955,-1.38629436111989,1.6094379124341,TRUE,3
250:32,AIW-N,actual_selection,250,2e-04,1000,0.001,32,Inf,0.002,2,FALSE,normal_limit,1574.34096109525,TRUE,-3.14175633406915e-05,2e-04,5.81319573574781,-2.49151869000305,0.518000000000001,0,Inf,-1.38629436111989,-1.6094379124341,FALSE,3
250:32,AIW-N,oracle_lambda_oracle_L,250,2e-04,1000,0.001,32,463.676510954062,0.001,2,TRUE,interior,1572.94214368802,TRUE,-3.14175633406915e-05,2e-04,5.81319573574781,-2.49151869000305,0.518000000000001,0,-0.768568144563124,-1.38629436111989,-1.6094379124341,TRUE,3
250:32,AIW-N,selected_lambda_oracle_L,250,2e-04,1000,0.001,32,Inf,0.002,2,FALSE,normal_limit,1574.34096109525,TRUE,-3.14175633406915e-05,2e-04,5.81319573574781,-2.49151869000305,0.518000000000001,0,Inf,-1.38629436111989,-1.6094379124341,FALSE,3
250:32,collapsed-R,actual_selection,250,2e-04,1000,0.001,32,999999.141782928,0.002,1,TRUE,interior,1571.04251075282,TRUE,-3.14175633406915e-05,2e-04,5.81319573574781,-2.49151869000305,0.860999999999997,0,6.9077544207647,-1.38629436111989,-1.6094379124341,TRUE,3
250:32,collapsed-R,oracle_lambda,250,2e-04,1000,0.001,32,430.064510838649,0.001,1,TRUE,interior,1569.60429264916,TRUE,-3.14175633406915e-05,2e-04,5.81319573574781,-2.49151869000305,0.860999999999997,0,-0.843820056341024,-1.38629436111989,-1.6094379124341,TRUE,3
250:32,AIW-N,actual_selection,250,0.001,1000,0.001,32,2077.28587803132,0.002,5,TRUE,interior,1541.48570212654,TRUE,-3.14175633406915e-05,0.001,12.998700831644,-5.57120515805804,0.472999999999999,0,0.731062175302746,-1.38629436111989,0,TRUE,3
250:32,AIW-N,oracle_lambda_oracle_L,250,0.001,1000,0.001,32,489.632813079201,0.001,2,TRUE,interior,1535.89015078582,TRUE,-3.14175633406915e-05,0.001,12.998700831644,-5.57120515805804,0.472999999999999,0,-0.714099529851666,-1.38629436111989,0,TRUE,3
250:32,AIW-N,selected_lambda_oracle_L,250,0.001,1000,0.001,32,1446.26124210369,0.002,2,TRUE,interior,1539.03972197303,TRUE,-3.14175633406915e-05,0.001,12.998700831644,-5.57120515805804,0.472999999999999,0,0.368981772773802,-1.38629436111989,0,TRUE,3
250:32,collapsed-R,actual_selection,250,0.001,1000,0.001,32,1642.75149922784,0.002,2,TRUE,interior,1538.52093791298,TRUE,-3.14175633406915e-05,0.001,12.998700831644,-5.57120515805804,2.325,0,0.496372579428411,-1.38629436111989,0,TRUE,3
250:32,collapsed-R,oracle_lambda,250,0.001,1000,0.001,32,504.947665510271,0.001,2,TRUE,interior,1535.05377813371,TRUE,-3.14175633406915e-05,0.001,12.998700831644,-5.57120515805804,2.325,0,-0.68330048772994,-1.38629436111989,0,TRUE,3
250:32,AIW-N,actual_selection,250,0.005,1000,0.001,32,1258.23945962219,0.004,4,TRUE,interior,1449.22370351057,TRUE,-3.14175633406915e-05,0.005,29.0659786787391,-12.4575934500152,0.663000000000004,0,0.229713489625289,-1.38629436111989,1.6094379124341,TRUE,3
250:32,AIW-N,oracle_lambda_oracle_L,250,0.005,1000,0.001,32,527.851193057559,0.001,2,TRUE,interior,1443.94246607275,TRUE,-3.14175633406915e-05,0.005,29.0659786787391,-12.4575934500152,0.663000000000004,0,-0.638940866328169,-1.38629436111989,1.6094379124341,TRUE,3
250:32,AIW-N,selected_lambda_oracle_L,250,0.005,1000,0.001,32,758.311550016923,0.002,2,TRUE,interior,1448.38255895457,TRUE,-3.14175633406915e-05,0.005,29.0659786787391,-12.4575934500152,0.663000000000004,0,-0.276660961930183,-1.38629436111989,1.6094379124341,TRUE,3
250:32,collapsed-R,actual_selection,250,0.005,1000,0.001,32,768.063445082409,0.002,2,TRUE,interior,1447.39365655517,TRUE,-3.14175633406915e-05,0.005,29.0659786787391,-12.4575934500152,1.35100000000001,0,-0.263882938462161,-1.38629436111989,1.6094379124341,TRUE,3
250:32,collapsed-R,oracle_lambda,250,0.005,1000,0.001,32,531.794874117886,0.001,2,TRUE,interior,1442.70306855974,TRUE,-3.14175633406915e-05,0.005,29.0659786787391,-12.4575934500152,1.35100000000001,0,-0.631497438960013,-1.38629436111989,1.6094379124341,TRUE,3
500:31,AIW-N,actual_selection,500,2e-04,20,0.001,31,5.5856435331375,0.002,1,TRUE,interior,2719.78691549363,TRUE,-1.32355020695245e-05,2e-04,5.81318870653036,-2.49142939670463,1.635,-3.91202300542815,-5.18755562782808,-0.693147180559945,-1.6094379124341,TRUE,1
500:31,AIW-N,oracle_lambda_oracle_L,500,2e-04,20,0.001,31,6.31913020199831,0.001,2,TRUE,interior,2710.33603354498,TRUE,-1.32355020695245e-05,2e-04,5.81318870653036,-2.49142939670463,1.635,-3.91202300542815,-5.06417370656083,-0.693147180559945,-1.6094379124341,TRUE,1
500:31,AIW-N,selected_lambda_oracle_L,500,2e-04,20,0.001,31,8.55982267915541,0.002,2,TRUE,interior,2717.3547625262,TRUE,-1.32355020695245e-05,2e-04,5.81318870653036,-2.49142939670463,1.635,-3.91202300542815,-4.76067580409498,-0.693147180559945,-1.6094379124341,TRUE,1
500:31,collapsed-R,actual_selection,500,2e-04,20,0.001,31,2.21304830688946,0.002,0,TRUE,interior,2717.37841366813,TRUE,-1.32355020695245e-05,2e-04,5.81318870653036,-2.49142939670463,0.403,-3.91202300542815,-6.11338438946215,-0.693147180559945,-1.6094379124341,TRUE,1
500:31,collapsed-R,oracle_lambda,500,2e-04,20,0.001,31,1.47110996143775,0.001,0,TRUE,interior,2710.54492296396,TRUE,-1.32355020695245e-05,2e-04,5.81318870653036,-2.49142939670463,0.403,-3.91202300542815,-6.52173808730982,-0.693147180559945,-1.6094379124341,TRUE,1
500:31,AIW-N,actual_selection,500,0.001,20,0.001,31,5.68172305253878,0.002,1,TRUE,interior,2365.5051465705,TRUE,-1.32355020695245e-05,0.001,12.998685113836,-5.57100549217283,1.333,-3.91202300542815,-5.17050073793149,-0.693147180559945,0,TRUE,1
500:31,AIW-N,oracle_lambda_oracle_L,500,0.001,20,0.001,31,6.09009945480676,0.001,2,TRUE,interior,2357.00853120092,TRUE,-1.32355020695245e-05,0.001,12.998685113836,-5.57100549217283,1.333,-3.91202300542815,-5.10109086655513,-0.693147180559945,0,TRUE,1
500:31,AIW-N,selected_lambda_oracle_L,500,0.001,20,0.001,31,7.93405344560119,0.002,2,TRUE,interior,2360.88352001637,TRUE,-1.32355020695245e-05,0.001,12.998685113836,-5.57100549217283,1.333,-3.91202300542815,-4.83659122063828,-0.693147180559945,0,TRUE,1
500:31,collapsed-R,actual_selection,500,0.001,20,0.001,31,1.39134956299769,0.002,0,TRUE,interior,2363.24854398812,TRUE,-1.32355020695245e-05,0.001,12.998685113836,-5.57100549217283,0.326000000000001,-3.91202300542815,-6.57748109423503,-0.693147180559945,0,TRUE,1
500:31,collapsed-R,oracle_lambda,500,0.001,20,0.001,31,1.09917414059063,0.001,0,TRUE,interior,2359.60182918795,TRUE,-1.32355020695245e-05,0.001,12.998685113836,-5.57100549217283,0.326000000000001,-3.91202300542815,-6.81319616243647,-0.693147180559945,0,TRUE,1
500:31,AIW-N,actual_selection,500,0.005,20,0.001,31,5.68565864665852,0.002,1,TRUE,interior,1978.24828644742,TRUE,-1.32355020695245e-05,0.005,29.0659435326518,-12.4571469835231,1.034,-3.91202300542815,-5.16980830155852,-0.693147180559945,1.6094379124341,TRUE,1
500:31,AIW-N,oracle_lambda_oracle_L,500,0.005,20,0.001,31,6.06997780321168,0.001,2,TRUE,interior,1970.42820239839,TRUE,-1.32355020695245e-05,0.005,29.0659435326518,-12.4571469835231,1.034,-3.91202300542815,-5.10440033071945,-0.693147180559945,1.6094379124341,TRUE,1
500:31,AIW-N,selected_lambda_oracle_L,500,0.005,20,0.001,31,7.80807909199395,0.002,2,TRUE,interior,1972.56084943713,TRUE,-1.32355020695245e-05,0.005,29.0659435326518,-12.4571469835231,1.034,-3.91202300542815,-4.85259630031277,-0.693147180559945,1.6094379124341,TRUE,1
500:31,collapsed-R,actual_selection,500,0.005,20,0.001,31,1.01120112037549,0.002,0,TRUE,interior,1974.70020759749,TRUE,-1.32355020695245e-05,0.005,29.0659435326518,-12.4571469835231,0.309000000000003,-3.91202300542815,-6.89661642660603,-0.693147180559945,1.6094379124341,TRUE,1
500:31,collapsed-R,oracle_lambda,500,0.005,20,0.001,31,1,0.001,0,TRUE,interior,1972.79472101131,TRUE,-1.32355020695245e-05,0.005,29.0659435326518,-12.4571469835231,0.309000000000003,-3.91202300542815,-6.90775527898214,-0.693147180559945,1.6094379124341,TRUE,1
500:31,AIW-N,actual_selection,500,2e-04,50,0.001,31,15.6818652908417,0.002,1,TRUE,interior,2966.62394464481,TRUE,-6.64002148845967e-06,2e-04,5.81318615674515,-2.49139700560193,1.125,-2.99573227355399,-4.15525031125993,-0.693147180559945,-1.6094379124341,TRUE,1
500:31,AIW-N,oracle_lambda_oracle_L,500,2e-04,50,0.001,31,19.283469420544,0.001,2,TRUE,interior,2959.77311516345,TRUE,-6.64002148845967e-06,2e-04,5.81318615674515,-2.49139700560193,1.125,-2.99573227355399,-3.94850705679031,-0.693147180559945,-1.6094379124341,TRUE,1
500:31,AIW-N,selected_lambda_oracle_L,500,2e-04,50,0.001,31,28.0562549578483,0.002,2,TRUE,interior,2964.76531656763,TRUE,-6.64002148845967e-06,2e-04,5.81318615674515,-2.49139700560193,1.125,-2.99573227355399,-3.57354367872304,-0.693147180559945,-1.6094379124341,TRUE,1
500:31,collapsed-R,actual_selection,500,2e-04,50,0.001,31,12.6517666112555,0.002,0,TRUE,interior,2964.07521877686,TRUE,-6.64002148845967e-06,2e-04,5.81318615674515,-2.49139700560193,0.289000000000002,-2.99573227355399,-4.36995842049551,-0.693147180559945,-1.6094379124341,TRUE,1
500:31,collapsed-R,oracle_lambda,500,2e-04,50,0.001,31,5.97167030348902,0.001,0,TRUE,interior,2959.97503847916,TRUE,-6.64002148845967e-06,2e-04,5.81318615674515,-2.49139700560193,0.289000000000002,-2.99573227355399,-5.12072860788056,-0.693147180559945,-1.6094379124341,TRUE,1
500:31,AIW-N,actual_selection,500,0.001,50,0.001,31,18.7696361593791,0.002,1,TRUE,interior,2671.19706323972,TRUE,-6.64002148845967e-06,0.001,12.9986794123429,-5.57093306346533,1.014,-2.99573227355399,-3.97551481272828,-0.693147180559945,0,TRUE,1
500:31,AIW-N,oracle_lambda_oracle_L,500,0.001,50,0.001,31,19.6800129710438,0.001,2,TRUE,interior,2663.88640256024,TRUE,-6.64002148845967e-06,0.001,12.9986794123429,-5.57093306346533,1.014,-2.99573227355399,-3.92815172826049,-0.693147180559945,0,TRUE,1
500:31,AIW-N,selected_lambda_oracle_L,500,0.001,50,0.001,31,26.2356813908084,0.002,2,TRUE,interior,2668.65621588555,TRUE,-6.64002148845967e-06,0.001,12.9986794123429,-5.57093306346533,1.014,-2.99573227355399,-3.64063490959418,-0.693147180559945,0,TRUE,1
500:31,collapsed-R,actual_selection,500,0.001,50,0.001,31,12.2512309254695,0.002,0,TRUE,interior,2665.77667975481,TRUE,-6.64002148845967e-06,0.001,12.9986794123429,-5.57093306346533,0.465,-2.99573227355399,-4.40212886332776,-0.693147180559945,0,TRUE,1
500:31,collapsed-R,oracle_lambda,500,0.001,50,0.001,31,6.14710013335996,0.001,0,TRUE,interior,2662.1371655441,TRUE,-6.64002148845967e-06,0.001,12.9986794123429,-5.57093306346533,0.465,-2.99573227355399,-5.09177483139655,-0.693147180559945,0,TRUE,1
500:31,AIW-N,actual_selection,500,0.005,50,0.001,31,20.3819739520796,0.002,1,TRUE,interior,2304.47717742095,TRUE,-6.64002148845967e-06,0.005,29.0659307837258,-12.4569850280096,1.069,-2.99573227355399,-3.89310439856293,-0.693147180559945,1.6094379124341,TRUE,1
500:31,AIW-N,oracle_lambda_oracle_L,500,0.005,50,0.001,31,20.5131056865779,0.001,2,TRUE,interior,2297.06566169366,TRUE,-6.64002148845967e-06,0.005,29.0659307837258,-12.4569850280096,1.069,-2.99573227355399,-3.88669129531982,-0.693147180559945,1.6094379124341,TRUE,1
500:31,AIW-N,selected_lambda_oracle_L,500,0.005,50,0.001,31,26.7242151302849,0.002,2,TRUE,interior,2301.31509613638,TRUE,-6.64002148845967e-06,0.005,29.0659307837258,-12.4569850280096,1.069,-2.99573227355399,-3.62218519087329,-0.693147180559945,1.6094379124341,TRUE,1
500:31,collapsed-R,actual_selection,500,0.005,50,0.001,31,2.56973905630655,0.002,0,TRUE,interior,2296.25002638167,TRUE,-6.64002148845967e-06,0.005,29.0659307837258,-12.4569850280096,0.292,-2.99573227355399,-5.96395091974106,-0.693147180559945,1.6094379124341,TRUE,1
500:31,collapsed-R,oracle_lambda,500,0.005,50,0.001,31,1.87317312220291,0.001,0,TRUE,interior,2294.09535268275,TRUE,-6.64002148845967e-06,0.005,29.0659307837258,-12.4569850280096,0.292,-2.99573227355399,-6.2801214293576,-0.693147180559945,1.6094379124341,TRUE,1
500:31,AIW-N,actual_selection,500,2e-04,100,0.001,31,73.7997089839207,0.001,4,TRUE,interior,3181.2712220757,TRUE,-3.82791235165918e-06,2e-04,5.8131850696019,-2.49138319499381,1.227,-2.30258509299405,-2.60640049069079,-0.693147180559945,-1.6094379124341,TRUE,1
500:31,AIW-N,oracle_lambda_oracle_L,500,2e-04,100,0.001,31,50.6963729304603,0.001,2,TRUE,interior,3176.7227349761,TRUE,-3.82791235165918e-06,2e-04,5.8131850696019,-2.49138319499381,1.227,-2.30258509299405,-2.98190091077723,-0.693147180559945,-1.6094379124341,TRUE,1
500:31,AIW-N,selected_lambda_oracle_L,500,2e-04,100,0.001,31,50.6963729304603,0.001,2,TRUE,interior,3176.7227349761,TRUE,-3.82791235165918e-06,2e-04,5.8131850696019,-2.49138319499381,1.227,-2.30258509299405,-2.98190091077723,-0.693147180559945,-1.6094379124341,TRUE,1
500:31,collapsed-R,actual_selection,500,2e-04,100,0.001,31,27.2314373222547,0.001,0,TRUE,interior,3171.93239404428,TRUE,-3.82791235165918e-06,2e-04,5.8131850696019,-2.49138319499381,0.271999999999991,-2.30258509299405,-3.60338318917778,-0.693147180559945,-1.6094379124341,TRUE,1
500:31,collapsed-R,oracle_lambda,500,2e-04,100,0.001,31,27.2314373222547,0.001,0,TRUE,interior,3171.93239404428,TRUE,-3.82791235165918e-06,2e-04,5.8131850696019,-2.49138319499381,0.271999999999991,-2.30258509299405,-3.60338318917778,-0.693147180559945,-1.6094379124341,TRUE,1
500:31,AIW-N,actual_selection,500,0.001,100,0.001,31,40.2452623061431,0.001,1,TRUE,interior,2942.40763792691,TRUE,-3.82791235165918e-06,0.001,12.9986769814167,-5.57090218200678,1.094,-2.30258509299405,-3.21276298872521,-0.693147180559945,0,TRUE,1
500:31,AIW-N,oracle_lambda_oracle_L,500,0.001,100,0.001,31,58.1855645723242,0.001,2,TRUE,interior,2940.65549102608,TRUE,-3.82791235165918e-06,0.001,12.9986769814167,-5.57090218200678,1.094,-2.30258509299405,-2.84411798641299,-0.693147180559945,0,TRUE,1
500:31,AIW-N,selected_lambda_oracle_L,500,0.001,100,0.001,31,81.6913992858353,0.002,2,TRUE,interior,2941.18107539076,TRUE,-3.82791235165918e-06,0.001,12.9986769814167,-5.57090218200678,1.094,-2.30258509299405,-2.50480655455686,-0.693147180559945,0,TRUE,1
500:31,collapsed-R,actual_selection,500,0.001,100,0.001,31,39.1537518006577,0.001,1,TRUE,interior,2939.49219436954,TRUE,-3.82791235165918e-06,0.001,12.9986769814167,-5.57090218200678,0.564999999999998,-2.30258509299405,-3.24025902970244,-0.693147180559945,0,TRUE,1
500:31,collapsed-R,oracle_lambda,500,0.001,100,0.001,31,39.1537518006577,0.001,1,TRUE,interior,2939.49219436954,TRUE,-3.82791235165918e-06,0.001,12.9986769814167,-5.57090218200678,0.564999999999998,-2.30258509299405,-3.24025902970244,-0.693147180559945,0,TRUE,1
500:31,AIW-N,actual_selection,500,0.005,100,0.001,31,53.2706535443032,0.002,1,TRUE,interior,2559.73093610553,TRUE,-3.82791235165918e-06,0.005,29.0659253480095,-12.4569159749691,1.002,-2.30258509299405,-2.93236968960393,-0.693147180559945,1.6094379124341,TRUE,1
500:31,AIW-N,oracle_lambda_oracle_L,500,0.005,100,0.001,31,54.0901270171338,0.001,2,TRUE,interior,2553.6747787797,TRUE,-3.82791235165918e-06,0.005,29.0659253480095,-12.4569159749691,1.002,-2.30258509299405,-2.91710360484617,-0.693147180559945,1.6094379124341,TRUE,1
500:31,AIW-N,selected_lambda_oracle_L,500,0.005,100,0.001,31,71.6589387861996,0.002,2,TRUE,interior,2559.28716793364,TRUE,-3.82791235165918e-06,0.005,29.0659253480095,-12.4569159749691,1.002,-2.30258509299405,-2.63583737622699,-0.693147180559945,1.6094379124341,TRUE,1
500:31,collapsed-R,actual_selection,500,0.005,100,0.001,31,62.9872698896471,0.004,1,TRUE,interior,2547.1477078927,TRUE,-3.82791235165918e-06,0.005,29.0659253480095,-12.4569159749691,1.431,-2.30258509299405,-2.76482263825223,-0.693147180559945,1.6094379124341,TRUE,1
500:31,collapsed-R,oracle_lambda,500,0.005,100,0.001,31,7.37098062514795,0.001,0,TRUE,interior,2540.82907109935,TRUE,-3.82791235165918e-06,0.005,29.0659253480095,-12.4569159749691,1.431,-2.30258509299405,-4.91020452530266,-0.693147180559945,1.6094379124341,TRUE,1
500:31,AIW-N,actual_selection,500,2e-04,200,0.001,31,257.596939627402,0.001,5,TRUE,interior,3261.41669874035,TRUE,-1.27951699464685e-05,2e-04,5.81318853629915,-2.49142723419137,0.985999999999997,-1.6094379124341,-1.35635916515092,-0.693147180559945,-1.6094379124341,TRUE,1
500:31,AIW-N,oracle_lambda_oracle_L,500,2e-04,200,0.001,31,140.73302673021,0.001,2,TRUE,interior,3260.2505731607,TRUE,-1.27951699464685e-05,2e-04,5.81318853629915,-2.49142723419137,0.985999999999997,-1.6094379124341,-1.96089061084894,-0.693147180559945,-1.6094379124341,TRUE,1
500:31,AIW-N,selected_lambda_oracle_L,500,2e-04,200,0.001,31,140.73302673021,0.001,2,TRUE,interior,3260.2505731607,TRUE,-1.27951699464685e-05,2e-04,5.81318853629915,-2.49142723419137,0.985999999999997,-1.6094379124341,-1.96089061084894,-0.693147180559945,-1.6094379124341,TRUE,1
500:31,collapsed-R,actual_selection,500,2e-04,200,0.001,31,134.261404071387,0.001,0,TRUE,interior,3256.41986268965,TRUE,-1.27951699464685e-05,2e-04,5.81318853629915,-2.49142723419137,0.191999999999997,-1.6094379124341,-2.00796660267289,-0.693147180559945,-1.6094379124341,TRUE,1
500:31,collapsed-R,oracle_lambda,500,2e-04,200,0.001,31,134.261404071387,0.001,0,TRUE,interior,3256.41986268965,TRUE,-1.27951699464685e-05,2e-04,5.81318853629915,-2.49142723419137,0.191999999999997,-1.6094379124341,-2.00796660267289,-0.693147180559945,-1.6094379124341,TRUE,1
500:31,AIW-N,actual_selection,500,0.001,200,0.001,31,81.443711183366,0.001,1,TRUE,interior,3067.46310521819,TRUE,-1.27951699464685e-05,0.001,12.9986847331874,-5.5710006566462,0.946999999999999,-1.6094379124341,-2.50784315767784,-0.693147180559945,0,TRUE,1
500:31,AIW-N,oracle_lambda_oracle_L,500,0.001,200,0.001,31,102.142599600765,0.001,2,TRUE,interior,3066.0316688761,TRUE,-1.27951699464685e-05,0.001,12.9986847331874,-5.5710006566462,0.946999999999999,-1.6094379124341,-2.28138540673773,-0.693147180559945,0,TRUE,1
500:31,AIW-N,selected_lambda_oracle_L,500,0.001,200,0.001,31,102.142599600765,0.001,2,TRUE,interior,3066.0316688761,TRUE,-1.27951699464685e-05,0.001,12.9986847331874,-5.5710006566462,0.946999999999999,-1.6094379124341,-2.28138540673773,-0.693147180559945,0,TRUE,1
500:31,collapsed-R,actual_selection,500,0.001,200,0.001,31,79.5199659531603,0.001,1,TRUE,interior,3065.22608217098,TRUE,-1.27951699464685e-05,0.001,12.9986847331874,-5.5710006566462,0.424999999999997,-1.6094379124341,-2.53174714478833,-0.693147180559945,0,TRUE,1
500:31,collapsed-R,oracle_lambda,500,0.001,200,0.001,31,79.5199659531603,0.001,1,TRUE,interior,3065.22608217098,TRUE,-1.27951699464685e-05,0.001,12.9986847331874,-5.5710006566462,0.424999999999997,-1.6094379124341,-2.53174714478833,-0.693147180559945,0,TRUE,1
500:31,AIW-N,actual_selection,500,0.005,200,0.001,31,132.899757669368,0.002,2,TRUE,interior,2725.68735055801,TRUE,-1.27951699464685e-05,0.005,29.0659426814958,-12.4571361709569,1.011,-1.6094379124341,-2.01816013667041,-0.693147180559945,1.6094379124341,TRUE,1
500:31,AIW-N,oracle_lambda_oracle_L,500,0.005,200,0.001,31,100.048711322115,0.001,2,TRUE,interior,2723.52904902656,TRUE,-1.27951699464685e-05,0.005,29.0659426814958,-12.4571361709569,1.011,-1.6094379124341,-2.30209809837403,-0.693147180559945,1.6094379124341,TRUE,1
500:31,AIW-N,selected_lambda_oracle_L,500,0.005,200,0.001,31,132.899757669368,0.002,2,TRUE,interior,2725.68735055801,TRUE,-1.27951699464685e-05,0.005,29.0659426814958,-12.4571361709569,1.011,-1.6094379124341,-2.01816013667041,-0.693147180559945,1.6094379124341,TRUE,1
500:31,collapsed-R,actual_selection,500,0.005,200,0.001,31,103.180114944093,0.002,1,TRUE,interior,2721.15075074616,TRUE,-1.27951699464685e-05,0.005,29.0659426814958,-12.4571361709569,1.52,-1.6094379124341,-2.27127912915101,-0.693147180559945,1.6094379124341,TRUE,1
500:31,collapsed-R,oracle_lambda,500,0.005,200,0.001,31,75.8909992076618,0.001,1,TRUE,interior,2719.95548138229,TRUE,-1.27951699464685e-05,0.005,29.0659426814958,-12.4571361709569,1.52,-1.6094379124341,-2.57845718912695,-0.693147180559945,1.6094379124341,TRUE,1
500:31,AIW-N,actual_selection,500,2e-04,500,0.001,31,266.043705365868,0.001,2,TRUE,interior,3276.87760200155,TRUE,1.01583139081087e-06,2e-04,5.81318398247335,2.49136938449854,0.917999999999999,-0.693147180559945,-1.32409467781045,-0.693147180559945,-1.6094379124341,TRUE,1
500:31,AIW-N,oracle_lambda_oracle_L,500,2e-04,500,0.001,31,266.043705365868,0.001,2,TRUE,interior,3276.87760200155,TRUE,1.01583139081087e-06,2e-04,5.81318398247335,2.49136938449854,0.917999999999999,-0.693147180559945,-1.32409467781045,-0.693147180559945,-1.6094379124341,TRUE,1
500:31,AIW-N,selected_lambda_oracle_L,500,2e-04,500,0.001,31,266.043705365868,0.001,2,TRUE,interior,3276.87760200155,TRUE,1.01583139081087e-06,2e-04,5.81318398247335,2.49136938449854,0.917999999999999,-0.693147180559945,-1.32409467781045,-0.693147180559945,-1.6094379124341,TRUE,1
500:31,collapsed-R,actual_selection,500,2e-04,500,0.001,31,555.268920007993,0.001,1,TRUE,interior,3275.60572075036,TRUE,1.01583139081087e-06,2e-04,5.81318398247335,2.49136938449854,0.204999999999998,-0.693147180559945,-0.588302742032629,-0.693147180559945,-1.6094379124341,TRUE,1
500:31,collapsed-R,oracle_lambda,500,2e-04,500,0.001,31,555.268920007993,0.001,1,TRUE,interior,3275.60572075036,TRUE,1.01583139081087e-06,2e-04,5.81318398247335,2.49136938449854,0.204999999999998,-0.693147180559945,-0.588302742032629,-0.693147180559945,-1.6094379124341,TRUE,1
500:31,AIW-N,actual_selection,500,0.001,500,0.001,31,327.775635116929,0.001,3,TRUE,interior,3180.10961858252,TRUE,1.01583139081087e-06,0.001,12.9986745505234,5.57087130080054,0.975999999999999,-0.693147180559945,-1.11542594393726,-0.693147180559945,0,TRUE,1
500:31,AIW-N,oracle_lambda_oracle_L,500,0.001,500,0.001,31,329.553017939764,0.001,2,TRUE,interior,3179.89327403099,TRUE,1.01583139081087e-06,0.001,12.9986745505234,5.57087130080054,0.975999999999999,-0.693147180559945,-1.11001803376547,-0.693147180559945,0,TRUE,1
500:31,AIW-N,selected_lambda_oracle_L,500,0.001,500,0.001,31,329.553017939764,0.001,2,TRUE,interior,3179.89327403099,TRUE,1.01583139081087e-06,0.001,12.9986745505234,5.57087130080054,0.975999999999999,-0.693147180559945,-1.11001803376547,-0.693147180559945,0,TRUE,1
500:31,collapsed-R,actual_selection,500,0.001,500,0.001,31,326.893316292802,0.001,2,TRUE,interior,3178.35094494708,TRUE,1.01583139081087e-06,0.001,12.9986745505234,5.57087130080054,1.66900000000002,-0.693147180559945,-1.11812141118506,-0.693147180559945,0,TRUE,1
500:31,collapsed-R,oracle_lambda,500,0.001,500,0.001,31,326.893316292802,0.001,2,TRUE,interior,3178.35094494708,TRUE,1.01583139081087e-06,0.001,12.9986745505234,5.57087130080054,1.66900000000002,-0.693147180559945,-1.11812141118506,-0.693147180559945,0,TRUE,1
500:31,AIW-N,actual_selection,500,0.005,500,0.001,31,336.637832066985,0.001,2,TRUE,interior,2951.27109069375,TRUE,1.01583139081087e-06,0.005,29.0659199123667,12.4568469224927,1.061,-0.693147180559945,-1.08874760880867,-0.693147180559945,1.6094379124341,TRUE,1
500:31,AIW-N,oracle_lambda_oracle_L,500,0.005,500,0.001,31,336.637832066985,0.001,2,TRUE,interior,2951.27109069375,TRUE,1.01583139081087e-06,0.005,29.0659199123667,12.4568469224927,1.061,-0.693147180559945,-1.08874760880867,-0.693147180559945,1.6094379124341,TRUE,1
500:31,AIW-N,selected_lambda_oracle_L,500,0.005,500,0.001,31,336.637832066985,0.001,2,TRUE,interior,2951.27109069375,TRUE,1.01583139081087e-06,0.005,29.0659199123667,12.4568469224927,1.061,-0.693147180559945,-1.08874760880867,-0.693147180559945,1.6094379124341,TRUE,1
500:31,collapsed-R,actual_selection,500,0.005,500,0.001,31,442.605320754386,0.002,2,TRUE,interior,2939.63818794654,TRUE,1.01583139081087e-06,0.005,29.0659199123667,12.4568469224927,1.508,-0.693147180559945,-0.815076829850492,-0.693147180559945,1.6094379124341,TRUE,1
500:31,collapsed-R,oracle_lambda,500,0.005,500,0.001,31,245.918208646168,0.001,1,TRUE,interior,2936.22767962369,TRUE,1.01583139081087e-06,0.005,29.0659199123667,12.4568469224927,1.508,-0.693147180559945,-1.4027562835134,-0.693147180559945,1.6094379124341,TRUE,1
500:31,AIW-N,actual_selection,500,2e-04,1000,0.001,31,583.784481217679,0.001,5,TRUE,interior,3260.75689795091,TRUE,-5.31926245779347e-06,2e-04,5.81318564614776,-2.49139051919775,0.957999999999998,0,-0.538223403276387,-0.693147180559945,-1.6094379124341,TRUE,1
500:31,AIW-N,oracle_lambda_oracle_L,500,2e-04,1000,0.001,31,401.713394470811,0.001,2,TRUE,interior,3257.18434767711,TRUE,-5.31926245779347e-06,2e-04,5.81318564614776,-2.49139051919775,0.957999999999998,0,-0.912016393709755,-0.693147180559945,-1.6094379124341,TRUE,1
500:31,AIW-N,selected_lambda_oracle_L,500,2e-04,1000,0.001,31,401.713394470811,0.001,2,TRUE,interior,3257.18434767711,TRUE,-5.31926245779347e-06,2e-04,5.81318564614776,-2.49139051919775,0.957999999999998,0,-0.912016393709755,-0.693147180559945,-1.6094379124341,TRUE,1
500:31,collapsed-R,actual_selection,500,2e-04,1000,0.001,31,392.486530214854,0.001,1,TRUE,interior,3254.02165464092,TRUE,-5.31926245779347e-06,2e-04,5.81318564614776,-2.49139051919775,0.800000000000004,0,-0.935253060272486,-0.693147180559945,-1.6094379124341,TRUE,1
500:31,collapsed-R,oracle_lambda,500,2e-04,1000,0.001,31,392.486530214854,0.001,1,TRUE,interior,3254.02165464092,TRUE,-5.31926245779347e-06,2e-04,5.81318564614776,-2.49139051919775,0.800000000000004,0,-0.935253060272486,-0.693147180559945,-1.6094379124341,TRUE,1
500:31,AIW-N,actual_selection,500,0.001,1000,0.001,31,630.04664686419,0.001,5,TRUE,interior,3194.43033903303,TRUE,-5.31926245779347e-06,0.001,12.9986782706124,-5.57091855942467,0.931000000000004,0,-0.461961419696008,-0.693147180559945,0,TRUE,1
500:31,AIW-N,oracle_lambda_oracle_L,500,0.001,1000,0.001,31,529.545907031874,0.001,2,TRUE,interior,3190.32509439942,TRUE,-5.31926245779347e-06,0.001,12.9986782706124,-5.57091855942467,0.931000000000004,0,-0.635735418866179,-0.693147180559945,0,TRUE,1
500:31,AIW-N,selected_lambda_oracle_L,500,0.001,1000,0.001,31,529.545907031874,0.001,2,TRUE,interior,3190.32509439942,TRUE,-5.31926245779347e-06,0.001,12.9986782706124,-5.57091855942467,0.931000000000004,0,-0.635735418866179,-0.693147180559945,0,TRUE,1
500:31,collapsed-R,actual_selection,500,0.001,1000,0.001,31,533.908835896763,0.001,2,TRUE,interior,3189.35626765812,TRUE,-5.31926245779347e-06,0.001,12.9986782706124,-5.57091855942467,2.33300000000001,0,-0.627530173890591,-0.693147180559945,0,TRUE,1
500:31,collapsed-R,oracle_lambda,500,0.001,1000,0.001,31,533.908835896763,0.001,2,TRUE,interior,3189.35626765812,TRUE,-5.31926245779347e-06,0.001,12.9986782706124,-5.57091855942467,2.33300000000001,0,-0.627530173890591,-0.693147180559945,0,TRUE,1
500:31,AIW-N,actual_selection,500,0.005,1000,0.001,31,584.074687772545,0.001,2,TRUE,interior,3019.67115269102,TRUE,-5.31926245779347e-06,0.005,29.0659282307388,-12.4569525959888,1.148,0,-0.53772641430966,-0.693147180559945,1.6094379124341,TRUE,1
500:31,AIW-N,oracle_lambda_oracle_L,500,0.005,1000,0.001,31,584.074687772545,0.001,2,TRUE,interior,3019.67115269102,TRUE,-5.31926245779347e-06,0.005,29.0659282307388,-12.4569525959888,1.148,0,-0.53772641430966,-0.693147180559945,1.6094379124341,TRUE,1
500:31,AIW-N,selected_lambda_oracle_L,500,0.005,1000,0.001,31,584.074687772545,0.001,2,TRUE,interior,3019.67115269102,TRUE,-5.31926245779347e-06,0.005,29.0659282307388,-12.4569525959888,1.148,0,-0.53772641430966,-0.693147180559945,1.6094379124341,TRUE,1
500:31,collapsed-R,actual_selection,500,0.005,1000,0.001,31,583.117762437582,0.001,2,TRUE,interior,3018.11882035879,TRUE,-5.31926245779347e-06,0.005,29.0659282307388,-12.4569525959888,1.36400000000001,0,-0.539366119140158,-0.693147180559945,1.6094379124341,TRUE,1
500:31,collapsed-R,oracle_lambda,500,0.005,1000,0.001,31,583.117762437582,0.001,2,TRUE,interior,3018.11882035879,TRUE,-5.31926245779347e-06,0.005,29.0659282307388,-12.4569525959888,1.36400000000001,0,-0.539366119140158,-0.693147180559945,1.6094379124341,TRUE,1
500:32,AIW-N,actual_selection,500,2e-04,20,0.001,32,65.136794649331,0.006,5,TRUE,interior,2909.53967132011,TRUE,1.17029433420509e-05,2e-04,5.8131881140477,2.49142187015915,1.332,-3.91202300542815,-2.73126568744745,-0.693147180559945,-1.6094379124341,TRUE,5
500:32,AIW-N,oracle_lambda_oracle_L,500,2e-04,20,0.001,32,13.5275313407087,0.001,2,TRUE,interior,2881.79299959137,TRUE,1.17029433420509e-05,2e-04,5.8131881140477,2.49142187015915,1.332,-3.91202300542815,-4.30302831163553,-0.693147180559945,-1.6094379124341,TRUE,5
500:32,AIW-N,selected_lambda_oracle_L,500,2e-04,20,0.001,32,40.8884434707876,0.006,2,TRUE,interior,2905.92735541276,TRUE,1.17029433420509e-05,2e-04,5.8131881140477,2.49142187015915,1.332,-3.91202300542815,-3.19690781158624,-0.693147180559945,-1.6094379124341,TRUE,5
500:32,collapsed-R,actual_selection,500,2e-04,20,0.001,32,24.795040523166,0.006,0,TRUE,interior,2904.2234784665,TRUE,1.17029433420509e-05,2e-04,5.8131881140477,2.49142187015915,0.362,-3.91202300542815,-3.69711162471425,-0.693147180559945,-1.6094379124341,TRUE,5
500:32,collapsed-R,oracle_lambda,500,2e-04,20,0.001,32,3.98363660247536,0.001,0,TRUE,interior,2881.77911993526,TRUE,1.17029433420509e-05,2e-04,5.8131881140477,2.49142187015915,0.362,-3.91202300542815,-5.52556015765817,-0.693147180559945,-1.6094379124341,TRUE,5
500:32,AIW-N,actual_selection,500,0.001,20,0.001,32,16.3217381399767,0.004,1,TRUE,interior,2549.30067738051,TRUE,1.17029433420509e-05,0.001,12.9986837890045,5.57098866230552,1.263,-3.91202300542815,-4.11525743144225,-0.693147180559945,0,TRUE,5
500:32,AIW-N,oracle_lambda_oracle_L,500,0.001,20,0.001,32,12.2864721127146,0.001,2,TRUE,interior,2525.35051504277,TRUE,1.17029433420509e-05,0.001,12.9986837890045,5.57098866230552,1.263,-3.91202300542815,-4.39925645009325,-0.693147180559945,0,TRUE,5
500:32,AIW-N,selected_lambda_oracle_L,500,0.001,20,0.001,32,22.4281311662731,0.004,2,TRUE,interior,2544.88811264368,TRUE,1.17029433420509e-05,0.001,12.9986837890045,5.57098866230552,1.263,-3.91202300542815,-3.79743925241103,-0.693147180559945,0,TRUE,5
500:32,collapsed-R,actual_selection,500,0.001,20,0.001,32,8.82824692004151,0.004,0,TRUE,interior,2545.28183342534,TRUE,1.17029433420509e-05,0.001,12.9986837890045,5.57098866230552,0.289000000000002,-3.91202300542815,-4.72979882087895,-0.693147180559945,0,TRUE,5
500:32,collapsed-R,oracle_lambda,500,0.001,20,0.001,32,3.10046372334893,0.001,0,TRUE,interior,2527.55545132786,TRUE,1.17029433420509e-05,0.001,12.9986837890045,5.57098866230552,0.289000000000002,-3.91202300542815,-5.77620359050116,-0.693147180559945,0,TRUE,5
500:32,AIW-N,actual_selection,500,0.005,20,0.001,32,15.3145448584186,0.004,1,TRUE,interior,2147.47769562587,TRUE,1.17029433420509e-05,0.005,29.0659405702385,12.4571093507958,1.101,-3.91202300542815,-4.17895225781882,-0.693147180559945,1.6094379124341,TRUE,5
500:32,AIW-N,oracle_lambda_oracle_L,500,0.005,20,0.001,32,11.4476540809803,0.001,2,TRUE,interior,2123.96870858336,TRUE,1.17029433420509e-05,0.005,29.0659405702385,12.4571093507958,1.101,-3.91202300542815,-4.46997045373061,-0.693147180559945,1.6094379124341,TRUE,5
500:32,AIW-N,selected_lambda_oracle_L,500,0.005,20,0.001,32,20.1161043123703,0.004,2,TRUE,interior,2142.34326089884,TRUE,1.17029433420509e-05,0.005,29.0659405702385,12.4571093507958,1.101,-3.91202300542815,-3.90623457514349,-0.693147180559945,1.6094379124341,TRUE,5
500:32,collapsed-R,actual_selection,500,0.005,20,0.001,32,2.00346120378492,0.004,0,TRUE,interior,2141.06173572506,TRUE,1.17029433420509e-05,0.005,29.0659405702385,12.4571093507958,0.308,-3.91202300542815,-6.21287899229572,-0.693147180559945,1.6094379124341,TRUE,5
500:32,collapsed-R,oracle_lambda,500,0.005,20,0.001,32,1.16197184889017,0.001,0,TRUE,interior,2125.3207068204,TRUE,1.17029433420509e-05,0.005,29.0659405702385,12.4571093507958,0.308,-3.91202300542815,-6.75763684727431,-0.693147180559945,1.6094379124341,TRUE,5
500:32,AIW-N,actual_selection,500,2e-04,50,0.001,32,75.9523515733536,0.002,5,TRUE,interior,3094.91081392059,TRUE,4.4826823681037e-06,2e-04,5.81318532273142,2.49138641065084,0.950000000000001,-2.99573227355399,-2.5776490882952,-0.693147180559945,-1.6094379124341,TRUE,5
500:32,AIW-N,oracle_lambda_oracle_L,500,2e-04,50,0.001,32,35.6669556512004,0.001,2,TRUE,interior,3084.88822368985,TRUE,4.4826823681037e-06,2e-04,5.81318532273142,2.49138641065084,0.950000000000001,-2.99573227355399,-3.33353063085106,-0.693147180559945,-1.6094379124341,TRUE,5
500:32,AIW-N,selected_lambda_oracle_L,500,2e-04,50,0.001,32,62.9450910112644,0.002,2,TRUE,interior,3094.2608910921,TRUE,4.4826823681037e-06,2e-04,5.81318532273142,2.49138641065084,0.950000000000001,-2.99573227355399,-2.76549250387943,-0.693147180559945,-1.6094379124341,TRUE,5
500:32,collapsed-R,actual_selection,500,2e-04,50,0.001,32,48.8503132762392,0.002,1,TRUE,interior,3091.61720897017,TRUE,4.4826823681037e-06,2e-04,5.81318532273142,2.49138641065084,0.948000000000002,-2.99573227355399,-3.01899448748957,-0.693147180559945,-1.6094379124341,TRUE,5
500:32,collapsed-R,oracle_lambda,500,2e-04,50,0.001,32,25.6661806050651,0.001,1,TRUE,interior,3082.37606944478,TRUE,4.4826823681037e-06,2e-04,5.81318532273142,2.49138641065084,0.948000000000002,-2.99573227355399,-3.66258108344088,-0.693147180559945,-1.6094379124341,TRUE,5
500:32,AIW-N,actual_selection,500,0.001,50,0.001,32,51.8785473129284,0.004,1,TRUE,interior,2802.01562003953,TRUE,4.4826823681037e-06,0.001,12.9986775474315,5.57090937243449,1.026,-2.99573227355399,-2.95884992083324,-0.693147180559945,0,TRUE,5
500:32,AIW-N,oracle_lambda_oracle_L,500,0.001,50,0.001,32,29.0511548288093,0.001,2,TRUE,interior,2771.94455582819,TRUE,4.4826823681037e-06,0.001,12.9986775474315,5.57090937243449,1.026,-2.99573227355399,-3.53869704333118,-0.693147180559945,0,TRUE,5
500:32,AIW-N,selected_lambda_oracle_L,500,0.001,50,0.001,32,76.3433940169288,0.006,2,TRUE,interior,2799.73756622178,TRUE,4.4826823681037e-06,0.001,12.9986775474315,5.57090937243449,1.026,-2.99573227355399,-2.57251377343237,-0.693147180559945,0,TRUE,5
500:32,collapsed-R,actual_selection,500,0.001,50,0.001,32,63.3766786577824,0.006,1,TRUE,interior,2799.36878315394,TRUE,4.4826823681037e-06,0.001,12.9986775474315,5.57090937243449,0.553999999999997,-2.99573227355399,-2.75865932972482,-0.693147180559945,0,TRUE,5
500:32,collapsed-R,oracle_lambda,500,0.001,50,0.001,32,20.6704515758006,0.001,1,TRUE,interior,2771.31112403127,TRUE,4.4826823681037e-06,0.001,12.9986775474315,5.57090937243449,0.553999999999997,-2.99573227355399,-3.87905005860883,-0.693147180559945,0,TRUE,5
500:32,AIW-N,actual_selection,500,0.005,50,0.001,32,49.6111276649901,0.006,1,TRUE,interior,2392.81657111567,TRUE,4.4826823681037e-06,0.005,29.0659266136571,12.4569320532542,1.083,-2.99573227355399,-3.00354012232905,-0.693147180559945,1.6094379124341,TRUE,5
500:32,AIW-N,oracle_lambda_oracle_L,500,0.005,50,0.001,32,25.5281712841159,0.001,2,TRUE,interior,2356.38752039603,TRUE,4.4826823681037e-06,0.005,29.0659266136571,12.4569320532542,1.083,-2.99573227355399,-3.66797268037202,-0.693147180559945,1.6094379124341,TRUE,5
500:32,AIW-N,selected_lambda_oracle_L,500,0.005,50,0.001,32,57.7208770555171,0.006,2,TRUE,interior,2388.73377553636,TRUE,4.4826823681037e-06,0.005,29.0659266136571,12.4569320532542,1.083,-2.99573227355399,-2.85213635018988,-0.693147180559945,1.6094379124341,TRUE,5
500:32,collapsed-R,actual_selection,500,0.005,50,0.001,32,39.1342716132981,0.006,1,TRUE,interior,2386.18839177073,TRUE,4.4826823681037e-06,0.005,29.0659266136571,12.4569320532542,1.332,-2.99573227355399,-3.24075668405395,-0.693147180559945,1.6094379124341,TRUE,5
500:32,collapsed-R,oracle_lambda,500,0.005,50,0.001,32,2.92517462568662,0.001,0,TRUE,interior,2352.0454827504,TRUE,4.4826823681037e-06,0.005,29.0659266136571,12.4569320532542,1.332,-2.99573227355399,-5.83440109899091,-0.693147180559945,1.6094379124341,TRUE,5
500:32,AIW-N,actual_selection,500,2e-04,100,0.001,32,114.525636904337,0.002,5,TRUE,interior,3071.43899393953,TRUE,-2.33481833916432e-05,2e-04,5.8131926160914,-2.49147906087931,1.036,-2.30258509299405,-2.16695657795575,-0.693147180559945,-1.6094379124341,TRUE,5
500:32,AIW-N,oracle_lambda_oracle_L,500,2e-04,100,0.001,32,43.817983352208,0.001,2,TRUE,interior,3059.8519203245,TRUE,-2.33481833916432e-05,2e-04,5.8131926160914,-2.49147906087931,1.036,-2.30258509299405,-3.12771096704662,-0.693147180559945,-1.6094379124341,TRUE,5
500:32,AIW-N,selected_lambda_oracle_L,500,2e-04,100,0.001,32,72.8850724556684,0.002,2,TRUE,interior,3068.21904598384,TRUE,-2.33481833916432e-05,2e-04,5.8131926160914,-2.49147906087931,1.036,-2.30258509299405,-2.61887142834719,-0.693147180559945,-1.6094379124341,TRUE,5
500:32,collapsed-R,actual_selection,500,2e-04,100,0.001,32,56.964386287773,0.002,1,TRUE,interior,3066.37115721372,TRUE,-2.33481833916432e-05,2e-04,5.8131926160914,-2.49147906087931,0.501999999999999,-2.30258509299405,-2.86532900838657,-0.693147180559945,-1.6094379124341,TRUE,5
500:32,collapsed-R,oracle_lambda,500,2e-04,100,0.001,32,29.9521859113564,0.001,0,TRUE,interior,3058.38153548481,TRUE,-2.33481833916432e-05,2e-04,5.8131926160914,-2.49147906087931,0.501999999999999,-2.30258509299405,-3.50815297172984,-0.693147180559945,-1.6094379124341,TRUE,5
500:32,AIW-N,actual_selection,500,0.001,100,0.001,32,99.1984583274625,0.004,2,TRUE,interior,2856.5071259774,TRUE,-2.33481833916432e-05,0.001,12.9986938558802,-5.57111654464347,1.245,-2.30258509299405,-2.31063280586588,-0.693147180559945,0,TRUE,5
500:32,AIW-N,oracle_lambda_oracle_L,500,0.001,100,0.001,32,47.5952303102672,0.001,2,TRUE,interior,2837.9217324391,TRUE,-2.33481833916432e-05,0.001,12.9986938558802,-5.57111654464347,1.245,-2.30258509299405,-3.04502272633129,-0.693147180559945,0,TRUE,5
500:32,AIW-N,selected_lambda_oracle_L,500,0.001,100,0.001,32,99.1984583274625,0.004,2,TRUE,interior,2856.5071259774,TRUE,-2.33481833916432e-05,0.001,12.9986938558802,-5.57111654464347,1.245,-2.30258509299405,-2.31063280586588,-0.693147180559945,0,TRUE,5
500:32,collapsed-R,actual_selection,500,0.001,100,0.001,32,80.0435220928759,0.004,1,TRUE,interior,2853.92421635908,TRUE,-2.33481833916432e-05,0.001,12.9986938558802,-5.57111654464347,0.645,-2.30258509299405,-2.52518476607589,-0.693147180559945,0,TRUE,5
500:32,collapsed-R,oracle_lambda,500,0.001,100,0.001,32,34.7210183350649,0.001,1,TRUE,interior,2836.07677497456,TRUE,-2.33481833916432e-05,0.001,12.9986938558802,-5.57111654464347,0.645,-2.30258509299405,-3.36041005969312,-0.693147180559945,0,TRUE,5
500:32,AIW-N,actual_selection,500,0.005,100,0.001,32,71.8496654967957,0.004,1,TRUE,interior,2511.4351509005,TRUE,-2.33481833916432e-05,0.005,29.065963080457,-12.4573953043965,1.163,-2.30258509299405,-2.6331793220449,-0.693147180559945,1.6094379124341,TRUE,5
500:32,AIW-N,oracle_lambda_oracle_L,500,0.005,100,0.001,32,48.2770193174251,0.001,2,TRUE,interior,2487.00387499286,TRUE,-2.33481833916432e-05,0.005,29.065963080457,-12.4573953043965,1.163,-2.30258509299405,-3.03079962207734,-0.693147180559945,1.6094379124341,TRUE,5
500:32,AIW-N,selected_lambda_oracle_L,500,0.005,100,0.001,32,89.4790996296809,0.004,2,TRUE,interior,2511.4063502843,TRUE,-2.33481833916432e-05,0.005,29.065963080457,-12.4573953043965,1.163,-2.30258509299405,-2.41375020466295,-0.693147180559945,1.6094379124341,TRUE,5
500:32,collapsed-R,actual_selection,500,0.005,100,0.001,32,64.7812529367026,0.004,1,TRUE,interior,2506.08636235672,TRUE,-2.33481833916432e-05,0.005,29.065963080457,-12.4573953043965,1.645,-2.30258509299405,-2.73673902401348,-0.693147180559945,1.6094379124341,TRUE,5
500:32,collapsed-R,oracle_lambda,500,0.005,100,0.001,32,5.33660671950078,0.001,0,TRUE,interior,2474.76014431669,TRUE,-2.33481833916432e-05,0.005,29.065963080457,-12.4573953043965,1.645,-2.30258509299405,-5.23316527377765,-0.693147180559945,1.6094379124341,TRUE,5
500:32,AIW-N,actual_selection,500,2e-04,200,0.001,32,77.7945248136878,0.002,2,TRUE,interior,3096.24251158928,TRUE,9.25887132767057e-06,2e-04,5.81318716917904,2.49140986706728,0.972000000000001,-1.6094379124341,-2.55368422541964,-0.693147180559945,-1.6094379124341,TRUE,5
500:32,AIW-N,oracle_lambda_oracle_L,500,2e-04,200,0.001,32,44.0960919424027,0.001,2,TRUE,interior,3087.7529958971,TRUE,9.25887132767057e-06,2e-04,5.81318716917904,2.49140986706728,0.972000000000001,-1.6094379124341,-3.12138411854226,-0.693147180559945,-1.6094379124341,TRUE,5
500:32,AIW-N,selected_lambda_oracle_L,500,2e-04,200,0.001,32,77.7945248136878,0.002,2,TRUE,interior,3096.24251158928,TRUE,9.25887132767057e-06,2e-04,5.81318716917904,2.49140986706728,0.972000000000001,-1.6094379124341,-2.55368422541964,-0.693147180559945,-1.6094379124341,TRUE,5
500:32,collapsed-R,actual_selection,500,2e-04,200,0.001,32,56.0223074705629,0.002,1,TRUE,interior,3092.37415049475,TRUE,9.25887132767057e-06,2e-04,5.81318716917904,2.49140986706728,0.929000000000002,-1.6094379124341,-2.88200531987774,-0.693147180559945,-1.6094379124341,TRUE,5
500:32,collapsed-R,oracle_lambda,500,2e-04,200,0.001,32,29.260592474487,0.001,1,TRUE,interior,3084.32104193306,TRUE,9.25887132767057e-06,2e-04,5.81318716917904,2.49140986706728,0.929000000000002,-1.6094379124341,-3.53151363497975,-0.693147180559945,-1.6094379124341,TRUE,5
500:32,AIW-N,actual_selection,500,0.001,200,0.001,32,94.3883643656926,0.004,1,TRUE,interior,2907.91491385824,TRUE,9.25887132767057e-06,0.001,12.9986816762139,5.57096182257616,0.971999999999998,-1.6094379124341,-2.36033747226568,-0.693147180559945,0,TRUE,5
500:32,AIW-N,oracle_lambda_oracle_L,500,0.001,200,0.001,32,51.7632073391076,0.001,2,TRUE,interior,2884.45361954482,TRUE,9.25887132767057e-06,0.001,12.9986816762139,5.57096182257616,0.971999999999998,-1.6094379124341,-2.96107566511601,-0.693147180559945,0,TRUE,5
500:32,AIW-N,selected_lambda_oracle_L,500,0.001,200,0.001,32,116.523514073795,0.004,2,TRUE,interior,2906.58442532188,TRUE,9.25887132767057e-06,0.001,12.9986816762139,5.57096182257616,0.971999999999998,-1.6094379124341,-2.14966218879953,-0.693147180559945,0,TRUE,5
500:32,collapsed-R,actual_selection,500,0.001,200,0.001,32,93.6155485004894,0.004,1,TRUE,interior,2905.93888410712,TRUE,9.25887132767057e-06,0.001,12.9986816762139,5.57096182257616,0.509000000000007,-1.6094379124341,-2.36855879283618,-0.693147180559945,0,TRUE,5
500:32,collapsed-R,oracle_lambda,500,0.001,200,0.001,32,37.5923751582763,0.001,1,TRUE,interior,2884.73028213001,TRUE,9.25887132767057e-06,0.001,12.9986816762139,5.57096182257616,0.509000000000007,-1.6094379124341,-3.28095403749434,-0.693147180559945,0,TRUE,5
500:32,AIW-N,actual_selection,500,0.005,200,0.001,32,153.242713082613,0.006,2,TRUE,interior,2604.53242928265,TRUE,9.25887132767057e-06,0.005,29.0659358458952,12.4570493353364,1.049,-1.6094379124341,-1.87573225451254,-0.693147180559945,1.6094379124341,TRUE,5
500:32,AIW-N,oracle_lambda_oracle_L,500,0.005,200,0.001,32,63.445582520249,0.001,2,TRUE,interior,2568.45472183768,TRUE,9.25887132767057e-06,0.005,29.0659358458952,12.4570493353364,1.049,-1.6094379124341,-2.7575727086757,-0.693147180559945,1.6094379124341,TRUE,5
500:32,AIW-N,selected_lambda_oracle_L,500,0.005,200,0.001,32,153.242713082613,0.006,2,TRUE,interior,2604.53242928265,TRUE,9.25887132767057e-06,0.005,29.0659358458952,12.4570493353364,1.049,-1.6094379124341,-1.87573225451254,-0.693147180559945,1.6094379124341,TRUE,5
500:32,collapsed-R,actual_selection,500,0.005,200,0.001,32,97.012415869665,0.004,1,TRUE,interior,2599.59812768815,TRUE,9.25887132767057e-06,0.005,29.0659358458952,12.4570493353364,2.032,-1.6094379124341,-2.33291631001354,-0.693147180559945,1.6094379124341,TRUE,5
500:32,collapsed-R,oracle_lambda,500,0.005,200,0.001,32,41.6353755483315,0.001,1,TRUE,interior,2564.13029123316,TRUE,9.25887132767057e-06,0.005,29.0659358458952,12.4570493353364,2.032,-1.6094379124341,-3.17880509931987,-0.693147180559945,1.6094379124341,TRUE,5
500:32,AIW-N,actual_selection,500,2e-04,500,0.001,32,Inf,0.002,2,FALSE,normal_limit,3221.60268474334,TRUE,1.38397991204328e-05,2e-04,5.81318894015013,2.49143236446433,0.971000000000004,-0.693147180559945,Inf,-0.693147180559945,-1.6094379124341,FALSE,5
500:32,AIW-N,oracle_lambda_oracle_L,500,2e-04,500,0.001,32,193.32482170419,0.001,2,TRUE,interior,3217.59539272595,TRUE,1.38397991204328e-05,2e-04,5.81318894015013,2.49143236446433,0.971000000000004,-0.693147180559945,-1.64338349074692,-0.693147180559945,-1.6094379124341,TRUE,5
500:32,AIW-N,selected_lambda_oracle_L,500,2e-04,500,0.001,32,Inf,0.002,2,FALSE,normal_limit,3221.60268474334,TRUE,1.38397991204328e-05,2e-04,5.81318894015013,2.49143236446433,0.971000000000004,-0.693147180559945,Inf,-0.693147180559945,-1.6094379124341,FALSE,5
500:32,collapsed-R,actual_selection,500,2e-04,500,0.001,32,999998.08383366,0.002,1,TRUE,interior,3218.43432260746,TRUE,1.38397991204328e-05,2e-04,5.81318894015013,2.49143236446433,0.616,-0.693147180559945,6.90775336281396,-0.693147180559945,-1.6094379124341,TRUE,5
500:32,collapsed-R,oracle_lambda,500,2e-04,500,0.001,32,165.549781978287,0.001,1,TRUE,interior,3214.2790059891,TRUE,1.38397991204328e-05,2e-04,5.81318894015013,2.49143236446433,0.616,-0.693147180559945,-1.79848333194362,-0.693147180559945,-1.6094379124341,TRUE,5
500:32,AIW-N,actual_selection,500,0.001,500,0.001,32,459.189591259338,0.002,4,TRUE,interior,3116.45056171218,TRUE,1.38397991204328e-05,0.001,12.9986856362256,5.57101212828527,1.006,-0.693147180559945,-0.77829210135185,-0.693147180559945,0,TRUE,5
500:32,AIW-N,oracle_lambda_oracle_L,500,0.001,500,0.001,32,204.544868922161,0.001,2,TRUE,interior,3103.69499910463,TRUE,1.38397991204328e-05,0.001,12.9986856362256,5.57101212828527,1.006,-0.693147180559945,-1.58696791963335,-0.693147180559945,0,TRUE,5
500:32,AIW-N,selected_lambda_oracle_L,500,0.001,500,0.001,32,401.229890818151,0.002,2,TRUE,interior,3115.13496598768,TRUE,1.38397991204328e-05,0.001,12.9986856362256,5.57101212828527,1.006,-0.693147180559945,-0.913220722134834,-0.693147180559945,0,TRUE,5
500:32,collapsed-R,actual_selection,500,0.001,500,0.001,32,354.479618757582,0.002,1,TRUE,interior,3113.38736997092,TRUE,1.38397991204328e-05,0.001,12.9986856362256,5.57101212828527,1.90200000000002,-0.693147180559945,-1.03710442758916,-0.693147180559945,0,TRUE,5
500:32,collapsed-R,oracle_lambda,500,0.001,500,0.001,32,176.64226566374,0.001,1,TRUE,interior,3102.68632040079,TRUE,1.38397991204328e-05,0.001,12.9986856362256,5.57101212828527,1.90200000000002,-0.693147180559945,-1.73362868952786,-0.693147180559945,0,TRUE,5
500:32,AIW-N,actual_selection,500,0.005,500,0.001,32,578.95532661068,0.004,5,TRUE,interior,2881.62420749122,TRUE,1.38397991204328e-05,0.005,29.0659447007506,12.4571618223216,1.021,-0.693147180559945,-0.546529960498643,-0.693147180559945,1.6094379124341,TRUE,5
500:32,AIW-N,oracle_lambda_oracle_L,500,0.005,500,0.001,32,230.136860054314,0.001,2,TRUE,interior,2855.76974648531,TRUE,1.38397991204328e-05,0.005,29.0659447007506,12.4571618223216,1.021,-0.693147180559945,-1.46908110331284,-0.693147180559945,1.6094379124341,TRUE,5
500:32,AIW-N,selected_lambda_oracle_L,500,0.005,500,0.001,32,510.369817190747,0.004,2,TRUE,interior,2880.88156139731,TRUE,1.38397991204328e-05,0.005,29.0659447007506,12.4571618223216,1.021,-0.693147180559945,-0.672619684298202,-0.693147180559945,1.6094379124341,TRUE,5
500:32,collapsed-R,actual_selection,500,0.005,500,0.001,32,674.711217187966,0.006,2,TRUE,interior,2876.13382323525,TRUE,1.38397991204328e-05,0.005,29.0659447007506,12.4571618223216,1.22899999999999,-0.693147180559945,-0.393470506041626,-0.693147180559945,1.6094379124341,TRUE,5
500:32,collapsed-R,oracle_lambda,500,0.005,500,0.001,32,190.263050883857,0.001,1,TRUE,interior,2851.10429038281,TRUE,1.38397991204328e-05,0.005,29.0659447007506,12.4571618223216,1.22899999999999,-0.693147180559945,-1.65934768599203,-0.693147180559945,1.6094379124341,TRUE,5
500:32,AIW-N,actual_selection,500,2e-04,1000,0.001,32,308.204646451324,0.001,5,TRUE,interior,3227.34216455268,TRUE,5.23989959029765e-06,2e-04,5.81318561546658,2.49139012943712,0.984000000000002,0,-1.17699128011851,-0.693147180559945,-1.6094379124341,TRUE,5
500:32,AIW-N,oracle_lambda_oracle_L,500,2e-04,1000,0.001,32,216.325676200402,0.001,2,TRUE,interior,3223.61230735435,TRUE,5.23989959029765e-06,2e-04,5.81318561546658,2.49139012943712,0.984000000000002,0,-1.53097024664006,-0.693147180559945,-1.6094379124341,TRUE,5
500:32,AIW-N,selected_lambda_oracle_L,500,2e-04,1000,0.001,32,216.325676200402,0.001,2,TRUE,interior,3223.61230735435,TRUE,5.23989959029765e-06,2e-04,5.81318561546658,2.49139012943712,0.984000000000002,0,-1.53097024664006,-0.693147180559945,-1.6094379124341,TRUE,5
500:32,collapsed-R,actual_selection,500,2e-04,1000,0.001,32,194.284000554433,0.001,1,TRUE,interior,3219.71289968053,TRUE,5.23989959029765e-06,2e-04,5.81318561546658,2.49139012943712,0.777999999999999,0,-1.63843427002197,-0.693147180559945,-1.6094379124341,TRUE,5
500:32,collapsed-R,oracle_lambda,500,2e-04,1000,0.001,32,194.284000554433,0.001,1,TRUE,interior,3219.71289968053,TRUE,5.23989959029765e-06,2e-04,5.81318561546658,2.49139012943712,0.777999999999999,0,-1.63843427002197,-0.693147180559945,-1.6094379124341,TRUE,5
500:32,AIW-N,actual_selection,500,0.001,1000,0.001,32,1362.07217282425,0.002,4,TRUE,interior,3171.79235668686,TRUE,5.23989959029765e-06,0.001,12.9986782020072,5.57091768789341,0.990000000000002,0,0.309007196649558,-0.693147180559945,0,TRUE,5
500:32,AIW-N,oracle_lambda_oracle_L,500,0.001,1000,0.001,32,394.061778699509,0.001,2,TRUE,interior,3166.76212559096,TRUE,5.23989959029765e-06,0.001,12.9986782020072,5.57091768789341,0.990000000000002,0,-0.931247583246121,-0.693147180559945,0,TRUE,5
500:32,AIW-N,selected_lambda_oracle_L,500,0.001,1000,0.001,32,1021.60896959784,0.002,2,TRUE,interior,3167.21344454594,TRUE,5.23989959029765e-06,0.001,12.9986782020072,5.57091768789341,0.990000000000002,0,0.0213788056485494,-0.693147180559945,0,TRUE,5
500:32,collapsed-R,actual_selection,500,0.001,1000,0.001,32,330.482656375199,0.001,1,TRUE,interior,3164.81796883331,TRUE,5.23989959029765e-06,0.001,12.9986782020072,5.57091768789341,2.63800000000001,0,-1.10720109799565,-0.693147180559945,0,TRUE,5
500:32,collapsed-R,oracle_lambda,500,0.001,1000,0.001,32,330.482656375199,0.001,1,TRUE,interior,3164.81796883331,TRUE,5.23989959029765e-06,0.001,12.9986782020072,5.57091768789341,2.63800000000001,0,-1.10720109799565,-0.693147180559945,0,TRUE,5
500:32,AIW-N,actual_selection,500,0.005,1000,0.001,32,765.842901487505,0.002,2,TRUE,interior,3008.30534130874,TRUE,5.23989959029765e-06,0.005,29.0659280773329,12.4569506471856,1.294,0,-0.266778219717161,-0.693147180559945,1.6094379124341,TRUE,5
500:32,AIW-N,oracle_lambda_oracle_L,500,0.005,1000,0.001,32,498.195592540117,0.001,2,TRUE,interior,2998.80209222687,TRUE,5.23989959029765e-06,0.005,29.0659280773329,12.4569506471856,1.294,0,-0.696762522961321,-0.693147180559945,1.6094379124341,TRUE,5
500:32,AIW-N,selected_lambda_oracle_L,500,0.005,1000,0.001,32,765.842901487505,0.002,2,TRUE,interior,3008.30534130874,TRUE,5.23989959029765e-06,0.005,29.0659280773329,12.4569506471856,1.294,0,-0.266778219717161,-0.693147180559945,1.6094379124341,TRUE,5
500:32,collapsed-R,actual_selection,500,0.005,1000,0.001,32,768.479056822445,0.002,2,TRUE,interior,3007.17319730569,TRUE,5.23989959029765e-06,0.005,29.0659280773329,12.4569506471856,1.26799999999999,0,-0.26334196839507,-0.693147180559945,1.6094379124341,TRUE,5
500:32,collapsed-R,oracle_lambda,500,0.005,1000,0.001,32,496.776923339233,0.001,2,TRUE,interior,2997.42232052399,TRUE,5.23989959029765e-06,0.005,29.0659280773329,12.4569506471856,1.26799999999999,0,-0.699614200047139,-0.693147180559945,1.6094379124341,TRUE,5
