"true_lambda","true_eta0","r0_seed","replicate","seed","fit_type","selected_lambda","eta0_hat","log_eta0_error","log_lambda_error","eta0_boundary","lambda_boundary","lower_bound","elbo_gain_over_oracle","selected_L","coverage","power","all_causal_covered","mean_causal_pip","minimum_causal_pip","converged","iterations","fit_seconds","causal"
0.001,20,3,1,100002,"joint_lambda_eta0",0.015,27.6137915000637,0.32258306639592,2.70805020110221,"interior","interior",1948.53410672745,79.769631778998,1,1,0.5,FALSE,0.180086034293669,0.00819665964547722,TRUE,51,0.185,"222, 230"
0.001,20,3,1,100002,"oracle_lambda",0.001,2,-2.30258509299405,0,"lower","interior",1868.76447494845,0,0,0,0,FALSE,0.0208401697191358,0.0191008101608966,TRUE,126,0.48,"222, 230"
0.001,20,3,2,100003,"joint_lambda_eta0",0.005,10.0917000779082,-0.684018962013048,1.6094379124341,"interior","interior",1836.67133983577,31.9223999165781,0,0,0,FALSE,0.15229385817739,0.09119587743884,TRUE,149,0.521000000000001,"262, 268"
0.001,20,3,2,100003,"oracle_lambda",0.001,2,-2.30258509299405,0,"lower","interior",1804.74893991919,0,0,0,0,FALSE,0.0266278523829948,0.0264666591660772,TRUE,121,0.454000000000001,"262, 268"
0.001,20,3,3,100004,"joint_lambda_eta0",0.008,3.94005284447122,-1.62453813803175,2.07944154167984,"interior","interior",1868.09847850095,43.5485165746293,0,0,0,FALSE,0.0388362753313611,0.036138376540129,TRUE,109,0.375,"231, 273"
0.001,20,3,3,100004,"oracle_lambda",0.001,2,-2.30258509299405,0,"lower","interior",1824.54996192632,0,0,0,0,FALSE,0.0204323198356143,0.020182157646224,TRUE,113,0.405999999999999,"231, 273"
0.001,20,3,4,100005,"joint_lambda_eta0",0.015,15.0970699290478,-0.28123159299609,2.70805020110221,"interior","interior",1827.55699071589,62.4382687107043,1,1,0.5,FALSE,0.242416226118727,0.00808329508345673,TRUE,104,0.355,"238, 307"
0.001,20,3,4,100005,"oracle_lambda",0.001,2,-2.30258509299405,0,"lower","interior",1765.11872200519,0,0,0,0,FALSE,0.0217131111859392,0.0179970626658642,TRUE,112,0.394000000000002,"238, 307"
0.001,20,3,5,100006,"joint_lambda_eta0",0.01,19.2937780860799,-0.0359496085780107,2.30258509299405,"interior","interior",1871.57750675562,66.6523361897905,1,1,0.5,FALSE,0.158862325491274,0.00793704994476241,TRUE,90,0.300999999999998,"189, 233"
0.001,20,3,5,100006,"oracle_lambda",0.001,2,-2.30258509299405,0,"lower","interior",1804.92517056583,0,0,0,0,FALSE,0.0198400169379985,0.0161720138915854,TRUE,112,0.395,"189, 233"
0.001,43,3,1,100007,"joint_lambda_eta0",0.003,14.8644095189646,-1.06223038294101,1.09861228866811,"interior","interior",2057.75109643479,11.8294600627869,0,0,0,FALSE,0.493153610139998,0.118920351497014,TRUE,84,0.283000000000001,"97, 283"
0.001,43,3,1,100007,"oracle_lambda",0.001,2,-3.06805293513362,0,"lower","interior",2045.921636372,0,0,0,0,FALSE,0.0283603209786523,0.0283282918624034,TRUE,141,0.499000000000002,"97, 283"
0.001,43,3,2,100008,"joint_lambda_eta0",0.005,36.766751774694,-0.156606163290009,1.6094379124341,"interior","interior",2118.83319306113,24.1193308103784,1,1,0.5,FALSE,0.253170708193491,0.00865345933845652,TRUE,45,0.150000000000006,"53, 496"
0.001,43,3,2,100008,"oracle_lambda",0.001,16.2053786576542,-0.975856912655726,0,"interior","interior",2094.71386225075,0,1,1,0.5,FALSE,0.240363576600386,0.00802839856949011,TRUE,94,0.316000000000003,"53, 496"
0.001,43,3,3,100009,"joint_lambda_eta0",0.003,29.6475292858169,-0.371821323036684,1.09861228866811,"interior","interior",2133.61015193071,17.2311461963427,1,1,0.5,FALSE,0.504133675780923,0.0082673623706826,TRUE,61,0.207999999999998,"472, 498"
0.001,43,3,3,100009,"oracle_lambda",0.001,17.7374465324588,-0.88552208759059,0,"interior","interior",2116.37900573437,0,1,1,0.5,FALSE,0.504028019959128,0.00805849116019652,TRUE,82,0.274000000000001,"472, 498"
0.001,43,3,4,100010,"joint_lambda_eta0",0.008,41.110633025388,-0.0449333165713148,2.07944154167984,"interior","interior",2137.46625975421,39.4948342086641,1,1,0.5,FALSE,0.355998501337254,0.00940714997205105,TRUE,62,0.216000000000001,"110, 251"
0.001,43,3,4,100010,"oracle_lambda",0.001,12.4380329291489,-1.24044116555204,0,"interior","interior",2097.97142554555,0,1,1,0.5,FALSE,0.275458859213333,0.0126561926799688,TRUE,128,0.442,"110, 251"
0.001,43,3,5,100011,"joint_lambda_eta0",0.005,35.471130826628,-0.192480966203145,1.6094379124341,"interior","interior",2165.73786532055,29.6277771845707,1,1,0.5,FALSE,0.236156635149031,0.0089155449777244,TRUE,75,0.258000000000003,"252, 404"
0.001,43,3,5,100011,"oracle_lambda",0.001,14.3446913809567,-1.09782018054139,0,"interior","interior",2136.11008813598,0,1,1,0.5,FALSE,0.209749912226535,0.0156794877912066,TRUE,93,0.320999999999998,"252, 404"
0.001,95,3,1,100012,"joint_lambda_eta0",0.003,36.3775107605357,-0.959926144146331,1.09861228866811,"interior","interior",2272.05388601473,20.792499115646,1,1,0.5,FALSE,0.334943122199576,0.0150616545351256,TRUE,26,0.0869999999999962,"311, 321"
0.001,95,3,1,100012,"oracle_lambda",0.001,18.7436393436001,-1.62302243174533,0,"interior","interior",2251.26138689909,0,0,0,0,FALSE,0.256985737715109,0.0149601610700687,TRUE,77,0.262999999999998,"311, 321"
0.001,95,3,2,100013,"joint_lambda_eta0",0.005,107.758529740645,0.126015996576316,1.6094379124341,"interior","interior",2268.80640507316,35.8478337760484,1,1,0.5,FALSE,0.553281067387057,0.302491843004919,TRUE,87,0.291999999999994,"215, 319"
0.001,95,3,2,100013,"oracle_lambda",0.001,29.9858977055474,-1.15314969694072,0,"interior","interior",2232.95857129712,0,1,1,0.5,FALSE,0.120046719344939,0.00853100313158217,TRUE,69,0.234000000000002,"215, 319"
0.001,95,3,3,100014,"joint_lambda_eta0",0.005,53.4398913799277,-0.575319394935449,1.6094379124341,"interior","interior",2179.23201657793,30.2750890439597,1,1,0.5,FALSE,0.30938695772802,0.011253401590255,TRUE,40,0.134,"330, 497"
0.001,95,3,3,100014,"oracle_lambda",0.001,22.1968163996369,-1.45392801842761,0,"interior","interior",2148.95692753397,0,1,1,0.5,FALSE,0.270859209389877,0.00806058055011927,TRUE,83,0.288000000000004,"330, 497"
0.001,95,3,4,100015,"joint_lambda_eta0",0.003,68.3834504413682,-0.328746048858867,1.09861228866811,"interior","interior",2247.03520203291,7.31900665941384,1,1,0.5,FALSE,0.411096644655349,0.368391839487867,TRUE,127,0.433,"265, 292"
0.001,95,3,4,100015,"oracle_lambda",0.001,25.7035797425092,-1.30724661980746,0,"interior","interior",2239.7161953735,0,1,1,0.5,FALSE,0.186345805038946,0.00896347606938375,TRUE,65,0.225999999999999,"265, 292"
0.001,95,3,5,100016,"joint_lambda_eta0",0.003,51.4107169656878,-0.61403023959482,1.09861228866811,"interior","interior",2252.47761320954,18.9077848059974,1,1,0.5,FALSE,0.415998422420835,0.0472672318088104,TRUE,60,0.213999999999999,"71, 260"
0.001,95,3,5,100016,"oracle_lambda",0.001,25.3656552413556,-1.32048078841581,0,"interior","interior",2233.56982840354,0,1,1,0.5,FALSE,0.346360394108331,0.00879522855841441,TRUE,60,0.211999999999996,"71, 260"
0.001,206,3,1,100017,"joint_lambda_eta0",0.005,282.631229962027,0.316266804774901,1.6094379124341,"interior","interior",2399.82949968137,54.5548532427961,2,1,1,TRUE,0.778253191973691,0.556506800777504,TRUE,82,0.271999999999998,"72, 351"
0.001,206,3,1,100017,"oracle_lambda",0.001,59.3315202605564,-1.24473546503885,0,"interior","interior",2345.27464643857,0,1,1,0.5,FALSE,0.503872774483752,0.00898809067093542,TRUE,70,0.236000000000004,"72, 351"
0.001,206,3,2,100018,"joint_lambda_eta0",0.001,96.6656530354324,-0.756618020372502,0,"interior","interior",2454.16198953682,0,1,1,0.5,FALSE,0.47701632340825,0.0104056892180394,TRUE,62,0.218000000000004,"45, 145"
0.001,206,3,2,100018,"oracle_lambda",0.001,96.6656530354324,-0.756618020372502,0,"interior","interior",2454.16198953682,0,1,1,0.5,FALSE,0.47701632340825,0.0104056892180394,TRUE,62,0.218000000000004,"45, 145"
0.001,206,3,3,100019,"joint_lambda_eta0",0.001,138.52123051688,-0.396852565979194,0,"interior","interior",2478.71869311923,0,1,1,0.5,FALSE,0.257255753535376,0.00912774492970292,TRUE,45,0.150999999999996,"96, 161"
0.001,206,3,3,100019,"oracle_lambda",0.001,138.52123051688,-0.396852565979194,0,"interior","interior",2478.71869311923,0,1,1,0.5,FALSE,0.257255753535376,0.00912774492970292,TRUE,45,0.150999999999996,"96, 161"
0.001,206,3,4,100020,"joint_lambda_eta0",0.001,86.1218653498911,-0.872112836636084,0,"interior","interior",2429.85665440412,0,1,1,0.5,FALSE,0.504834338471593,0.00966939930359345,TRUE,67,0.234999999999999,"62, 367"
0.001,206,3,4,100020,"oracle_lambda",0.001,86.1218653498911,-0.872112836636084,0,"interior","interior",2429.85665440412,0,1,1,0.5,FALSE,0.504834338471593,0.00966939930359345,TRUE,67,0.234999999999999,"62, 367"
0.001,206,3,5,100021,"joint_lambda_eta0",0.003,252.601391664184,0.203936550471032,1.09861228866811,"interior","interior",2462.8443010077,18.0848296586682,2,1,1,TRUE,0.636573074254939,0.273667752075585,TRUE,67,0.225999999999999,"111, 336"
0.001,206,3,5,100021,"oracle_lambda",0.001,75.8714461772007,-0.99883575836911,0,"interior","interior",2444.75947134903,0,1,1,0.5,FALSE,0.128729277655848,0.0260586222798943,TRUE,21,0.0690000000000026,"111, 336"
0.001,447,3,1,100022,"joint_lambda_eta0",0.003,1470.30386598433,1.19066577535129,1.09861228866811,"interior","interior",2566.27086359331,5.2106020340234,2,1,1,TRUE,0.999617208506872,0.999510580210358,TRUE,69,0.236999999999995,"111, 195"
0.001,447,3,1,100022,"oracle_lambda",0.001,283.920489028444,-0.453864363860483,0,"interior","interior",2561.06026155928,0,2,1,1,TRUE,0.99329120491482,0.991219379935296,TRUE,84,0.284000000000006,"111, 195"
0.001,447,3,2,100023,"joint_lambda_eta0",0.003,454.986415064865,0.0177089668913544,1.09861228866811,"interior","interior",2510.41661844535,19.1352412311467,2,1,1,TRUE,0.68338958322475,0.395249848772231,TRUE,78,0.260000000000005,"93, 374"
0.001,447,3,2,100023,"oracle_lambda",0.001,136.591533269716,-1.18556363131793,0,"interior","interior",2491.28137721421,0,1,1,0.5,FALSE,0.497124976589493,0.33965743013966,TRUE,126,0.445999999999998,"93, 374"
0.001,447,3,3,100024,"joint_lambda_eta0",0.003,551.479995300832,0.210046970168846,1.09861228866811,"interior","interior",2503.19784670878,7.84821524696099,2,1,1,TRUE,0.999771483959741,0.999542972351741,TRUE,69,0.234000000000009,"54, 321"
0.001,447,3,3,100024,"oracle_lambda",0.001,170.117153259154,-0.966071258090495,0,"interior","interior",2495.34963146182,0,1,1,0.5,FALSE,0.509968939825113,0.0199486201947063,TRUE,36,0.122,"54, 321"
0.001,447,3,4,100025,"joint_lambda_eta0",0.003,383.012814584892,-0.154490147546452,1.09861228866811,"interior","interior",2496.48243900584,22.5390716932579,1,1,0.5,FALSE,0.906652915116271,0.813305924507576,TRUE,45,0.149999999999991,"167, 351"
0.001,447,3,4,100025,"oracle_lambda",0.001,115.383242695464,-1.35429946169488,0,"interior","interior",2473.94336731258,0,1,1,0.5,FALSE,0.509280387864042,0.0185982859314656,TRUE,19,0.0640000000000072,"167, 351"
0.001,447,3,5,100026,"joint_lambda_eta0",0.003,506.90858715739,0.125772091256636,1.09861228866811,"interior","interior",2522.77081222263,2.05407299766057,2,1,1,TRUE,0.664569010021236,0.621335451741944,TRUE,61,0.207999999999998,"201, 385"
0.001,447,3,5,100026,"oracle_lambda",0.001,181.954044725161,-0.898804440930753,0,"interior","interior",2520.71673922497,0,2,1,1,TRUE,0.567192408511068,0.528709187328136,TRUE,89,0.304000000000002,"201, 385"
0.001,972,3,1,100027,"joint_lambda_eta0",0.001,527.893727536389,-0.610460814617753,0,"interior","interior",2604.40118100987,0,2,1,1,TRUE,0.697063717305323,0.394128273239392,TRUE,69,0.233999999999995,"88, 133"
0.001,972,3,1,100027,"oracle_lambda",0.001,527.893727536389,-0.610460814617753,0,"interior","interior",2604.40118100987,0,2,1,1,TRUE,0.697063717305323,0.394128273239392,TRUE,69,0.233999999999995,"88, 133"
0.001,972,3,2,100028,"joint_lambda_eta0",0.001,635.452096962373,-0.425019095173413,0,"interior","interior",2634.25726978896,0,1,1,0.5,FALSE,0.505149340165424,0.0102986803608127,TRUE,53,0.176000000000002,"143, 494"
0.001,972,3,2,100028,"oracle_lambda",0.001,635.452096962373,-0.425019095173413,0,"interior","interior",2634.25726978896,0,1,1,0.5,FALSE,0.505149340165424,0.0102986803608127,TRUE,53,0.176000000000002,"143, 494"
0.001,972,3,3,100029,"joint_lambda_eta0",0.001,489.334293061493,-0.686309922658682,0,"interior","interior",2602.59963147674,0,2,1,1,TRUE,0.64807251434502,0.331205202445847,TRUE,70,0.236999999999995,"67, 239"
0.001,972,3,3,100029,"oracle_lambda",0.001,489.334293061493,-0.686309922658682,0,"interior","interior",2602.59963147674,0,2,1,1,TRUE,0.64807251434502,0.331205202445847,TRUE,70,0.236999999999995,"67, 239"
0.001,972,3,4,100030,"joint_lambda_eta0",0.003,9266.28482580653,2.25478199985298,1.09861228866811,"interior","interior",2592.46509155941,15.3228393850568,2,1,1,TRUE,0.265323480550439,0.135168980146102,TRUE,67,0.519000000000005,"102, 347"
0.001,972,3,4,100030,"oracle_lambda",0.001,389.558857622695,-0.914340839852758,0,"interior","interior",2577.14225217436,0,2,1,1,TRUE,0.29869859144962,0.165455866745042,TRUE,75,0.250999999999991,"102, 347"
0.001,972,3,5,100031,"joint_lambda_eta0",0.001,603.962124591912,-0.475844316121115,0,"interior","interior",2610.71471307573,0,2,1,1,TRUE,0.717125116637852,0.434250267282615,TRUE,72,0.244,"162, 275"
0.001,972,3,5,100031,"oracle_lambda",0.001,603.962124591912,-0.475844316121115,0,"interior","interior",2610.71471307573,0,2,1,1,TRUE,0.717125116637852,0.434250267282615,TRUE,72,0.244,"162, 275"
0.001,2115,3,1,100032,"joint_lambda_eta0",0.001,1242.98752547682,-0.531537035839154,0,"interior","interior",2654.08472402452,0,2,1,1,TRUE,0.791718576566366,0.675500640521207,TRUE,72,0.247000000000014,"163, 461"
0.001,2115,3,1,100032,"oracle_lambda",0.001,1242.98752547682,-0.531537035839154,0,"interior","interior",2654.08472402452,0,2,1,1,TRUE,0.791718576566366,0.675500640521207,TRUE,72,0.247000000000014,"163, 461"
0.001,2115,3,2,100033,"joint_lambda_eta0",0.001,1505.02160499031,-0.340247558925154,0,"interior","interior",2660.61822422937,0,2,1,1,TRUE,0.632677103331669,0.265375812969042,TRUE,70,0.239999999999981,"269, 446"
0.001,2115,3,2,100033,"oracle_lambda",0.001,1505.02160499031,-0.340247558925154,0,"interior","interior",2660.61822422937,0,2,1,1,TRUE,0.632677103331669,0.265375812969042,TRUE,70,0.239999999999981,"269, 446"
0.001,2115,3,3,100034,"joint_lambda_eta0",0.001,590.57480354186,-1.27571378555631,0,"interior","interior",2626.24410896774,0,2,1,1,TRUE,0.532734609537014,0.0674294195450827,TRUE,69,0.252999999999986,"126, 313"
0.001,2115,3,3,100034,"oracle_lambda",0.001,590.57480354186,-1.27571378555631,0,"interior","interior",2626.24410896774,0,2,1,1,TRUE,0.532734609537014,0.0674294195450827,TRUE,69,0.252999999999986,"126, 313"
0.001,2115,3,4,100035,"joint_lambda_eta0",0.001,988.636291874858,-0.760483580908216,0,"interior","interior",2639.32528924291,0,2,1,1,TRUE,0.830755737837485,0.671400410909617,TRUE,76,0.263000000000005,"256, 307"
0.001,2115,3,4,100035,"oracle_lambda",0.001,988.636291874858,-0.760483580908216,0,"interior","interior",2639.32528924291,0,2,1,1,TRUE,0.830755737837485,0.671400410909617,TRUE,76,0.263000000000005,"256, 307"
0.001,2115,3,5,100036,"joint_lambda_eta0",0.001,1079.93590865007,-0.672153116965553,0,"interior","interior",2650.87042877867,0,1,1,0.5,FALSE,0.794245103504466,0.635046549080945,TRUE,77,0.26600000000002,"289, 413"
0.001,2115,3,5,100036,"oracle_lambda",0.001,1079.93590865007,-0.672153116965553,0,"interior","interior",2650.87042877867,0,1,1,0.5,FALSE,0.794245103504466,0.635046549080945,TRUE,77,0.26600000000002,"289, 413"
0.001,4599,3,1,100037,"joint_lambda_eta0",0.001,1094.50001392732,-1.43554123785218,0,"interior","interior",2658.11907166049,0,2,1,1,TRUE,0.531646163651148,0.0966262680257683,TRUE,57,0.207999999999998,"76, 336"
0.001,4599,3,1,100037,"oracle_lambda",0.001,1094.50001392732,-1.43554123785218,0,"interior","interior",2658.11907166049,0,2,1,1,TRUE,0.531646163651148,0.0966262680257683,TRUE,57,0.207999999999998,"76, 336"
0.001,4599,3,2,100038,"joint_lambda_eta0",0.001,1136.3547728224,-1.39801331699461,0,"interior","interior",2653.50452747626,0,2,1,1,TRUE,0.614619928338134,0.272053163363751,TRUE,62,0.217999999999989,"165, 336"
0.001,4599,3,2,100038,"oracle_lambda",0.001,1136.3547728224,-1.39801331699461,0,"interior","interior",2653.50452747626,0,2,1,1,TRUE,0.614619928338134,0.272053163363751,TRUE,62,0.217999999999989,"165, 336"
0.001,4599,3,3,100039,"joint_lambda_eta0",0.001,1429.23302753523,-1.16870093255103,0,"interior","interior",2649.10325888611,0,2,0.5,0.5,FALSE,0.256637315557784,0.0329625667693487,TRUE,43,0.148999999999972,"288, 366"
0.001,4599,3,3,100039,"oracle_lambda",0.001,1429.23302753523,-1.16870093255103,0,"interior","interior",2649.10325888611,0,2,0.5,0.5,FALSE,0.256637315557784,0.0329625667693487,TRUE,43,0.148999999999972,"288, 366"
0.001,4599,3,4,100040,"joint_lambda_eta0",0.001,20000,1.4698933849962,0,"upper","interior",2699.03385094007,0,2,1,1,TRUE,0.331385510156426,0.185210764405294,TRUE,63,0.929999999999978,"77, 379"
0.001,4599,3,4,100040,"oracle_lambda",0.001,20000,1.4698933849962,0,"upper","interior",2699.03385094007,0,2,1,1,TRUE,0.331385510156426,0.185210764405294,TRUE,63,0.929999999999978,"77, 379"
0.001,4599,3,5,100041,"joint_lambda_eta0",0.001,797.147113418922,-1.75255492181972,0,"interior","interior",2636.31285639372,0,2,1,1,TRUE,0.379181572658144,0.305215489740529,TRUE,13,0.0439999999999827,"5, 318"
0.001,4599,3,5,100041,"oracle_lambda",0.001,797.147113418922,-1.75255492181972,0,"interior","interior",2636.31285639372,0,2,1,1,TRUE,0.379181572658144,0.305215489740529,TRUE,13,0.0439999999999827,"5, 318"
0.001,10000,3,1,100042,"joint_lambda_eta0",0.001,854.446823595898,-2.45988610237406,0,"interior","interior",2642.63888925343,0,2,1,1,TRUE,0.975751271300403,0.972057361228912,TRUE,63,0.233000000000004,"179, 393"
0.001,10000,3,1,100042,"oracle_lambda",0.001,854.446823595898,-2.45988610237406,0,"interior","interior",2642.63888925343,0,2,1,1,TRUE,0.975751271300403,0.972057361228912,TRUE,63,0.233000000000004,"179, 393"
0.001,10000,3,2,100043,"joint_lambda_eta0",0.001,20000,0.693147180559944,0,"upper","interior",2692.33712675361,0,2,1,1,TRUE,0.794286557786172,0.588573115572344,TRUE,28,0.382000000000005,"487, 494"
0.001,10000,3,2,100043,"oracle_lambda",0.001,20000,0.693147180559944,0,"upper","interior",2692.33712675361,0,2,1,1,TRUE,0.794286557786172,0.588573115572344,TRUE,28,0.382000000000005,"487, 494"
0.001,10000,3,3,100044,"joint_lambda_eta0",0.001,8862.33930788947,-0.120774332991074,0,"interior","interior",2680.68608714683,0,2,1,1,TRUE,0.46254050325997,0.406582875275063,TRUE,11,0.0800000000000125,"346, 431"
0.001,10000,3,3,100044,"oracle_lambda",0.001,8862.33930788947,-0.120774332991074,0,"interior","interior",2680.68608714683,0,2,1,1,TRUE,0.46254050325997,0.406582875275063,TRUE,11,0.0800000000000125,"346, 431"
0.001,10000,3,4,100045,"joint_lambda_eta0",0.001,2212.29065412617,-1.50855661917481,0,"interior","interior",2665.28777818679,0,2,1,1,TRUE,0.976213630733895,0.95242726146779,TRUE,73,0.478999999999985,"214, 324"
0.001,10000,3,4,100045,"oracle_lambda",0.001,2212.29065412617,-1.50855661917481,0,"interior","interior",2665.28777818679,0,2,1,1,TRUE,0.976213630733895,0.95242726146779,TRUE,73,0.478999999999985,"214, 324"
0.001,10000,3,5,100046,"joint_lambda_eta0",0.001,20000,0.693147180559944,0,"upper","interior",2701.82695907328,0,1,1,0.5,FALSE,0.411886779344886,0.260154467956798,TRUE,89,1.33599999999998,"311, 457"
0.001,10000,3,5,100046,"oracle_lambda",0.001,20000,0.693147180559944,0,"upper","interior",2701.82695907328,0,1,1,0.5,FALSE,0.411886779344886,0.260154467956798,TRUE,89,1.33599999999998,"311, 457"
0.001,20,4,1,100047,"joint_lambda_eta0",0.008,27.1898000035391,0.307109629548042,2.07944154167984,"interior","interior",2058.81893252125,27.5736502300369,1,1,0.5,FALSE,0.132899692833705,0.00801201891840542,TRUE,75,0.293999999999983,"331, 385"
0.001,20,4,1,100047,"oracle_lambda",0.001,8.44633034773342,-0.862000204885815,0,"interior","interior",2031.24528229121,0,1,1,0.5,FALSE,0.0672230554258359,0.00799402940924709,TRUE,110,0.447000000000003,"331, 385"
0.001,20,4,2,100048,"joint_lambda_eta0",0.003,15.1407474163047,-0.27834265976817,1.09861228866811,"interior","interior",1997.91336552322,3.86195267838752,1,1,0.5,FALSE,0.503965313276034,0.00800178085384884,TRUE,95,0.377000000000066,"69, 437"
0.001,20,4,2,100048,"oracle_lambda",0.001,2,-2.30258509299405,0,"lower","interior",1994.05141284483,0,0,0,0,FALSE,0.0208494156354374,0.0206181432100419,TRUE,132,0.561999999999898,"69, 437"
0.001,20,4,3,100049,"joint_lambda_eta0",0.008,2.33948774192523,-2.14580028185665,2.07944154167984,"interior","interior",1739.54751210431,47.441627249347,0,0,0,FALSE,0.0225742091258905,0.0223782506212078,TRUE,121,0.490999999999985,"92, 109"
0.001,20,4,3,100049,"oracle_lambda",0.001,2,-2.30258509299405,0,"lower","interior",1692.10588485496,0,0,0,0,FALSE,0.0205807333009302,0.0204569151018125,TRUE,124,0.529999999999973,"92, 109"
0.001,20,4,4,100050,"joint_lambda_eta0",0.005,2.6740038586274,-2.0121553518583,1.6094379124341,"interior","interior",1949.2092265996,24.865472435765,0,0,0,FALSE,0.0259342241759422,0.0207851295169859,TRUE,132,0.512000000000057,"194, 481"
0.001,20,4,4,100050,"oracle_lambda",0.001,2,-2.30258509299405,0,"lower","interior",1924.34375416383,0,0,0,0,FALSE,0.0203426103008207,0.0185179631723281,TRUE,129,0.527999999999906,"194, 481"
0.001,20,4,5,100051,"joint_lambda_eta0",0.005,9.79525296465077,-0.713834396595026,1.6094379124341,"interior","interior",1934.44373172436,13.973752032095,0,0,0,FALSE,0.13273740727453,0.0451127018632981,TRUE,131,0.503000000000043,"192, 333"
0.001,20,4,5,100051,"oracle_lambda",0.001,2,-2.30258509299405,0,"lower","interior",1920.46997969227,0,0,0,0,FALSE,0.0209119085376053,0.0206323799203861,TRUE,120,0.483000000000061,"192, 333"
0.001,43,4,1,100052,"joint_lambda_eta0",0.005,26.0192139293733,-0.502364853312532,1.6094379124341,"interior","interior",2132.34520678834,24.56940317611,0,0,0,FALSE,0.479862289516251,0.0181399369167404,TRUE,54,0.206000000000017,"112, 361"
0.001,43,4,1,100052,"oracle_lambda",0.001,8.73345019098926,-1.59403961303652,0,"interior","interior",2107.77580361223,0,0,0,0,FALSE,0.311364313793983,0.113675004642124,TRUE,107,0.42999999999995,"112, 361"
0.001,43,4,2,100053,"joint_lambda_eta0",0.003,21.948423717913,-0.672504791146781,1.09861228866811,"interior","interior",2104.6909933807,15.8719574892734,1,1,0.5,FALSE,0.1621398863959,0.00824997279979711,TRUE,70,0.283999999999992,"68, 403"
0.001,43,4,2,100053,"oracle_lambda",0.001,12.5503768221189,-1.23144942489968,0,"interior","interior",2088.81903589142,0,1,1,0.5,FALSE,0.16493497871399,0.00800966062175479,TRUE,102,0.391000000000076,"68, 403"
0.001,43,4,3,100054,"joint_lambda_eta0",0.003,25.4114588528758,-0.525999907460301,1.09861228866811,"interior","interior",2158.80787715986,12.5293640390964,1,1,0.5,FALSE,0.160393065554976,0.0114856279338292,TRUE,53,0.201000000000022,"152, 333"
0.001,43,4,3,100054,"oracle_lambda",0.001,14.3532882740543,-1.09722105172061,0,"interior","interior",2146.27851312076,0,0,0,0,FALSE,0.150094593318909,0.0209153345229192,TRUE,84,0.326999999999998,"152, 333"
0.001,43,4,4,100055,"joint_lambda_eta0",0.005,29.9368535785843,-0.362109833120164,1.6094379124341,"interior","interior",2150.35373120868,29.2182429204772,1,1,0.5,FALSE,0.504424160082329,0.00890872703849122,TRUE,67,0.249000000000024,"109, 421"
0.001,43,4,4,100055,"oracle_lambda",0.001,2,-3.06805293513362,0,"lower","interior",2121.1354882882,0,0,0,0,FALSE,0.0240052667204481,0.0232917258366407,TRUE,137,0.54200000000003,"109, 421"
0.001,43,4,5,100056,"joint_lambda_eta0",0.003,16.6581281695291,-0.948301840037299,1.09861228866811,"interior","interior",2086.47162705786,7.83065585378426,1,1,0.5,FALSE,0.177167561576154,0.00883288521152081,TRUE,65,0.245000000000005,"29, 79"
0.001,43,4,5,100056,"oracle_lambda",0.001,9.42644735946459,-1.5176808281586,0,"interior","interior",2078.64097120408,0,0,0,0,FALSE,0.155914804961347,0.0106638536460584,TRUE,136,0.528999999999996,"29, 79"
0.001,95,4,1,100057,"joint_lambda_eta0",0.003,99.9282273499382,0.05057531019796,1.09861228866811,"interior","interior",2347.77563152573,6.74041506999356,2,1,1,TRUE,0.690379882480689,0.38543914934498,TRUE,63,0.243999999999915,"36, 205"
0.001,95,4,1,100057,"oracle_lambda",0.001,28.69650183367,-1.1971016635924,0,"interior","interior",2341.03521645573,0,1,1,0.5,FALSE,0.444047289504915,0.0141730071720816,TRUE,64,0.242999999999938,"36, 205"
0.001,95,4,2,100058,"joint_lambda_eta0",0.001,30.579371228568,-1.13355125283593,0,"interior","interior",2278.86302942922,0,1,1,0.5,FALSE,0.126387862612993,0.00869286346508902,TRUE,70,0.293000000000006,"60, 87"
0.001,95,4,2,100058,"oracle_lambda",0.001,30.579371228568,-1.13355125283593,0,"interior","interior",2278.86302942922,0,1,1,0.5,FALSE,0.126387862612993,0.00869286346508902,TRUE,70,0.293000000000006,"60, 87"
0.001,95,4,3,100059,"joint_lambda_eta0",0.001,42.8510803768782,-0.796146033878603,0,"interior","interior",2336.31313123742,0,1,1,0.5,FALSE,0.50434570751581,0.00869233627716148,TRUE,64,0.242999999999938,"171, 339"
0.001,95,4,3,100059,"oracle_lambda",0.001,42.8510803768782,-0.796146033878603,0,"interior","interior",2336.31313123742,0,1,1,0.5,FALSE,0.50434570751581,0.00869233627716148,TRUE,64,0.242999999999938,"171, 339"
0.001,95,4,4,100060,"joint_lambda_eta0",0.001,37.072814840214,-0.940992944215358,0,"interior","interior",2385.65172632507,0,1,1,0.5,FALSE,0.334648972783963,0.00859898094165856,TRUE,72,0.293000000000006,"270, 365"
0.001,95,4,4,100060,"oracle_lambda",0.001,37.072814840214,-0.940992944215358,0,"interior","interior",2385.65172632507,0,1,1,0.5,FALSE,0.334648972783963,0.00859898094165856,TRUE,72,0.293000000000006,"270, 365"
0.001,95,4,5,100061,"joint_lambda_eta0",0.003,120.833598964602,0.240537492351407,1.09861228866811,"interior","interior",2378.30502885277,0.466307878445605,1,1,0.5,FALSE,0.3122743222167,0.00914574529453371,TRUE,66,0.245000000000005,"40, 391"
0.001,95,4,5,100061,"oracle_lambda",0.001,66.5842380567862,-0.355409007877991,0,"interior","interior",2377.83872097433,0,1,1,0.5,FALSE,0.293609950456139,0.00827412859255205,TRUE,76,0.302000000000021,"40, 391"
0.001,206,4,1,100062,"joint_lambda_eta0",0.001,98.1061525129209,-0.741826087437467,0,"interior","interior",2469.17598433824,0,1,1,0.5,FALSE,0.50439388116962,0.00880721840904697,TRUE,52,0.195999999999913,"251, 474"
0.001,206,4,1,100062,"oracle_lambda",0.001,98.1061525129209,-0.741826087437467,0,"interior","interior",2469.17598433824,0,1,1,0.5,FALSE,0.50439388116962,0.00880721840904697,TRUE,52,0.195999999999913,"251, 474"
0.001,206,4,2,100063,"joint_lambda_eta0",0.001,87.988384202847,-0.850671360718758,0,"interior","interior",2385.68823580097,0,2,1,1,TRUE,0.603035287129166,0.209510932239761,TRUE,143,0.577999999999975,"325, 412"
0.001,206,4,2,100063,"oracle_lambda",0.001,87.988384202847,-0.850671360718758,0,"interior","interior",2385.68823580097,0,2,1,1,TRUE,0.603035287129166,0.209510932239761,TRUE,143,0.577999999999975,"325, 412"
0.001,206,4,3,100064,"joint_lambda_eta0",0.001,120.934337899881,-0.532628432471601,0,"interior","interior",2468.19475264598,0,1,1,0.5,FALSE,0.504424306532594,0.00884861306602636,TRUE,77,0.301000000000045,"187, 203"
0.001,206,4,3,100064,"oracle_lambda",0.001,120.934337899881,-0.532628432471601,0,"interior","interior",2468.19475264598,0,1,1,0.5,FALSE,0.504424306532594,0.00884861306602636,TRUE,77,0.301000000000045,"187, 203"
0.001,206,4,4,100065,"joint_lambda_eta0",0.003,182.505288179412,-0.121097019861297,1.09861228866811,"interior","interior",2415.91234564699,1.5916170980995,2,1,1,TRUE,0.527376816000273,0.0547537260033388,TRUE,29,0.0949999999999136,"38, 362"
0.001,206,4,4,100065,"oracle_lambda",0.001,68.7521405387518,-1.09736829761847,0,"interior","interior",2414.32072854889,0,1,1,0.5,FALSE,0.507392690062298,0.0147875410538232,TRUE,28,0.0960000000000036,"38, 362"
0.001,206,4,5,100066,"joint_lambda_eta0",0.001,87.513385887694,-0.856084405552854,0,"interior","interior",2457.90658071627,0,1,1,0.5,FALSE,0.15195301215193,0.012272741348255,TRUE,23,0.0789999999999509,"260, 478"
0.001,206,4,5,100066,"oracle_lambda",0.001,87.513385887694,-0.856084405552854,0,"interior","interior",2457.90658071627,0,1,1,0.5,FALSE,0.15195301215193,0.012272741348255,TRUE,23,0.0789999999999509,"260, 478"
0.001,447,4,1,100067,"joint_lambda_eta0",0.001,242.063714577166,-0.613357619733148,0,"interior","interior",2559.24869096809,0,2,1,1,TRUE,0.614526445735109,0.229052891470246,TRUE,35,0.141000000000076,"310, 411"
0.001,447,4,1,100067,"oracle_lambda",0.001,242.063714577166,-0.613357619733148,0,"interior","interior",2559.24869096809,0,2,1,1,TRUE,0.614526445735109,0.229052891470246,TRUE,35,0.141000000000076,"310, 411"
0.001,447,4,2,100068,"joint_lambda_eta0",0.001,240.35748461549,-0.620431260273786,0,"interior","interior",2565.19569886514,0,2,1,1,TRUE,0.732569082873255,0.465141688523981,TRUE,88,0.341000000000008,"38, 75"
0.001,447,4,2,100068,"oracle_lambda",0.001,240.35748461549,-0.620431260273786,0,"interior","interior",2565.19569886514,0,2,1,1,TRUE,0.732569082873255,0.465141688523981,TRUE,88,0.341000000000008,"38, 75"
0.001,447,4,3,100069,"joint_lambda_eta0",0.001,214.398887157267,-0.734720355928212,0,"interior","interior",2504.25567390475,0,2,1,1,TRUE,0.735660769898079,0.475215641383431,TRUE,99,0.372999999999934,"131, 356"
0.001,447,4,3,100069,"oracle_lambda",0.001,214.398887157267,-0.734720355928212,0,"interior","interior",2504.25567390475,0,2,1,1,TRUE,0.735660769898079,0.475215641383431,TRUE,99,0.372999999999934,"131, 356"
0.001,447,4,4,100070,"joint_lambda_eta0",0.001,381.567354457538,-0.158271207814438,0,"interior","interior",2596.61657447702,0,2,1,1,TRUE,0.999999999965755,0.999999999931783,TRUE,13,0.04200000000003,"203, 416"
0.001,447,4,4,100070,"oracle_lambda",0.001,381.567354457538,-0.158271207814438,0,"interior","interior",2596.61657447702,0,2,1,1,TRUE,0.999999999965755,0.999999999931783,TRUE,13,0.04200000000003,"203, 416"
0.001,447,4,5,100071,"joint_lambda_eta0",0.003,940.537502354881,0.743892928244687,1.09861228866811,"interior","interior",2555.06151151977,3.23578550207321,2,1,1,TRUE,0.667472323836286,0.659119954581703,TRUE,34,0.112999999999943,"104, 144"
0.001,447,4,5,100071,"oracle_lambda",0.001,224.029377183808,-0.690781403215694,0,"interior","interior",2551.8257260177,0,2,1,1,TRUE,0.551798838835929,0.535004150632624,TRUE,66,0.242999999999938,"104, 144"
0.001,972,4,1,100072,"joint_lambda_eta0",0.001,684.144435652204,-0.35118674589549,0,"interior","interior",2656.46001599147,0,2,1,1,TRUE,0.765532599654261,0.551444780514229,TRUE,72,0.293000000000006,"103, 422"
0.001,972,4,1,100072,"oracle_lambda",0.001,684.144435652204,-0.35118674589549,0,"interior","interior",2656.46001599147,0,2,1,1,TRUE,0.765532599654261,0.551444780514229,TRUE,72,0.293000000000006,"103, 422"
0.001,972,4,2,100073,"joint_lambda_eta0",0.001,864.865473131735,-0.116781832014479,0,"interior","interior",2658.32285258786,0,2,1,1,TRUE,0.621537484187117,0.531766421786629,TRUE,71,0.288999999999987,"77, 164"
0.001,972,4,2,100073,"oracle_lambda",0.001,864.865473131735,-0.116781832014479,0,"interior","interior",2658.32285258786,0,2,1,1,TRUE,0.621537484187117,0.531766421786629,TRUE,71,0.288999999999987,"77, 164"
0.001,972,4,3,100074,"joint_lambda_eta0",0.001,761.246747592888,-0.244398257901436,0,"interior","interior",2649.2686844885,0,2,1,1,TRUE,0.482748431102033,0.18917239851822,TRUE,72,0.289999999999964,"9, 377"
0.001,972,4,3,100074,"oracle_lambda",0.001,761.246747592888,-0.244398257901436,0,"interior","interior",2649.2686844885,0,2,1,1,TRUE,0.482748431102033,0.18917239851822,TRUE,72,0.289999999999964,"9, 377"
0.001,972,4,4,100075,"joint_lambda_eta0",0.001,414.144287887721,-0.853141369886698,0,"interior","interior",2624.16844816882,0,1,1,0.5,FALSE,0.528934966185044,0.0578699370839384,TRUE,23,0.0739999999999554,"15, 263"
0.001,972,4,4,100075,"oracle_lambda",0.001,414.144287887721,-0.853141369886698,0,"interior","interior",2624.16844816882,0,1,1,0.5,FALSE,0.528934966185044,0.0578699370839384,TRUE,23,0.0739999999999554,"15, 263"
0.001,972,4,5,100076,"joint_lambda_eta0",0.001,474.587502294432,-0.716909793939861,0,"interior","interior",2614.10671303799,0,2,1,1,TRUE,0.999998913648511,0.999997827297475,TRUE,72,0.293000000000006,"118, 328"
0.001,972,4,5,100076,"oracle_lambda",0.001,474.587502294432,-0.716909793939861,0,"interior","interior",2614.10671303799,0,2,1,1,TRUE,0.999998913648511,0.999997827297475,TRUE,72,0.293000000000006,"118, 328"
0.001,2115,4,1,100077,"joint_lambda_eta0",0.001,3792.8485479369,0.58406252005116,0,"interior","interior",2703.57733545296,0,1,1,0.5,FALSE,0.807686344591543,0.61537268918333,TRUE,62,0.504999999999995,"15, 227"
0.001,2115,4,1,100077,"oracle_lambda",0.001,3792.8485479369,0.58406252005116,0,"interior","interior",2703.57733545296,0,1,1,0.5,FALSE,0.807686344591543,0.61537268918333,TRUE,62,0.504999999999995,"15, 227"
0.001,2115,4,2,100078,"joint_lambda_eta0",0.001,3213.48087329225,0.418299921327018,0,"interior","interior",2700.85111498741,0,1,1,0.5,FALSE,0.611685185253398,0.582438405828707,TRUE,69,0.588999999999942,"423, 488"
0.001,2115,4,2,100078,"oracle_lambda",0.001,3213.48087329225,0.418299921327018,0,"interior","interior",2700.85111498741,0,1,1,0.5,FALSE,0.611685185253398,0.582438405828707,TRUE,69,0.588999999999942,"423, 488"
0.001,2115,4,3,100079,"joint_lambda_eta0",0.001,3045.97720269592,0.364766957605265,0,"interior","interior",2697.09269803722,0,2,1,1,TRUE,0.766776498527154,0.533552997054308,TRUE,74,0.603999999999928,"25, 400"
0.001,2115,4,3,100079,"oracle_lambda",0.001,3045.97720269592,0.364766957605265,0,"interior","interior",2697.09269803722,0,2,1,1,TRUE,0.766776498527154,0.533552997054308,TRUE,74,0.603999999999928,"25, 400"
0.001,2115,4,4,100080,"joint_lambda_eta0",0.001,1963.14531256958,-0.074506874182311,0,"interior","interior",2686.44485334469,0,2,1,1,TRUE,0.999938569040348,0.999877138080702,TRUE,8,0.0300000000000864,"21, 49"
0.001,2115,4,4,100080,"oracle_lambda",0.001,1963.14531256958,-0.074506874182311,0,"interior","interior",2686.44485334469,0,2,1,1,TRUE,0.999938569040348,0.999877138080702,TRUE,8,0.0300000000000864,"21, 49"
0.001,2115,4,5,100081,"joint_lambda_eta0",0.001,1210.30586263025,-0.558181705799567,0,"interior","interior",2668.25835080552,0,2,1,1,TRUE,0.695438365798066,0.390876731706503,TRUE,62,0.246999999999957,"68, 173"
0.001,2115,4,5,100081,"oracle_lambda",0.001,1210.30586263025,-0.558181705799567,0,"interior","interior",2668.25835080552,0,2,1,1,TRUE,0.695438365798066,0.390876731706503,TRUE,62,0.246999999999957,"68, 173"
0.001,4599,4,1,100082,"joint_lambda_eta0",0.001,1205.43078972694,-1.33900188365565,0,"interior","interior",2679.10025962075,0,2,1,1,TRUE,0.646439393643222,0.295047252675132,TRUE,75,0.307999999999993,"4, 144"
0.001,4599,4,1,100082,"oracle_lambda",0.001,1205.43078972694,-1.33900188365565,0,"interior","interior",2679.10025962075,0,2,1,1,TRUE,0.646439393643222,0.295047252675132,TRUE,75,0.307999999999993,"4, 144"
0.001,4599,4,2,100083,"joint_lambda_eta0",0.001,1911.03325964188,-0.878194819138243,0,"interior","interior",2683.61083319488,0,2,1,1,TRUE,0.689433834433969,0.381249568949637,TRUE,73,0.300999999999931,"250, 325"
0.001,4599,4,2,100083,"oracle_lambda",0.001,1911.03325964188,-0.878194819138243,0,"interior","interior",2683.61083319488,0,2,1,1,TRUE,0.689433834433969,0.381249568949637,TRUE,73,0.300999999999931,"250, 325"
0.001,4599,4,3,100084,"joint_lambda_eta0",0.001,1357.93221844082,-1.21987577344987,0,"interior","interior",2675.28281418948,0,2,1,1,TRUE,0.875206318122391,0.754806480124207,TRUE,71,0.294000000000096,"98, 123"
0.001,4599,4,3,100084,"oracle_lambda",0.001,1357.93221844082,-1.21987577344987,0,"interior","interior",2675.28281418948,0,2,1,1,TRUE,0.875206318122391,0.754806480124207,TRUE,71,0.294000000000096,"98, 123"
0.001,4599,4,4,100085,"joint_lambda_eta0",0.001,20000,1.4698933849962,0,"upper","interior",2710.92105369877,0,2,1,1,TRUE,0.201054157071781,0.0705424648080983,TRUE,37,0.644000000000005,"111, 480"
0.001,4599,4,4,100085,"oracle_lambda",0.001,20000,1.4698933849962,0,"upper","interior",2710.92105369877,0,2,1,1,TRUE,0.201054157071781,0.0705424648080983,TRUE,37,0.644000000000005,"111, 480"
0.001,4599,4,5,100086,"joint_lambda_eta0",0.001,10957.1277631168,0.868151293207895,0,"interior","interior",2707.70945671899,0,2,1,1,TRUE,0.664618987142224,0.337269019950516,TRUE,58,0.577999999999975,"23, 145"
0.001,4599,4,5,100086,"oracle_lambda",0.001,10957.1277631168,0.868151293207895,0,"interior","interior",2707.70945671899,0,2,1,1,TRUE,0.664618987142224,0.337269019950516,TRUE,58,0.577999999999975,"23, 145"
0.001,10000,4,1,100087,"joint_lambda_eta0",0.001,966.015189567564,-2.33716081369726,0,"interior","interior",2655.43855375079,0,2,1,1,TRUE,0.995825176695916,0.991650353391832,TRUE,64,0.240000000000009,"237, 405"
0.001,10000,4,1,100087,"oracle_lambda",0.001,966.015189567564,-2.33716081369726,0,"interior","interior",2655.43855375079,0,2,1,1,TRUE,0.995825176695916,0.991650353391832,TRUE,64,0.240000000000009,"237, 405"
0.001,10000,4,2,100088,"joint_lambda_eta0",0.001,5702.69085546397,-0.561646949642244,0,"interior","interior",2700.84077395122,0,2,1,1,TRUE,0.854555452478402,0.732734225365779,TRUE,33,0.282999999999902,"128, 465"
0.001,10000,4,2,100088,"oracle_lambda",0.001,5702.69085546397,-0.561646949642244,0,"interior","interior",2700.84077395122,0,2,1,1,TRUE,0.854555452478402,0.732734225365779,TRUE,33,0.282999999999902,"128, 465"
0.001,10000,4,3,100089,"joint_lambda_eta0",0.001,4792.11693864174,-0.735612829590135,0,"interior","interior",2702.01248475369,0,2,1,1,TRUE,0.90647080874175,0.822634181699675,TRUE,26,0.246999999999957,"32, 336"
0.001,10000,4,3,100089,"oracle_lambda",0.001,4792.11693864174,-0.735612829590135,0,"interior","interior",2702.01248475369,0,2,1,1,TRUE,0.90647080874175,0.822634181699675,TRUE,26,0.246999999999957,"32, 336"
0.001,10000,4,4,100090,"joint_lambda_eta0",0.001,3818.34594245148,-0.962767763505106,0,"interior","interior",2696.40515938217,0,2,1,1,TRUE,0.99999844408514,0.99999688909007,TRUE,59,0.497999999999934,"33, 422"
0.001,10000,4,4,100090,"oracle_lambda",0.001,3818.34594245148,-0.962767763505106,0,"interior","interior",2696.40515938217,0,2,1,1,TRUE,0.99999844408514,0.99999688909007,TRUE,59,0.497999999999934,"33, 422"
0.001,10000,4,5,100091,"joint_lambda_eta0",0.001,20000,0.693147180559944,0,"upper","interior",2717.46153540404,0,2,1,1,TRUE,0.773410139835574,0.546823415224486,TRUE,70,1.79700000000003,"37, 210"
0.001,10000,4,5,100091,"oracle_lambda",0.001,20000,0.693147180559944,0,"upper","interior",2717.46153540404,0,2,1,1,TRUE,0.773410139835574,0.546823415224486,TRUE,70,1.79700000000003,"37, 210"
0.001,20,5,1,100092,"joint_lambda_eta0",0.005,12.6574038651952,-0.457489943807204,1.6094379124341,"interior","interior",2018.68183030124,22.3270735384497,1,1,0.5,FALSE,0.0797719071439431,0.00812511422627837,TRUE,85,0.341000000000122,"4, 190"
0.001,20,5,1,100092,"oracle_lambda",0.001,2,-2.30258509299405,0,"lower","interior",1996.35475676279,0,0,0,0,FALSE,0.0216449428037667,0.0163074624393393,TRUE,113,0.501000000000204,"4, 190"
0.001,20,5,2,100093,"joint_lambda_eta0",0.008,18.2576864711898,-0.0911461056918665,2.07944154167984,"interior","interior",1954.77294866946,45.0225957553212,1,1,0.5,FALSE,0.197440611687623,0.0081229420654102,TRUE,76,0.308999999999969,"62, 283"
0.001,20,5,2,100093,"oracle_lambda",0.001,2,-2.30258509299405,0,"lower","interior",1909.75035291414,0,0,0,0,FALSE,0.0193459754217489,0.0154580767493586,TRUE,147,0.667000000000144,"62, 283"
0.001,20,5,3,100094,"joint_lambda_eta0",0.003,2,-2.30258509299405,1.09861228866811,"lower","interior",1854.13649698265,15.4932152693602,0,0,0,FALSE,0.0227360453970057,0.0215438791261674,TRUE,117,0.510999999999967,"11, 396"
0.001,20,5,3,100094,"oracle_lambda",0.001,2,-2.30258509299405,0,"lower","interior",1838.64328171328,0,0,0,0,FALSE,0.0227136350210157,0.0215271309372927,TRUE,117,0.517000000000053,"11, 396"
0.001,20,5,4,100095,"joint_lambda_eta0",0.008,2,-2.30258509299405,2.07944154167984,"lower","interior",1684.66217712378,66.7185555657252,0,0,0,FALSE,0.0149207177868113,0.00977164168719491,TRUE,116,0.507000000000062,"188, 443"
0.001,20,5,4,100095,"oracle_lambda",0.001,2,-2.30258509299405,0,"lower","interior",1617.94362155805,0,0,0,0,FALSE,0.0149246663232826,0.00977101876609643,TRUE,118,0.516999999999825,"188, 443"
0.001,20,5,5,100096,"joint_lambda_eta0",0.008,3.6704807944104,-1.6954096134168,2.07944154167984,"interior","interior",1848.5985999952,56.3041935862345,0,0,0,FALSE,0.0391113796681116,0.0209158523059768,TRUE,110,0.759999999999991,"344, 442"
0.001,20,5,5,100096,"oracle_lambda",0.001,2,-2.30258509299405,0,"lower","interior",1792.29440640897,0,0,0,0,FALSE,0.0219068109797935,0.0188633320771512,TRUE,121,0.529999999999973,"344, 442"
0.001,43,5,1,100097,"joint_lambda_eta0",0.003,13.8415804135622,-1.13352298029204,1.09861228866811,"interior","interior",2058.41423937417,20.7763081754681,1,1,0.5,FALSE,0.135489333738112,0.012841708033421,TRUE,86,0.348999999999933,"34, 225"
0.001,43,5,1,100097,"oracle_lambda",0.001,3.11194492533871,-2.62595220704729,0,"interior","interior",2037.6379311987,0,0,0,0,FALSE,0.0360945210402245,0.0301984207029684,TRUE,104,0.460000000000036,"34, 225"
0.001,43,5,2,100098,"joint_lambda_eta0",0.008,38.1708986514869,-0.119126705815952,2.07944154167984,"interior","interior",2093.18766384101,38.4715271309387,1,1,0.5,FALSE,0.24437754213158,0.00891232198499514,TRUE,38,0.128999999999905,"253, 297"
0.001,43,5,2,100098,"oracle_lambda",0.001,7.75319184155076,-1.71309550659278,0,"interior","interior",2054.71613671007,0,0,0,0,FALSE,0.0922542695014449,0.00876713793768613,TRUE,115,0.494000000000142,"253, 297"
0.001,43,5,3,100099,"joint_lambda_eta0",0.001,22.1498266131684,-0.663370447080983,0,"interior","interior",2142.61992778118,0,1,1,0.5,FALSE,0.504138587658567,0.00827718336931271,TRUE,77,0.330999999999904,"287, 378"
0.001,43,5,3,100099,"oracle_lambda",0.001,22.1498266131684,-0.663370447080983,0,"interior","interior",2142.61992778118,0,1,1,0.5,FALSE,0.504138587658567,0.00827718336931271,TRUE,77,0.330999999999904,"287, 378"
0.001,43,5,4,100100,"joint_lambda_eta0",0.005,25.7941358099642,-0.511052943788663,1.6094379124341,"interior","interior",2085.6907352624,23.8461982948152,0,0,0,FALSE,0.241596950402742,0.00838129120627695,TRUE,69,0.298000000000002,"428, 432"
0.001,43,5,4,100100,"oracle_lambda",0.001,10.9660099525963,-1.36639963112536,0,"interior","interior",2061.84453696759,0,0,0,0,FALSE,0.207389691688423,0.008002378810121,TRUE,111,0.486000000000104,"428, 432"
0.001,43,5,5,100101,"joint_lambda_eta0",0.003,18.4798857333487,-0.84451723275949,1.09861228866811,"interior","interior",2053.08692265805,19.1237681093762,1,1,0.5,FALSE,0.307964908364009,0.00807184312922526,TRUE,79,0.327999999999975,"3, 218"
0.001,43,5,5,100101,"oracle_lambda",0.001,10.4608423832826,-1.41356112652483,0,"interior","interior",2033.96315454867,0,1,1,0.5,FALSE,0.264444448272382,0.00799245082090871,TRUE,127,0.548000000000002,"3, 218"
0.001,95,5,1,100102,"joint_lambda_eta0",0.003,51.4933077906454,-0.612425038187249,1.09861228866811,"interior","interior",2242.40757199923,27.8761393257059,1,1,0.5,FALSE,0.0878536315774234,0.00962993985487648,TRUE,39,0.13799999999992,"142, 214"
0.001,95,5,1,100102,"oracle_lambda",0.001,26.9648611913876,-1.25934231055731,0,"interior","interior",2214.53143267352,0,1,1,0.5,FALSE,0.0836600127141666,0.00813723910660824,TRUE,74,0.308999999999969,"142, 214"
0.001,95,5,2,100103,"joint_lambda_eta0",0.003,73.2840746145514,-0.259533569415964,1.09861228866811,"interior","interior",2303.1078531093,13.4740349789658,1,1,0.5,FALSE,0.46388227681339,0.011213688023567,TRUE,31,0.106999999999971,"228, 326"
0.001,95,5,2,100103,"oracle_lambda",0.001,39.0289890824955,-0.889572211781232,0,"interior","interior",2289.63381813034,0,1,1,0.5,FALSE,0.354074109305542,0.00837171464231123,TRUE,73,0.307000000000016,"228, 326"
0.001,95,5,3,100104,"joint_lambda_eta0",0.003,76.7391548758871,-0.213464819666365,1.09861228866811,"interior","interior",2311.79548453461,19.1434359211316,1,1,0.5,FALSE,0.498554549535927,0.024797416319372,TRUE,63,0.2800000000002,"179, 428"
0.001,95,5,3,100104,"oracle_lambda",0.001,39.015304227214,-0.889922906363539,0,"interior","interior",2292.65204861348,0,1,1,0.5,FALSE,0.454999124771257,0.0086349122092414,TRUE,64,0.286999999999807,"179, 428"
0.001,95,5,4,100105,"joint_lambda_eta0",0.003,35.2219228377691,-0.992208194969666,1.09861228866811,"interior","interior",2249.79218914932,1.17957157944875,1,1,0.5,FALSE,0.509719934070041,0.0195222695020784,TRUE,29,0.101999999999862,"68, 427"
0.001,95,5,4,100105,"oracle_lambda",0.001,20.9870501957069,-1.50997130143575,0,"interior","interior",2248.61261756987,0,1,1,0.5,FALSE,0.504033325170955,0.00943607563151527,TRUE,73,0.308999999999969,"68, 427"
0.001,95,5,5,100106,"joint_lambda_eta0",0.003,83.7784680320948,-0.12570086185286,1.09861228866811,"interior","interior",2277.81805398042,14.1556469949346,2,1,1,TRUE,0.600930089412534,0.481873118324618,TRUE,83,0.336000000000013,"342, 450"
0.001,95,5,5,100106,"oracle_lambda",0.001,30.4704526843111,-1.13711944199155,0,"interior","interior",2263.66240698548,0,1,1,0.5,FALSE,0.338412146852957,0.00987257145747433,TRUE,49,0.227999999999838,"342, 450"
0.001,206,5,1,100107,"joint_lambda_eta0",0.001,108.767868084699,-0.63866020809013,0,"interior","interior",2436.83925416032,0,2,1,1,TRUE,0.203187524240272,0.185406064285593,TRUE,85,0.344000000000051,"32, 329"
0.001,206,5,1,100107,"oracle_lambda",0.001,108.767868084699,-0.63866020809013,0,"interior","interior",2436.83925416032,0,2,1,1,TRUE,0.203187524240272,0.185406064285593,TRUE,85,0.344000000000051,"32, 329"
0.001,206,5,2,100108,"joint_lambda_eta0",0.005,109.877785318193,-0.628507463224375,1.6094379124341,"interior","interior",2303.43054938937,47.6927652870286,1,1,0.5,FALSE,0.354362850108846,0.00895290816960626,TRUE,23,0.0779999999999745,"130, 131"
0.001,206,5,2,100108,"oracle_lambda",0.001,36.7427331897231,-1.72393569901721,0,"interior","interior",2255.73778410234,0,1,1,0.5,FALSE,0.280632314100924,0.00799811805036432,TRUE,77,0.314999999999827,"130, 131"
0.001,206,5,3,100109,"joint_lambda_eta0",0.003,177.407896486982,-0.149424587576775,1.09861228866811,"interior","interior",2381.88775428003,17.2676497295292,2,1,1,TRUE,0.674250177366232,0.570635895023203,TRUE,29,0.0989999999999327,"115, 205"
0.001,206,5,3,100109,"oracle_lambda",0.001,62.4710925646174,-1.19317223800824,0,"interior","interior",2364.6201045505,0,1,1,0.5,FALSE,0.18918488837409,0.0119136720543708,TRUE,31,0.107999999999947,"115, 205"
0.001,206,5,4,100110,"joint_lambda_eta0",0.005,125.814991593492,-0.493063661563872,1.6094379124341,"interior","interior",2295.74588143611,39.2233705443714,2,1,1,TRUE,0.784902382903431,0.569807978614596,TRUE,107,0.472999999999956,"201, 442"
0.001,206,5,4,100110,"oracle_lambda",0.001,34.2690389547489,-1.79363387663597,0,"interior","interior",2256.52251089173,0,1,1,0.5,FALSE,0.504077903161052,0.0088578353204416,TRUE,69,0.294000000000096,"201, 442"
0.001,206,5,5,100111,"joint_lambda_eta0",0.003,252.356877771413,0.202968098514972,1.09861228866811,"interior","interior",2439.90692841363,8.81895831972224,2,1,1,TRUE,0.515818691400744,0.200584722194125,TRUE,81,0.335000000000036,"122, 211"
0.001,206,5,5,100111,"oracle_lambda",0.001,84.4168450505083,-0.89210920119579,0,"interior","interior",2431.08797009391,0,1,1,0.5,FALSE,0.120467611614091,0.0145683395310386,TRUE,59,0.261000000000195,"122, 211"
0.001,447,5,1,100112,"joint_lambda_eta0",0.001,209.31192272791,-0.758733002006644,0,"interior","interior",2506.44178512048,0,2,1,1,TRUE,0.762457043669416,0.524914105405798,TRUE,95,0.435999999999922,"230, 363"
0.001,447,5,1,100112,"oracle_lambda",0.001,209.31192272791,-0.758733002006644,0,"interior","interior",2506.44178512048,0,2,1,1,TRUE,0.762457043669416,0.524914105405798,TRUE,95,0.435999999999922,"230, 363"
0.001,447,5,2,100113,"joint_lambda_eta0",0.003,632.403600440781,0.346969204002159,1.09861228866811,"interior","interior",2527.26903399077,2.48163077363597,2,1,1,TRUE,0.799725330033548,0.617539498853167,TRUE,42,0.143000000000029,"31, 277"
0.001,447,5,2,100113,"oracle_lambda",0.001,198.181403964469,-0.813375801718532,0,"interior","interior",2524.78740321713,0,2,1,1,TRUE,0.737103834892926,0.537927239251605,TRUE,77,0.322000000000116,"31, 277"
0.001,447,5,3,100114,"joint_lambda_eta0",0.003,280.76149359794,-0.465053062926705,1.09861228866811,"interior","interior",2448.89823978811,7.80838604071323,1,1,0.5,FALSE,0.577665203968588,0.381837684200745,TRUE,75,0.312000000000126,"325, 443"
0.001,447,5,3,100114,"oracle_lambda",0.001,110.542190560518,-1.39716133150126,0,"interior","interior",2441.08985374739,0,1,1,0.5,FALSE,0.193361215218501,0.0104357993549884,TRUE,60,0.264000000000124,"325, 443"
0.001,447,5,4,100115,"joint_lambda_eta0",0.003,313.801544501312,-0.353797832397777,1.09861228866811,"interior","interior",2443.87876264841,7.22918653339957,2,1,1,TRUE,0.628924965874421,0.269168758243803,TRUE,81,0.329999999999927,"59, 170"
0.001,447,5,4,100115,"oracle_lambda",0.001,120.336769631243,-1.31226436886421,0,"interior","interior",2436.64957611501,0,1,1,0.5,FALSE,0.4338788933281,0.0111237180185392,TRUE,56,0.245000000000118,"59, 170"
0.001,447,5,5,100116,"joint_lambda_eta0",0.001,192.34177683333,-0.843284717390566,0,"interior","interior",2519.25537094216,0,2,1,1,TRUE,0.862764210972784,0.725716194876111,TRUE,74,0.305999999999813,"127, 464"
0.001,447,5,5,100116,"oracle_lambda",0.001,192.34177683333,-0.843284717390566,0,"interior","interior",2519.25537094216,0,2,1,1,TRUE,0.862764210972784,0.725716194876111,TRUE,74,0.305999999999813,"127, 464"
0.001,972,5,1,100117,"joint_lambda_eta0",0.001,495.379831823086,-0.674030999127944,0,"interior","interior",2588.04352988251,0,2,1,1,TRUE,0.679166456084509,0.362636458623323,TRUE,45,0.208999999999833,"236, 258"
0.001,972,5,1,100117,"oracle_lambda",0.001,495.379831823086,-0.674030999127944,0,"interior","interior",2588.04352988251,0,2,1,1,TRUE,0.679166456084509,0.362636458623323,TRUE,45,0.208999999999833,"236, 258"
0.001,972,5,2,100118,"joint_lambda_eta0",0.001,445.216147007038,-0.780795916608406,0,"interior","interior",2598.2726876232,0,2,1,1,TRUE,0.719392508683247,0.440997355320979,TRUE,76,0.309999999999945,"9, 227"
0.001,972,5,2,100118,"oracle_lambda",0.001,445.216147007038,-0.780795916608406,0,"interior","interior",2598.2726876232,0,2,1,1,TRUE,0.719392508683247,0.440997355320979,TRUE,76,0.309999999999945,"9, 227"
0.001,972,5,3,100119,"joint_lambda_eta0",0.001,399.634156880337,-0.888806283660529,0,"interior","interior",2563.5727511586,0,2,1,1,TRUE,0.936633684216949,0.873391171083624,TRUE,27,0.0899999999999181,"12, 237"
0.001,972,5,3,100119,"oracle_lambda",0.001,399.634156880337,-0.888806283660529,0,"interior","interior",2563.5727511586,0,2,1,1,TRUE,0.936633684216949,0.873391171083624,TRUE,27,0.0899999999999181,"12, 237"
0.001,972,5,4,100120,"joint_lambda_eta0",0.001,459.884604674867,-0.748380205850245,0,"interior","interior",2592.30833582217,0,2,1,1,TRUE,0.970771053268038,0.941543220552177,TRUE,69,0.288000000000011,"57, 352"
0.001,972,5,4,100120,"oracle_lambda",0.001,459.884604674867,-0.748380205850245,0,"interior","interior",2592.30833582217,0,2,1,1,TRUE,0.970771053268038,0.941543220552177,TRUE,69,0.288000000000011,"57, 352"
0.001,972,5,5,100121,"joint_lambda_eta0",0.001,558.352570876117,-0.554365194162444,0,"interior","interior",2588.69086063525,0,2,1,1,TRUE,0.807594933255045,0.635627633220725,TRUE,86,0.353000000000065,"175, 198"
0.001,972,5,5,100121,"oracle_lambda",0.001,558.352570876117,-0.554365194162444,0,"interior","interior",2588.69086063525,0,2,1,1,TRUE,0.807594933255045,0.635627633220725,TRUE,86,0.353000000000065,"175, 198"
0.001,2115,5,1,100122,"joint_lambda_eta0",0.001,2743.6987702794,0.260252113744427,0,"interior","interior",2668.43722788271,0,2,1,1,TRUE,0.684240001863523,0.37013452484391,TRUE,72,0.742999999999938,"390, 402"
0.001,2115,5,1,100122,"oracle_lambda",0.001,2743.6987702794,0.260252113744427,0,"interior","interior",2668.43722788271,0,2,1,1,TRUE,0.684240001863523,0.37013452484391,TRUE,72,0.742999999999938,"390, 402"
0.001,2115,5,2,100123,"joint_lambda_eta0",0.001,1724.74209477792,-0.203977283466362,0,"interior","interior",2658.2822855662,0,2,1,1,TRUE,0.697263762411742,0.396014776449956,TRUE,71,0.302999999999884,"203, 382"
0.001,2115,5,2,100123,"oracle_lambda",0.001,1724.74209477792,-0.203977283466362,0,"interior","interior",2658.2822855662,0,2,1,1,TRUE,0.697263762411742,0.396014776449956,TRUE,71,0.302999999999884,"203, 382"
0.001,2115,5,3,100124,"joint_lambda_eta0",0.001,2298.08507090044,0.0830213857820361,0,"interior","interior",2661.50696858064,0,2,1,1,TRUE,0.988462500558037,0.976925001116073,TRUE,75,1.09099999999989,"24, 200"
0.001,2115,5,3,100124,"oracle_lambda",0.001,2298.08507090044,0.0830213857820361,0,"interior","interior",2661.50696858064,0,2,1,1,TRUE,0.988462500558037,0.976925001116073,TRUE,75,1.09099999999989,"24, 200"
0.001,2115,5,4,100125,"joint_lambda_eta0",0.001,746.550049740506,-1.04134743088055,0,"interior","interior",2625.13718371873,0,2,1,1,TRUE,0.999873055819903,0.999746111639806,TRUE,76,0.317999999999984,"327, 344"
0.001,2115,5,4,100125,"oracle_lambda",0.001,746.550049740506,-1.04134743088055,0,"interior","interior",2625.13718371873,0,2,1,1,TRUE,0.999873055819903,0.999746111639806,TRUE,76,0.317999999999984,"327, 344"
0.001,2115,5,5,100126,"joint_lambda_eta0",0.001,731.815795124722,-1.06128125519171,0,"interior","interior",2621.48128210668,0,2,1,1,TRUE,0.611175130644331,0.227847751284822,TRUE,76,0.322000000000116,"50, 190"
0.001,2115,5,5,100126,"oracle_lambda",0.001,731.815795124722,-1.06128125519171,0,"interior","interior",2621.48128210668,0,2,1,1,TRUE,0.611175130644331,0.227847751284822,TRUE,76,0.322000000000116,"50, 190"
0.001,4599,5,1,100127,"joint_lambda_eta0",0.001,1335.72514173861,-1.23636456684069,0,"interior","interior",2644.75948690441,0,2,1,1,TRUE,0.560811243503554,0.141062587981778,TRUE,76,0.316000000000031,"330, 485"
0.001,4599,5,1,100127,"oracle_lambda",0.001,1335.72514173861,-1.23636456684069,0,"interior","interior",2644.75948690441,0,2,1,1,TRUE,0.560811243503554,0.141062587981778,TRUE,76,0.316000000000031,"330, 485"
0.001,4599,5,2,100128,"joint_lambda_eta0",0.001,3774.51992644482,-0.197565685746516,0,"interior","interior",2673.31511343109,0,1,1,0.5,FALSE,0.668816568364044,0.344649145087965,TRUE,77,0.781999999999925,"152, 402"
0.001,4599,5,2,100128,"oracle_lambda",0.001,3774.51992644482,-0.197565685746516,0,"interior","interior",2673.31511343109,0,1,1,0.5,FALSE,0.668816568364044,0.344649145087965,TRUE,77,0.781999999999925,"152, 402"
0.001,4599,5,3,100129,"joint_lambda_eta0",0.001,1205.48374627022,-1.33895795298743,0,"interior","interior",2652.42392631183,0,1,1,0.5,FALSE,0.878171793329129,0.86276137195729,TRUE,55,0.257000000000062,"278, 485"
0.001,4599,5,3,100129,"oracle_lambda",0.001,1205.48374627022,-1.33895795298743,0,"interior","interior",2652.42392631183,0,1,1,0.5,FALSE,0.878171793329129,0.86276137195729,TRUE,55,0.257000000000062,"278, 485"
0.001,4599,5,4,100130,"joint_lambda_eta0",0.001,1742.02376798279,-0.970791366143181,0,"interior","interior",2659.14388994106,0,2,1,1,TRUE,0.360161298578033,0.15990228285541,TRUE,73,0.313000000000102,"5, 482"
0.001,4599,5,4,100130,"oracle_lambda",0.001,1742.02376798279,-0.970791366143181,0,"interior","interior",2659.14388994106,0,2,1,1,TRUE,0.360161298578033,0.15990228285541,TRUE,73,0.313000000000102,"5, 482"
0.001,4599,5,5,100131,"joint_lambda_eta0",0.001,2791.53781665314,-0.499246255808679,0,"interior","interior",2666.76547542404,0,2,1,1,TRUE,0.69582099945771,0.391641998915437,TRUE,71,0.683999999999969,"83, 463"
0.001,4599,5,5,100131,"oracle_lambda",0.001,2791.53781665314,-0.499246255808679,0,"interior","interior",2666.76547542404,0,2,1,1,TRUE,0.69582099945771,0.391641998915437,TRUE,71,0.683999999999969,"83, 463"
0.001,10000,5,1,100132,"joint_lambda_eta0",0.001,20000,0.693147180559944,0,"upper","interior",2691.5763970601,0,1,1,0.5,FALSE,0.580911514581082,0.161823428258154,TRUE,74,1.654,"19, 242"
0.001,10000,5,1,100132,"oracle_lambda",0.001,20000,0.693147180559944,0,"upper","interior",2691.5763970601,0,1,1,0.5,FALSE,0.580911514581082,0.161823428258154,TRUE,74,1.654,"19, 242"
0.001,10000,5,2,100133,"joint_lambda_eta0",0.001,1188.84336584693,-2.12960422000463,0,"interior","interior",2638.6090508569,0,2,1,1,TRUE,0.804353639642519,0.608707279285037,TRUE,86,0.418999999999869,"390, 393"
0.001,10000,5,2,100133,"oracle_lambda",0.001,1188.84336584693,-2.12960422000463,0,"interior","interior",2638.6090508569,0,2,1,1,TRUE,0.804353639642519,0.608707279285037,TRUE,86,0.418999999999869,"390, 393"
0.001,10000,5,3,100134,"joint_lambda_eta0",0.001,20000,0.693147180559944,0,"upper","interior",2716.64278723264,0,2,1,1,TRUE,0.605989165737876,0.211978343081336,TRUE,66,1.49399999999991,"220, 284"
0.001,10000,5,3,100134,"oracle_lambda",0.001,20000,0.693147180559944,0,"upper","interior",2716.64278723264,0,2,1,1,TRUE,0.605989165737876,0.211978343081336,TRUE,66,1.49399999999991,"220, 284"
0.001,10000,5,4,100135,"joint_lambda_eta0",0.001,20000,0.693147180559944,0,"upper","interior",2689.53491295667,0,2,1,1,TRUE,0.92067113499949,0.841342270401517,TRUE,70,2.80299999999988,"130, 246"
0.001,10000,5,4,100135,"oracle_lambda",0.001,20000,0.693147180559944,0,"upper","interior",2689.53491295667,0,2,1,1,TRUE,0.92067113499949,0.841342270401517,TRUE,70,2.80299999999988,"130, 246"
0.001,10000,5,5,100136,"joint_lambda_eta0",0.001,3418.56978904813,-1.0733628197223,0,"interior","interior",2666.75658078085,0,2,1,1,TRUE,0.781134677959539,0.562269355919078,TRUE,75,0.835999999999785,"23, 376"
0.001,10000,5,5,100136,"oracle_lambda",0.001,3418.56978904813,-1.0733628197223,0,"interior","interior",2666.75658078085,0,2,1,1,TRUE,0.781134677959539,0.562269355919078,TRUE,75,0.835999999999785,"23, 376"
0.01,20,3,1,100002,"joint_lambda_eta0",0.025,15.9933660744957,-0.223558257637011,0.916290731874155,"interior","interior",1761.70065810219,12.1668349448737,1,1,0.5,FALSE,0.181528621374001,0.00799851122214146,TRUE,90,0.324000000000012,"222, 230"
0.01,20,3,1,100002,"oracle_lambda",0.01,2.28922843416336,-2.16751744107388,0,"interior","interior",1749.53382315732,0,0,0,0,FALSE,0.020784523157804,0.018469813819607,TRUE,115,0.426999999999992,"222, 230"
0.01,20,3,2,100003,"joint_lambda_eta0",0.015,12.2123739405535,-0.493282578403893,0.405465108108164,"interior","interior",1741.55259022446,1.51594337911979,0,0,0,FALSE,0.184841407813844,0.0621085201301708,TRUE,143,0.522000000000048,"262, 268"
0.01,20,3,2,100003,"oracle_lambda",0.01,8.81179862880274,-0.81964069680388,0,"interior","interior",1740.03664684534,0,0,0,0,FALSE,0.15744557170307,0.0785643269457631,TRUE,194,0.713999999999999,"262, 268"
0.01,20,3,3,100004,"joint_lambda_eta0",0.02,6.51465096714288,-1.12167863814325,0.693147180559945,"interior","interior",1794.26076961737,7.91707994494277,0,0,0,FALSE,0.0931131296080119,0.0724345254215573,TRUE,131,0.500999999999976,"231, 273"
0.01,20,3,3,100004,"oracle_lambda",0.01,2.1789688217636,-2.21688052620071,0,"interior","interior",1786.34368967243,0,0,0,0,FALSE,0.0206435496598862,0.0203171574943978,TRUE,119,0.45599999999996,"231, 273"
0.01,20,3,4,100005,"joint_lambda_eta0",0.025,14.2065793525154,-0.34202708156896,0.916290731874155,"interior","interior",1748.00670053227,9.26665632461777,1,1,0.5,FALSE,0.295371302333858,0.00806361662276867,TRUE,124,0.464999999999975,"238, 307"
0.01,20,3,4,100005,"oracle_lambda",0.01,2.1976900806496,-2.20832542812846,0,"interior","interior",1738.74004420766,0,0,0,0,FALSE,0.0229876774201503,0.0185804482774087,TRUE,113,0.425999999999988,"238, 307"
0.01,20,3,5,100006,"joint_lambda_eta0",0.02,26.1667416404575,0.268756927802571,0.693147180559945,"interior","interior",1849.30835021998,6.10438690951196,1,1,0.5,FALSE,0.179678550738836,0.00793927699899888,TRUE,71,0.262,"189, 233"
0.01,20,3,5,100006,"oracle_lambda",0.01,16.5401611867784,-0.189940838735168,0,"interior","interior",1843.20396331047,0,1,1,0.5,FALSE,0.161889348794599,0.00794178319082595,TRUE,102,0.372000000000014,"189, 233"
0.01,43,3,1,100007,"joint_lambda_eta0",0.01,15.9511938468774,-0.991666439929771,0,"interior","interior",1933.65220471954,0,0,0,0,FALSE,0.478790459995103,0.0427842871554214,TRUE,87,0.331000000000017,"97, 283"
0.01,43,3,1,100007,"oracle_lambda",0.01,15.9511938468774,-0.991666439929771,0,"interior","interior",1933.65220471954,0,0,0,0,FALSE,0.478790459995103,0.0427842871554214,TRUE,87,0.331000000000017,"97, 283"
0.01,43,3,2,100008,"joint_lambda_eta0",0.015,36.2001221561951,-0.172137622387002,0.405465108108164,"interior","interior",1977.26530117516,5.46159892695346,1,1,0.5,FALSE,0.281765022995707,0.00847232332777148,TRUE,48,0.173000000000002,"53, 496"
0.01,43,3,2,100008,"oracle_lambda",0.01,27.3564198714083,-0.452248884154374,0,"interior","interior",1971.80370224821,0,1,1,0.5,FALSE,0.274692124955309,0.0081564729850897,TRUE,67,0.243999999999971,"53, 496"
0.01,43,3,3,100009,"joint_lambda_eta0",0.01,32.221757204311,-0.288558201743746,0,"interior","interior",2026.8043689271,0,1,1,0.5,FALSE,0.50418474432765,0.00836949139955978,TRUE,65,0.240999999999985,"472, 498"
0.01,43,3,3,100009,"oracle_lambda",0.01,32.221757204311,-0.288558201743746,0,"interior","interior",2026.8043689271,0,1,1,0.5,FALSE,0.50418474432765,0.00836949139955978,TRUE,65,0.240999999999985,"472, 498"
0.01,43,3,4,100010,"joint_lambda_eta0",0.02,51.3048913834064,0.176585980542185,0.693147180559945,"interior","interior",2046.89420352911,4.81955672578101,1,1,0.5,FALSE,0.437503284892029,0.0145627506881956,TRUE,32,0.120999999999981,"110, 251"
0.01,43,3,4,100010,"oracle_lambda",0.01,30.4653863327357,-0.344608950874241,0,"interior","interior",2042.07464680333,0,1,1,0.5,FALSE,0.391274371469806,0.00869336680320543,TRUE,71,0.26600000000002,"110, 251"
0.01,43,3,5,100011,"joint_lambda_eta0",0.015,49.0829565980471,0.132311742718776,0.405465108108164,"interior","interior",2087.75971810718,4.18240723391546,1,1,0.5,FALSE,0.201181499805054,0.00925041517754943,TRUE,78,0.290999999999997,"252, 404"
0.01,43,3,5,100011,"oracle_lambda",0.01,36.5212580074816,-0.163305613476797,0,"interior","interior",2083.57731087326,0,1,1,0.5,FALSE,0.211006426723627,0.00859539270438425,TRUE,82,0.305999999999983,"252, 404"
0.01,95,3,1,100012,"joint_lambda_eta0",0.015,61.064497912818,-0.441946243187366,0.405465108108164,"interior","interior",2169.70266529584,0.580137612590079,1,1,0.5,FALSE,0.494605285312213,0.0669648335062836,TRUE,37,0.137999999999977,"311, 321"
0.01,95,3,1,100012,"oracle_lambda",0.01,38.0271730933848,-0.915575906018181,0,"interior","interior",2169.12252768325,0,1,1,0.5,FALSE,0.417196761776706,0.0150361129470823,TRUE,28,0.0950000000000273,"311, 321"
0.01,95,3,2,100013,"joint_lambda_eta0",0.015,103.527290753765,0.0859583651280849,0.405465108108164,"interior","interior",2125.13787025227,5.29701719490276,1,1,0.5,FALSE,0.489423479249887,0.473408001434628,TRUE,109,0.389999999999986,"215, 319"
0.01,95,3,2,100013,"oracle_lambda",0.01,55.151153152313,-0.543799236739518,0,"interior","interior",2119.84085305737,0,1,1,0.5,FALSE,0.203667204636764,0.0124379706112256,TRUE,35,0.130000000000052,"215, 319"
0.01,95,3,3,100014,"joint_lambda_eta0",0.015,70.7463137402719,-0.29477645904558,0.405465108108164,"interior","interior",2089.08034182878,2.91089240925976,1,1,0.5,FALSE,0.379532621751331,0.0246102497402356,TRUE,67,0.242999999999995,"330, 497"
0.01,95,3,3,100014,"oracle_lambda",0.01,50.0172090916565,-0.641509763556245,0,"interior","interior",2086.16944941952,0,1,1,0.5,FALSE,0.351544238638563,0.00962387257718833,TRUE,39,0.142999999999972,"330, 497"
0.01,95,3,4,100015,"joint_lambda_eta0",0.015,81.6924022591528,-0.150915889662947,0.405465108108164,"interior","interior",2086.11272738884,0.0453632896937961,1,1,0.5,FALSE,0.520112591162398,0.498987074357838,TRUE,94,0.337000000000046,"265, 292"
0.01,95,3,4,100015,"oracle_lambda",0.01,39.6333174294581,-0.874206777847232,0,"interior","interior",2086.06736409914,0,1,1,0.5,FALSE,0.257902699843812,0.0137215248127823,TRUE,36,0.136000000000024,"265, 292"
0.01,95,3,5,100016,"joint_lambda_eta0",0.015,71.7363307250152,-0.280879567653972,0.405465108108164,"interior","interior",2142.19549678287,0.687192954319471,1,1,0.5,FALSE,0.470852069081863,0.0583261064949442,TRUE,37,0.140000000000043,"71, 260"
0.01,95,3,5,100016,"oracle_lambda",0.01,47.0897811292237,-0.701820875280626,0,"interior","interior",2141.50830382855,0,1,1,0.5,FALSE,0.427284133175765,0.0178539674727521,TRUE,60,0.216999999999985,"71, 260"
0.01,206,3,1,100017,"joint_lambda_eta0",0.015,312.208069534611,0.4157936862819,0.405465108108164,"interior","interior",2274.98285793505,3.6547370920066,2,1,1,TRUE,0.830171390171976,0.660342804659725,TRUE,84,0.41900000000004,"72, 351"
0.01,206,3,1,100017,"oracle_lambda",0.01,199.201339460047,-0.033560099464669,0,"interior","interior",2271.32812084304,0,2,1,1,TRUE,0.812684415366319,0.625369300716232,TRUE,101,0.367000000000019,"72, 351"
0.01,206,3,2,100018,"joint_lambda_eta0",0.01,109.309217386852,-0.633695446084513,0,"interior","interior",2243.45369094548,0,1,1,0.5,FALSE,0.500107207314243,0.0166814320528668,TRUE,20,0.0690000000000168,"45, 145"
0.01,206,3,2,100018,"oracle_lambda",0.01,109.309217386852,-0.633695446084513,0,"interior","interior",2243.45369094548,0,1,1,0.5,FALSE,0.500107207314243,0.0166814320528668,TRUE,20,0.0690000000000168,"45, 145"
0.01,206,3,3,100019,"joint_lambda_eta0",0.01,231.108442555016,0.115010879865948,0,"interior","interior",2317.38448666573,0,1,1,0.5,FALSE,0.297558562636585,0.0114177400027859,TRUE,17,0.0559999999999832,"96, 161"
0.01,206,3,3,100019,"oracle_lambda",0.01,231.108442555016,0.115010879865948,0,"interior","interior",2317.38448666573,0,1,1,0.5,FALSE,0.297558562636585,0.0114177400027859,TRUE,17,0.0559999999999832,"96, 161"
0.01,206,3,4,100020,"joint_lambda_eta0",0.01,122.733984089212,-0.517856886479296,0,"interior","interior",2265.91072172555,0,1,1,0.5,FALSE,0.509221207608145,0.0184425526643885,TRUE,19,0.0649999999999977,"62, 367"
0.01,206,3,4,100020,"oracle_lambda",0.01,122.733984089212,-0.517856886479296,0,"interior","interior",2265.91072172555,0,1,1,0.5,FALSE,0.509221207608145,0.0184425526643885,TRUE,19,0.0649999999999977,"62, 367"
0.01,206,3,5,100021,"joint_lambda_eta0",0.015,508.394759576591,0.903382062794764,0.405465108108164,"interior","interior",2341.4251761223,2.19664050953043,2,1,1,TRUE,0.668356094507983,0.336725341541529,TRUE,10,0.0330000000000155,"111, 336"
0.01,206,3,5,100021,"oracle_lambda",0.01,259.008231820831,0.228983675496898,0,"interior","interior",2339.22853561277,0,2,1,1,TRUE,0.653453183175028,0.307011792229918,TRUE,58,0.203000000000031,"111, 336"
0.01,447,3,1,100022,"joint_lambda_eta0",0.02,20000,3.80092895792256,0.693147180559945,"upper","interior",2382.03900307516,5.97323439302681,2,1,1,TRUE,0.999905492152409,0.999887925562473,TRUE,56,0.870000000000005,"111, 195"
0.01,447,3,1,100022,"oracle_lambda",0.01,413.179722988468,-0.0786759316882124,0,"interior","interior",2376.06576868213,0,2,1,1,TRUE,0.998052633864901,0.997490720232812,TRUE,81,0.29400000000004,"111, 195"
0.01,447,3,2,100023,"joint_lambda_eta0",0.015,678.013723374647,0.416608934087536,0.405465108108164,"interior","interior",2354.11952841978,2.2522760840252,2,1,1,TRUE,0.880554546754958,0.771194070613724,TRUE,60,0.209000000000003,"93, 374"
0.01,447,3,2,100023,"oracle_lambda",0.01,295.94269422205,-0.412392759633707,0,"interior","interior",2351.86725233575,0,2,1,1,TRUE,0.818319545241074,0.676340782022113,TRUE,39,0.141999999999996,"93, 374"
0.01,447,3,3,100024,"joint_lambda_eta0",0.01,402.549231996234,-0.104741189716291,0,"interior","interior",2349.88015065685,0,2,1,1,TRUE,0.997622297420673,0.995244596122236,TRUE,92,0.330000000000041,"54, 321"
0.01,447,3,3,100024,"oracle_lambda",0.01,402.549231996234,-0.104741189716291,0,"interior","interior",2349.88015065685,0,2,1,1,TRUE,0.997622297420673,0.995244596122236,TRUE,92,0.330000000000041,"54, 321"
0.01,447,3,4,100025,"joint_lambda_eta0",0.015,835.289505821662,0.625219783704906,0.405465108108164,"interior","interior",2365.33659729606,1.13547455169282,2,1,1,TRUE,0.967133808350382,0.934267620442279,TRUE,26,0.0860000000000127,"167, 351"
0.01,447,3,4,100025,"oracle_lambda",0.01,358.165892280186,-0.221562329285621,0,"interior","interior",2364.20112274437,0,1,1,0.5,FALSE,0.906152750227084,0.812305597958466,TRUE,71,0.262,"167, 351"
0.01,447,3,5,100026,"joint_lambda_eta0",0.01,355.528500423158,-0.228953178617024,0,"interior","interior",2370.30202445056,0,2,1,1,TRUE,0.618068724465115,0.422437400283476,TRUE,82,0.299000000000035,"201, 385"
0.01,447,3,5,100026,"oracle_lambda",0.01,355.528500423158,-0.228953178617024,0,"interior","interior",2370.30202445056,0,2,1,1,TRUE,0.618068724465115,0.422437400283476,TRUE,82,0.299000000000035,"201, 385"
0.01,972,3,1,100027,"joint_lambda_eta0",0.01,860.886958672165,-0.121392599392899,0,"interior","interior",2414.16830036231,0,2,1,1,TRUE,0.622437091457121,0.244874540553469,TRUE,74,0.274999999999977,"88, 133"
0.01,972,3,1,100027,"oracle_lambda",0.01,860.886958672165,-0.121392599392899,0,"interior","interior",2414.16830036231,0,2,1,1,TRUE,0.622437091457121,0.244874540553469,TRUE,74,0.274999999999977,"88, 133"
0.01,972,3,2,100028,"joint_lambda_eta0",0.015,20000,3.02413174807569,0.405465108108164,"upper","interior",2442.32864957215,2.590792110248,1,1,0.5,FALSE,0.508969783499229,0.0179395669990424,TRUE,16,0.254999999999995,"143, 494"
0.01,972,3,2,100028,"oracle_lambda",0.01,1101.39595798117,0.124977902469408,0,"interior","interior",2439.7378574619,0,1,1,0.5,FALSE,0.506481481313521,0.0129629626330651,TRUE,31,0.128000000000043,"143, 494"
0.01,972,3,3,100029,"joint_lambda_eta0",0.01,779.499718619094,-0.220703476938819,0,"interior","interior",2414.58922304297,0,2,1,1,TRUE,0.672295178299039,0.386447875682968,TRUE,69,0.259000000000015,"67, 239"
0.01,972,3,3,100029,"oracle_lambda",0.01,779.499718619094,-0.220703476938819,0,"interior","interior",2414.58922304297,0,2,1,1,TRUE,0.672295178299039,0.386447875682968,TRUE,69,0.259000000000015,"67, 239"
0.01,972,3,4,100030,"joint_lambda_eta0",0.015,20000,3.02413174807569,0.405465108108164,"upper","interior",2437.029462633,0.34459572168771,2,1,1,TRUE,0.274850685630671,0.0730912038637448,TRUE,74,1.35300000000001,"102, 347"
0.01,972,3,4,100030,"oracle_lambda",0.01,1480.25296570416,0.42061247046517,0,"interior","interior",2436.68486691131,0,2,1,1,TRUE,0.282046086600891,0.0844829950036897,TRUE,76,0.283000000000015,"102, 347"
0.01,972,3,5,100031,"joint_lambda_eta0",0.01,989.417758526857,0.0177608429560587,0,"interior","interior",2415.66947050066,0,2,1,1,TRUE,0.778338332275356,0.556676665140597,TRUE,31,0.120999999999981,"162, 275"
0.01,972,3,5,100031,"oracle_lambda",0.01,989.417758526857,0.0177608429560587,0,"interior","interior",2415.66947050066,0,2,1,1,TRUE,0.778338332275356,0.556676665140597,TRUE,31,0.120999999999981,"162, 275"
0.01,2115,3,1,100032,"joint_lambda_eta0",0.01,1871.88005184732,-0.122111511363605,0,"interior","interior",2443.20751900373,0,2,1,1,TRUE,0.976664467476487,0.97238705689951,TRUE,73,0.278999999999996,"163, 461"
0.01,2115,3,1,100032,"oracle_lambda",0.01,1871.88005184732,-0.122111511363605,0,"interior","interior",2443.20751900373,0,2,1,1,TRUE,0.976664467476487,0.97238705689951,TRUE,73,0.278999999999996,"163, 461"
0.01,2115,3,2,100033,"joint_lambda_eta0",0.01,6478.09518424687,1.11937170160495,0,"interior","interior",2461.53514555697,0,2,1,1,TRUE,0.627391999090914,0.254793232634567,TRUE,54,0.45799999999997,"269, 446"
0.01,2115,3,2,100033,"oracle_lambda",0.01,6478.09518424687,1.11937170160495,0,"interior","interior",2461.53514555697,0,2,1,1,TRUE,0.627391999090914,0.254793232634567,TRUE,54,0.45799999999997,"269, 446"
0.01,2115,3,3,100034,"joint_lambda_eta0",0.01,764.559139289039,-1.01751071228295,0,"interior","interior",2419.34980965608,0,2,0.5,0.5,FALSE,0.515223523741196,0.0316643841421916,TRUE,67,0.285000000000025,"126, 313"
0.01,2115,3,3,100034,"oracle_lambda",0.01,764.559139289039,-1.01751071228295,0,"interior","interior",2419.34980965608,0,2,0.5,0.5,FALSE,0.515223523741196,0.0316643841421916,TRUE,67,0.285000000000025,"126, 313"
0.01,2115,3,4,100035,"joint_lambda_eta0",0.01,2209.7976559615,0.0438461404512331,0,"interior","interior",2444.97361052085,0,2,1,1,TRUE,0.865337461966655,0.773387353614614,TRUE,79,0.572000000000003,"256, 307"
0.01,2115,3,4,100035,"oracle_lambda",0.01,2209.7976559615,0.0438461404512331,0,"interior","interior",2444.97361052085,0,2,1,1,TRUE,0.865337461966655,0.773387353614614,TRUE,79,0.572000000000003,"256, 307"
0.01,2115,3,5,100036,"joint_lambda_eta0",0.01,1445.86445585813,-0.38034743045948,0,"interior","interior",2441.72174838294,0,1,1,0.5,FALSE,0.791469020177504,0.59079459924235,TRUE,83,0.343000000000018,"289, 413"
0.01,2115,3,5,100036,"oracle_lambda",0.01,1445.86445585813,-0.38034743045948,0,"interior","interior",2441.72174838294,0,1,1,0.5,FALSE,0.791469020177504,0.59079459924235,TRUE,83,0.343000000000018,"289, 413"
0.01,4599,3,1,100037,"joint_lambda_eta0",0.01,1745.33667519545,-0.968891414438606,0,"interior","interior",2448.3772586342,0,2,1,1,TRUE,0.598845377474991,0.222840920851292,TRUE,38,0.15100000000001,"76, 336"
0.01,4599,3,1,100037,"oracle_lambda",0.01,1745.33667519545,-0.968891414438606,0,"interior","interior",2448.3772586342,0,2,1,1,TRUE,0.598845377474991,0.222840920851292,TRUE,38,0.15100000000001,"76, 336"
0.01,4599,3,2,100038,"joint_lambda_eta0",0.01,1881.6833226218,-0.893672127960099,0,"interior","interior",2446.16431524525,0,2,1,1,TRUE,0.621182483382905,0.257449319194034,TRUE,44,0.168999999999983,"165, 336"
0.01,4599,3,2,100038,"oracle_lambda",0.01,1881.6833226218,-0.893672127960099,0,"interior","interior",2446.16431524525,0,2,1,1,TRUE,0.621182483382905,0.257449319194034,TRUE,44,0.168999999999983,"165, 336"
0.01,4599,3,3,100039,"joint_lambda_eta0",0.01,2783.83006493418,-0.502011187842957,0,"interior","interior",2446.81917446603,0,2,0.5,0.5,FALSE,0.364885646367184,0.00711195500281891,TRUE,48,0.338999999999999,"288, 366"
0.01,4599,3,3,100039,"oracle_lambda",0.01,2783.83006493418,-0.502011187842957,0,"interior","interior",2446.81917446603,0,2,0.5,0.5,FALSE,0.364885646367184,0.00711195500281891,TRUE,48,0.338999999999999,"288, 366"
0.01,4599,3,4,100040,"joint_lambda_eta0",0.01,20000,1.4698933849962,0,"upper","interior",2485.03622239908,0,2,1,1,TRUE,0.244884212256344,0.216597336546846,TRUE,63,1.22499999999997,"77, 379"
0.01,4599,3,4,100040,"oracle_lambda",0.01,20000,1.4698933849962,0,"upper","interior",2485.03622239908,0,2,1,1,TRUE,0.244884212256344,0.216597336546846,TRUE,63,1.22499999999997,"77, 379"
0.01,4599,3,5,100041,"joint_lambda_eta0",0.008,553.375900736985,-2.11755664877359,-0.223143551314211,"interior","interior",2425.16773936731,1.12219715382025,2,1,1,TRUE,0.507324485774947,0.442258121782257,TRUE,15,0.0489999999999782,"5, 318"
0.01,4599,3,5,100041,"oracle_lambda",0.01,946.319655843845,-1.58101375298092,0,"interior","interior",2424.04554221349,0,2,1,1,TRUE,0.52784131096082,0.437663193327047,TRUE,13,0.0429999999999495,"5, 318"
0.01,10000,3,1,100042,"joint_lambda_eta0",0.008,493.412536141375,-3.00899476053978,-0.223143551314211,"interior","interior",2422.97238475507,1.06607835526256,2,1,1,TRUE,0.967325396712033,0.966474467346713,TRUE,69,0.272999999999968,"179, 393"
0.01,10000,3,1,100042,"oracle_lambda",0.01,813.752865738812,-2.50868365681437,0,"interior","interior",2421.9063063998,0,2,1,1,TRUE,0.977450772059154,0.97628890374486,TRUE,60,0.243999999999971,"179, 393"
0.01,10000,3,2,100043,"joint_lambda_eta0",0.008,2760.06237682706,-1.28733181322071,-0.223143551314211,"interior","interior",2476.12016344128,0.18421329785815,2,1,1,TRUE,0.930301254890033,0.860602509780066,TRUE,34,0.25,"487, 494"
0.01,10000,3,2,100043,"oracle_lambda",0.01,20000,0.693147180559944,0,"upper","interior",2475.93595014343,0,2,1,1,TRUE,0.937761460405822,0.875522920811645,TRUE,25,0.408999999999992,"487, 494"
0.01,10000,3,3,100044,"joint_lambda_eta0",0.01,20000,0.693147180559944,0,"upper","interior",2466.83272340857,0,2,1,1,TRUE,0.65607605316286,0.637059042346971,TRUE,10,0.242999999999938,"346, 431"
0.01,10000,3,3,100044,"oracle_lambda",0.01,20000,0.693147180559944,0,"upper","interior",2466.83272340857,0,2,1,1,TRUE,0.65607605316286,0.637059042346971,TRUE,10,0.242999999999938,"346, 431"
0.01,10000,3,4,100045,"joint_lambda_eta0",0.01,2242.40814294106,-1.49503474078139,0,"interior","interior",2446.09545712937,0,2,1,1,TRUE,0.989191217289618,0.978382434579237,TRUE,77,0.591000000000008,"214, 324"
0.01,10000,3,4,100045,"oracle_lambda",0.01,2242.40814294106,-1.49503474078139,0,"interior","interior",2446.09545712937,0,2,1,1,TRUE,0.989191217289618,0.978382434579237,TRUE,77,0.591000000000008,"214, 324"
0.01,10000,3,5,100046,"joint_lambda_eta0",0.01,20000,0.693147180559944,0,"upper","interior",2484.6761362523,0,1,1,0.5,FALSE,0.519970418800838,0.116692955347791,TRUE,11,0.177000000000021,"311, 457"
0.01,10000,3,5,100046,"oracle_lambda",0.01,20000,0.693147180559944,0,"upper","interior",2484.6761362523,0,1,1,0.5,FALSE,0.519970418800838,0.116692955347791,TRUE,11,0.177000000000021,"311, 457"
0.01,20,4,1,100047,"joint_lambda_eta0",0.02,41.9266672607926,0.740189801063856,0.693147180559945,"interior","interior",2019.92201094862,5.60625681676424,1,1,0.5,FALSE,0.269264887471513,0.00792183299842375,TRUE,62,0.244000000000028,"331, 385"
0.01,20,4,1,100047,"oracle_lambda",0.01,24.1902839152732,0.190218787885105,0,"interior","interior",2014.31575413185,0,1,1,0.5,FALSE,0.181033973147482,0.00797615825957998,TRUE,81,0.341000000000008,"331, 385"
0.01,20,4,2,100048,"joint_lambda_eta0",0.015,20.6447152466678,0.0317270928416562,0.405465108108164,"interior","interior",1872.54530523422,1.76512105112738,1,1,0.5,FALSE,0.504048633397917,0.00810730352517552,TRUE,75,0.317999999999984,"69, 437"
0.01,20,4,2,100048,"oracle_lambda",0.01,16.0435139454296,-0.22042762120422,0,"interior","interior",1870.78018418309,0,1,1,0.5,FALSE,0.503962373273767,0.00801103690314597,TRUE,92,0.40199999999993,"69, 437"
0.01,20,4,3,100049,"joint_lambda_eta0",0.015,2.59364501200487,-2.04266804667568,0.405465108108164,"interior","interior",1705.5900840253,4.56357743630292,0,0,0,FALSE,0.0245867140645618,0.0236203449357681,TRUE,117,0.58299999999997,"92, 109"
0.01,20,4,3,100049,"oracle_lambda",0.01,2,-2.30258509299405,0,"lower","interior",1701.026506589,0,0,0,0,FALSE,0.0207011310265893,0.0202594463285968,TRUE,116,0.511000000000081,"92, 109"
0.01,20,4,4,100050,"joint_lambda_eta0",0.015,11.7158341317518,-0.534791002101506,0.405465108108164,"interior","interior",1860.55612487916,0.115019748363011,0,0,0,FALSE,0.371997836001093,0.0102166008776408,TRUE,255,1.19600000000003,"194, 481"
0.01,20,4,4,100050,"oracle_lambda",0.01,2.42428825652275,-2.11019429470967,0,"interior","interior",1860.4411051308,0,0,0,0,FALSE,0.0256187035037642,0.0228232649567399,TRUE,128,0.541000000000054,"194, 481"
0.01,20,4,5,100051,"joint_lambda_eta0",0.01,11.9295296549713,-0.516715463621927,0,"interior","interior",1873.03667512033,0,0,0,0,FALSE,0.154067718436926,0.0246860489728551,TRUE,105,0.541000000000054,"192, 333"
0.01,20,4,5,100051,"oracle_lambda",0.01,11.9295296549713,-0.516715463621927,0,"interior","interior",1873.03667512033,0,0,0,0,FALSE,0.154067718436926,0.0246860489728551,TRUE,105,0.541000000000054,"192, 333"
0.01,43,4,1,100052,"joint_lambda_eta0",0.015,31.6906383725054,-0.305178797905036,0.405465108108164,"interior","interior",2046.17117442,2.97392048254005,0,0,0,FALSE,0.480190302539346,0.01374724080425,TRUE,36,0.158000000000015,"112, 361"
0.01,43,4,1,100052,"oracle_lambda",0.01,23.0607887880176,-0.623066395539238,0,"interior","interior",2043.19725393746,0,0,0,0,FALSE,0.449881369184986,0.0186839808654512,TRUE,65,0.256999999999948,"112, 361"
0.01,43,4,2,100053,"joint_lambda_eta0",0.015,30.4193562447053,-0.346120991324823,0.405465108108164,"interior","interior",1993.43554205656,3.00139931197282,1,1,0.5,FALSE,0.180309811034165,0.00910849551190474,TRUE,45,0.185000000000059,"68, 403"
0.01,43,4,2,100053,"oracle_lambda",0.01,22.9556163211511,-0.627637489250169,0,"interior","interior",1990.43414274458,0,1,1,0.5,FALSE,0.180145159331997,0.00831846087875121,TRUE,67,0.296000000000049,"68, 403"
0.01,43,4,3,100054,"joint_lambda_eta0",0.01,25.4906593964274,-0.522888028812066,0,"interior","interior",2012.66361412886,0,1,1,0.5,FALSE,0.172163708341608,0.0102649426053609,TRUE,58,0.230000000000018,"152, 333"
0.01,43,4,3,100054,"oracle_lambda",0.01,25.4906593964274,-0.522888028812066,0,"interior","interior",2012.66361412886,0,1,1,0.5,FALSE,0.172163708341608,0.0102649426053609,TRUE,58,0.230000000000018,"152, 333"
0.01,43,4,4,100055,"joint_lambda_eta0",0.015,30.3922256771798,-0.347013274290275,0.405465108108164,"interior","interior",2005.28327398499,0.809323773901497,1,1,0.5,FALSE,0.504536171610569,0.00915687066585336,TRUE,61,0.240999999999985,"109, 421"
0.01,43,4,4,100055,"oracle_lambda",0.01,23.3034094584586,-0.612600437137695,0,"interior","interior",2004.47395021109,0,1,1,0.5,FALSE,0.504021303032228,0.00846081417046374,TRUE,73,0.316000000000031,"109, 421"
0.01,43,4,5,100056,"joint_lambda_eta0",0.02,50.8398692841349,0.167480759501941,0.693147180559945,"interior","interior",1969.33710696773,3.14402840111984,2,1,1,TRUE,0.239393042921436,0.217843351600623,TRUE,97,0.394999999999982,"29, 79"
0.01,43,4,5,100056,"oracle_lambda",0.01,18.0562271079008,-0.867709498283307,0,"interior","interior",1966.19307856661,0,1,1,0.5,FALSE,0.168912473160022,0.00881245357996019,TRUE,62,0.245000000000005,"29, 79"
0.01,95,4,1,100057,"joint_lambda_eta0",0.01,99.5074364856346,0.0463554883203114,0,"interior","interior",2199.40067381299,0,2,1,1,TRUE,0.597972059946918,0.203673437164214,TRUE,70,0.302999999999997,"36, 205"
0.01,95,4,1,100057,"oracle_lambda",0.01,99.5074364856346,0.0463554883203114,0,"interior","interior",2199.40067381299,0,2,1,1,TRUE,0.597972059946918,0.203673437164214,TRUE,70,0.302999999999997,"36, 205"
0.01,95,4,2,100058,"joint_lambda_eta0",0.01,40.7680165398679,-0.845979025943803,0,"interior","interior",2106.50654122342,0,1,1,0.5,FALSE,0.12406071792711,0.00952882941501643,TRUE,64,0.313999999999965,"60, 87"
0.01,95,4,2,100058,"oracle_lambda",0.01,40.7680165398679,-0.845979025943803,0,"interior","interior",2106.50654122342,0,1,1,0.5,FALSE,0.12406071792711,0.00952882941501643,TRUE,64,0.313999999999965,"60, 87"
0.01,95,4,3,100059,"joint_lambda_eta0",0.01,66.7245542608435,-0.353303876574402,0,"interior","interior",2173.28563318279,0,1,1,0.5,FALSE,0.505931921968347,0.0118638444237635,TRUE,27,0.0919999999999845,"171, 339"
0.01,95,4,3,100059,"oracle_lambda",0.01,66.7245542608435,-0.353303876574402,0,"interior","interior",2173.28563318279,0,1,1,0.5,FALSE,0.505931921968347,0.0118638444237635,TRUE,27,0.0919999999999845,"171, 339"
0.01,95,4,4,100060,"joint_lambda_eta0",0.015,84.9893818273491,-0.111350562591583,0.405465108108164,"interior","interior",2208.30740340351,0.106713339519956,1,1,0.5,FALSE,0.496141198424222,0.0370071186150747,TRUE,34,0.153999999999996,"270, 365"
0.01,95,4,4,100060,"oracle_lambda",0.01,55.0379075601584,-0.545854715410344,0,"interior","interior",2208.20069006399,0,1,1,0.5,FALSE,0.462455993891972,0.0124605368294877,TRUE,27,0.0919999999999845,"270, 365"
0.01,95,4,5,100061,"joint_lambda_eta0",0.015,157.49807300741,0.505536331716713,0.405465108108164,"interior","interior",2235.37472619062,3.12051261509623,1,1,0.5,FALSE,0.379098162509729,0.0193671406340962,TRUE,18,0.0599999999999454,"40, 391"
0.01,95,4,5,100061,"oracle_lambda",0.01,106.474391042476,0.114027604938814,0,"interior","interior",2232.25421357552,0,1,1,0.5,FALSE,0.353122992623844,0.00990640447280777,TRUE,63,0.242999999999938,"40, 391"
0.01,206,4,1,100062,"joint_lambda_eta0",0.01,133.334119341296,-0.435018015307365,0,"interior","interior",2285.79280279982,0,1,1,0.5,FALSE,0.505678237351826,0.01135690315183,TRUE,18,0.0620000000000118,"251, 474"
0.01,206,4,1,100062,"oracle_lambda",0.01,133.334119341296,-0.435018015307365,0,"interior","interior",2285.79280279982,0,1,1,0.5,FALSE,0.505678237351826,0.01135690315183,TRUE,18,0.0620000000000118,"251, 474"
0.01,206,4,2,100063,"joint_lambda_eta0",0.01,121.063482598082,-0.531561111202378,0,"interior","interior",2208.57373272163,0,2,1,1,TRUE,0.605894189123153,0.213365768198277,TRUE,95,0.389999999999986,"325, 412"
0.01,206,4,2,100063,"oracle_lambda",0.01,121.063482598082,-0.531561111202378,0,"interior","interior",2208.57373272163,0,2,1,1,TRUE,0.605894189123153,0.213365768198277,TRUE,95,0.389999999999986,"325, 412"
0.01,206,4,3,100064,"joint_lambda_eta0",0.01,165.573846159049,-0.218458873133449,0,"interior","interior",2285.29320544748,0,1,1,0.5,FALSE,0.505699299070864,0.0113985981418274,TRUE,58,0.230999999999995,"187, 203"
0.01,206,4,3,100064,"oracle_lambda",0.01,165.573846159049,-0.218458873133449,0,"interior","interior",2285.29320544748,0,1,1,0.5,FALSE,0.505699299070864,0.0113985981418274,TRUE,58,0.230999999999995,"187, 203"
0.01,206,4,4,100065,"joint_lambda_eta0",0.015,217.222094985037,0.0530441405468594,0.405465108108164,"interior","interior",2244.06665148413,0.224515690671069,2,1,1,TRUE,0.527770137540805,0.0555402774450537,TRUE,23,0.0760000000000218,"38, 362"
0.01,206,4,4,100065,"oracle_lambda",0.01,143.161914347029,-0.363899910900771,0,"interior","interior",2243.84213579345,0,2,1,1,TRUE,0.545932325685832,0.091864707948538,TRUE,41,0.177000000000135,"38, 362"
0.01,206,4,5,100066,"joint_lambda_eta0",0.01,189.634945331689,-0.08277528513067,0,"interior","interior",2308.06706430472,0,1,1,0.5,FALSE,0.314241356484901,0.0959198790781821,TRUE,53,0.214999999999918,"260, 478"
0.01,206,4,5,100066,"oracle_lambda",0.01,189.634945331689,-0.08277528513067,0,"interior","interior",2308.06706430472,0,1,1,0.5,FALSE,0.314241356484901,0.0959198790781821,TRUE,53,0.214999999999918,"260, 478"
0.01,447,4,1,100067,"joint_lambda_eta0",0.01,271.328453924149,-0.499228500521368,0,"interior","interior",2334.40083944513,0,2,1,1,TRUE,0.654068850157697,0.308137700315636,TRUE,14,0.0450000000000728,"310, 411"
0.01,447,4,1,100067,"oracle_lambda",0.01,271.328453924149,-0.499228500521368,0,"interior","interior",2334.40083944513,0,2,1,1,TRUE,0.654068850157697,0.308137700315636,TRUE,14,0.0450000000000728,"310, 411"
0.01,447,4,2,100068,"joint_lambda_eta0",0.01,359.146336667709,-0.218828666151159,0,"interior","interior",2369.36757831153,0,2,1,1,TRUE,0.776423932228669,0.552848210699109,TRUE,48,0.19600000000014,"38, 75"
0.01,447,4,2,100068,"oracle_lambda",0.01,359.146336667709,-0.218828666151159,0,"interior","interior",2369.36757831153,0,2,1,1,TRUE,0.776423932228669,0.552848210699109,TRUE,48,0.19600000000014,"38, 75"
0.01,447,4,3,100069,"joint_lambda_eta0",0.01,336.54074181886,-0.283839377616019,0,"interior","interior",2326.11151000052,0,2,1,1,TRUE,0.880193878082375,0.763734222549947,TRUE,88,0.365999999999985,"131, 356"
0.01,447,4,3,100069,"oracle_lambda",0.01,336.54074181886,-0.283839377616019,0,"interior","interior",2326.11151000052,0,2,1,1,TRUE,0.880193878082375,0.763734222549947,TRUE,88,0.365999999999985,"131, 356"
0.01,447,4,4,100070,"joint_lambda_eta0",0.008,376.272861129767,-0.17224401991854,-0.223143551314211,"interior","interior",2395.53327526735,0.0364323380117639,2,1,1,TRUE,0.999999999824211,0.99999999964949,TRUE,11,0.0359999999998308,"203, 416"
0.01,447,4,4,100070,"oracle_lambda",0.01,541.249787416531,0.191322291939139,0,"interior","interior",2395.49684292934,0,2,1,1,TRUE,0.999999999964697,0.999999999929553,TRUE,15,0.0489999999999782,"203, 416"
0.01,447,4,5,100071,"joint_lambda_eta0",0.01,504.451945805235,0.120913989514053,0,"interior","interior",2382.06892711109,0,2,1,1,TRUE,0.765021892497502,0.670002685558991,TRUE,57,0.229000000000042,"104, 144"
0.01,447,4,5,100071,"oracle_lambda",0.01,504.451945805235,0.120913989514053,0,"interior","interior",2382.06892711109,0,2,1,1,TRUE,0.765021892497502,0.670002685558991,TRUE,57,0.229000000000042,"104, 144"
0.01,972,4,1,100072,"joint_lambda_eta0",0.01,882.973210353334,-0.0960609436674238,0,"interior","interior",2431.7746664448,0,2,1,1,TRUE,0.865825802123567,0.732120234814036,TRUE,75,0.33199999999988,"103, 422"
0.01,972,4,1,100072,"oracle_lambda",0.01,882.973210353334,-0.0960609436674238,0,"interior","interior",2431.7746664448,0,2,1,1,TRUE,0.865825802123567,0.732120234814036,TRUE,75,0.33199999999988,"103, 422"
0.01,972,4,2,100073,"joint_lambda_eta0",0.008,757.159224486721,-0.249782236962576,-0.223143551314211,"interior","interior",2442.73769846497,0.567329264802083,2,1,1,TRUE,0.783413674913662,0.780837089960065,TRUE,74,0.330999999999904,"77, 164"
0.01,972,4,2,100073,"oracle_lambda",0.01,1423.90812491733,0.381804766411309,0,"interior","interior",2442.17036920017,0,2,1,1,TRUE,0.812147910638134,0.809401185144932,TRUE,71,0.319000000000187,"77, 164"
0.01,972,4,3,100074,"joint_lambda_eta0",0.01,1174.49288212376,0.189235939274282,0,"interior","interior",2433.94561350921,0,2,1,1,TRUE,0.590701371724862,0.28708714756534,TRUE,65,0.258000000000038,"9, 377"
0.01,972,4,3,100074,"oracle_lambda",0.01,1174.49288212376,0.189235939274282,0,"interior","interior",2433.94561350921,0,2,1,1,TRUE,0.590701371724862,0.28708714756534,TRUE,65,0.258000000000038,"9, 377"
0.01,972,4,4,100075,"joint_lambda_eta0",0.008,414.814315615003,-0.851524816610423,-0.223143551314211,"interior","interior",2410.79878226773,0.100586064610525,1,1,0.5,FALSE,0.526313043273435,0.0526260870378704,TRUE,25,0.0829999999998563,"15, 263"
0.01,972,4,4,100075,"oracle_lambda",0.01,623.443943955469,-0.444096948826401,0,"interior","interior",2410.69819620312,0,1,1,0.5,FALSE,0.542957412590059,0.0859148252381562,TRUE,18,0.0579999999999927,"15, 263"
0.01,972,4,5,100076,"joint_lambda_eta0",0.01,759.181531202235,-0.247114884117316,0,"interior","interior",2409.97657623908,0,2,1,1,TRUE,0.9999986033629,0.999997206725802,TRUE,67,0.307999999999993,"118, 328"
0.01,972,4,5,100076,"oracle_lambda",0.01,759.181531202235,-0.247114884117316,0,"interior","interior",2409.97657623908,0,2,1,1,TRUE,0.9999986033629,0.999997206725802,TRUE,67,0.307999999999993,"118, 328"
0.01,2115,4,1,100077,"joint_lambda_eta0",0.01,7267.22507987882,1.23431971153108,0,"interior","interior",2472.00596189032,0,1,1,0.5,FALSE,0.854786327702125,0.70957265540426,TRUE,56,0.596000000000004,"15, 227"
0.01,2115,4,1,100077,"oracle_lambda",0.01,7267.22507987882,1.23431971153108,0,"interior","interior",2472.00596189032,0,1,1,0.5,FALSE,0.854786327702125,0.70957265540426,TRUE,56,0.596000000000004,"15, 227"
0.01,2115,4,2,100078,"joint_lambda_eta0",0.01,8657.60353339686,1.40938314353461,0,"interior","interior",2472.80797630494,0,1,1,0.5,FALSE,0.70295203991956,0.542508602592642,TRUE,56,0.532000000000153,"423, 488"
0.01,2115,4,2,100078,"oracle_lambda",0.01,8657.60353339686,1.40938314353461,0,"interior","interior",2472.80797630494,0,1,1,0.5,FALSE,0.70295203991956,0.542508602592642,TRUE,56,0.532000000000153,"423, 488"
0.01,2115,4,3,100079,"joint_lambda_eta0",0.01,3393.57470030067,0.472829037181044,0,"interior","interior",2463.25138342319,0,2,1,1,TRUE,0.792979772339663,0.585959544679325,TRUE,76,0.656999999999925,"25, 400"
0.01,2115,4,3,100079,"oracle_lambda",0.01,3393.57470030067,0.472829037181044,0,"interior","interior",2463.25138342319,0,2,1,1,TRUE,0.792979772339663,0.585959544679325,TRUE,76,0.656999999999925,"25, 400"
0.01,2115,4,4,100080,"joint_lambda_eta0",0.01,4572.62336615174,0.771032268442938,0,"interior","interior",2463.96704686764,0,2,1,1,TRUE,0.999959289484884,0.999918578969772,TRUE,9,0.0539999999998599,"21, 49"
0.01,2115,4,4,100080,"oracle_lambda",0.01,4572.62336615174,0.771032268442938,0,"interior","interior",2463.96704686764,0,2,1,1,TRUE,0.999959289484884,0.999918578969772,TRUE,9,0.0539999999998599,"21, 49"
0.01,2115,4,5,100081,"joint_lambda_eta0",0.008,886.405150531084,-0.869635964887043,-0.223143551314211,"interior","interior",2445.05763433672,0.424367412945685,2,1,1,TRUE,0.887687228572568,0.775374457391289,TRUE,68,0.319000000000187,"68, 173"
0.01,2115,4,5,100081,"oracle_lambda",0.01,1739.13505116034,-0.195666919899782,0,"interior","interior",2444.63326692377,0,2,1,1,TRUE,0.90553352991984,0.811067059868278,TRUE,60,0.25,"68, 173"
0.01,4599,4,1,100082,"joint_lambda_eta0",0.015,20000,1.4698933849962,0.405465108108164,"upper","interior",2451.93364262362,0.133818190862712,2,1,1,TRUE,0.843945923319777,0.688356357131943,TRUE,71,1.34199999999987,"4, 144"
0.01,4599,4,1,100082,"oracle_lambda",0.01,1638.61168670262,-1.03198953773106,0,"interior","interior",2451.79982443275,0,2,1,1,TRUE,0.829277700649368,0.659518945681685,TRUE,79,0.353999999999814,"4, 144"
0.01,4599,4,2,100083,"joint_lambda_eta0",0.01,2461.91041955216,-0.624901246692188,0,"interior","interior",2452.69249513917,0,2,1,1,TRUE,0.793163200707728,0.589245257232538,TRUE,74,0.546000000000049,"250, 325"
0.01,4599,4,2,100083,"oracle_lambda",0.01,2461.91041955216,-0.624901246692188,0,"interior","interior",2452.69249513917,0,2,1,1,TRUE,0.793163200707728,0.589245257232538,TRUE,74,0.546000000000049,"250, 325"
0.01,4599,4,3,100084,"joint_lambda_eta0",0.01,3033.86774817836,-0.416000598502951,0,"interior","interior",2458.68606034035,0,2,1,1,TRUE,0.966257234231809,0.936321113089106,TRUE,52,0.465999999999894,"98, 123"
0.01,4599,4,3,100084,"oracle_lambda",0.01,3033.86774817836,-0.416000598502951,0,"interior","interior",2458.68606034035,0,2,1,1,TRUE,0.966257234231809,0.936321113089106,TRUE,52,0.465999999999894,"98, 123"
0.01,4599,4,4,100085,"joint_lambda_eta0",0.01,20000,1.4698933849962,0,"upper","interior",2479.54406851243,0,2,1,1,TRUE,0.231447995787237,0.0592298366964421,TRUE,38,0.671000000000049,"111, 480"
0.01,4599,4,4,100085,"oracle_lambda",0.01,20000,1.4698933849962,0,"upper","interior",2479.54406851243,0,2,1,1,TRUE,0.231447995787237,0.0592298366964421,TRUE,38,0.671000000000049,"111, 480"
0.01,4599,4,5,100086,"joint_lambda_eta0",0.01,5767.59579557879,0.226416431919903,0,"interior","interior",2467.21258600049,0,2,1,1,TRUE,0.777854514749575,0.561829043845656,TRUE,41,0.381000000000085,"23, 145"
0.01,4599,4,5,100086,"oracle_lambda",0.01,5767.59579557879,0.226416431919903,0,"interior","interior",2467.21258600049,0,2,1,1,TRUE,0.777854514749575,0.561829043845656,TRUE,41,0.381000000000085,"23, 145"
0.01,10000,4,1,100087,"joint_lambda_eta0",0.015,20000,0.693147180559944,0.405465108108164,"upper","interior",2426.1519594551,2.88345627558556,2,1,1,TRUE,0.999450517913641,0.998901035827283,TRUE,39,0.7349999999999,"237, 405"
0.01,10000,4,1,100087,"oracle_lambda",0.01,1075.0429772759,-2.23022445335225,0,"interior","interior",2423.26850317952,0,2,1,1,TRUE,0.997692091036685,0.99538418207337,TRUE,67,0.316000000000031,"237, 405"
0.01,10000,4,2,100088,"joint_lambda_eta0",0.01,4128.02438622197,-0.884786157317222,0,"interior","interior",2461.7247593392,0,2,1,1,TRUE,0.807822746742857,0.61876167930414,TRUE,54,0.500999999999976,"128, 465"
0.01,10000,4,2,100088,"oracle_lambda",0.01,4128.02438622197,-0.884786157317222,0,"interior","interior",2461.7247593392,0,2,1,1,TRUE,0.807822746742857,0.61876167930414,TRUE,54,0.500999999999976,"128, 465"
0.01,10000,4,3,100089,"joint_lambda_eta0",0.01,8679.66883163659,-0.141601718086893,0,"interior","interior",2470.3342548799,0,2,1,1,TRUE,0.922721306650752,0.854040371239015,TRUE,24,0.230999999999995,"32, 336"
0.01,10000,4,3,100089,"oracle_lambda",0.01,8679.66883163659,-0.141601718086893,0,"interior","interior",2470.3342548799,0,2,1,1,TRUE,0.922721306650752,0.854040371239015,TRUE,24,0.230999999999995,"32, 336"
0.01,10000,4,4,100090,"joint_lambda_eta0",0.01,5968.64387683594,-0.516065347702325,0,"interior","interior",2466.26761931146,0,2,1,1,TRUE,0.99999870144412,0.999997404535675,TRUE,69,0.65099999999984,"33, 422"
0.01,10000,4,4,100090,"oracle_lambda",0.01,5968.64387683594,-0.516065347702325,0,"interior","interior",2466.26761931146,0,2,1,1,TRUE,0.99999870144412,0.999997404535675,TRUE,69,0.65099999999984,"33, 422"
0.01,10000,4,5,100091,"joint_lambda_eta0",0.008,1556.72467210205,-1.86000104808326,-0.223143551314211,"interior","interior",2481.50668509846,0.631387793444446,2,1,1,TRUE,0.87274990521375,0.74551218850496,TRUE,75,0.355000000000018,"37, 210"
0.01,10000,4,5,100091,"oracle_lambda",0.01,20000,0.693147180559944,0,"upper","interior",2480.87529730502,0,2,1,1,TRUE,0.889998232112697,0.780000296937493,TRUE,74,1.44499999999994,"37, 210"
0.01,20,5,1,100092,"joint_lambda_eta0",0.015,19.2694506445271,-0.0372112998616876,0.405465108108164,"interior","interior",1969.47964115099,0.0467906542216951,1,1,0.5,FALSE,0.0881424682734046,0.00838000977015751,TRUE,76,899.712,"4, 190"
0.01,20,5,1,100092,"oracle_lambda",0.01,14.7394116530972,-0.305207302576043,0,"interior","interior",1969.43285049677,0,1,1,0.5,FALSE,0.0817950455014085,0.00813880982295123,TRUE,85,0.447000000000116,"4, 190"
0.01,20,5,2,100093,"joint_lambda_eta0",0.015,15.225849182377,-0.272737685987842,0.405465108108164,"interior","interior",1834.04739046088,2.8654948894291,1,1,0.5,FALSE,0.227049760463766,0.00811443791389121,TRUE,84,0.41399999999976,"62, 283"
0.01,20,5,2,100093,"oracle_lambda",0.01,11.8237012681448,-0.525626174540041,0,"interior","interior",1831.18189557145,0,1,1,0.5,FALSE,0.215222157889325,0.0080155226295594,TRUE,113,947.594999999999,"62, 283"
0.01,20,5,3,100094,"joint_lambda_eta0",0.01,2,-2.30258509299405,0,"lower","interior",1756.4278720909,0,0,0,0,FALSE,0.0229053041553407,0.0213428073723264,TRUE,121,0.623999999999796,"11, 396"
0.01,20,5,3,100094,"oracle_lambda",0.01,2,-2.30258509299405,0,"lower","interior",1756.4278720909,0,0,0,0,FALSE,0.0229053041553407,0.0213428073723264,TRUE,121,0.623999999999796,"11, 396"
0.01,20,5,4,100095,"joint_lambda_eta0",0.015,2,-2.30258509299405,0.405465108108164,"lower","interior",1644.80436340656,3.60715929331377,0,0,0,FALSE,0.0149362026323093,0.00931165939827894,TRUE,120,0.86200000000008,"188, 443"
0.01,20,5,4,100095,"oracle_lambda",0.01,2,-2.30258509299405,0,"lower","interior",1641.19720411324,0,0,0,0,FALSE,0.0149318315406792,0.00931301081503599,TRUE,120,0.847999999999956,"188, 443"
0.01,20,5,5,100096,"joint_lambda_eta0",0.02,15.9317423232962,-0.227418781896879,0.693147180559945,"interior","interior",1789.13639883321,9.47323022647902,0,0,0,FALSE,0.46097363696375,0.00807559700607918,TRUE,104,0.656999999999243,"344, 442"
0.01,20,5,5,100096,"oracle_lambda",0.01,2.29114645659286,-2.16667994519752,0,"interior","interior",1779.66316860673,0,0,0,0,FALSE,0.0258620203221194,0.0207883490201221,TRUE,121,0.868999999999687,"344, 442"
0.01,43,5,1,100097,"joint_lambda_eta0",0.01,13.0316483455582,-1.19381922867761,0,"interior","interior",1931.91220025077,0,0,0,0,FALSE,0.159435724977341,0.0183659603492644,TRUE,98,0.497999999999593,"34, 225"
0.01,43,5,1,100097,"oracle_lambda",0.01,13.0316483455582,-1.19381922867761,0,"interior","interior",1931.91220025077,0,0,0,0,FALSE,0.159435724977341,0.0183659603492644,TRUE,98,0.497999999999593,"34, 225"
0.01,43,5,2,100098,"joint_lambda_eta0",0.015,34.3723114244369,-0.223948775872922,0.405465108108164,"interior","interior",1997.75190120291,2.8205524879188,1,1,0.5,FALSE,0.297659779315362,0.00848899110285273,TRUE,43,0.229999999999563,"253, 297"
0.01,43,5,2,100098,"oracle_lambda",0.01,25.8759033609474,-0.507887952217076,0,"interior","interior",1994.93134871499,0,1,1,0.5,FALSE,0.282058019126196,0.00810102586022032,TRUE,67,0.34099999999853,"253, 297"
0.01,43,5,3,100099,"joint_lambda_eta0",0.01,32.1610164527064,-0.290445065765767,0,"interior","interior",2010.54016642634,0,1,1,0.5,FALSE,0.504749332933116,0.00949866609971006,TRUE,54,0.251000000000204,"287, 378"
0.01,43,5,3,100099,"oracle_lambda",0.01,32.1610164527064,-0.290445065765767,0,"interior","interior",2010.54016642634,0,1,1,0.5,FALSE,0.504749332933116,0.00949866609971006,TRUE,54,0.251000000000204,"287, 378"
0.01,43,5,4,100100,"joint_lambda_eta0",0.015,28.7056862343138,-0.404104885921333,0.405465108108164,"interior","interior",1964.95738499513,1.30904243421674,0,0,0,FALSE,0.246692384362531,0.00856535558861438,TRUE,61,0.274999999999636,"428, 432"
0.01,43,5,4,100100,"oracle_lambda",0.01,22.1336515823141,-0.664100969263647,0,"interior","interior",1963.64834256091,0,0,0,0,FALSE,0.239161455219972,0.00821211319322412,TRUE,74,0.32300000000032,"428, 432"
0.01,43,5,5,100101,"joint_lambda_eta0",0.015,24.8865000194815,-0.546874627141365,0.405465108108164,"interior","interior",1937.66666209192,0.724321955837695,1,1,0.5,FALSE,0.329220740414312,0.00827304150348251,TRUE,69,0.305000000000291,"3, 218"
0.01,43,5,5,100101,"oracle_lambda",0.01,19.339683685903,-0.799040981236345,0,"interior","interior",1936.94234013609,0,1,1,0.5,FALSE,0.313647807354922,0.0081154458750462,TRUE,79,0.34099999999853,"3, 218"
0.01,95,5,1,100102,"joint_lambda_eta0",0.01,69.5143347083083,-0.312343905501587,0,"interior","interior",2159.72617635041,0,1,1,0.5,FALSE,0.0732667348536518,0.0156242070348815,TRUE,67,0.301000000001295,"142, 214"
0.01,95,5,1,100102,"oracle_lambda",0.01,69.5143347083083,-0.312343905501587,0,"interior","interior",2159.72617635041,0,1,1,0.5,FALSE,0.0732667348536518,0.0156242070348815,TRUE,67,0.301000000001295,"142, 214"
0.01,95,5,2,100103,"joint_lambda_eta0",0.01,86.3460852865654,-0.0955134234545802,0,"interior","interior",2194.24987903642,0,1,1,0.5,FALSE,0.463721577077596,0.0105298205547348,TRUE,40,0.132999999999811,"228, 326"
0.01,95,5,2,100103,"oracle_lambda",0.01,86.3460852865654,-0.0955134234545802,0,"interior","interior",2194.24987903642,0,1,1,0.5,FALSE,0.463721577077596,0.0105298205547348,TRUE,40,0.132999999999811,"228, 326"
0.01,95,5,3,100104,"joint_lambda_eta0",0.01,77.2793928345728,-0.206449558422629,0,"interior","interior",2207.08476905906,0,1,1,0.5,FALSE,0.499606821940693,0.0167329885815894,TRUE,22,0.0830000000005384,"179, 428"
0.01,95,5,3,100104,"oracle_lambda",0.01,77.2793928345728,-0.206449558422629,0,"interior","interior",2207.08476905906,0,1,1,0.5,FALSE,0.499606821940693,0.0167329885815894,TRUE,22,0.0830000000005384,"179, 428"
0.01,95,5,4,100105,"joint_lambda_eta0",0.01,32.8456139624741,-1.0620586727082,0,"interior","interior",2097.76462368985,0,1,1,0.5,FALSE,0.506180259936003,0.0123802871933463,TRUE,53,0.256000000001222,"68, 427"
0.01,95,5,4,100105,"oracle_lambda",0.01,32.8456139624741,-1.0620586727082,0,"interior","interior",2097.76462368985,0,1,1,0.5,FALSE,0.506180259936003,0.0123802871933463,TRUE,53,0.256000000001222,"68, 427"
0.01,95,5,5,100106,"joint_lambda_eta0",0.015,101.687897252717,0.0680313999743225,0.405465108108164,"interior","interior",2129.86179835936,1.34762954363623,2,1,1,TRUE,0.590420919774247,0.288116958357576,TRUE,70,0.323999999998705,"342, 450"
0.01,95,5,5,100106,"oracle_lambda",0.01,74.3639124532952,-0.244906115105932,0,"interior","interior",2128.51416881573,0,2,1,1,TRUE,0.579991249946753,0.311105638245298,TRUE,146,0.738999999999578,"342, 450"
0.01,206,5,1,100107,"joint_lambda_eta0",0.01,202.526258534215,-0.0170066188757456,0,"interior","interior",2290.68502239462,0,2,1,1,TRUE,0.253918090047789,0.17099552784183,TRUE,22,0.0769999999993161,"32, 329"
0.01,206,5,1,100107,"oracle_lambda",0.01,202.526258534215,-0.0170066188757456,0,"interior","interior",2290.68502239462,0,2,1,1,TRUE,0.253918090047789,0.17099552784183,TRUE,22,0.0769999999993161,"32, 329"
0.01,206,5,2,100108,"joint_lambda_eta0",0.015,173.187203563156,-0.173503057820502,0.405465108108164,"interior","interior",2215.07202068126,1.93942884028138,1,1,0.5,FALSE,0.42325528935334,0.00595455507481479,TRUE,118,0.575000000000728,"130, 131"
0.01,206,5,2,100108,"oracle_lambda",0.01,98.6550482332036,-0.73624676446043,0,"interior","interior",2213.13259184098,0,1,1,0.5,FALSE,0.408690142196372,0.00840640948544713,TRUE,65,0.291999999999462,"130, 131"
0.01,206,5,3,100109,"joint_lambda_eta0",0.015,230.02975936028,0.110332520286597,0.405465108108164,"interior","interior",2229.34402489241,0.174532450568677,2,1,1,TRUE,0.764672104372637,0.739212061631082,TRUE,23,0.0759999999991123,"115, 205"
0.01,206,5,3,100109,"oracle_lambda",0.01,151.981440724051,-0.304117755897843,0,"interior","interior",2229.16949244184,0,2,1,1,TRUE,0.692493952675337,0.667705988056104,TRUE,31,0.110000000000582,"115, 205"
0.01,206,5,4,100110,"joint_lambda_eta0",0.015,137.484679033334,-0.404363683103324,0.405465108108164,"interior","interior",2183.55667429253,2.86554058478532,2,1,1,TRUE,0.82326895126891,0.646569809373967,TRUE,94,0.480999999999767,"201, 442"
0.01,206,5,4,100110,"oracle_lambda",0.01,71.7089428790487,-1.05526070261513,0,"interior","interior",2180.69113370775,0,1,1,0.5,FALSE,0.509030481907987,0.018190125092404,TRUE,26,0.0950000000011642,"201, 442"
0.01,206,5,5,100111,"joint_lambda_eta0",0.015,314.752470562565,0.423910353389423,0.405465108108164,"interior","interior",2288.42765723681,2.69420911659518,2,1,1,TRUE,0.658643254640258,0.377266542842489,TRUE,83,0.359000000000378,"122, 211"
0.01,206,5,5,100111,"oracle_lambda",0.01,192.71680848034,-0.0666543710168304,0,"interior","interior",2285.73344812022,0,2,1,1,TRUE,0.607044905022132,0.325078304435426,TRUE,93,0.461999999999534,"122, 211"
0.01,447,5,1,100112,"joint_lambda_eta0",0.01,291.697568278613,-0.426841054152382,0,"interior","interior",2316.54816901167,0,2,1,1,TRUE,0.826191657574226,0.652383317037879,TRUE,88,0.369999999998981,"230, 363"
0.01,447,5,1,100112,"oracle_lambda",0.01,291.697568278613,-0.426841054152382,0,"interior","interior",2316.54816901167,0,2,1,1,TRUE,0.826191657574226,0.652383317037879,TRUE,88,0.369999999998981,"230, 363"
0.01,447,5,2,100113,"joint_lambda_eta0",0.015,443.405694503147,-0.00807345470113496,0.405465108108164,"interior","interior",2324.99650667048,1.37223051483579,2,1,1,TRUE,0.872429686909114,0.773256782148677,TRUE,9,0.0299999999988358,"31, 277"
0.01,447,5,2,100113,"oracle_lambda",0.01,237.477614501368,-0.632485230312212,0,"interior","interior",2323.62427615565,0,2,1,1,TRUE,0.826483267732334,0.713857647760204,TRUE,77,0.329999999999927,"31, 277"
0.01,447,5,3,100114,"joint_lambda_eta0",0.01,269.530699601375,-0.505876297574487,0,"interior","interior",2317.38304844989,0,1,1,0.5,FALSE,0.512164373678918,0.341965739813276,TRUE,111,0.557000000000698,"325, 443"
0.01,447,5,3,100114,"oracle_lambda",0.01,269.530699601375,-0.505876297574487,0,"interior","interior",2317.38304844989,0,1,1,0.5,FALSE,0.512164373678918,0.341965739813276,TRUE,111,0.557000000000698,"325, 443"
0.01,447,5,4,100115,"joint_lambda_eta0",0.015,725.993868769411,0.484982974954368,0.405465108108164,"interior","interior",2329.16944374727,0.423563164131338,2,1,1,TRUE,0.706953283476982,0.414148867214659,TRUE,79,0.350000000000364,"59, 170"
0.01,447,5,4,100115,"oracle_lambda",0.01,364.329800481265,-0.20449909190989,0,"interior","interior",2328.74588058314,0,2,1,1,TRUE,0.677339327161084,0.357189583520591,TRUE,78,0.359000000000378,"59, 170"
0.01,447,5,5,100116,"joint_lambda_eta0",0.01,340.742484848743,-0.271431579016033,0,"interior","interior",2361.54487123442,0,2,1,1,TRUE,0.918306698174985,0.836770534298686,TRUE,69,0.337999999999738,"127, 464"
0.01,447,5,5,100116,"oracle_lambda",0.01,340.742484848743,-0.271431579016033,0,"interior","interior",2361.54487123442,0,2,1,1,TRUE,0.918306698174985,0.836770534298686,TRUE,69,0.337999999999738,"127, 464"
0.01,972,5,1,100117,"joint_lambda_eta0",0.01,1041.11600855058,0.0686926974754609,0,"interior","interior",2411.77238556306,0,2,1,1,TRUE,0.810408268875572,0.623658498277014,TRUE,14,0.047999999998865,"236, 258"
0.01,972,5,1,100117,"oracle_lambda",0.01,1041.11600855058,0.0686926974754609,0,"interior","interior",2411.77238556306,0,2,1,1,TRUE,0.810408268875572,0.623658498277014,TRUE,14,0.047999999998865,"236, 258"
0.01,972,5,2,100118,"joint_lambda_eta0",0.01,727.73625512779,-0.289417108817887,0,"interior","interior",2404.19345874846,0,2,1,1,TRUE,0.764527284010686,0.530312800831006,TRUE,77,0.373999999999796,"9, 227"
0.01,972,5,2,100118,"oracle_lambda",0.01,727.73625512779,-0.289417108817887,0,"interior","interior",2404.19345874846,0,2,1,1,TRUE,0.764527284010686,0.530312800831006,TRUE,77,0.373999999999796,"9, 227"
0.01,972,5,3,100119,"joint_lambda_eta0",0.015,1929.2046239822,0.685507280570712,0.405465108108164,"interior","interior",2370.32714010964,0.24491038271708,2,1,1,TRUE,0.983126623651589,0.966257701317915,TRUE,50,0.27100000000064,"12, 237"
0.01,972,5,3,100119,"oracle_lambda",0.01,629.381426679546,-0.434618329830935,0,"interior","interior",2370.08222972692,0,2,1,1,TRUE,0.968049470001185,0.936141004979175,TRUE,76,0.35399999999936,"12, 237"
0.01,972,5,4,100120,"joint_lambda_eta0",0.015,8803.85425212086,2.20358908331477,0.405465108108164,"interior","interior",2402.83930928475,1.26363028400056,2,1,1,TRUE,0.99863087430065,0.997261751838924,TRUE,60,0.685999999999694,"57, 352"
0.01,972,5,4,100120,"oracle_lambda",0.01,732.097775318667,-0.283441726579476,0,"interior","interior",2401.57567900075,0,2,1,1,TRUE,0.996119203465279,0.992238481653335,TRUE,73,0.325999999999112,"57, 352"
0.01,972,5,5,100121,"joint_lambda_eta0",0.008,778.268420824816,-0.222284325872017,-0.223143551314211,"interior","interior",2412.49861809729,1.03558727121208,2,1,1,TRUE,0.943012753381177,0.893255713622108,TRUE,78,0.34099999999853,"175, 198"
0.01,972,5,5,100121,"oracle_lambda",0.01,1260.53896698917,0.259938855604164,0,"interior","interior",2411.46303082608,0,2,1,1,TRUE,0.960287707641228,0.923541050592455,TRUE,64,0.299000000000888,"175, 198"
0.01,2115,5,1,100122,"joint_lambda_eta0",0.01,2882.79806684334,0.309706560986687,0,"interior","interior",2446.15043641135,0,2,1,1,TRUE,0.630995969009627,0.262749602875134,TRUE,73,0.727000000000771,"390, 402"
0.01,2115,5,1,100122,"oracle_lambda",0.01,2882.79806684334,0.309706560986687,0,"interior","interior",2446.15043641135,0,2,1,1,TRUE,0.630995969009627,0.262749602875134,TRUE,73,0.727000000000771,"390, 402"
0.01,2115,5,2,100123,"joint_lambda_eta0",0.01,2389.24236873568,0.121921502660886,0,"interior","interior",2441.31351249458,0,2,1,1,TRUE,0.869793627855329,0.73982939332138,TRUE,68,0.663000000000466,"203, 382"
0.01,2115,5,2,100123,"oracle_lambda",0.01,2389.24236873568,0.121921502660886,0,"interior","interior",2441.31351249458,0,2,1,1,TRUE,0.869793627855329,0.73982939332138,TRUE,68,0.663000000000466,"203, 382"
0.01,2115,5,3,100124,"joint_lambda_eta0",0.01,20000,2.24667746105575,0,"upper","interior",2457.94302580195,0,2,1,1,TRUE,0.992740298174153,0.985480596348306,TRUE,77,1.67900000000009,"24, 200"
0.01,2115,5,3,100124,"oracle_lambda",0.01,20000,2.24667746105575,0,"upper","interior",2457.94302580195,0,2,1,1,TRUE,0.992740298174153,0.985480596348306,TRUE,77,1.67900000000009,"24, 200"
0.01,2115,5,4,100125,"joint_lambda_eta0",0.015,20000,2.24667746105575,0.405465108108164,"upper","interior",2415.65850396245,0.0390281024237993,2,1,1,TRUE,0.999916568664561,0.999833137329121,TRUE,78,1.79299999999967,"327, 344"
0.01,2115,5,4,100125,"oracle_lambda",0.01,1020.69118779107,-0.728574779603769,0,"interior","interior",2415.61947586002,0,2,1,1,TRUE,0.999641294776878,0.999282589553756,TRUE,79,0.345999999999549,"327, 344"
0.01,2115,5,5,100126,"joint_lambda_eta0",0.01,1275.64723408647,-0.505601128113071,0,"interior","interior",2422.34845094765,0,2,1,1,TRUE,0.635275810868987,0.272793550261574,TRUE,79,0.351999999998952,"50, 190"
0.01,2115,5,5,100126,"oracle_lambda",0.01,1275.64723408647,-0.505601128113071,0,"interior","interior",2422.34845094765,0,2,1,1,TRUE,0.635275810868987,0.272793550261574,TRUE,79,0.351999999998952,"50, 190"
0.01,4599,5,1,100127,"joint_lambda_eta0",0.01,2529.48997335046,-0.59782119770175,0,"interior","interior",2438.5592347224,0,2,1,1,TRUE,0.565807494397389,0.13239762431814,TRUE,79,0.719999999999345,"330, 485"
0.01,4599,5,1,100127,"oracle_lambda",0.01,2529.48997335046,-0.59782119770175,0,"interior","interior",2438.5592347224,0,2,1,1,TRUE,0.565807494397389,0.13239762431814,TRUE,79,0.719999999999345,"330, 485"
0.01,4599,5,2,100128,"joint_lambda_eta0",0.01,9039.97630311116,0.675817664505601,0,"interior","interior",2456.7514295199,0,1,1,0.5,FALSE,0.688281069813253,0.380981237586804,TRUE,78,0.959000000000742,"152, 402"
0.01,4599,5,2,100128,"oracle_lambda",0.01,9039.97630311116,0.675817664505601,0,"interior","interior",2456.7514295199,0,1,1,0.5,FALSE,0.688281069813253,0.380981237586804,TRUE,78,0.959000000000742,"152, 402"
0.01,4599,5,3,100129,"joint_lambda_eta0",0.01,1639.24883157999,-1.03160078117364,0,"interior","interior",2434.36884350641,0,2,1,1,TRUE,0.88867186020255,0.794282420199496,TRUE,14,0.0490000000008877,"278, 485"
0.01,4599,5,3,100129,"oracle_lambda",0.01,1639.24883157999,-1.03160078117364,0,"interior","interior",2434.36884350641,0,2,1,1,TRUE,0.88867186020255,0.794282420199496,TRUE,14,0.0490000000008877,"278, 485"
0.01,4599,5,4,100130,"joint_lambda_eta0",0.015,20000,1.4698933849962,0.405465108108164,"upper","interior",2439.95815124557,0.62868898644183,2,1,1,TRUE,0.475325739111523,0.219126390080054,TRUE,76,1.79299999999967,"5, 482"
0.01,4599,5,4,100130,"oracle_lambda",0.01,2087.53873385807,-0.789853155845466,0,"interior","interior",2439.32946225913,0,2,1,1,TRUE,0.46736003930301,0.217942279119541,TRUE,76,0.729000000001179,"5, 482"
0.01,4599,5,5,100131,"joint_lambda_eta0",0.01,14075.5918824317,1.11860333662158,0,"interior","interior",2454.96020759288,0,2,1,1,TRUE,0.650099433159641,0.300198866319282,TRUE,88,1.15000000000146,"83, 463"
0.01,4599,5,5,100131,"oracle_lambda",0.01,14075.5918824317,1.11860333662158,0,"interior","interior",2454.96020759288,0,2,1,1,TRUE,0.650099433159641,0.300198866319282,TRUE,88,1.15000000000146,"83, 463"
0.01,10000,5,1,100132,"joint_lambda_eta0",0.01,20000,0.693147180559944,0,"upper","interior",2467.3338928872,0,1,1,0.5,FALSE,0.886044784600751,0.772089592010824,TRUE,13,0.244000000000597,"19, 242"
0.01,10000,5,1,100132,"oracle_lambda",0.01,20000,0.693147180559944,0,"upper","interior",2467.3338928872,0,1,1,0.5,FALSE,0.886044784600751,0.772089592010824,TRUE,13,0.244000000000597,"19, 242"
0.01,10000,5,2,100133,"joint_lambda_eta0",0.01,1183.23189909488,-2.13433550092367,0,"interior","interior",2415.29321566794,0,2,1,1,TRUE,0.829204131400578,0.658408262801157,TRUE,100,0.515999999999622,"390, 393"
0.01,10000,5,2,100133,"oracle_lambda",0.01,1183.23189909488,-2.13433550092367,0,"interior","interior",2415.29321566794,0,2,1,1,TRUE,0.829204131400578,0.658408262801157,TRUE,100,0.515999999999622,"390, 393"
0.01,10000,5,3,100134,"joint_lambda_eta0",0.008,20000,0.693147180559944,-0.223143551314211,"upper","interior",2494.12035412008,1.79417077266999,2,1,1,TRUE,0.645870818035217,0.291741637120858,TRUE,67,1.5,"220, 284"
0.01,10000,5,3,100134,"oracle_lambda",0.01,20000,0.693147180559944,0,"upper","interior",2492.32618334741,0,2,1,1,TRUE,0.646087684809071,0.292175370687231,TRUE,67,1.60199999999895,"220, 284"
0.01,10000,5,4,100135,"joint_lambda_eta0",0.01,20000,0.693147180559944,0,"upper","interior",2471.96782930498,0,1,1,0.5,FALSE,0.743516755238132,0.48703351058473,TRUE,63,1.45299999999952,"130, 246"
0.01,10000,5,4,100135,"oracle_lambda",0.01,20000,0.693147180559944,0,"upper","interior",2471.96782930498,0,1,1,0.5,FALSE,0.743516755238132,0.48703351058473,TRUE,63,1.45299999999952,"130, 246"
0.01,10000,5,5,100136,"joint_lambda_eta0",0.01,4109.95508782714,-0.889172992081585,0,"interior","interior",2445.97970091678,0,2,1,1,TRUE,0.85906518420817,0.718130368416341,TRUE,74,0.860000000000582,"23, 376"
0.01,10000,5,5,100136,"oracle_lambda",0.01,4109.95508782714,-0.889172992081585,0,"interior","interior",2445.97970091678,0,2,1,1,TRUE,0.85906518420817,0.718130368416341,TRUE,74,0.860000000000582,"23, 376"
