"true_lambda","true_eta0","r0_seed","replicate","seed","fit_type","selected_lambda","raw_eta0_hat","eta0_used","eta0_multiplier","raw_log_eta0_error","used_log_eta0_error","log_lambda_error","eta0_boundary","lambda_boundary","lower_bound","elbo_gain_over_matching_oracle","selected_L","coverage","power","all_causal_covered","mean_causal_pip","minimum_causal_pip","converged","iterations","fit_seconds","causal"
0.001,20,3,1,100002,"joint_lambda_calibrated_eta0",0.01,21.2723899320671,32.6956633255872,1.537,0.0616777109853222,0.491510175541781,2.30258509299405,"interior","upper",1947.34680268124,78.9020237312666,1,1,0.5,FALSE,0.186947968729071,0.00891228565268387,TRUE,121,0.392,"222, 230"
0.001,20,3,1,100002,"joint_lambda_profiled_eta0",0.01,21.2723899320671,21.2723899320671,1,0.0616777109853222,0.0616777109853222,2.30258509299405,"interior","upper",1948.1672571974,79.40278224895,1,1,0.5,FALSE,0.16880937793881,0.00800410564380116,TRUE,68,0.253,"222, 230"
0.001,20,3,1,100002,"susie_rss_in_sample",NA,NA,NA,NA,NA,NA,NA,NA,NA,-28304.4136196284,NA,1,1,0.5,FALSE,0.283668887341176,0,TRUE,3,0.0290000000000004,"222, 230"
0.001,20,3,1,100002,"susie_rss_out_of_sample",NA,NA,NA,NA,NA,NA,NA,NA,NA,-28234.7020368328,NA,5,0.2,0.5,FALSE,0.294404113743802,1.69995484355923e-07,TRUE,24,0.065,"222, 230"
0.001,20,3,2,100003,"joint_lambda_calibrated_eta0",0.004,8.88173875165216,13.6512324612894,1.537,-0.811734930351046,-0.381902465794588,1.38629436111989,"interior","interior",1836.12433281923,31.4962154567613,0,0,0,FALSE,0.171149181673646,0.0815928229830407,TRUE,117,0.773999999999999,"262, 268"
0.001,20,3,2,100003,"joint_lambda_profiled_eta0",0.004,8.88173875165216,8.88173875165216,1,-0.811734930351046,-0.811734930351046,1.38629436111989,"interior","interior",1836.49197805571,31.7430381365209,0,0,0,FALSE,0.144027502993711,0.0930778935720799,TRUE,170,0.641,"262, 268"
0.001,20,3,2,100003,"susie_rss_in_sample",NA,NA,NA,NA,NA,NA,NA,NA,NA,-28279.9099872854,NA,2,1,1,TRUE,0.38419783356465,0.276747807650033,TRUE,29,0.111000000000001,"262, 268"
0.001,20,3,2,100003,"susie_rss_out_of_sample",NA,NA,NA,NA,NA,NA,NA,NA,NA,-28167.6133788052,NA,5,0.2,0.5,FALSE,0.136212417164479,0.000801472193511454,TRUE,8,0.0220000000000002,"262, 268"
0.001,20,3,3,100004,"joint_lambda_calibrated_eta0",0.008,3.94005284447122,6.05586122195227,1.537,-1.62453813803175,-1.19470567347529,2.07944154167984,"interior","interior",1868.03653112365,43.8642720114449,0,0,0,FALSE,0.0738578476521349,0.0622453371969967,TRUE,119,0.553999999999998,"231, 273"
0.001,20,3,3,100004,"joint_lambda_profiled_eta0",0.008,3.94005284447122,3.94005284447122,1,-1.62453813803175,-1.62453813803175,2.07944154167984,"interior","interior",1868.09847850095,43.5485165746293,0,0,0,FALSE,0.0388362753313611,0.036138376540129,TRUE,109,0.419,"231, 273"
0.001,20,3,3,100004,"susie_rss_in_sample",NA,NA,NA,NA,NA,NA,NA,NA,NA,-28308.637209939,NA,2,1,1,TRUE,0.63382425450514,0.267654770244867,TRUE,16,0.0469999999999988,"231, 273"
0.001,20,3,3,100004,"susie_rss_out_of_sample",NA,NA,NA,NA,NA,NA,NA,NA,NA,-28227.3371478473,NA,5,0.2,0.5,FALSE,0.500000016485433,3.38816642520001e-08,TRUE,7,0.0199999999999996,"231, 273"
0.001,20,3,4,100005,"joint_lambda_calibrated_eta0",0.01,11.655842744437,17.9150302981997,1.537,-0.539924696135333,-0.110092231578875,2.30258509299405,"interior","upper",1826.74315651557,62.0351914479331,1,1,0.5,FALSE,0.254479798442192,0.00817202657536642,TRUE,81,1.278,"238, 307"
0.001,20,3,4,100005,"joint_lambda_profiled_eta0",0.01,11.655842744437,11.655842744437,1,-0.539924696135333,-0.539924696135333,2.30258509299405,"interior","upper",1827.26022292068,62.1415009154889,1,1,0.5,FALSE,0.222978640824237,0.00801893945630072,TRUE,300,1.186,"238, 307"
0.001,20,3,4,100005,"susie_rss_in_sample",NA,NA,NA,NA,NA,NA,NA,NA,NA,-28284.290186212,NA,2,1,1,TRUE,0.903390102825454,0.808484467904961,TRUE,4,0.0169999999999995,"238, 307"
0.001,20,3,4,100005,"susie_rss_out_of_sample",NA,NA,NA,NA,NA,NA,NA,NA,NA,-28203.3700767118,NA,4,0.5,1,TRUE,0.969577287974062,0.939225424735763,TRUE,9,0.0259999999999998,"238, 307"
0.001,20,3,5,100006,"joint_lambda_calibrated_eta0",0.01,19.2937780860799,29.6545369183048,1.537,-0.0359496085780107,0.393882855978448,2.30258509299405,"interior","upper",1870.7052866336,66.0890228797812,1,1,0.5,FALSE,0.184120564824384,0.00793256998254821,TRUE,62,0.425000000000004,"189, 233"
0.001,20,3,5,100006,"joint_lambda_profiled_eta0",0.01,19.2937780860799,19.2937780860799,1,-0.0359496085780107,-0.0359496085780107,2.30258509299405,"interior","upper",1871.57750675562,66.6523361897905,1,1,0.5,FALSE,0.158862325491274,0.00793704994476241,TRUE,90,0.354000000000006,"189, 233"
0.001,20,3,5,100006,"susie_rss_in_sample",NA,NA,NA,NA,NA,NA,NA,NA,NA,-28279.6719621945,NA,1,1,0.5,FALSE,0.530810951832621,0.086285099221048,TRUE,7,0.0289999999999999,"189, 233"
0.001,20,3,5,100006,"susie_rss_out_of_sample",NA,NA,NA,NA,NA,NA,NA,NA,NA,-28186.1992157922,NA,5,0.2,0.5,FALSE,0.4990680594467,5.55111512312578e-16,TRUE,8,0.0229999999999997,"189, 233"
0.001,43,3,1,100007,"joint_lambda_calibrated_eta0",0.004,17.1663213464378,26.384635909475,1.537,-0.91825071263579,-0.488418248079332,1.38629436111989,"interior","interior",2055.84793094837,10.0030752359653,1,1,0.5,FALSE,0.503918780318954,0.043413254607245,TRUE,46,0.343000000000004,"97, 283"
0.001,43,3,1,100007,"joint_lambda_profiled_eta0",0.004,17.1663213464378,17.1663213464378,1,-0.91825071263579,-0.91825071263579,1.38629436111989,"interior","interior",2056.51788108504,10.5962447130391,0,0,0,FALSE,0.498312199178694,0.0942624029715263,TRUE,75,0.289999999999999,"97, 283"
0.001,43,3,1,100007,"susie_rss_in_sample",NA,NA,NA,NA,NA,NA,NA,NA,NA,-28293.0312849163,NA,2,1,1,TRUE,0.999999999568825,0.999999999137671,TRUE,4,0.0319999999999965,"97, 283"
0.001,43,3,1,100007,"susie_rss_out_of_sample",NA,NA,NA,NA,NA,NA,NA,NA,NA,-28253.3861553709,NA,4,0.5,1,TRUE,0.999999807502273,0.999999615004545,TRUE,10,0.027000000000001,"97, 283"
0.001,43,3,2,100008,"joint_lambda_calibrated_eta0",0.004,32.8102173717689,50.4293041004088,1.537,-0.27046014357429,0.159372320982169,1.38629436111989,"interior","interior",2118.62042742457,24.6169579398611,1,1,0.5,FALSE,0.255557677371814,0.0155084332006685,TRUE,68,0.279000000000011,"53, 496"
0.001,43,3,2,100008,"joint_lambda_profiled_eta0",0.004,32.8102173717689,32.8102173717689,1,-0.27046014357429,-0.27046014357429,1.38629436111989,"interior","interior",2119.58642043546,24.8725581847061,1,1,0.5,FALSE,0.252681389241415,0.0084046344050478,TRUE,52,0.202000000000005,"53, 496"
0.001,43,3,2,100008,"susie_rss_in_sample",NA,NA,NA,NA,NA,NA,NA,NA,NA,-28293.5727809015,NA,1,1,0.5,FALSE,0.747991852570997,0.622818553818425,TRUE,15,0.0410000000000039,"53, 496"
0.001,43,3,2,100008,"susie_rss_out_of_sample",NA,NA,NA,NA,NA,NA,NA,NA,NA,-28239.1364022649,NA,5,0.2,0.5,FALSE,0.188555304840436,1.22927208801027e-06,TRUE,7,0.0189999999999984,"53, 496"
0.001,43,3,3,100009,"joint_lambda_calibrated_eta0",0.004,33.8150999127679,51.9738085659243,1.537,-0.240292669983226,0.189539794573233,1.38629436111989,"interior","interior",2131.07796426882,15.4929351854753,1,1,0.5,FALSE,0.504890686316488,0.00978137264543577,TRUE,35,0.249000000000002,"472, 498"
0.001,43,3,3,100009,"joint_lambda_profiled_eta0",0.004,33.8150999127679,33.8150999127679,1,-0.240292669983226,-0.240292669983226,1.38629436111989,"interior","interior",2132.2901635726,15.9111578382299,1,1,0.5,FALSE,0.504204962002297,0.0084099263320575,TRUE,54,0.209000000000003,"472, 498"
0.001,43,3,3,100009,"susie_rss_in_sample",NA,NA,NA,NA,NA,NA,NA,NA,NA,-28297.4303830306,NA,2,1,1,TRUE,0.87750916395774,0.75501832791548,TRUE,37,0.108999999999995,"472, 498"
0.001,43,3,3,100009,"susie_rss_out_of_sample",NA,NA,NA,NA,NA,NA,NA,NA,NA,-28252.7930280177,NA,5,0.2,0.5,FALSE,0.500084300964085,0.000168601928169365,TRUE,12,0.0330000000000013,"472, 498"
0.001,43,3,4,100010,"joint_lambda_calibrated_eta0",0.006,34.5688147572052,53.1322682818243,1.537,-0.218248147647027,0.211584316909432,1.79175946922805,"interior","interior",2136.40433837929,38.9492309425495,1,1,0.5,FALSE,0.374767808879562,0.0125909875394647,TRUE,28,0.314999999999998,"110, 251"
0.001,43,3,4,100010,"joint_lambda_profiled_eta0",0.006,34.5688147572052,34.5688147572052,1,-0.218248147647027,-0.218248147647027,1.79175946922805,"interior","interior",2137.52905826741,39.5576327218605,1,1,0.5,FALSE,0.344139126494413,0.00872627177594376,TRUE,72,0.281999999999996,"110, 251"
0.001,43,3,4,100010,"susie_rss_in_sample",NA,NA,NA,NA,NA,NA,NA,NA,NA,-28301.3852674107,NA,2,1,1,TRUE,0.995420142269793,0.991040023940139,TRUE,45,0.131,"110, 251"
0.001,43,3,4,100010,"susie_rss_out_of_sample",NA,NA,NA,NA,NA,NA,NA,NA,NA,-28286.4304425462,NA,3,0.333333333333333,0.5,FALSE,0.533742060838907,0.0761824545893353,TRUE,17,0.0439999999999969,"110, 251"
0.001,43,3,5,100011,"joint_lambda_calibrated_eta0",0.006,39.4471597301623,60.6302845052594,1.537,-0.0862380676941426,0.343594396862316,1.79175946922805,"interior","interior",2164.77650385022,29.2202522108591,1,1,0.5,FALSE,0.236258299426198,0.0160471492459308,TRUE,25,0.311,"252, 404"
0.001,43,3,5,100011,"joint_lambda_profiled_eta0",0.006,39.4471597301623,39.4471597301623,1,-0.0862380676941426,-0.0862380676941426,1.79175946922805,"interior","interior",2165.96140729742,29.8513191614393,1,1,0.5,FALSE,0.236246889395706,0.00917675387586425,TRUE,72,0.282000000000004,"252, 404"
0.001,43,3,5,100011,"susie_rss_in_sample",NA,NA,NA,NA,NA,NA,NA,NA,NA,-28301.430522136,NA,2,1,1,TRUE,0.758928521955354,0.520864030931408,TRUE,5,0.0210000000000008,"252, 404"
0.001,43,3,5,100011,"susie_rss_out_of_sample",NA,NA,NA,NA,NA,NA,NA,NA,NA,-28285.8155712373,NA,4,0.5,1,TRUE,0.68091016582006,0.361843022795254,TRUE,40,0.106000000000002,"252, 404"
0.001,95,3,1,100012,"joint_lambda_calibrated_eta0",0.004,46.523987833194,71.5073692996191,1.537,-0.713908844640549,-0.28407638008409,1.38629436111989,"interior","interior",2271.49557430986,20.8819399598187,1,1,0.5,FALSE,0.588886550787368,0.292524296670833,TRUE,73,0.269999999999996,"311, 321"
0.001,95,3,1,100012,"joint_lambda_profiled_eta0",0.004,46.523987833194,46.523987833194,1,-0.713908844640549,-0.713908844640549,1.38629436111989,"interior","interior",2271.24646155328,19.985074654187,1,1,0.5,FALSE,0.383029741857373,0.0333274184674237,TRUE,48,0.186,"311, 321"
0.001,95,3,1,100012,"susie_rss_in_sample",NA,NA,NA,NA,NA,NA,NA,NA,NA,-28319.6839119945,NA,2,1,1,TRUE,0.908085013840787,0.816253942248717,TRUE,6,0.0250000000000057,"311, 321"
0.001,95,3,1,100012,"susie_rss_out_of_sample",NA,NA,NA,NA,NA,NA,NA,NA,NA,-28306.0905206174,NA,4,0.5,1,TRUE,0.894840589082166,0.789682292651177,TRUE,10,0.0279999999999987,"311, 321"
0.001,95,3,2,100013,"joint_lambda_calibrated_eta0",0.006,123.85165933251,190.360000394067,1.537,0.265207662166025,0.695040126722484,1.79175946922805,"interior","interior",2266.96982510672,35.1428020463873,2,1,1,TRUE,0.659516157176612,0.349017763508756,TRUE,21,0.170000000000016,"215, 319"
0.001,95,3,2,100013,"joint_lambda_profiled_eta0",0.006,123.85165933251,123.85165933251,1,0.265207662166025,0.265207662166025,1.79175946922805,"interior","interior",2268.80494072549,35.8463694283737,1,1,0.5,FALSE,0.58601223329544,0.311917240105674,TRUE,39,0.14500000000001,"215, 319"
0.001,95,3,2,100013,"susie_rss_in_sample",NA,NA,NA,NA,NA,NA,NA,NA,NA,-28280.1598537597,NA,2,1,1,TRUE,0.652206417839046,0.304412848894072,TRUE,5,0.0279999999999987,"215, 319"
0.001,95,3,2,100013,"susie_rss_out_of_sample",NA,NA,NA,NA,NA,NA,NA,NA,NA,-28268.8792115625,NA,4,0.5,1,TRUE,0.839596651618016,0.679237550736545,TRUE,13,0.0350000000000037,"215, 319"
0.001,95,3,3,100014,"joint_lambda_calibrated_eta0",0.004,47.1029217479484,72.3971907265967,1.537,-0.701541859636981,-0.271709395080522,1.38629436111989,"interior","interior",2178.15879738383,30.1228880107105,1,1,0.5,FALSE,0.329117580710516,0.0328183739572643,TRUE,43,0.204999999999998,"330, 497"
0.001,95,3,3,100014,"joint_lambda_profiled_eta0",0.004,47.1029217479484,47.1029217479484,1,-0.701541859636981,-0.701541859636981,1.38629436111989,"interior","interior",2179.36184031964,30.4049127856724,1,1,0.5,FALSE,0.303857047290917,0.00973687012335256,TRUE,40,0.155000000000001,"330, 497"
0.001,95,3,3,100014,"susie_rss_in_sample",NA,NA,NA,NA,NA,NA,NA,NA,NA,-28282.5990076318,NA,2,1,1,TRUE,0.776626692750746,0.766805364917955,TRUE,5,0.0250000000000057,"330, 497"
0.001,95,3,3,100014,"susie_rss_out_of_sample",NA,NA,NA,NA,NA,NA,NA,NA,NA,-28258.9408862733,NA,4,0.5,1,TRUE,0.460526072972762,0.115517251960481,TRUE,12,0.0330000000000013,"330, 497"
0.001,95,3,4,100015,"joint_lambda_calibrated_eta0",0.002,35.6484566153849,54.7916778178466,1.537,-0.980171038373467,-0.550338573817009,0.693147180559945,"interior","interior",2248.42081727768,9.65715516270575,1,1,0.5,FALSE,0.393133478581884,0.364350576780485,TRUE,100,0.260000000000019,"265, 292"
0.001,95,3,4,100015,"joint_lambda_profiled_eta0",0.002,35.6484566153849,35.6484566153849,1,-0.980171038373467,-0.980171038373467,0.693147180559945,"interior","interior",2247.3870223208,7.67082694729788,1,1,0.5,FALSE,0.191987196168152,0.0123922556410175,TRUE,37,0.147000000000006,"265, 292"
0.001,95,3,4,100015,"susie_rss_in_sample",NA,NA,NA,NA,NA,NA,NA,NA,NA,-28285.0231010241,NA,2,1,1,TRUE,0.57730837410934,0.570638186008031,TRUE,4,0.0180000000000007,"265, 292"
0.001,95,3,4,100015,"susie_rss_out_of_sample",NA,NA,NA,NA,NA,NA,NA,NA,NA,-28269.3823354014,NA,4,0.5,1,TRUE,0.591303151976801,0.458362064772233,TRUE,13,0.0339999999999918,"265, 292"
0.001,95,3,5,100016,"joint_lambda_calibrated_eta0",0.004,74.7077074954206,114.825746420462,1.537,-0.240293625461489,0.189538839094969,1.38629436111989,"interior","interior",2250.97190721616,18.3308781978444,1,1,0.5,FALSE,0.631241304541192,0.426491246732224,TRUE,32,0.379000000000005,"71, 260"
0.001,95,3,5,100016,"joint_lambda_profiled_eta0",0.004,74.7077074954206,74.7077074954206,1,-0.240293625461489,-0.240293625461489,1.38629436111989,"interior","interior",2252.53574036374,18.9659119601974,1,1,0.5,FALSE,0.555136038362052,0.325681466827976,TRUE,91,0.341999999999999,"71, 260"
0.001,95,3,5,100016,"susie_rss_in_sample",NA,NA,NA,NA,NA,NA,NA,NA,NA,-28288.3288004117,NA,2,1,1,TRUE,0.647004926863473,0.304873782794844,TRUE,5,0.0210000000000008,"71, 260"
0.001,95,3,5,100016,"susie_rss_out_of_sample",NA,NA,NA,NA,NA,NA,NA,NA,NA,-28273.5195678322,NA,5,0.4,1,TRUE,0.775768509568274,0.561900580740031,TRUE,10,0.0280000000000058,"71, 260"
0.001,206,3,1,100017,"joint_lambda_calibrated_eta0",0.006,341.404952364327,524.739411783971,1.537,0.5051931475122,0.935025612068658,1.79175946922805,"interior","interior",2398.56860074048,54.9487499941442,2,1,1,TRUE,0.787214350545622,0.574428719186575,TRUE,64,0.369,"72, 351"
0.001,206,3,1,100017,"joint_lambda_profiled_eta0",0.006,341.404952364327,341.404952364327,1,0.5051931475122,0.5051931475122,1.79175946922805,"interior","interior",2400.00232468907,54.7276782504982,2,1,1,TRUE,0.781352448772422,0.562705047030714,TRUE,78,0.296000000000006,"72, 351"
0.001,206,3,1,100017,"susie_rss_in_sample",NA,NA,NA,NA,NA,NA,NA,NA,NA,-28288.8333758014,NA,2,1,1,TRUE,0.802188162642147,0.604376325311291,TRUE,4,0.0180000000000007,"72, 351"
0.001,206,3,1,100017,"susie_rss_out_of_sample",NA,NA,NA,NA,NA,NA,NA,NA,NA,-28281.3479871386,NA,2,1,1,TRUE,0.811620728264657,0.623241456556413,TRUE,6,0.0180000000000007,"72, 351"
0.001,206,3,2,100018,"joint_lambda_calibrated_eta0",0.001,96.6656530354324,148.57510871546,1.537,-0.756618020372502,-0.326785555816044,0,"interior","interior",2452.58993312439,0,1,1,0.5,FALSE,0.504023147006156,0.0328924892727853,TRUE,15,0.265000000000015,"45, 145"
0.001,206,3,2,100018,"joint_lambda_profiled_eta0",0.001,96.6656530354324,96.6656530354324,1,-0.756618020372502,-0.756618020372502,0,"interior","interior",2454.16198953682,0,1,1,0.5,FALSE,0.47701632340825,0.0104056892180394,TRUE,62,0.246000000000009,"45, 145"
0.001,206,3,2,100018,"susie_rss_in_sample",NA,NA,NA,NA,NA,NA,NA,NA,NA,-28302.2854189094,NA,2,1,1,TRUE,0.90645949450673,0.814455259129514,TRUE,6,0.0250000000000057,"45, 145"
0.001,206,3,2,100018,"susie_rss_out_of_sample",NA,NA,NA,NA,NA,NA,NA,NA,NA,-28299.4106650944,NA,2,1,1,TRUE,0.85941342369453,0.719122122687743,TRUE,11,0.0300000000000011,"45, 145"
0.001,206,3,3,100019,"joint_lambda_calibrated_eta0",0.002,216.196452403766,332.293947344588,1.537,0.0483113274176512,0.47814379197411,0.693147180559945,"interior","interior",2479.28388638138,2.37207388102615,1,1,0.5,FALSE,0.263601037892101,0.0199350197997158,TRUE,11,0.0759999999999934,"96, 161"
0.001,206,3,3,100019,"joint_lambda_profiled_eta0",0.002,216.196452403766,216.196452403766,1,0.0483113274176512,0.0483113274176512,0.693147180559945,"interior","interior",2480.7451009041,2.02640778487148,1,1,0.5,FALSE,0.259617907375746,0.0123143714962504,TRUE,16,0.0619999999999976,"96, 161"
0.001,206,3,3,100019,"susie_rss_in_sample",NA,NA,NA,NA,NA,NA,NA,NA,NA,-28281.350396342,NA,2,1,1,TRUE,0.603136684518551,0.600255165104757,TRUE,4,0.0190000000000055,"96, 161"
0.001,206,3,3,100019,"susie_rss_out_of_sample",NA,NA,NA,NA,NA,NA,NA,NA,NA,-28288.2792268682,NA,1,1,0.5,FALSE,0.269637113234403,0.0301192847661754,TRUE,22,0.0570000000000022,"96, 161"
0.001,206,3,4,100020,"joint_lambda_calibrated_eta0",0.001,86.1218653498911,132.369307042783,1.537,-0.872112836636084,-0.442280372079624,0,"interior","interior",2428.22785348249,0,1,1,0.5,FALSE,0.514104888408743,0.0282098130280203,TRUE,17,0.289000000000001,"62, 367"
0.001,206,3,4,100020,"joint_lambda_profiled_eta0",0.001,86.1218653498911,86.1218653498911,1,-0.872112836636084,-0.872112836636084,0,"interior","interior",2429.85665440412,0,1,1,0.5,FALSE,0.504834338471593,0.00966939930359345,TRUE,67,0.268000000000001,"62, 367"
0.001,206,3,4,100020,"susie_rss_in_sample",NA,NA,NA,NA,NA,NA,NA,NA,NA,-28290.2078874502,NA,2,1,1,TRUE,0.9995031440248,0.9990062880496,TRUE,5,0.0210000000000008,"62, 367"
0.001,206,3,4,100020,"susie_rss_out_of_sample",NA,NA,NA,NA,NA,NA,NA,NA,NA,-28295.0808497885,NA,3,0.666666666666667,1,TRUE,0.984055460923739,0.968110921849303,TRUE,12,0.0319999999999965,"62, 367"
0.001,206,3,5,100021,"joint_lambda_calibrated_eta0",0.004,338.451952911521,520.200651625008,1.537,0.496505972310955,0.926338436867414,1.38629436111989,"interior","interior",2461.24956756795,15.0933365745245,2,1,1,TRUE,0.648636254297109,0.297340128530267,TRUE,21,0.207999999999998,"111, 336"
0.001,206,3,5,100021,"joint_lambda_profiled_eta0",0.004,338.451952911521,338.451952911521,1,0.496505972310955,0.496505972310955,1.38629436111989,"interior","interior",2462.31189562984,17.5524242808074,2,1,1,TRUE,0.642230852559012,0.284667652954975,TRUE,46,0.182999999999993,"111, 336"
0.001,206,3,5,100021,"susie_rss_in_sample",NA,NA,NA,NA,NA,NA,NA,NA,NA,-28295.707173083,NA,2,1,1,TRUE,0.654481536907359,0.308963297786851,TRUE,4,0.019999999999996,"111, 336"
0.001,206,3,5,100021,"susie_rss_out_of_sample",NA,NA,NA,NA,NA,NA,NA,NA,NA,-28302.6084042302,NA,2,1,1,TRUE,0.664241507519859,0.328486641099932,TRUE,10,0.0279999999999916,"111, 336"
0.001,447,3,1,100022,"joint_lambda_calibrated_eta0",0.002,634.671522289262,975.490129758596,1.537,0.35054898270622,0.780381447262679,0.693147180559945,"interior","interior",2567.41706096894,7.63627026796257,2,1,1,TRUE,0.99940557488318,0.999286873315938,TRUE,71,0.396000000000001,"111, 195"
0.001,447,3,1,100022,"joint_lambda_profiled_eta0",0.002,634.671522289262,634.671522289262,1,0.35054898270622,0.35054898270622,0.693147180559945,"interior","interior",2567.99483664741,6.93457508812617,2,1,1,TRUE,0.998875433463899,0.998795787639522,TRUE,75,0.311999999999998,"111, 195"
0.001,447,3,1,100022,"susie_rss_in_sample",NA,NA,NA,NA,NA,NA,NA,NA,NA,-28303.7851647651,NA,2,1,1,TRUE,0.998874475629905,0.997783508291236,TRUE,4,0.0180000000000007,"111, 195"
0.001,447,3,1,100022,"susie_rss_out_of_sample",NA,NA,NA,NA,NA,NA,NA,NA,NA,-28301.658791726,NA,2,1,1,TRUE,0.999869245882613,0.999806186038472,TRUE,4,0.0180000000000007,"111, 195"
0.001,447,3,2,100023,"joint_lambda_calibrated_eta0",0.004,738.70860292977,1135.39512270306,1.537,0.502344935893338,0.932177400449797,1.38629436111989,"interior","interior",2508.9758548307,19.1681960867704,2,1,1,TRUE,0.708905172367074,0.427495192976013,TRUE,50,0.318999999999988,"93, 374"
0.001,447,3,2,100023,"joint_lambda_profiled_eta0",0.004,738.70860292977,738.70860292977,1,0.502344935893338,0.502344935893338,1.38629436111989,"interior","interior",2509.42453784446,18.1431606302585,2,1,1,TRUE,0.699658780017782,0.414348603026757,TRUE,64,0.254999999999995,"93, 374"
0.001,447,3,2,100023,"susie_rss_in_sample",NA,NA,NA,NA,NA,NA,NA,NA,NA,-28303.5973917145,NA,2,1,1,TRUE,0.732734010667768,0.465805990939959,TRUE,3,0.0150000000000006,"93, 374"
0.001,447,3,2,100023,"susie_rss_out_of_sample",NA,NA,NA,NA,NA,NA,NA,NA,NA,-28304.7428317839,NA,2,1,1,TRUE,0.728642490482715,0.460484709671296,TRUE,5,0.0169999999999959,"93, 374"
0.001,447,3,3,100024,"joint_lambda_calibrated_eta0",0.002,374.749867304413,575.990546046883,1.537,-0.176299811721884,0.253532652834575,0.693147180559945,"interior","interior",2503.99811994136,7.33098858473977,2,1,1,TRUE,0.999801022423654,0.99960204836814,TRUE,63,0.387,"54, 321"
0.001,447,3,3,100024,"joint_lambda_profiled_eta0",0.002,374.749867304413,374.749867304413,1,-0.176299811721884,-0.176299811721884,0.693147180559945,"interior","interior",2505.5094867736,10.1598553117833,2,1,1,TRUE,0.999121379550836,0.998242798716091,TRUE,82,0.313000000000002,"54, 321"
0.001,447,3,3,100024,"susie_rss_in_sample",NA,NA,NA,NA,NA,NA,NA,NA,NA,-28270.4168936634,NA,2,1,1,TRUE,0.999981095943071,0.999962191886969,TRUE,4,0.0169999999999959,"54, 321"
0.001,447,3,3,100024,"susie_rss_out_of_sample",NA,NA,NA,NA,NA,NA,NA,NA,NA,-28270.3810918127,NA,2,1,1,TRUE,0.999998326239032,0.999996652479509,TRUE,9,0.0259999999999962,"54, 321"
0.001,447,3,4,100025,"joint_lambda_calibrated_eta0",0.004,582.60329173739,895.461259400368,1.537,0.264947899977146,0.694780364533604,1.38629436111989,"interior","interior",2496.28110577768,23.5367238095969,2,1,1,TRUE,0.968917712428638,0.937835428591107,TRUE,14,0.109999999999999,"167, 351"
0.001,447,3,4,100025,"joint_lambda_profiled_eta0",0.004,582.60329173739,582.60329173739,1,0.264947899977146,0.264947899977146,1.38629436111989,"interior","interior",2496.92605861743,22.98269130485,1,1,0.5,FALSE,0.948062366035324,0.896124748170976,TRUE,24,0.0919999999999987,"167, 351"
0.001,447,3,4,100025,"susie_rss_in_sample",NA,NA,NA,NA,NA,NA,NA,NA,NA,-28296.2841823593,NA,2,1,1,TRUE,0.996866666725396,0.993733333453206,TRUE,5,0.0210000000000008,"167, 351"
0.001,447,3,4,100025,"susie_rss_out_of_sample",NA,NA,NA,NA,NA,NA,NA,NA,NA,-28298.4114210332,NA,2,1,1,TRUE,0.992286189672532,0.984572379424749,TRUE,7,0.0200000000000102,"167, 351"
0.001,447,3,5,100026,"joint_lambda_calibrated_eta0",0.002,324.648509296543,498.984758788787,1.537,-0.319815507394416,0.110016957162042,0.693147180559945,"interior","interior",2524.86788713333,5.68181787985759,2,1,1,TRUE,0.663512380240531,0.620090532389075,TRUE,66,0.368000000000009,"201, 385"
0.001,447,3,5,100026,"joint_lambda_profiled_eta0",0.002,324.648509296543,324.648509296543,1,-0.319815507394416,-0.319815507394416,0.693147180559945,"interior","interior",2525.9414069705,5.22466774552822,2,1,1,TRUE,0.627742011738778,0.584964942912637,TRUE,75,0.290000000000006,"201, 385"
0.001,447,3,5,100026,"susie_rss_in_sample",NA,NA,NA,NA,NA,NA,NA,NA,NA,-28308.2585394814,NA,2,1,1,TRUE,0.649317167135334,0.622168714324772,TRUE,5,0.019999999999996,"201, 385"
0.001,447,3,5,100026,"susie_rss_out_of_sample",NA,NA,NA,NA,NA,NA,NA,NA,NA,-28304.4429059184,NA,2,1,1,TRUE,0.825276436770515,0.807864886727834,TRUE,6,0.0220000000000056,"201, 385"
0.001,972,3,1,100027,"joint_lambda_calibrated_eta0",0.002,1755.70519193868,2698.51888000975,1.537,0.591270069500465,1.02110253405692,0.693147180559945,"interior","interior",2604.72806809273,1.17702849225543,2,1,1,TRUE,0.681606662821863,0.363213357251172,TRUE,50,0.289999999999992,"88, 133"
0.001,972,3,1,100027,"joint_lambda_profiled_eta0",0.002,1755.70519193868,1755.70519193868,1,0.591270069500465,0.591270069500465,0.693147180559945,"interior","interior",2604.88577979881,0.484598788938911,2,1,1,TRUE,0.684126365205589,0.368252783999192,TRUE,52,0.212999999999994,"88, 133"
0.001,972,3,1,100027,"susie_rss_in_sample",NA,NA,NA,NA,NA,NA,NA,NA,NA,-28294.601691014,NA,2,1,1,TRUE,0.6987644489782,0.397528914626728,TRUE,4,0.0180000000000007,"88, 133"
0.001,972,3,1,100027,"susie_rss_out_of_sample",NA,NA,NA,NA,NA,NA,NA,NA,NA,-28290.540897042,NA,2,1,1,TRUE,0.675650956775353,0.351301922153324,TRUE,6,0.0190000000000055,"88, 133"
0.001,972,3,2,100028,"joint_lambda_calibrated_eta0",0.002,20000,20000,1.537,3.02413174807569,3.02413174807569,0.693147180559945,"upper","interior",2637.47563272452,3.73422672154356,1,1,0.5,FALSE,0.509489673785868,0.0189793475721739,TRUE,19,0.244,"143, 494"
0.001,972,3,2,100028,"joint_lambda_profiled_eta0",0.002,20000,20000,1,3.02413174807569,3.02413174807569,0.693147180559945,"upper","interior",2637.4756969146,3.21842712563694,1,1,0.5,FALSE,0.50947815448172,0.0189563089638781,TRUE,14,0.206999999999994,"143, 494"
0.001,972,3,2,100028,"susie_rss_in_sample",NA,NA,NA,NA,NA,NA,NA,NA,NA,-28300.473750927,NA,1,1,0.5,FALSE,0.518320089885093,0.0366401797704217,TRUE,19,0.0510000000000161,"143, 494"
0.001,972,3,2,100028,"susie_rss_out_of_sample",NA,NA,NA,NA,NA,NA,NA,NA,NA,-28300.6846399285,NA,1,1,0.5,FALSE,0.509540637998312,0.0190812759969082,TRUE,14,0.039999999999992,"143, 494"
0.001,972,3,3,100029,"joint_lambda_calibrated_eta0",0.001,489.334293061493,752.106808435514,1.537,-0.686309922658682,-0.256477458102224,0,"interior","interior",2601.73439908571,0,2,1,1,TRUE,0.659590856793613,0.34171349822768,TRUE,71,0.349000000000018,"67, 239"
0.001,972,3,3,100029,"joint_lambda_profiled_eta0",0.001,489.334293061493,489.334293061493,1,-0.686309922658682,-0.686309922658682,0,"interior","interior",2602.59963147674,0,2,1,1,TRUE,0.64807251434502,0.331205202445847,TRUE,70,0.269000000000005,"67, 239"
0.001,972,3,3,100029,"susie_rss_in_sample",NA,NA,NA,NA,NA,NA,NA,NA,NA,-28290.2995661006,NA,2,1,1,TRUE,0.662106700370977,0.324409035681167,TRUE,5,0.0240000000000009,"67, 239"
0.001,972,3,3,100029,"susie_rss_out_of_sample",NA,NA,NA,NA,NA,NA,NA,NA,NA,-28293.5827376171,NA,2,1,1,TRUE,0.675967054694087,0.358389020876173,TRUE,5,0.0240000000000009,"67, 239"
0.001,972,3,4,100030,"joint_lambda_calibrated_eta0",0.002,1162.779450065,1787.19201474991,1.537,0.179212691265401,0.60904515582186,0.693147180559945,"interior","interior",2590.82200830636,14.9209498612913,2,1,1,TRUE,0.27391233009431,0.143021257935615,TRUE,73,0.37700000000001,"102, 347"
0.001,972,3,4,100030,"joint_lambda_profiled_eta0",0.002,1162.779450065,1162.779450065,1,0.179212691265401,0.179212691265401,0.693147180559945,"interior","interior",2591.15125130298,14.0089991286191,2,1,1,TRUE,0.278852415759951,0.147554088602557,TRUE,72,0.289000000000016,"102, 347"
0.001,972,3,4,100030,"susie_rss_in_sample",NA,NA,NA,NA,NA,NA,NA,NA,NA,-28285.1447331245,NA,2,1,1,TRUE,0.283141779974606,0.164898973206849,TRUE,4,0.0190000000000055,"102, 347"
0.001,972,3,4,100030,"susie_rss_out_of_sample",NA,NA,NA,NA,NA,NA,NA,NA,NA,-28282.6488521457,NA,2,1,1,TRUE,0.257634224015133,0.127047978099012,TRUE,3,0.0139999999999816,"102, 347"
0.001,972,3,5,100031,"joint_lambda_calibrated_eta0",0.001,603.962124591912,928.289785497769,1.537,-0.475844316121115,-0.0460118515646561,0,"interior","interior",2609.92637725369,0,2,1,1,TRUE,0.723455257595381,0.446910523155345,TRUE,68,0.434000000000026,"162, 275"
0.001,972,3,5,100031,"joint_lambda_profiled_eta0",0.001,603.962124591912,603.962124591912,1,-0.475844316121115,-0.475844316121115,0,"interior","interior",2610.71471307573,0,2,1,1,TRUE,0.717125116637852,0.434250267282615,TRUE,72,0.356000000000023,"162, 275"
0.001,972,3,5,100031,"susie_rss_in_sample",NA,NA,NA,NA,NA,NA,NA,NA,NA,-28280.502051404,NA,2,1,1,TRUE,0.721208937501454,0.442417875020439,TRUE,6,0.0229999999999961,"162, 275"
0.001,972,3,5,100031,"susie_rss_out_of_sample",NA,NA,NA,NA,NA,NA,NA,NA,NA,-28283.994403585,NA,2,1,1,TRUE,0.733295736924328,0.466591474011694,TRUE,7,0.025999999999982,"162, 275"
0.001,2115,3,1,100032,"joint_lambda_calibrated_eta0",0.002,20000,20000,1.537,2.24667746105575,2.24667746105575,0.693147180559945,"upper","interior",2655.00597943716,1.12958987669253,2,1,1,TRUE,0.820525237714462,0.697000631916961,TRUE,70,1.25,"163, 461"
0.001,2115,3,1,100032,"joint_lambda_profiled_eta0",0.002,20000,20000,1,2.24667746105575,2.24667746105575,0.693147180559945,"upper","interior",2655.00588283115,0.921158806627773,2,1,1,TRUE,0.820526854694507,0.697000128823204,TRUE,69,1.10900000000001,"163, 461"
0.001,2115,3,1,100032,"susie_rss_in_sample",NA,NA,NA,NA,NA,NA,NA,NA,NA,-28300.3657335694,NA,2,1,1,TRUE,0.850725004016637,0.706145857825885,TRUE,4,0.0169999999999959,"163, 461"
0.001,2115,3,1,100032,"susie_rss_out_of_sample",NA,NA,NA,NA,NA,NA,NA,NA,NA,-28303.7922600326,NA,2,1,1,TRUE,0.823378032949931,0.698563398506458,TRUE,5,0.0209999999999866,"163, 461"
0.001,2115,3,2,100033,"joint_lambda_calibrated_eta0",0.001,1505.02160499031,2313.2182068701,1.537,-0.340247558925154,0.0895849056313045,0,"interior","interior",2660.46495867896,0,2,1,1,TRUE,0.634024650383161,0.268064112558538,TRUE,68,0.375000000000028,"269, 446"
0.001,2115,3,2,100033,"joint_lambda_profiled_eta0",0.001,1505.02160499031,1505.02160499031,1,-0.340247558925154,-0.340247558925154,0,"interior","interior",2660.61822422937,0,2,1,1,TRUE,0.632677103331669,0.265375812969042,TRUE,70,0.271000000000015,"269, 446"
0.001,2115,3,2,100033,"susie_rss_in_sample",NA,NA,NA,NA,NA,NA,NA,NA,NA,-28303.8335034954,NA,2,1,1,TRUE,0.639770147979765,0.279545258067355,TRUE,4,0.0180000000000007,"269, 446"
0.001,2115,3,2,100033,"susie_rss_out_of_sample",NA,NA,NA,NA,NA,NA,NA,NA,NA,-28303.5741271004,NA,2,1,1,TRUE,0.634937749604621,0.269881587871472,TRUE,4,0.0169999999999959,"269, 446"
0.001,2115,3,3,100034,"joint_lambda_calibrated_eta0",0.001,590.57480354186,907.713473043839,1.537,-1.27571378555631,-0.845881320999852,0,"interior","interior",2625.73241687375,0,2,1,1,TRUE,0.528111017320351,0.0574048364299284,TRUE,69,0.356999999999999,"126, 313"
0.001,2115,3,3,100034,"joint_lambda_profiled_eta0",0.001,590.57480354186,590.57480354186,1,-1.27571378555631,-1.27571378555631,0,"interior","interior",2626.24410896774,0,2,1,1,TRUE,0.532734609537014,0.0674294195450827,TRUE,69,0.281000000000006,"126, 313"
0.001,2115,3,3,100034,"susie_rss_in_sample",NA,NA,NA,NA,NA,NA,NA,NA,NA,-28310.669652237,NA,2,0.5,0.5,FALSE,0.515281564480533,0.0307296478279615,TRUE,4,0.0180000000000007,"126, 313"
0.001,2115,3,3,100034,"susie_rss_out_of_sample",NA,NA,NA,NA,NA,NA,NA,NA,NA,-28312.7628044224,NA,2,0.5,0.5,FALSE,0.516524384862524,0.0333850033473918,TRUE,4,0.0159999999999911,"126, 313"
0.001,2115,3,4,100035,"joint_lambda_calibrated_eta0",0.002,20000,20000,1.537,2.24667746105575,2.24667746105575,0.693147180559945,"upper","interior",2640.74160097408,1.80151960405328,2,1,1,TRUE,0.850643279078259,0.705126007237936,TRUE,76,1.369,"256, 307"
0.001,2115,3,4,100035,"joint_lambda_profiled_eta0",0.002,20000,20000,1,2.24667746105575,2.24667746105575,0.693147180559945,"upper","interior",2640.74154731011,1.41625806719458,2,1,1,TRUE,0.850643945431053,0.705127366778934,TRUE,75,1.214,"256, 307"
0.001,2115,3,4,100035,"susie_rss_in_sample",NA,NA,NA,NA,NA,NA,NA,NA,NA,-28287.9071191296,NA,2,1,1,TRUE,0.908353461614017,0.816858146015704,TRUE,5,0.0219999999999914,"256, 307"
0.001,2115,3,4,100035,"susie_rss_out_of_sample",NA,NA,NA,NA,NA,NA,NA,NA,NA,-28288.9110956746,NA,2,1,1,TRUE,0.852717288218444,0.708794529185909,TRUE,5,0.0219999999999914,"256, 307"
0.001,2115,3,5,100036,"joint_lambda_calibrated_eta0",0.001,1079.93590865007,1659.86149159516,1.537,-0.672153116965553,-0.242320652409095,0,"interior","interior",2650.62696412809,0,1,1,0.5,FALSE,0.808978370224179,0.658212692184289,TRUE,71,0.382000000000033,"289, 413"
0.001,2115,3,5,100036,"joint_lambda_profiled_eta0",0.001,1079.93590865007,1079.93590865007,1,-0.672153116965553,-0.672153116965553,0,"interior","interior",2650.87042877867,0,1,1,0.5,FALSE,0.794245103504466,0.635046549080945,TRUE,77,0.300000000000011,"289, 413"
0.001,2115,3,5,100036,"susie_rss_in_sample",NA,NA,NA,NA,NA,NA,NA,NA,NA,-28305.5230277226,NA,2,1,1,TRUE,0.898572814620089,0.818952281574636,TRUE,5,0.0209999999999866,"289, 413"
0.001,2115,3,5,100036,"susie_rss_out_of_sample",NA,NA,NA,NA,NA,NA,NA,NA,NA,-28305.7202268883,NA,2,1,1,TRUE,0.836910145507257,0.702274845537957,TRUE,6,0.0230000000000246,"289, 413"
0.001,4599,3,1,100037,"joint_lambda_calibrated_eta0",0.001,1094.50001392732,1682.2465214063,1.537,-1.43554123785218,-1.00570877329572,0,"interior","interior",2657.95076246024,0,2,1,1,TRUE,0.532363374656186,0.093684988447043,TRUE,51,0.292000000000002,"76, 336"
0.001,4599,3,1,100037,"joint_lambda_profiled_eta0",0.001,1094.50001392732,1094.50001392732,1,-1.43554123785218,-1.43554123785218,0,"interior","interior",2658.11907166049,0,2,1,1,TRUE,0.531646163651148,0.0966262680257683,TRUE,57,0.231999999999999,"76, 336"
0.001,4599,3,1,100037,"susie_rss_in_sample",NA,NA,NA,NA,NA,NA,NA,NA,NA,-28322.146981299,NA,2,1,1,TRUE,0.533453167607678,0.0823903463968142,TRUE,6,0.018999999999977,"76, 336"
0.001,4599,3,1,100037,"susie_rss_out_of_sample",NA,NA,NA,NA,NA,NA,NA,NA,NA,-28322.8176259552,NA,2,1,1,TRUE,0.533007616235722,0.087062938791837,TRUE,8,0.0240000000000009,"76, 336"
0.001,4599,3,2,100038,"joint_lambda_calibrated_eta0",0.001,1136.3547728224,1746.57728582803,1.537,-1.39801331699461,-0.968180852438148,0,"interior","interior",2653.28269493079,0,2,1,1,TRUE,0.618783935047956,0.274157406867514,TRUE,56,0.307999999999993,"165, 336"
0.001,4599,3,2,100038,"joint_lambda_profiled_eta0",0.001,1136.3547728224,1136.3547728224,1,-1.39801331699461,-1.39801331699461,0,"interior","interior",2653.50452747626,0,2,1,1,TRUE,0.614619928338134,0.272053163363751,TRUE,62,0.242999999999995,"165, 336"
0.001,4599,3,2,100038,"susie_rss_in_sample",NA,NA,NA,NA,NA,NA,NA,NA,NA,-28307.8731127655,NA,2,1,1,TRUE,0.63338708255681,0.281513902821105,TRUE,6,0.0180000000000007,"165, 336"
0.001,4599,3,2,100038,"susie_rss_out_of_sample",NA,NA,NA,NA,NA,NA,NA,NA,NA,-28307.8105255384,NA,2,1,1,TRUE,0.626183151686099,0.278086041992306,TRUE,7,0.0200000000000102,"165, 336"
0.001,4599,3,3,100039,"joint_lambda_calibrated_eta0",0.001,1429.23302753523,2196.73116332165,1.537,-1.16870093255103,-0.738868467994568,0,"interior","interior",2648.82108412999,0,2,0.5,0.5,FALSE,0.257783993941992,0.0283153802452928,TRUE,37,0.208999999999975,"288, 366"
0.001,4599,3,3,100039,"joint_lambda_profiled_eta0",0.001,1429.23302753523,1429.23302753523,1,-1.16870093255103,-1.16870093255103,0,"interior","interior",2649.10325888611,0,2,0.5,0.5,FALSE,0.256637315557784,0.0329625667693487,TRUE,43,0.164999999999992,"288, 366"
0.001,4599,3,3,100039,"susie_rss_in_sample",NA,NA,NA,NA,NA,NA,NA,NA,NA,-28276.2654303704,NA,2,1,1,TRUE,0.278261274928594,0.0510195887459236,TRUE,4,0.0169999999999959,"288, 366"
0.001,4599,3,3,100039,"susie_rss_out_of_sample",NA,NA,NA,NA,NA,NA,NA,NA,NA,-28273.056932533,NA,2,0.5,0.5,FALSE,0.261095546513388,0.0194193817606595,TRUE,12,0.0349999999999966,"288, 366"
0.001,4599,3,4,100040,"joint_lambda_calibrated_eta0",0.001,20000,20000,1.537,1.4698933849962,1.4698933849962,0,"upper","interior",2699.03382576245,0,2,1,1,TRUE,0.331384972339207,0.185210956849929,TRUE,64,1.172,"77, 379"
0.001,4599,3,4,100040,"joint_lambda_profiled_eta0",0.001,20000,20000,1,1.4698933849962,1.4698933849962,0,"upper","interior",2699.03385094007,0,2,1,1,TRUE,0.331385510155753,0.185210764405288,TRUE,63,1.041,"77, 379"
0.001,4599,3,4,100040,"susie_rss_in_sample",NA,NA,NA,NA,NA,NA,NA,NA,NA,-28328.1512481888,NA,2,1,1,TRUE,0.32015587819735,0.189204935670755,TRUE,4,0.0180000000000007,"77, 379"
0.001,4599,3,4,100040,"susie_rss_out_of_sample",NA,NA,NA,NA,NA,NA,NA,NA,NA,-28328.8053082683,NA,2,1,1,TRUE,0.328556456681938,0.180436631970365,TRUE,4,0.0159999999999911,"77, 379"
0.001,4599,3,5,100041,"joint_lambda_calibrated_eta0",0.001,797.147113418922,1225.21511332488,1.537,-1.75255492181972,-1.32272245726326,0,"interior","interior",2635.96079675645,0,2,1,1,TRUE,0.382280232217844,0.313504891669885,TRUE,46,0.102000000000004,"5, 318"
0.001,4599,3,5,100041,"joint_lambda_profiled_eta0",0.001,797.147113418922,797.147113418922,1,-1.75255492181972,-1.75255492181972,0,"interior","interior",2636.31285639372,0,2,1,1,TRUE,0.379181572658144,0.305215489740529,TRUE,13,0.0490000000000066,"5, 318"
0.001,4599,3,5,100041,"susie_rss_in_sample",NA,NA,NA,NA,NA,NA,NA,NA,NA,-28305.8132134338,NA,2,1,1,TRUE,0.394455330850816,0.325268476779054,TRUE,41,0.117999999999995,"5, 318"
0.001,4599,3,5,100041,"susie_rss_out_of_sample",NA,NA,NA,NA,NA,NA,NA,NA,NA,-28305.3570991015,NA,2,1,1,TRUE,0.388859124340517,0.333118294740921,TRUE,8,0.0230000000000246,"5, 318"
0.001,10000,3,1,100042,"joint_lambda_calibrated_eta0",0.001,854.446823595898,1313.28476786689,1.537,-2.45988610237406,-2.0300536378176,0,"interior","interior",2642.31881576019,0,2,1,1,TRUE,0.980518369983006,0.977104237882054,TRUE,60,0.331999999999994,"179, 393"
0.001,10000,3,1,100042,"joint_lambda_profiled_eta0",0.001,854.446823595898,854.446823595898,1,-2.45988610237406,-2.45988610237406,0,"interior","interior",2642.63888925343,0,2,1,1,TRUE,0.975751271300403,0.972057361228912,TRUE,63,0.263000000000005,"179, 393"
0.001,10000,3,1,100042,"susie_rss_in_sample",NA,NA,NA,NA,NA,NA,NA,NA,NA,-28311.378400563,NA,2,1,1,TRUE,0.988132904059418,0.987119989627598,TRUE,7,0.021000000000015,"179, 393"
0.001,10000,3,1,100042,"susie_rss_out_of_sample",NA,NA,NA,NA,NA,NA,NA,NA,NA,-28312.1245990199,NA,2,1,1,TRUE,0.988430108442317,0.985808640332225,TRUE,11,0.0320000000000107,"179, 393"
0.001,10000,3,2,100043,"joint_lambda_calibrated_eta0",0.001,20000,20000,1.537,0.693147180559944,0.693147180559944,0,"upper","interior",2692.33714825529,0,2,1,1,TRUE,0.794286261411399,0.588572522822797,TRUE,27,0.484999999999985,"487, 494"
0.001,10000,3,2,100043,"joint_lambda_profiled_eta0",0.001,20000,20000,1,0.693147180559944,0.693147180559944,0,"upper","interior",2692.33712675357,0,2,1,1,TRUE,0.794286557787593,0.588573115575186,TRUE,28,0.431999999999988,"487, 494"
0.001,10000,3,2,100043,"susie_rss_in_sample",NA,NA,NA,NA,NA,NA,NA,NA,NA,-28302.6306120923,NA,2,1,1,TRUE,0.798867979859627,0.597735959719254,TRUE,18,0.049999999999983,"487, 494"
0.001,10000,3,2,100043,"susie_rss_out_of_sample",NA,NA,NA,NA,NA,NA,NA,NA,NA,-28303.1623726132,NA,2,1,1,TRUE,0.797042603114042,0.594085206228084,TRUE,17,0.0480000000000018,"487, 494"
0.001,10000,3,3,100044,"joint_lambda_calibrated_eta0",0.001,8862.38079028262,13621.4792746644,1.537,-0.120769652252205,0.309062812304253,0,"interior","interior",2680.67777068831,0,2,1,1,TRUE,0.462770418684515,0.406931813784451,TRUE,9,0.103999999999985,"346, 431"
0.001,10000,3,3,100044,"joint_lambda_profiled_eta0",0.001,8862.38079028262,8862.38079028262,1,-0.120769652252205,-0.120769652252205,0,"interior","interior",2680.68608714734,0,2,1,1,TRUE,0.462540506341126,0.406582879700683,TRUE,11,0.0879999999999939,"346, 431"
0.001,10000,3,3,100044,"susie_rss_in_sample",NA,NA,NA,NA,NA,NA,NA,NA,NA,-28289.3367777184,NA,2,1,1,TRUE,0.466277329837463,0.404608738363562,TRUE,29,0.0880000000000223,"346, 431"
0.001,10000,3,3,100044,"susie_rss_out_of_sample",NA,NA,NA,NA,NA,NA,NA,NA,NA,-28289.1924609199,NA,2,1,1,TRUE,0.463515390000434,0.408012886549435,TRUE,28,0.0740000000000123,"346, 431"
0.001,10000,3,4,100045,"joint_lambda_calibrated_eta0",0.001,2212.29307709574,3400.29445949616,1.537,-1.50855552394429,-1.07872305938783,0,"interior","interior",2665.18739810405,0,2,1,1,TRUE,0.978367276618656,0.956734553237311,TRUE,72,0.626000000000033,"214, 324"
0.001,10000,3,4,100045,"joint_lambda_profiled_eta0",0.001,2212.29307709574,2212.29307709574,1,-1.50855552394429,-1.50855552394429,0,"interior","interior",2665.28777818671,0,2,1,1,TRUE,0.97621362873189,0.95242725746378,TRUE,73,0.51600000000002,"214, 324"
0.001,10000,3,4,100045,"susie_rss_in_sample",NA,NA,NA,NA,NA,NA,NA,NA,NA,-28293.4032505539,NA,2,1,1,TRUE,0.961107821075203,0.922215642150406,TRUE,4,0.0180000000000007,"214, 324"
0.001,10000,3,4,100045,"susie_rss_out_of_sample",NA,NA,NA,NA,NA,NA,NA,NA,NA,-28292.8644111897,NA,2,1,1,TRUE,0.982834052052085,0.965668104104171,TRUE,4,0.0180000000000291,"214, 324"
0.001,10000,3,5,100046,"joint_lambda_calibrated_eta0",0.001,20000,20000,1.537,0.693147180559944,0.693147180559944,0,"upper","interior",2701.82681037333,0,1,1,0.5,FALSE,0.411867728221805,0.260116833482678,TRUE,73,1.74900000000002,"311, 457"
0.001,10000,3,5,100046,"joint_lambda_profiled_eta0",0.001,20000,20000,1,0.693147180559944,0.693147180559944,0,"upper","interior",2701.82695907326,0,1,1,0.5,FALSE,0.411886779345834,0.260154467958261,TRUE,89,1.60300000000001,"311, 457"
0.001,10000,3,5,100046,"susie_rss_in_sample",NA,NA,NA,NA,NA,NA,NA,NA,NA,-28308.0370977619,NA,1,1,0.5,FALSE,0.413441104464738,0.264575050518418,TRUE,5,0.021000000000015,"311, 457"
0.001,10000,3,5,100046,"susie_rss_out_of_sample",NA,NA,NA,NA,NA,NA,NA,NA,NA,-28308.007032217,NA,1,1,0.5,FALSE,0.418809678995863,0.273256861930353,TRUE,5,0.0209999999999582,"311, 457"
0.001,20,4,1,100047,"joint_lambda_calibrated_eta0",0.006,22.787393510226,35.0242238252173,1.537,0.130475193273705,0.560307657830164,1.79175946922805,"interior","interior",2058.09395440744,27.2450637948311,1,1,0.5,FALSE,0.157340261294785,0.00802520830977282,TRUE,51,0.413999999999987,"331, 385"
0.001,20,4,1,100047,"joint_lambda_profiled_eta0",0.006,22.787393510226,22.787393510226,1,0.130475193273705,0.130475193273705,1.79175946922805,"interior","interior",2058.94406099541,27.698778704198,1,1,0.5,FALSE,0.117565075832931,0.00800698629740726,TRUE,78,0.355999999999995,"331, 385"
0.001,20,4,1,100047,"susie_rss_in_sample",NA,NA,NA,NA,NA,NA,NA,NA,NA,-28309.267271759,NA,1,1,0.5,FALSE,0.221391153432743,0,TRUE,3,0.0149999999999864,"331, 385"
0.001,20,4,1,100047,"susie_rss_out_of_sample",NA,NA,NA,NA,NA,NA,NA,NA,NA,-28276.0146889357,NA,4,0.25,0.5,FALSE,0.2136208967588,0.000972271389921064,TRUE,20,0.0529999999999973,"331, 385"
0.001,20,4,2,100048,"joint_lambda_calibrated_eta0",0.002,2,3.074,1.537,-2.30258509299405,-1.87275262843759,0.693147180559945,"lower","interior",1998.55504149011,4.76333213240309,0,0,0,FALSE,0.0280445516451352,0.0256344486735574,TRUE,103,0.764999999999986,"69, 437"
0.001,20,4,2,100048,"joint_lambda_profiled_eta0",0.002,2,2,1,-2.30258509299405,-2.30258509299405,0.693147180559945,"lower","interior",1998.68401212732,4.63259928248863,0,0,0,FALSE,0.0208809655836903,0.0206426410272258,TRUE,134,0.645999999999958,"69, 437"
0.001,20,4,2,100048,"susie_rss_in_sample",NA,NA,NA,NA,NA,NA,NA,NA,NA,-28296.7252094299,NA,2,1,1,TRUE,0.695161993006887,0.390323986013774,TRUE,7,0.0289999999999964,"69, 437"
0.001,20,4,2,100048,"susie_rss_out_of_sample",NA,NA,NA,NA,NA,NA,NA,NA,NA,-28235.5556886993,NA,5,0.4,1,TRUE,0.606240580731915,0.21248116146383,TRUE,12,0.0339999999999918,"69, 437"
0.001,20,4,3,100049,"joint_lambda_calibrated_eta0",0.006,2,3.074,1.537,-2.30258509299405,-1.87275262843759,1.79175946922805,"lower","interior",1739.7593608683,48.1987145399789,0,0,0,FALSE,0.026749743048734,0.0263664021864574,TRUE,157,0.777000000000044,"92, 109"
0.001,20,4,3,100049,"joint_lambda_profiled_eta0",0.006,2,2,1,-2.30258509299405,-2.30258509299405,1.79175946922805,"lower","interior",1739.84306472693,47.7371798719632,0,0,0,FALSE,0.0205759002810374,0.0204522338683903,TRUE,123,0.594000000000051,"92, 109"
0.001,20,4,3,100049,"susie_rss_in_sample",NA,NA,NA,NA,NA,NA,NA,NA,NA,-28302.4183651865,NA,2,1,1,TRUE,0.963484278022962,0.931489662355533,TRUE,12,0.0389999999999873,"92, 109"
0.001,20,4,3,100049,"susie_rss_out_of_sample",NA,NA,NA,NA,NA,NA,NA,NA,NA,-28142.2062902694,NA,5,0.2,0.5,FALSE,0.499999213256713,1.23901999771192e-11,TRUE,12,0.0339999999999918,"92, 109"
0.001,20,4,4,100050,"joint_lambda_calibrated_eta0",0.004,2.07811684038005,3.19406558366413,1.537,-2.26427015513328,-1.83443769057682,1.38629436111989,"interior","interior",1948.87256086948,24.8790894950582,0,0,0,FALSE,0.0285626927308062,0.0214679082209721,TRUE,120,0.746999999999957,"194, 481"
0.001,20,4,4,100050,"joint_lambda_profiled_eta0",0.004,2.07811684038005,2.07811684038005,1,-2.26427015513328,-2.26427015513328,1.38629436111989,"interior","interior",1948.92094210647,24.5771879426347,0,0,0,FALSE,0.0209176343090806,0.0188016874753457,TRUE,130,0.614000000000033,"194, 481"
0.001,20,4,4,100050,"susie_rss_in_sample",NA,NA,NA,NA,NA,NA,NA,NA,NA,-28301.8536260035,NA,2,1,1,TRUE,0.987954304623422,0.975909179318544,TRUE,4,0.0180000000000291,"194, 481"
0.001,20,4,4,100050,"susie_rss_out_of_sample",NA,NA,NA,NA,NA,NA,NA,NA,NA,-28257.6876562712,NA,5,0.2,0.5,FALSE,0.500000000756191,1.51470502807172e-09,TRUE,7,0.0209999999999582,"194, 481"
0.001,20,4,5,100051,"joint_lambda_calibrated_eta0",0.004,2.74482518148913,4.21879630394879,1.537,-1.98601488678116,-1.5561824222247,1.38629436111989,"interior","interior",1934.45873852243,14.2653480776696,0,0,0,FALSE,0.0530112117372821,0.04519316450162,TRUE,152,0.745999999999981,"192, 333"
0.001,20,4,5,100051,"joint_lambda_profiled_eta0",0.004,2.74482518148913,2.74482518148913,1,-1.98601488678116,-1.98601488678116,1.38629436111989,"interior","interior",1934.4759312388,14.0059515465393,0,0,0,FALSE,0.0288146018575896,0.0274164731633976,TRUE,120,0.572999999999979,"192, 333"
0.001,20,4,5,100051,"susie_rss_in_sample",NA,NA,NA,NA,NA,NA,NA,NA,NA,-28313.5069161417,NA,2,1,1,TRUE,0.404468485913094,0.382308775162953,TRUE,8,0.0310000000000628,"192, 333"
0.001,20,4,5,100051,"susie_rss_out_of_sample",NA,NA,NA,NA,NA,NA,NA,NA,NA,-28243.3648311616,NA,4,0.25,0.5,FALSE,0.216877656011582,6.39181056828475e-05,TRUE,11,0.0299999999999727,"192, 333"
0.001,43,4,1,100052,"joint_lambda_calibrated_eta0",0.004,22.8157010106434,35.0677324533589,1.537,-0.63375117591976,-0.203918711363301,1.38629436111989,"interior","interior",2131.66790292747,24.1506930637602,1,1,0.5,FALSE,0.494880262600061,0.0140539987385219,TRUE,36,0.331000000000017,"112, 361"
0.001,43,4,1,100052,"joint_lambda_profiled_eta0",0.004,22.8157010106434,22.8157010106434,1,-0.63375117591976,-0.63375117591976,1.38629436111989,"interior","interior",2132.47586275568,24.7000591434521,0,0,0,FALSE,0.47020594422076,0.0228400656360904,TRUE,64,0.288999999999987,"112, 361"
0.001,43,4,1,100052,"susie_rss_in_sample",NA,NA,NA,NA,NA,NA,NA,NA,NA,-28299.0134307041,NA,2,1,1,TRUE,0.999778070179808,0.999556140359616,TRUE,6,0.0190000000000055,"112, 361"
0.001,43,4,1,100052,"susie_rss_out_of_sample",NA,NA,NA,NA,NA,NA,NA,NA,NA,-28266.3745474956,NA,4,0.5,1,TRUE,0.982066489584765,0.964132979169531,TRUE,14,0.0389999999999873,"112, 361"
0.001,43,4,2,100053,"joint_lambda_calibrated_eta0",0.004,25.4276233519998,39.0822570920237,1.537,-0.525363999061972,-0.0955315345055134,1.38629436111989,"interior","interior",2103.98256873913,15.7318689687527,1,1,0.5,FALSE,0.153212561793408,0.0103803302104789,TRUE,46,0.334999999999923,"68, 403"
0.001,43,4,2,100053,"joint_lambda_profiled_eta0",0.004,25.4276233519998,25.4276233519998,1,-0.525363999061972,-0.525363999061972,1.38629436111989,"interior","interior",2104.95983638894,16.1408004975183,1,1,0.5,FALSE,0.160265048532784,0.00844183443686908,TRUE,62,0.281999999999925,"68, 403"
0.001,43,4,2,100053,"susie_rss_in_sample",NA,NA,NA,NA,NA,NA,NA,NA,NA,-28292.8265896883,NA,2,1,1,TRUE,0.999998545103979,0.999997248566377,TRUE,5,0.0199999999999818,"68, 403"
0.001,43,4,2,100053,"susie_rss_out_of_sample",NA,NA,NA,NA,NA,NA,NA,NA,NA,-28246.6724751885,NA,5,0.2,0.5,FALSE,0.116600576358981,6.82280837882576e-06,TRUE,9,0.0259999999999536,"68, 403"
0.001,43,4,3,100054,"joint_lambda_calibrated_eta0",0.004,29.4605550302104,45.2808730814334,1.537,-0.378147864707209,0.0516845998492501,1.38629436111989,"interior","interior",2158.00656409865,12.3349194778107,2,1,1,TRUE,0.279344906220547,0.253630860694051,TRUE,122,0.321000000000026,"152, 333"
0.001,43,4,3,100054,"joint_lambda_profiled_eta0",0.002,20.6768872428568,20.6768872428568,1,-0.732183597553964,-0.732183597553964,0.693147180559945,"interior","interior",2157.91683970213,11.6383265813702,1,1,0.5,FALSE,0.156543311636417,0.0130182352515152,TRUE,67,0.30600000000004,"152, 333"
0.001,43,4,3,100054,"susie_rss_in_sample",NA,NA,NA,NA,NA,NA,NA,NA,NA,-28295.5415513606,NA,2,1,1,TRUE,0.351048279374321,0.28959019161882,TRUE,5,0.0209999999999582,"152, 333"
0.001,43,4,3,100054,"susie_rss_out_of_sample",NA,NA,NA,NA,NA,NA,NA,NA,NA,-28258.5617563634,NA,4,0.5,1,TRUE,0.459346437209868,0.389108235146505,TRUE,12,0.0320000000000391,"152, 333"
0.001,43,4,4,100055,"joint_lambda_calibrated_eta0",0.004,26.4588628394924,40.6672721842998,1.537,-0.485608934517861,-0.0557764699614025,1.38629436111989,"interior","interior",2149.32111355636,28.7915000205012,1,1,0.5,FALSE,0.505419489997902,0.0108475453794384,TRUE,34,0.395999999999958,"109, 421"
0.001,43,4,4,100055,"joint_lambda_profiled_eta0",0.004,26.4588628394924,26.4588628394924,1,-0.485608934517861,-0.485608934517861,1.38629436111989,"interior","interior",2150.28696324044,29.1514749522403,1,1,0.5,FALSE,0.504240640891206,0.00861128782772547,TRUE,71,0.355999999999995,"109, 421"
0.001,43,4,4,100055,"susie_rss_in_sample",NA,NA,NA,NA,NA,NA,NA,NA,NA,-28294.8005178741,NA,2,1,1,TRUE,0.833376998594602,0.666753997189204,TRUE,5,0.0210000000000719,"109, 421"
0.001,43,4,4,100055,"susie_rss_out_of_sample",NA,NA,NA,NA,NA,NA,NA,NA,NA,-28283.5488938622,NA,4,0.5,1,TRUE,0.533094513530084,0.0661890270601682,TRUE,16,0.0439999999999827,"109, 421"
0.001,43,4,5,100056,"joint_lambda_calibrated_eta0",0.002,13.5975606903262,20.8994507810314,1.537,-1.15130970004409,-0.721477235487631,0.693147180559945,"interior","interior",2085.77806080658,7.52635594213234,1,1,0.5,FALSE,0.183392416771678,0.00931507090921457,TRUE,55,0.44500000000005,"29, 79"
0.001,43,4,5,100056,"joint_lambda_profiled_eta0",0.002,13.5975606903262,13.5975606903262,1,-1.15130970004409,-1.15130970004409,0.693147180559945,"interior","interior",2086.34773296987,7.70676176579036,1,1,0.5,FALSE,0.170760245664977,0.00871508505371688,TRUE,80,0.379999999999995,"29, 79"
0.001,43,4,5,100056,"susie_rss_in_sample",NA,NA,NA,NA,NA,NA,NA,NA,NA,-28302.1034128415,NA,2,1,1,TRUE,0.615382903041467,0.231097861077772,TRUE,6,0.0240000000000009,"29, 79"
0.001,43,4,5,100056,"susie_rss_out_of_sample",NA,NA,NA,NA,NA,NA,NA,NA,NA,-28230.0485812395,NA,5,0.2,0.5,FALSE,0.0563035922654004,1.30135883402716e-07,TRUE,34,0.0910000000000082,"29, 79"
0.001,95,4,1,100057,"joint_lambda_calibrated_eta0",0.002,79.6270175312895,122.386725945592,1.537,-0.176523440116629,0.25330902443983,0.693147180559945,"interior","interior",2347.84704909515,5.3470888056213,2,1,1,TRUE,0.684264093921667,0.370745274458455,TRUE,32,0.47300000000007,"36, 205"
0.001,95,4,1,100057,"joint_lambda_profiled_eta0",0.002,79.6270175312895,79.6270175312895,1,-0.176523440116629,-0.176523440116629,0.693147180559945,"interior","interior",2349.6478970612,8.61268060546308,2,1,1,TRUE,0.695491151713745,0.401345875791545,TRUE,94,0.435000000000059,"36, 205"
0.001,95,4,1,100057,"susie_rss_in_sample",NA,NA,NA,NA,NA,NA,NA,NA,NA,-28299.0983155169,NA,2,1,1,TRUE,0.781911307931519,0.563828859585887,TRUE,8,0.0240000000000009,"36, 205"
0.001,95,4,1,100057,"susie_rss_out_of_sample",NA,NA,NA,NA,NA,NA,NA,NA,NA,-28295.3477519718,NA,3,0.666666666666667,1,TRUE,0.623956206854631,0.247912421039877,TRUE,67,0.197999999999979,"36, 205"
0.001,95,4,2,100058,"joint_lambda_calibrated_eta0",0.001,30.579371228568,47.000493578309,1.537,-1.13355125283593,-0.703718788279475,0,"interior","interior",2277.74936646012,0,1,1,0.5,FALSE,0.125889740176136,0.0109417731709683,TRUE,38,0.386000000000081,"60, 87"
0.001,95,4,2,100058,"joint_lambda_profiled_eta0",0.001,30.579371228568,30.579371228568,1,-1.13355125283593,-1.13355125283593,0,"interior","interior",2278.86302942922,0,1,1,0.5,FALSE,0.126387862612993,0.00869286346508902,TRUE,70,0.341999999999985,"60, 87"
0.001,95,4,2,100058,"susie_rss_in_sample",NA,NA,NA,NA,NA,NA,NA,NA,NA,-28298.2703017942,NA,2,1,1,TRUE,0.598465945469118,0.19715535909974,TRUE,3,0.01400000000001,"60, 87"
0.001,95,4,2,100058,"susie_rss_out_of_sample",NA,NA,NA,NA,NA,NA,NA,NA,NA,-28273.3331421431,NA,4,0.5,1,TRUE,0.578020957150195,0.156042001968227,TRUE,18,0.0489999999999782,"60, 87"
0.001,95,4,3,100059,"joint_lambda_calibrated_eta0",0.002,59.9712412802065,92.1757978476774,1.537,-0.460011756281713,-0.0301792917252541,0.693147180559945,"interior","interior",2335.26449092307,0.296214767529818,1,1,0.5,FALSE,0.518801665896882,0.037603333269535,TRUE,40,0.20799999999997,"171, 339"
0.001,95,4,3,100059,"joint_lambda_profiled_eta0",0.002,59.9712412802065,59.9712412802065,1,-0.460011756281713,-0.460011756281713,0.693147180559945,"interior","interior",2336.64411276208,0.330981524663002,1,1,0.5,FALSE,0.50532139976045,0.0106428484320926,TRUE,34,0.160999999999945,"171, 339"
0.001,95,4,3,100059,"susie_rss_in_sample",NA,NA,NA,NA,NA,NA,NA,NA,NA,-28299.5126428267,NA,2,1,1,TRUE,0.600250514804403,0.200501029608806,TRUE,4,0.0169999999999391,"171, 339"
0.001,95,4,3,100059,"susie_rss_out_of_sample",NA,NA,NA,NA,NA,NA,NA,NA,NA,-28290.8920268822,NA,4,0.5,1,TRUE,0.626753436983882,0.253506873967763,TRUE,11,0.0309999999999491,"171, 339"
0.001,95,4,4,100060,"joint_lambda_calibrated_eta0",0.002,54.9387710061125,84.4408910363949,1.537,-0.547657580930388,-0.11782511637393,0.693147180559945,"interior","interior",2386.98393309843,2.32909014009829,1,1,0.5,FALSE,0.426384126429319,0.0273544644500266,TRUE,29,0.197000000000003,"270, 365"
0.001,95,4,4,100060,"joint_lambda_profiled_eta0",0.002,54.9387710061125,54.9387710061125,1,-0.547657580930388,-0.547657580930388,0.693147180559945,"interior","interior",2387.98556935924,2.33384303417961,1,1,0.5,FALSE,0.379969388725202,0.011177349916685,TRUE,35,0.163000000000011,"270, 365"
0.001,95,4,4,100060,"susie_rss_in_sample",NA,NA,NA,NA,NA,NA,NA,NA,NA,-28325.2780622935,NA,2,1,1,TRUE,0.646621855663342,0.310682679030511,TRUE,5,0.0210000000000719,"270, 365"
0.001,95,4,4,100060,"susie_rss_out_of_sample",NA,NA,NA,NA,NA,NA,NA,NA,NA,-28324.3541309139,NA,1,1,0.5,FALSE,0.558289087780944,0.126792987150649,TRUE,20,0.0519999999999072,"270, 365"
0.001,95,4,5,100061,"joint_lambda_calibrated_eta0",0.002,95.5642706314393,146.882283960522,1.537,0.00592212043444018,0.435754584990899,0.693147180559945,"interior","interior",2378.34687676886,2.2925490908442,1,1,0.5,FALSE,0.319622501665911,0.0104470225808582,TRUE,60,0.412000000000035,"40, 391"
0.001,95,4,5,100061,"joint_lambda_profiled_eta0",0.002,95.5642706314393,95.5642706314393,1,0.00592212043444018,0.00592212043444018,0.693147180559945,"interior","interior",2380.26982728135,2.43110630702176,1,1,0.5,FALSE,0.304400344665592,0.00860340458808517,TRUE,73,0.343000000000075,"40, 391"
0.001,95,4,5,100061,"susie_rss_in_sample",NA,NA,NA,NA,NA,NA,NA,NA,NA,-28279.2060084029,NA,2,1,1,TRUE,0.959485934190281,0.926950022028425,TRUE,4,0.0180000000000291,"40, 391"
0.001,95,4,5,100061,"susie_rss_out_of_sample",NA,NA,NA,NA,NA,NA,NA,NA,NA,-28283.0099513448,NA,1,1,0.5,FALSE,0.719573167987253,0.606598382603176,TRUE,9,0.025000000000091,"40, 391"
0.001,206,4,1,100062,"joint_lambda_calibrated_eta0",0.001,98.1061525129209,150.789156412359,1.537,-0.741826087437467,-0.311993622881008,0,"interior","interior",2467.50288942645,0,1,1,0.5,FALSE,0.506167830791125,0.0123373096988583,TRUE,15,0.266000000000076,"251, 474"
0.001,206,4,1,100062,"joint_lambda_profiled_eta0",0.001,98.1061525129209,98.1061525129209,1,-0.741826087437467,-0.741826087437467,0,"interior","interior",2469.17598433824,0,1,1,0.5,FALSE,0.50439388116962,0.00880721840904697,TRUE,52,0.248000000000047,"251, 474"
0.001,206,4,1,100062,"susie_rss_in_sample",NA,NA,NA,NA,NA,NA,NA,NA,NA,-28300.1724252797,NA,1,1,0.5,FALSE,0.527715611947348,0.0554312238948647,TRUE,5,0.0220000000000482,"251, 474"
0.001,206,4,1,100062,"susie_rss_out_of_sample",NA,NA,NA,NA,NA,NA,NA,NA,NA,-28298.2076591083,NA,1,1,0.5,FALSE,0.512123855387025,0.0242477107873214,TRUE,13,0.0360000000000582,"251, 474"
0.001,206,4,2,100063,"joint_lambda_calibrated_eta0",0.001,87.988384202847,135.238146519776,1.537,-0.850671360718758,-0.4208388961623,0,"interior","interior",2383.5555606395,0,2,1,1,TRUE,0.61154568068286,0.223829783389585,TRUE,48,0.888000000000034,"325, 412"
0.001,206,4,2,100063,"joint_lambda_profiled_eta0",0.001,87.988384202847,87.988384202847,1,-0.850671360718758,-0.850671360718758,0,"interior","interior",2385.68823580097,0,2,1,1,TRUE,0.603035287129166,0.209510932239761,TRUE,143,0.831999999999994,"325, 412"
0.001,206,4,2,100063,"susie_rss_in_sample",NA,NA,NA,NA,NA,NA,NA,NA,NA,-28276.5053912379,NA,2,1,1,TRUE,0.638924410873766,0.277848858742215,TRUE,5,0.0209999999999582,"325, 412"
0.001,206,4,2,100063,"susie_rss_out_of_sample",NA,NA,NA,NA,NA,NA,NA,NA,NA,-28265.5976204958,NA,4,0.5,1,TRUE,0.632698222925679,0.265396446907936,TRUE,14,0.0379999999998972,"325, 412"
0.001,206,4,3,100064,"joint_lambda_calibrated_eta0",0.001,120.934337899881,185.876077352117,1.537,-0.532628432471601,-0.102795967915142,0,"interior","interior",2466.16602062903,0,1,1,0.5,FALSE,0.505034208565143,0.0100684171302896,TRUE,80,0.423999999999978,"187, 203"
0.001,206,4,3,100064,"joint_lambda_profiled_eta0",0.001,120.934337899881,120.934337899881,1,-0.532628432471601,-0.532628432471601,0,"interior","interior",2468.19475264598,0,1,1,0.5,FALSE,0.504424306532594,0.00884861306602636,TRUE,77,0.331999999999994,"187, 203"
0.001,206,4,3,100064,"susie_rss_in_sample",NA,NA,NA,NA,NA,NA,NA,NA,NA,-28276.3726225639,NA,2,1,1,TRUE,0.547079619296303,0.0941592385926058,TRUE,5,0.0210000000000719,"187, 203"
0.001,206,4,3,100064,"susie_rss_out_of_sample",NA,NA,NA,NA,NA,NA,NA,NA,NA,-28273.3916456963,NA,3,0.666666666666667,1,TRUE,0.794555469026791,0.589110938053583,TRUE,13,0.0359999999999445,"187, 203"
0.001,206,4,4,100065,"joint_lambda_calibrated_eta0",0.002,138.797957843848,213.332461205994,1.537,-0.394856833765692,0.0349756307907665,0.693147180559945,"interior","interior",2416.8976647908,2.52945883547545,2,1,1,TRUE,0.522141140890186,0.0442823148165979,TRUE,15,0.360000000000014,"38, 362"
0.001,206,4,4,100065,"joint_lambda_profiled_eta0",0.002,138.797957843848,138.797957843848,1,-0.394856833765692,-0.394856833765692,0.693147180559945,"interior","interior",2418.83229273962,4.5115641907355,2,1,1,TRUE,0.539240668835893,0.0784819476810411,TRUE,77,0.341000000000008,"38, 362"
0.001,206,4,4,100065,"susie_rss_in_sample",NA,NA,NA,NA,NA,NA,NA,NA,NA,-28294.695636379,NA,2,0.5,0.5,FALSE,0.501449598337485,0.00289919668349747,TRUE,4,0.0180000000000291,"38, 362"
0.001,206,4,4,100065,"susie_rss_out_of_sample",NA,NA,NA,NA,NA,NA,NA,NA,NA,-28283.506464212,NA,2,0.5,0.5,FALSE,0.501666649744731,0.00333329948949102,TRUE,9,0.0249999999999773,"38, 362"
0.001,206,4,5,100066,"joint_lambda_calibrated_eta0",0.001,87.513385887694,134.508074109386,1.537,-0.856084405552854,-0.426251940996396,0,"interior","interior",2456.48508425686,0,1,1,0.5,FALSE,0.168372502560277,0.0356292204072209,TRUE,25,0.121000000000095,"260, 478"
0.001,206,4,5,100066,"joint_lambda_profiled_eta0",0.001,87.513385887694,87.513385887694,1,-0.856084405552854,-0.856084405552854,0,"interior","interior",2457.90658071627,0,1,1,0.5,FALSE,0.15195301215193,0.012272741348255,TRUE,23,0.0920000000000982,"260, 478"
0.001,206,4,5,100066,"susie_rss_in_sample",NA,NA,NA,NA,NA,NA,NA,NA,NA,-28294.0077549324,NA,2,1,1,TRUE,0.198520404443328,0.076389195338297,TRUE,4,0.0180000000000291,"260, 478"
0.001,206,4,5,100066,"susie_rss_out_of_sample",NA,NA,NA,NA,NA,NA,NA,NA,NA,-28292.6082006784,NA,2,1,1,TRUE,0.22509333874959,0.0933876913857649,TRUE,7,0.0210000000000719,"260, 478"
0.001,447,4,1,100067,"joint_lambda_calibrated_eta0",0.001,242.063714577166,372.051929305105,1.537,-0.613357619733148,-0.18352515517669,0,"interior","interior",2557.71307590023,0,2,1,1,TRUE,0.611582502655306,0.223165005310613,TRUE,10,0.145999999999958,"310, 411"
0.001,447,4,1,100067,"joint_lambda_profiled_eta0",0.001,242.063714577166,242.063714577166,1,-0.613357619733148,-0.613357619733148,0,"interior","interior",2559.24869096809,0,2,1,1,TRUE,0.614526445735109,0.229052891470246,TRUE,35,0.132999999999925,"310, 411"
0.001,447,4,1,100067,"susie_rss_in_sample",NA,NA,NA,NA,NA,NA,NA,NA,NA,-28295.9458301464,NA,2,1,1,TRUE,0.582680643537677,0.165361287075354,TRUE,8,0.0240000000000009,"310, 411"
0.001,447,4,1,100067,"susie_rss_out_of_sample",NA,NA,NA,NA,NA,NA,NA,NA,NA,-28289.759622143,NA,2,1,1,TRUE,0.582336085794149,0.164672171588299,TRUE,9,0.0259999999999536,"310, 411"
0.001,447,4,2,100068,"joint_lambda_calibrated_eta0",0.001,240.35748461549,369.429453854008,1.537,-0.620431260273786,-0.190598795717327,0,"interior","interior",2563.70531322668,0,2,1,1,TRUE,0.740826760162922,0.481654254207,TRUE,46,0.437000000000012,"38, 75"
0.001,447,4,2,100068,"joint_lambda_profiled_eta0",0.001,240.35748461549,240.35748461549,1,-0.620431260273786,-0.620431260273786,0,"interior","interior",2565.19569886514,0,2,1,1,TRUE,0.732569082873255,0.465141688523981,TRUE,88,0.383000000000038,"38, 75"
0.001,447,4,2,100068,"susie_rss_in_sample",NA,NA,NA,NA,NA,NA,NA,NA,NA,-28297.0004904277,NA,2,1,1,TRUE,0.847399578795675,0.694799207050563,TRUE,4,0.0159999999999627,"38, 75"
0.001,447,4,2,100068,"susie_rss_out_of_sample",NA,NA,NA,NA,NA,NA,NA,NA,NA,-28296.4474037542,NA,2,1,1,TRUE,0.752159742265543,0.504319490521675,TRUE,8,0.0230000000000246,"38, 75"
0.001,447,4,3,100069,"joint_lambda_calibrated_eta0",0.001,214.398887157267,329.53108956072,1.537,-0.734720355928212,-0.304887891371753,0,"interior","interior",2501.91132197961,0,2,1,1,TRUE,0.733811422712267,0.468427038680204,TRUE,70,0.5,"131, 356"
0.001,447,4,3,100069,"joint_lambda_profiled_eta0",0.001,214.398887157267,214.398887157267,1,-0.734720355928212,-0.734720355928212,0,"interior","interior",2504.25567390475,0,2,1,1,TRUE,0.735660769898079,0.475215641383431,TRUE,99,0.419999999999959,"131, 356"
0.001,447,4,3,100069,"susie_rss_in_sample",NA,NA,NA,NA,NA,NA,NA,NA,NA,-28260.8553649982,NA,2,1,1,TRUE,0.756440886803055,0.513081239019568,TRUE,4,0.0180000000000291,"131, 356"
0.001,447,4,3,100069,"susie_rss_out_of_sample",NA,NA,NA,NA,NA,NA,NA,NA,NA,-28253.0766351169,NA,2,1,1,TRUE,0.717822675272509,0.435648628575398,TRUE,13,0.0359999999999445,"131, 356"
0.001,447,4,4,100070,"joint_lambda_calibrated_eta0",0.001,381.567354457538,586.469023801236,1.537,-0.158271207814438,0.271561256742021,0,"interior","interior",2595.40411656218,0,2,1,1,TRUE,0.999999999995955,0.999999999991932,TRUE,9,0.0670000000000073,"203, 416"
0.001,447,4,4,100070,"joint_lambda_profiled_eta0",0.001,381.567354457538,381.567354457538,1,-0.158271207814438,-0.158271207814438,0,"interior","interior",2596.61657447702,0,2,1,1,TRUE,0.999999999965755,0.999999999931783,TRUE,13,0.0510000000000446,"203, 416"
0.001,447,4,4,100070,"susie_rss_in_sample",NA,NA,NA,NA,NA,NA,NA,NA,NA,-28287.0294344068,NA,2,1,1,TRUE,0.999999999999982,0.999999999999964,TRUE,8,0.0240000000000009,"203, 416"
0.001,447,4,4,100070,"susie_rss_out_of_sample",NA,NA,NA,NA,NA,NA,NA,NA,NA,-28284.9737980756,NA,2,1,1,TRUE,0.999999999999996,0.999999999999992,TRUE,10,0.02800000000002,"203, 416"
0.001,447,4,5,100071,"joint_lambda_calibrated_eta0",0.002,487.052619156451,748.599875643465,1.537,0.085813570181485,0.515646034737943,0.693147180559945,"interior","interior",2557.05034725724,6.83420975531635,2,1,1,TRUE,0.656561308391625,0.651321840119659,TRUE,37,0.368999999999915,"104, 144"
0.001,447,4,5,100071,"joint_lambda_profiled_eta0",0.002,487.052619156451,487.052619156451,1,0.085813570181485,0.085813570181485,0.693147180559945,"interior","interior",2557.93908695117,6.11336093347745,2,1,1,TRUE,0.630803107109551,0.629594859165576,TRUE,72,0.324999999999932,"104, 144"
0.001,447,4,5,100071,"susie_rss_in_sample",NA,NA,NA,NA,NA,NA,NA,NA,NA,-28291.7957460198,NA,2,1,1,TRUE,0.514842940766207,0.376887401437592,TRUE,6,0.0180000000000291,"104, 144"
0.001,447,4,5,100071,"susie_rss_out_of_sample",NA,NA,NA,NA,NA,NA,NA,NA,NA,-28287.6602727274,NA,2,1,1,TRUE,0.724252574471694,0.697250121518167,TRUE,8,0.0219999999999345,"104, 144"
0.001,972,4,1,100072,"joint_lambda_calibrated_eta0",0.001,684.144435652204,1051.52999759744,1.537,-0.35118674589549,0.0786457186609679,0,"interior","interior",2656.00829639635,0,2,1,1,TRUE,0.7706192506888,0.556485203294453,TRUE,71,0.406000000000063,"103, 422"
0.001,972,4,1,100072,"joint_lambda_profiled_eta0",0.001,684.144435652204,684.144435652204,1,-0.35118674589549,-0.35118674589549,0,"interior","interior",2656.46001599147,0,2,1,1,TRUE,0.765532599654261,0.551444780514229,TRUE,72,0.325000000000045,"103, 422"
0.001,972,4,1,100072,"susie_rss_in_sample",NA,NA,NA,NA,NA,NA,NA,NA,NA,-28308.3686847767,NA,2,1,1,TRUE,0.770498202464795,0.545162993377533,TRUE,4,0.0170000000000528,"103, 422"
0.001,972,4,1,100072,"susie_rss_out_of_sample",NA,NA,NA,NA,NA,NA,NA,NA,NA,-28309.0537045135,NA,2,1,1,TRUE,0.778708553906782,0.565081414268655,TRUE,4,0.0170000000000528,"103, 422"
0.001,972,4,2,100073,"joint_lambda_calibrated_eta0",0.001,864.865473131735,1329.29823220348,1.537,-0.116781832014479,0.313050632541979,0,"interior","interior",2657.8582481379,0,2,1,1,TRUE,0.633635879343434,0.533873515237468,TRUE,71,0.375999999999976,"77, 164"
0.001,972,4,2,100073,"joint_lambda_profiled_eta0",0.001,864.865473131735,864.865473131735,1,-0.116781832014479,-0.116781832014479,0,"interior","interior",2658.32285258786,0,2,1,1,TRUE,0.621537484187117,0.531766421786629,TRUE,71,0.294999999999959,"77, 164"
0.001,972,4,2,100073,"susie_rss_in_sample",NA,NA,NA,NA,NA,NA,NA,NA,NA,-28287.5078688001,NA,2,1,1,TRUE,0.563911296200883,0.511083365833899,TRUE,5,0.0219999999999345,"77, 164"
0.001,972,4,2,100073,"susie_rss_out_of_sample",NA,NA,NA,NA,NA,NA,NA,NA,NA,-28288.3922867451,NA,2,1,1,TRUE,0.659208268610472,0.536438958411552,TRUE,5,0.0210000000000719,"77, 164"
0.001,972,4,3,100074,"joint_lambda_calibrated_eta0",0.001,761.246747592888,1170.03625105027,1.537,-0.244398257901436,0.185434206655023,0,"interior","interior",2648.76147500682,0,2,1,1,TRUE,0.496751105409806,0.188632753875052,TRUE,50,0.385000000000105,"9, 377"
0.001,972,4,3,100074,"joint_lambda_profiled_eta0",0.001,761.246747592888,761.246747592888,1,-0.244398257901436,-0.244398257901436,0,"interior","interior",2649.2686844885,0,2,1,1,TRUE,0.482748431102033,0.18917239851822,TRUE,72,0.327000000000112,"9, 377"
0.001,972,4,3,100074,"susie_rss_in_sample",NA,NA,NA,NA,NA,NA,NA,NA,NA,-28292.0593593192,NA,2,1,1,TRUE,0.540509325520183,0.194465270316677,TRUE,5,0.0209999999999582,"9, 377"
0.001,972,4,3,100074,"susie_rss_out_of_sample",NA,NA,NA,NA,NA,NA,NA,NA,NA,-28292.2002350057,NA,2,1,1,TRUE,0.52711068998438,0.186783887656043,TRUE,9,0.0240000000000009,"9, 377"
0.001,972,4,4,100075,"joint_lambda_calibrated_eta0",0.001,414.144287887721,636.539770483428,1.537,-0.853141369886698,-0.42330890533024,0,"interior","interior",2623.28929985318,0,1,1,0.5,FALSE,0.546966052534348,0.0939321057488631,TRUE,7,0.0969999999998663,"15, 263"
0.001,972,4,4,100075,"joint_lambda_profiled_eta0",0.001,414.144287887721,414.144287887721,1,-0.853141369886698,-0.853141369886698,0,"interior","interior",2624.16844816882,0,1,1,0.5,FALSE,0.528934966185044,0.0578699370839384,TRUE,23,0.0879999999999654,"15, 263"
0.001,972,4,4,100075,"susie_rss_in_sample",NA,NA,NA,NA,NA,NA,NA,NA,NA,-28295.3847342537,NA,1,1,0.5,FALSE,0.82457315295033,0.649146305901106,TRUE,9,0.0279999999999063,"15, 263"
0.001,972,4,4,100075,"susie_rss_out_of_sample",NA,NA,NA,NA,NA,NA,NA,NA,NA,-28294.9152765322,NA,1,1,0.5,FALSE,0.607708664747317,0.215417329497335,TRUE,22,0.0579999999999927,"15, 263"
0.001,972,4,5,100076,"joint_lambda_calibrated_eta0",0.002,1470.87950160774,2260.7417939711,1.537,0.414259996815439,0.844092461371897,0.693147180559945,"interior","interior",2614.27898602327,1.2458476614629,2,1,1,TRUE,0.999999980151126,0.999999960302252,TRUE,30,0.232999999999947,"118, 328"
0.001,972,4,5,100076,"joint_lambda_profiled_eta0",0.002,1470.87950160774,1470.87950160774,1,0.414259996815439,0.414259996815439,0.693147180559945,"interior","interior",2614.52121509768,0.414502059694314,2,1,1,TRUE,0.999999958469802,0.999999916939606,TRUE,41,0.184999999999945,"118, 328"
0.001,972,4,5,100076,"susie_rss_in_sample",NA,NA,NA,NA,NA,NA,NA,NA,NA,-28286.213448144,NA,2,1,1,TRUE,0.999999956290632,0.999999912581264,TRUE,3,0.01400000000001,"118, 328"
0.001,972,4,5,100076,"susie_rss_out_of_sample",NA,NA,NA,NA,NA,NA,NA,NA,NA,-28282.0211387791,NA,2,1,1,TRUE,0.999999997863934,0.999999995727869,TRUE,21,0.0589999999999691,"118, 328"
0.001,2115,4,1,100077,"joint_lambda_calibrated_eta0",0.001,3792.8480095264,5829.60739064208,1.537,0.584062378097024,1.01389484265348,0,"interior","interior",2703.55327605125,0,1,1,0.5,FALSE,0.815802739791028,0.631605479582241,TRUE,54,0.648000000000025,"15, 227"
0.001,2115,4,1,100077,"joint_lambda_profiled_eta0",0.001,3792.8480095264,3792.8480095264,1,0.584062378097024,0.584062378097024,0,"interior","interior",2703.57733545367,0,1,1,0.5,FALSE,0.807686375841825,0.615372751683893,TRUE,62,0.557000000000016,"15, 227"
0.001,2115,4,1,100077,"susie_rss_in_sample",NA,NA,NA,NA,NA,NA,NA,NA,NA,-28312.8998253384,NA,1,1,0.5,FALSE,0.848851646304476,0.697703292608991,TRUE,4,0.0180000000000291,"15, 227"
0.001,2115,4,1,100077,"susie_rss_out_of_sample",NA,NA,NA,NA,NA,NA,NA,NA,NA,-28313.6408253602,NA,1,1,0.5,FALSE,0.832443501602461,0.664887003205015,TRUE,4,0.0169999999999391,"15, 227"
0.001,2115,4,2,100078,"joint_lambda_calibrated_eta0",0.001,3213.48327830648,4939.12379875705,1.537,0.418300669740787,0.848133134297245,0,"interior","interior",2700.81044786248,0,1,1,0.5,FALSE,0.621319024451933,0.599464274491511,TRUE,60,0.721000000000004,"423, 488"
0.001,2115,4,2,100078,"joint_lambda_profiled_eta0",0.001,3213.48327830648,3213.48327830648,1,0.418300669740787,0.418300669740787,0,"interior","interior",2700.85111498778,0,1,1,0.5,FALSE,0.611685178862483,0.582438393897095,TRUE,69,0.617999999999938,"423, 488"
0.001,2115,4,2,100078,"susie_rss_in_sample",NA,NA,NA,NA,NA,NA,NA,NA,NA,-28301.2887667993,NA,2,1,1,TRUE,0.753687408831782,0.646853615596822,TRUE,4,0.0180000000000291,"423, 488"
0.001,2115,4,2,100078,"susie_rss_out_of_sample",NA,NA,NA,NA,NA,NA,NA,NA,NA,-28302.3162355224,NA,1,1,0.5,FALSE,0.642450198890406,0.63809411665038,TRUE,4,0.0169999999999391,"423, 488"
0.001,2115,4,3,100079,"joint_lambda_calibrated_eta0",0.001,3045.97323850352,4681.66086757991,1.537,0.364765656152653,0.794598120709112,0,"interior","interior",2697.04338818315,0,2,1,1,TRUE,0.767095087652345,0.534190175304689,TRUE,76,0.800000000000068,"25, 400"
0.001,2115,4,3,100079,"joint_lambda_profiled_eta0",0.001,3045.97323850352,3045.97323850352,1,0.364765656152653,0.364765656152653,0,"interior","interior",2697.09269803708,0,2,1,1,TRUE,0.766776499302272,0.533552998604543,TRUE,74,0.671000000000049,"25, 400"
0.001,2115,4,3,100079,"susie_rss_in_sample",NA,NA,NA,NA,NA,NA,NA,NA,NA,-28296.6262886798,NA,2,1,1,TRUE,0.760487338474206,0.520974676948412,TRUE,4,0.0180000000000291,"25, 400"
0.001,2115,4,3,100079,"susie_rss_out_of_sample",NA,NA,NA,NA,NA,NA,NA,NA,NA,-28300.1851435423,NA,2,1,1,TRUE,0.766693585490738,0.533387170981476,TRUE,4,0.0169999999999391,"25, 400"
0.001,2115,4,4,100080,"joint_lambda_calibrated_eta0",0.001,1963.14531256958,3017.35434541945,1.537,-0.074506874182311,0.355325590374147,0,"interior","interior",2686.33173112677,0,2,1,1,TRUE,0.999960407954057,0.999920815908116,TRUE,12,0.0510000000000446,"21, 49"
0.001,2115,4,4,100080,"joint_lambda_profiled_eta0",0.001,1963.14531256958,1963.14531256958,1,-0.074506874182311,-0.074506874182311,0,"interior","interior",2686.44485334469,0,2,1,1,TRUE,0.999938569040348,0.999877138080702,TRUE,8,0.0310000000000628,"21, 49"
0.001,2115,4,4,100080,"susie_rss_in_sample",NA,NA,NA,NA,NA,NA,NA,NA,NA,-28299.0729440122,NA,2,1,1,TRUE,0.999937753495054,0.999875506990108,TRUE,9,0.0449999999999591,"21, 49"
0.001,2115,4,4,100080,"susie_rss_out_of_sample",NA,NA,NA,NA,NA,NA,NA,NA,NA,-28297.2110070954,NA,2,1,1,TRUE,0.999985526805993,0.999971053611986,TRUE,8,0.0240000000000009,"21, 49"
0.001,2115,4,5,100081,"joint_lambda_calibrated_eta0",0.001,1210.30586263025,1860.24011086269,1.537,-0.558181705799567,-0.128349241243109,0,"interior","interior",2667.9104458865,0,2,1,1,TRUE,0.699552455851434,0.399104911736021,TRUE,60,0.334999999999923,"68, 173"
0.001,2115,4,5,100081,"joint_lambda_profiled_eta0",0.001,1210.30586263025,1210.30586263025,1,-0.558181705799567,-0.558181705799567,0,"interior","interior",2668.25835080552,0,2,1,1,TRUE,0.695438365798066,0.390876731706503,TRUE,62,0.265999999999963,"68, 173"
0.001,2115,4,5,100081,"susie_rss_in_sample",NA,NA,NA,NA,NA,NA,NA,NA,NA,-28277.4628427373,NA,2,1,1,TRUE,0.691761060794458,0.383522121593696,TRUE,4,0.01400000000001,"68, 173"
0.001,2115,4,5,100081,"susie_rss_out_of_sample",NA,NA,NA,NA,NA,NA,NA,NA,NA,-28276.233416669,NA,2,1,1,TRUE,0.709689195257632,0.419378390516963,TRUE,5,0.0169999999999391,"68, 173"
0.001,4599,4,1,100082,"joint_lambda_calibrated_eta0",0.001,1205.43078972694,1852.7471238103,1.537,-1.33900188365565,-0.909169419099189,0,"interior","interior",2678.89505677071,0,2,1,1,TRUE,0.646211290672696,0.294020960908873,TRUE,64,0.416999999999916,"4, 144"
0.001,4599,4,1,100082,"joint_lambda_profiled_eta0",0.001,1205.43078972694,1205.43078972694,1,-1.33900188365565,-1.33900188365565,0,"interior","interior",2679.10025962075,0,2,1,1,TRUE,0.646439393643222,0.295047252675132,TRUE,75,0.344999999999914,"4, 144"
0.001,4599,4,1,100082,"susie_rss_in_sample",NA,NA,NA,NA,NA,NA,NA,NA,NA,-28307.0502118826,NA,2,1,1,TRUE,0.64920110248484,0.298830991600542,TRUE,7,0.02800000000002,"4, 144"
0.001,4599,4,1,100082,"susie_rss_out_of_sample",NA,NA,NA,NA,NA,NA,NA,NA,NA,-28307.4226120113,NA,2,1,1,TRUE,0.643428271957386,0.287664612400048,TRUE,7,0.0279999999999063,"4, 144"
0.001,4599,4,2,100083,"joint_lambda_calibrated_eta0",0.001,1911.03325964188,2937.25812006957,1.537,-0.878194819138243,-0.448362354581784,0,"interior","interior",2683.43698660634,0,2,1,1,TRUE,0.693491733167666,0.388682493782159,TRUE,70,0.447000000000003,"250, 325"
0.001,4599,4,2,100083,"joint_lambda_profiled_eta0",0.001,1911.03325964188,1911.03325964188,1,-0.878194819138243,-0.878194819138243,0,"interior","interior",2683.61083319488,0,2,1,1,TRUE,0.689433834433969,0.381249568949637,TRUE,73,0.339000000000055,"250, 325"
0.001,4599,4,2,100083,"susie_rss_in_sample",NA,NA,NA,NA,NA,NA,NA,NA,NA,-28271.3120440563,NA,2,1,1,TRUE,0.699614630680431,0.399485901192792,TRUE,4,0.0180000000000291,"250, 325"
0.001,4599,4,2,100083,"susie_rss_out_of_sample",NA,NA,NA,NA,NA,NA,NA,NA,NA,-28273.0904690074,NA,2,1,1,TRUE,0.701149138503594,0.403080236149033,TRUE,5,0.0209999999999582,"250, 325"
0.001,4599,4,3,100084,"joint_lambda_calibrated_eta0",0.001,1357.93221844082,2087.14181974355,1.537,-1.21987577344987,-0.790043308893408,0,"interior","interior",2675.0317092587,0,2,1,1,TRUE,0.88094436699135,0.765057570461511,TRUE,68,0.43200000000013,"98, 123"
0.001,4599,4,3,100084,"joint_lambda_profiled_eta0",0.001,1357.93221844082,1357.93221844082,1,-1.21987577344987,-1.21987577344987,0,"interior","interior",2675.28281418948,0,2,1,1,TRUE,0.875206318122391,0.754806480124207,TRUE,71,0.352000000000089,"98, 123"
0.001,4599,4,3,100084,"susie_rss_in_sample",NA,NA,NA,NA,NA,NA,NA,NA,NA,-28287.3698772374,NA,2,1,1,TRUE,0.879318497083627,0.760852441133104,TRUE,4,0.0190000000000055,"98, 123"
0.001,4599,4,3,100084,"susie_rss_out_of_sample",NA,NA,NA,NA,NA,NA,NA,NA,NA,-28286.3661963815,NA,2,1,1,TRUE,0.892964240019699,0.787402007287245,TRUE,4,0.0179999999999154,"98, 123"
0.001,4599,4,4,100085,"joint_lambda_calibrated_eta0",0.001,20000,20000,1.537,1.4698933849962,1.4698933849962,0,"upper","interior",2710.92094026119,0,2,1,1,TRUE,0.201053120231734,0.0705433528517811,TRUE,37,0.723999999999933,"111, 480"
0.001,4599,4,4,100085,"joint_lambda_profiled_eta0",0.001,20000,20000,1,1.4698933849962,1.4698933849962,0,"upper","interior",2710.92105369894,0,2,1,1,TRUE,0.201054157074256,0.0705424648083318,TRUE,37,0.653999999999996,"111, 480"
0.001,4599,4,4,100085,"susie_rss_in_sample",NA,NA,NA,NA,NA,NA,NA,NA,NA,-28303.7537262414,NA,2,1,1,TRUE,0.194863860760126,0.0686824984979882,TRUE,4,0.0159999999999627,"111, 480"
0.001,4599,4,4,100085,"susie_rss_out_of_sample",NA,NA,NA,NA,NA,NA,NA,NA,NA,-28304.6411751896,NA,2,1,1,TRUE,0.199665180591339,0.0675361744691619,TRUE,5,0.0149999999999864,"111, 480"
0.001,4599,4,5,100086,"joint_lambda_calibrated_eta0",0.001,10957.0775579631,16841.0282065892,1.537,0.868146711234417,1.29797917579087,0,"interior","interior",2707.70335905171,0,2,1,1,TRUE,0.664682913595488,0.337148630469901,TRUE,60,0.706000000000131,"23, 145"
0.001,4599,4,5,100086,"joint_lambda_profiled_eta0",0.001,10957.0775579631,10957.0775579631,1,0.868146711234417,0.868146711234417,0,"interior","interior",2707.70945672149,0,2,1,1,TRUE,0.664618987663332,0.337269019050629,TRUE,58,0.59800000000007,"23, 145"
0.001,4599,4,5,100086,"susie_rss_in_sample",NA,NA,NA,NA,NA,NA,NA,NA,NA,-28288.5965989008,NA,2,1,1,TRUE,0.667836268993331,0.340600581409728,TRUE,10,0.0289999999999964,"23, 145"
0.001,4599,4,5,100086,"susie_rss_out_of_sample",NA,NA,NA,NA,NA,NA,NA,NA,NA,-28288.5436155979,NA,2,1,1,TRUE,0.662886212577212,0.332822342541431,TRUE,5,0.0190000000000055,"23, 145"
0.001,10000,4,1,100087,"joint_lambda_calibrated_eta0",0.001,966.015189567564,1484.76534636535,1.537,-2.33716081369726,-1.90732834914081,0,"interior","interior",2654.92992708969,0,2,1,1,TRUE,0.997281328919236,0.994562657838472,TRUE,59,0.317000000000007,"237, 405"
0.001,10000,4,1,100087,"joint_lambda_profiled_eta0",0.001,966.015189567564,966.015189567564,1,-2.33716081369726,-2.33716081369726,0,"interior","interior",2655.43855375079,0,2,1,1,TRUE,0.995825176695916,0.991650353391832,TRUE,64,0.25,"237, 405"
0.001,10000,4,1,100087,"susie_rss_in_sample",NA,NA,NA,NA,NA,NA,NA,NA,NA,-28273.4413982565,NA,2,1,1,TRUE,0.998909998153427,0.997819996306853,TRUE,5,0.0170000000000528,"237, 405"
0.001,10000,4,1,100087,"susie_rss_out_of_sample",NA,NA,NA,NA,NA,NA,NA,NA,NA,-28273.5391023053,NA,2,1,1,TRUE,0.999145875176664,0.998291750353328,TRUE,6,0.0179999999999154,"237, 405"
0.001,10000,4,2,100088,"joint_lambda_calibrated_eta0",0.001,5702.69848643543,8765.04757365125,1.537,-0.561645611507924,-0.131813146951465,0,"interior","interior",2700.81055411962,0,2,1,1,TRUE,0.857854926666359,0.738009495433136,TRUE,35,0.355999999999995,"128, 465"
0.001,10000,4,2,100088,"joint_lambda_profiled_eta0",0.001,5702.69848643543,5702.69848643543,1,-0.561645611507924,-0.561645611507924,0,"interior","interior",2700.84077395041,0,2,1,1,TRUE,0.854555461148906,0.732734239355147,TRUE,33,0.297000000000025,"128, 465"
0.001,10000,4,2,100088,"susie_rss_in_sample",NA,NA,NA,NA,NA,NA,NA,NA,NA,-28266.2805048963,NA,2,1,1,TRUE,0.859480748281565,0.741040600001667,TRUE,5,0.0159999999999627,"128, 465"
0.001,10000,4,2,100088,"susie_rss_out_of_sample",NA,NA,NA,NA,NA,NA,NA,NA,NA,-28264.5464421975,NA,2,1,1,TRUE,0.86658304321396,0.752276352288372,TRUE,6,0.0180000000000291,"128, 465"
0.001,10000,4,3,100089,"joint_lambda_calibrated_eta0",0.001,4792.10483684215,7365.46513422639,1.537,-0.735615354948973,-0.305782890392514,0,"interior","interior",2701.98991446472,0,2,1,1,TRUE,0.90878998251857,0.826704045612877,TRUE,28,0.297000000000025,"32, 336"
0.001,10000,4,3,100089,"joint_lambda_profiled_eta0",0.001,4792.10483684215,4792.10483684215,1,-0.735615354948973,-0.735615354948973,0,"interior","interior",2702.01248475296,0,2,1,1,TRUE,0.90647080263542,0.822634170963818,TRUE,26,0.25,"32, 336"
0.001,10000,4,3,100089,"susie_rss_in_sample",NA,NA,NA,NA,NA,NA,NA,NA,NA,-28300.0587292723,NA,2,1,1,TRUE,0.897282597268346,0.801686109092248,TRUE,5,0.0149999999999864,"32, 336"
0.001,10000,4,3,100089,"susie_rss_out_of_sample",NA,NA,NA,NA,NA,NA,NA,NA,NA,-28300.2671422016,NA,2,1,1,TRUE,0.914686285754386,0.837209674456865,TRUE,6,0.0170000000000528,"32, 336"
0.001,10000,4,4,100090,"joint_lambda_calibrated_eta0",0.001,3818.34491564915,5868.79613535274,1.537,-0.962768032418003,-0.532935567861545,0,"interior","interior",2696.35348641994,0,2,1,1,TRUE,0.999998802402911,0.999997605443132,TRUE,60,0.617999999999938,"33, 422"
0.001,10000,4,4,100090,"joint_lambda_profiled_eta0",0.001,3818.34491564915,3818.34491564915,1,-0.962768032418003,-0.962768032418003,0,"interior","interior",2696.40515938211,0,2,1,1,TRUE,0.999998444084453,0.999996889088696,TRUE,59,0.514999999999986,"33, 422"
0.001,10000,4,4,100090,"susie_rss_in_sample",NA,NA,NA,NA,NA,NA,NA,NA,NA,-28278.1098379302,NA,2,1,1,TRUE,0.999999217046743,0.999998434426538,TRUE,4,0.0169999999999391,"33, 422"
0.001,10000,4,4,100090,"susie_rss_out_of_sample",NA,NA,NA,NA,NA,NA,NA,NA,NA,-28276.972566065,NA,2,1,1,TRUE,0.99999939233636,0.999998784938173,TRUE,4,0.0169999999999391,"33, 422"
0.001,10000,4,5,100091,"joint_lambda_calibrated_eta0",0.001,20000,20000,1.537,0.693147180559944,0.693147180559944,0,"upper","interior",2717.46160906494,0,2,1,1,TRUE,0.773410292468573,0.546823721165158,TRUE,73,1.42800000000011,"37, 210"
0.001,10000,4,5,100091,"joint_lambda_profiled_eta0",0.001,20000,20000,1,0.693147180559944,0.693147180559944,0,"upper","interior",2717.46153540404,0,2,1,1,TRUE,0.773410139835128,0.546823415223594,TRUE,70,1.29100000000005,"37, 210"
0.001,10000,4,5,100091,"susie_rss_in_sample",NA,NA,NA,NA,NA,NA,NA,NA,NA,-28318.9692168835,NA,2,1,1,TRUE,0.775804024627669,0.551611217376878,TRUE,4,0.0160000000000764,"37, 210"
0.001,10000,4,5,100091,"susie_rss_out_of_sample",NA,NA,NA,NA,NA,NA,NA,NA,NA,-28318.6996124213,NA,2,1,1,TRUE,0.773536340744973,0.54707526415467,TRUE,4,0.0159999999999627,"37, 210"
0.001,20,5,1,100092,"joint_lambda_calibrated_eta0",0.006,14.017436734861,21.5448002614813,1.537,-0.355430237845366,0.0744022267110926,1.79175946922805,"interior","interior",2017.87185054083,21.5737716417409,1,1,0.5,FALSE,0.0902759432349537,0.00887774355959614,TRUE,44,0.390999999999849,"4, 190"
0.001,20,5,1,100092,"joint_lambda_profiled_eta0",0.006,14.017436734861,14.017436734861,1,-0.355430237845366,-0.355430237845366,1.79175946922805,"interior","interior",2018.4158248459,22.0610680831051,1,1,0.5,FALSE,0.0819580249151308,0.00818407805565191,TRUE,82,0.341999999999871,"4, 190"
0.001,20,5,1,100092,"susie_rss_in_sample",NA,NA,NA,NA,NA,NA,NA,NA,NA,-28312.0521919196,NA,2,1,1,TRUE,0.152018178436274,0.127527482860304,TRUE,5,0.0209999999999582,"4, 190"
0.001,20,5,1,100092,"susie_rss_out_of_sample",NA,NA,NA,NA,NA,NA,NA,NA,NA,-28276.0411638718,NA,5,0.4,1,TRUE,0.153362141718264,0.131705042722829,TRUE,18,0.0460000000000491,"4, 190"
0.001,20,5,2,100093,"joint_lambda_calibrated_eta0",0.008,18.2576864711898,28.0620641062187,1.537,-0.0911461056918665,0.338686358864592,2.07944154167984,"interior","interior",1953.99284605992,44.6532653491581,1,1,0.5,FALSE,0.207888076902082,0.00847738206346527,TRUE,49,0.415000000000191,"62, 283"
0.001,20,5,2,100093,"joint_lambda_profiled_eta0",0.008,18.2576864711898,18.2576864711898,1,-0.0911461056918665,-0.0911461056918665,2.07944154167984,"interior","interior",1954.77294866946,45.0225957553212,1,1,0.5,FALSE,0.197440611687623,0.0081229420654102,TRUE,76,0.359000000000151,"62, 283"
0.001,20,5,2,100093,"susie_rss_in_sample",NA,NA,NA,NA,NA,NA,NA,NA,NA,-28304.4135995645,NA,2,1,1,TRUE,0.466339660491982,0.22772361277593,TRUE,6,0.0170000000000528,"62, 283"
0.001,20,5,2,100093,"susie_rss_out_of_sample",NA,NA,NA,NA,NA,NA,NA,NA,NA,-28267.9919451933,NA,4,0.25,0.5,FALSE,0.379331963301427,2.90139154590641e-07,TRUE,9,0.025000000000091,"62, 283"
0.001,20,5,3,100094,"joint_lambda_calibrated_eta0",0.004,2,3.074,1.537,-2.30258509299405,-1.87275262843759,1.38629436111989,"lower","interior",1853.72994323754,15.4451971808974,0,0,0,FALSE,0.0322187737322291,0.0274536683699016,TRUE,152,0.743999999999915,"11, 396"
0.001,20,5,3,100094,"joint_lambda_profiled_eta0",0.004,2,2,1,-2.30258509299405,-2.30258509299405,1.38629436111989,"lower","interior",1853.80993574182,15.1666540285364,0,0,0,FALSE,0.0227587909463809,0.0215608713440621,TRUE,117,0.572000000000116,"11, 396"
0.001,20,5,3,100094,"susie_rss_in_sample",NA,NA,NA,NA,NA,NA,NA,NA,NA,-28326.8356594716,NA,2,1,1,TRUE,0.970101062659323,0.945592059295837,TRUE,9,0.0299999999999727,"11, 396"
0.001,20,5,3,100094,"susie_rss_out_of_sample",NA,NA,NA,NA,NA,NA,NA,NA,NA,-28245.7343605735,NA,4,0.25,0.5,FALSE,0.499120077518901,1.2632766968057e-06,TRUE,11,0.0309999999999491,"11, 396"
0.001,20,5,4,100095,"joint_lambda_calibrated_eta0",0.008,2,3.074,1.537,-2.30258509299405,-1.87275262843759,2.07944154167984,"lower","interior",1684.50349686944,67.2661484426242,0,0,0,FALSE,0.0186289419058548,0.00894041971500936,TRUE,152,0.745000000000118,"188, 443"
0.001,20,5,4,100095,"joint_lambda_profiled_eta0",0.008,2,2,1,-2.30258509299405,-2.30258509299405,2.07944154167984,"lower","interior",1684.66217712378,66.7185555657252,0,0,0,FALSE,0.0149207177868113,0.00977164168719491,TRUE,116,0.576999999999998,"188, 443"
0.001,20,5,4,100095,"susie_rss_in_sample",NA,NA,NA,NA,NA,NA,NA,NA,NA,-28303.530786896,NA,2,1,1,TRUE,0.239115486895796,0.0612419024406539,TRUE,5,0.0209999999999582,"188, 443"
0.001,20,5,4,100095,"susie_rss_out_of_sample",NA,NA,NA,NA,NA,NA,NA,NA,NA,-28157.5466792164,NA,5,0.2,0.5,FALSE,0.400865135487326,0,TRUE,7,0.0199999999999818,"188, 443"
0.001,20,5,5,100096,"joint_lambda_calibrated_eta0",0.008,3.6704807944104,5.64152898100879,1.537,-1.6954096134168,-1.26557714886034,2.07944154167984,"interior","interior",1848.62934815089,56.7827662311588,0,0,0,FALSE,0.099764481219474,0.0154261711915294,TRUE,178,0.983999999999924,"344, 442"
0.001,20,5,5,100096,"joint_lambda_profiled_eta0",0.008,3.6704807944104,3.6704807944104,1,-1.6954096134168,-1.6954096134168,2.07944154167984,"interior","interior",1848.5985999952,56.3041935862345,0,0,0,FALSE,0.0391113796681116,0.0209158523059768,TRUE,110,0.77599999999984,"344, 442"
0.001,20,5,5,100096,"susie_rss_in_sample",NA,NA,NA,NA,NA,NA,NA,NA,NA,-28284.4789447865,NA,2,1,1,TRUE,0.999999306426093,0.999998612852185,TRUE,9,0.0309999999999491,"344, 442"
0.001,20,5,5,100096,"susie_rss_out_of_sample",NA,NA,NA,NA,NA,NA,NA,NA,NA,-28194.9715382018,NA,5,0.2,0.5,FALSE,0.500000295840366,5.91680731520938e-07,TRUE,8,0.0230000000001382,"344, 442"
0.001,43,5,1,100097,"joint_lambda_calibrated_eta0",0.004,16.047371545019,24.6648100646941,1.537,-0.985655046194247,-0.555822581637788,1.38629436111989,"interior","interior",2058.36857657898,20.8003180485564,1,1,0.5,FALSE,0.139408255490456,0.0101837753650907,TRUE,45,0.43100000000004,"34, 225"
0.001,43,5,1,100097,"joint_lambda_profiled_eta0",0.004,16.047371545019,16.047371545019,1,-0.985655046194247,-0.985655046194247,1.38629436111989,"interior","interior",2059.01724687236,21.3793156736572,1,1,0.5,FALSE,0.136633834197692,0.0111488289435265,TRUE,80,0.380000000000109,"34, 225"
0.001,43,5,1,100097,"susie_rss_in_sample",NA,NA,NA,NA,NA,NA,NA,NA,NA,-28297.7621422998,NA,2,1,1,TRUE,0.631718469216481,0.263778200441518,TRUE,4,0.015999999999849,"34, 225"
0.001,43,5,1,100097,"susie_rss_out_of_sample",NA,NA,NA,NA,NA,NA,NA,NA,NA,-28263.4419902284,NA,3,0.666666666666667,1,TRUE,0.65189667940115,0.303793563107891,TRUE,14,0.0350000000000819,"34, 225"
0.001,43,5,2,100098,"joint_lambda_calibrated_eta0",0.008,38.1708986514869,58.6686712273353,1.537,-0.119126705815952,0.310705758740506,2.07944154167984,"interior","interior",2092.33140179909,37.7294526695919,1,1,0.5,FALSE,0.245553641139489,0.0167128755282608,TRUE,42,0.230000000000018,"253, 297"
0.001,43,5,2,100098,"joint_lambda_profiled_eta0",0.008,38.1708986514869,38.1708986514869,1,-0.119126705815952,-0.119126705815952,2.07944154167984,"interior","interior",2093.18766384101,38.4715271309387,1,1,0.5,FALSE,0.24437754213158,0.00891232198499514,TRUE,38,0.18100000000004,"253, 297"
0.001,43,5,2,100098,"susie_rss_in_sample",NA,NA,NA,NA,NA,NA,NA,NA,NA,-28295.7822715156,NA,2,1,1,TRUE,0.672831154571029,0.346685022426352,TRUE,9,0.025000000000091,"253, 297"
0.001,43,5,2,100098,"susie_rss_out_of_sample",NA,NA,NA,NA,NA,NA,NA,NA,NA,-28269.1496654249,NA,3,0.333333333333333,0.5,FALSE,0.199337342557043,2.18303302557121e-06,TRUE,14,0.0360000000000582,"253, 297"
0.001,43,5,3,100099,"joint_lambda_calibrated_eta0",0.002,29.184752620946,44.856964778394,1.537,-0.387553713313374,0.0422787512430847,0.693147180559945,"interior","interior",2143.24019030885,1.5758055223464,1,1,0.5,FALSE,0.505082600725379,0.0101652014512112,TRUE,41,0.324000000000069,"287, 378"
0.001,43,5,3,100099,"joint_lambda_profiled_eta0",0.002,29.184752620946,29.184752620946,1,-0.387553713313374,-0.387553713313374,0.693147180559945,"interior","interior",2144.39386604342,1.77393826223533,1,1,0.5,FALSE,0.504294301241281,0.00858860268914619,TRUE,66,0.27800000000002,"287, 378"
0.001,43,5,3,100099,"susie_rss_in_sample",NA,NA,NA,NA,NA,NA,NA,NA,NA,-28279.153705285,NA,2,1,1,TRUE,0.733358740916354,0.466717481832709,TRUE,5,0.0209999999999582,"287, 378"
0.001,43,5,3,100099,"susie_rss_out_of_sample",NA,NA,NA,NA,NA,NA,NA,NA,NA,-28243.0367201322,NA,5,0.4,1,TRUE,0.826316203532667,0.652632407065334,TRUE,11,0.0299999999999727,"287, 378"
0.001,43,5,4,100100,"joint_lambda_calibrated_eta0",0.004,23.0159871171962,35.3755721991306,1.537,-0.625011049176996,-0.195178584620537,1.38629436111989,"interior","interior",2085.25955125154,23.8727751663546,1,1,0.5,FALSE,0.247866551356991,0.00912986933255611,TRUE,42,0.399999999999864,"428, 432"
0.001,43,5,4,100100,"joint_lambda_profiled_eta0",0.004,23.0159871171962,23.0159871171962,1,-0.625011049176996,-0.625011049176996,1.38629436111989,"interior","interior",2086.15108192457,24.3065449569826,0,0,0,FALSE,0.238710416450665,0.00825916405281724,TRUE,73,0.351999999999862,"428, 432"
0.001,43,5,4,100100,"susie_rss_in_sample",NA,NA,NA,NA,NA,NA,NA,NA,NA,-28266.7774625458,NA,2,1,1,TRUE,0.766075437675635,0.536214988808298,TRUE,9,0.0329999999999018,"428, 432"
0.001,43,5,4,100100,"susie_rss_out_of_sample",NA,NA,NA,NA,NA,NA,NA,NA,NA,-28252.2892111471,NA,4,0.25,0.5,FALSE,0.245951979760793,2.63720298920855e-06,TRUE,9,0.0249999999998636,"428, 432"
0.001,43,5,5,100101,"joint_lambda_calibrated_eta0",0.004,21.1933494048797,32.5741780353002,1.537,-0.707512690549023,-0.277680225992564,1.38629436111989,"interior","interior",2051.94518314711,18.427817530938,1,1,0.5,FALSE,0.344819174722078,0.00845614520359073,TRUE,47,0.407999999999902,"3, 218"
0.001,43,5,5,100101,"joint_lambda_profiled_eta0",0.004,21.1933494048797,21.1933494048797,1,-0.707512690549023,-0.707512690549023,1.38629436111989,"interior","interior",2052.80961532103,18.8464607723599,1,1,0.5,FALSE,0.316879052580241,0.00811598753381759,TRUE,74,0.355000000000018,"3, 218"
0.001,43,5,5,100101,"susie_rss_in_sample",NA,NA,NA,NA,NA,NA,NA,NA,NA,-28297.6496717911,NA,2,1,1,TRUE,0.583786528602446,0.170037812317903,TRUE,12,0.0340000000001055,"3, 218"
0.001,43,5,5,100101,"susie_rss_out_of_sample",NA,NA,NA,NA,NA,NA,NA,NA,NA,-28268.0125105683,NA,4,0.25,0.5,FALSE,0.499965952720984,1.1088964359196e-05,TRUE,12,0.0319999999999254,"3, 218"
0.001,95,5,1,100102,"joint_lambda_calibrated_eta0",0.004,61.1872043085283,94.0447330222081,1.537,-0.439938803868523,-0.0101063393120642,1.38629436111989,"interior","interior",2241.99174229313,28.4765541160868,1,1,0.5,FALSE,0.0909802150573125,0.0336774893518252,TRUE,31,0.144000000000005,"142, 214"
0.001,95,5,1,100102,"joint_lambda_profiled_eta0",0.004,61.1872043085283,61.1872043085283,1,-0.439938803868523,-0.439938803868523,1.38629436111989,"interior","interior",2243.1852435063,28.6538108327782,1,1,0.5,FALSE,0.086986198857734,0.0112780901146695,TRUE,30,0.108999999999924,"142, 214"
0.001,95,5,1,100102,"susie_rss_in_sample",NA,NA,NA,NA,NA,NA,NA,NA,NA,-28287.7294105862,NA,2,1,1,TRUE,0.387499443001418,0.227281103880574,TRUE,7,0.02800000000002,"142, 214"
0.001,95,5,1,100102,"susie_rss_out_of_sample",NA,NA,NA,NA,NA,NA,NA,NA,NA,-28284.8527288944,NA,2,0,0,FALSE,0.0171868316591566,0.0162998973366275,TRUE,16,0.0399999999999636,"142, 214"
0.001,95,5,2,100103,"joint_lambda_calibrated_eta0",0.004,87.7848783910756,134.925358087083,1.537,-0.0789876336844744,0.350844830871984,1.38629436111989,"interior","interior",2301.35558838082,12.9211310596343,1,1,0.5,FALSE,0.519341847900047,0.0596798906589362,TRUE,24,0.115999999999985,"228, 326"
0.001,95,5,2,100103,"joint_lambda_profiled_eta0",0.004,87.7848783910756,87.7848783910756,1,-0.0789876336844744,-0.0789876336844744,1.38629436111989,"interior","interior",2302.69472832035,13.0609101900127,1,1,0.5,FALSE,0.480489049415332,0.0144105329997024,TRUE,24,0.0879999999999654,"228, 326"
0.001,95,5,2,100103,"susie_rss_in_sample",NA,NA,NA,NA,NA,NA,NA,NA,NA,-28299.1919280176,NA,2,1,1,TRUE,0.616852436369532,0.233708482208193,TRUE,4,0.0170000000000528,"228, 326"
0.001,95,5,2,100103,"susie_rss_out_of_sample",NA,NA,NA,NA,NA,NA,NA,NA,NA,-28290.215110607,NA,3,0.666666666666667,1,TRUE,0.629518874384862,0.259074091510248,TRUE,16,0.0399999999999636,"228, 326"
0.001,95,5,3,100104,"joint_lambda_calibrated_eta0",0.004,94.8366124451592,145.76387332821,1.537,-0.00172134967096227,0.428111114885496,1.38629436111989,"interior","interior",2309.61372278359,18.2105819206918,1,1,0.5,FALSE,0.546348193136921,0.0993020072617733,TRUE,29,0.222000000000207,"179, 428"
0.001,95,5,3,100104,"joint_lambda_profiled_eta0",0.004,94.8366124451592,94.8366124451592,1,-0.00172134967096227,-0.00172134967096227,1.38629436111989,"interior","interior",2311.0575971123,18.4055484988176,1,1,0.5,FALSE,0.514160696048584,0.0459906313673176,TRUE,39,0.189000000000078,"179, 428"
0.001,95,5,3,100104,"susie_rss_in_sample",NA,NA,NA,NA,NA,NA,NA,NA,NA,-28299.3151363871,NA,2,1,1,TRUE,0.994980749238626,0.990509173061153,TRUE,3,0.0119999999999436,"179, 428"
0.001,95,5,3,100104,"susie_rss_out_of_sample",NA,NA,NA,NA,NA,NA,NA,NA,NA,-28293.330926242,NA,4,0.5,1,TRUE,0.991754246171936,0.983820077050159,TRUE,11,0.0289999999999964,"179, 428"
0.001,95,5,4,100105,"joint_lambda_calibrated_eta0",0.002,28.8848044912014,44.3959445029766,1.537,-1.19056123091362,-0.760728766357166,0.693147180559945,"interior","interior",2252.20448256337,4.36310351367092,1,1,0.5,FALSE,0.552874605913886,0.105762125385806,TRUE,66,0.326000000000022,"68, 427"
0.001,95,5,4,100105,"joint_lambda_profiled_eta0",0.002,28.8848044912014,28.8848044912014,1,-1.19056123091362,-1.19056123091362,0.693147180559945,"interior","interior",2252.99979007962,4.38717250974332,1,1,0.5,FALSE,0.505640489079383,0.0115300601601985,TRUE,57,0.251999999999953,"68, 427"
0.001,95,5,4,100105,"susie_rss_in_sample",NA,NA,NA,NA,NA,NA,NA,NA,NA,-28289.7603108981,NA,2,1,1,TRUE,0.999999999963382,0.999999999926763,TRUE,6,0.0229999999999109,"68, 427"
0.001,95,5,4,100105,"susie_rss_out_of_sample",NA,NA,NA,NA,NA,NA,NA,NA,NA,-28281.1463962494,NA,4,0.5,1,TRUE,0.999999983115078,0.999999966230156,TRUE,9,0.0240000000001146,"68, 427"
0.001,95,5,5,100106,"joint_lambda_calibrated_eta0",0.002,46.2329458736037,71.0600378077289,1.537,-0.720184233510659,-0.290351768954201,0.693147180559945,"interior","interior",2276.0042020791,13.3126256619748,2,1,1,TRUE,0.585324133871675,0.470942943106585,TRUE,79,0.480999999999995,"342, 450"
0.001,95,5,5,100106,"joint_lambda_profiled_eta0",0.004,98.5654528873314,98.5654528873314,1,0.0368439322156648,0.0368439322156648,1.38629436111989,"interior","interior",2276.46098812263,12.7985811371514,2,1,1,TRUE,0.613840501402651,0.487267591984615,TRUE,52,0.230000000000018,"342, 450"
0.001,95,5,5,100106,"susie_rss_in_sample",NA,NA,NA,NA,NA,NA,NA,NA,NA,-28283.4716847303,NA,2,1,1,TRUE,0.868621977024584,0.738672755465606,TRUE,5,0.0199999999999818,"342, 450"
0.001,95,5,5,100106,"susie_rss_out_of_sample",NA,NA,NA,NA,NA,NA,NA,NA,NA,-28280.2120886623,NA,2,0.5,0.5,FALSE,0.496462049057272,0.0480531331485603,TRUE,16,0.04099999999994,"342, 450"
0.001,206,5,1,100107,"joint_lambda_calibrated_eta0",0.002,166.636544939784,256.120369572449,1.537,-0.212061105730493,0.217771358825966,0.693147180559945,"interior","interior",2437.12210184275,2.07269270164306,2,1,1,TRUE,0.181022587928526,0.175099788908914,TRUE,17,0.0879999999999654,"32, 329"
0.001,206,5,1,100107,"joint_lambda_profiled_eta0",0.002,166.636544939784,166.636544939784,1,-0.212061105730493,-0.212061105730493,0.693147180559945,"interior","interior",2438.69876879251,1.85951463218134,2,1,1,TRUE,0.194836630624953,0.186660024267325,TRUE,19,0.0679999999999836,"32, 329"
0.001,206,5,1,100107,"susie_rss_in_sample",NA,NA,NA,NA,NA,NA,NA,NA,NA,-28293.5330101511,NA,2,1,1,TRUE,0.595171616354798,0.226640774858916,TRUE,8,0.0229999999999109,"32, 329"
0.001,206,5,1,100107,"susie_rss_out_of_sample",NA,NA,NA,NA,NA,NA,NA,NA,NA,-28292.4335863852,NA,4,0.25,0.5,FALSE,0.1104679917328,0.0223399470628165,TRUE,11,0.0300000000002001,"32, 329"
0.001,206,5,2,100108,"joint_lambda_calibrated_eta0",0.006,155.190144620263,238.527252281344,1.537,-0.283225064214847,0.146607400341612,1.79175946922805,"interior","interior",2302.48259233581,48.0229800696357,2,0.5,0.5,FALSE,0.371402377200261,0.00597597599421562,TRUE,74,0.747000000000071,"130, 131"
0.001,206,5,2,100108,"joint_lambda_profiled_eta0",0.006,155.190144620263,155.190144620263,1,-0.283225064214847,-0.283225064214847,1.79175946922805,"interior","interior",2304.44599760355,48.7082135012133,2,0.5,0.5,FALSE,0.35016743244959,0.00597221052823149,TRUE,138,0.663999999999987,"130, 131"
0.001,206,5,2,100108,"susie_rss_in_sample",NA,NA,NA,NA,NA,NA,NA,NA,NA,-28284.8303162675,NA,2,0.5,0.5,FALSE,0.402653853793921,1.28993951742373e-07,TRUE,5,0.0209999999999582,"130, 131"
0.001,206,5,2,100108,"susie_rss_out_of_sample",NA,NA,NA,NA,NA,NA,NA,NA,NA,-28284.565482925,NA,2,0.5,0.5,FALSE,0.439974890296559,0.00539860195405417,TRUE,11,0.0299999999999727,"130, 131"
0.001,206,5,3,100109,"joint_lambda_calibrated_eta0",0.004,223.423999840031,343.402687754128,1.537,0.0811951419770027,0.511027606533461,1.38629436111989,"interior","interior",2379.29918655075,15.1832841655441,2,1,1,TRUE,0.758208227586428,0.640874363358936,TRUE,16,0.0980000000001837,"115, 205"
0.001,206,5,3,100109,"joint_lambda_profiled_eta0",0.004,223.423999840031,223.423999840031,1,0.0811951419770027,0.0811951419770027,1.38629436111989,"interior","interior",2381.06459291823,16.444488367732,2,1,1,TRUE,0.708481864966517,0.598686852790423,TRUE,23,0.0800000000001546,"115, 205"
0.001,206,5,3,100109,"susie_rss_in_sample",NA,NA,NA,NA,NA,NA,NA,NA,NA,-28273.9826916357,NA,2,1,1,TRUE,0.950450841324471,0.912838823108776,TRUE,9,0.02800000000002,"115, 205"
0.001,206,5,3,100109,"susie_rss_out_of_sample",NA,NA,NA,NA,NA,NA,NA,NA,NA,-28275.5039601266,NA,2,1,1,TRUE,0.848328367319642,0.711644533913993,TRUE,23,0.0559999999998126,"115, 205"
0.001,206,5,4,100110,"joint_lambda_calibrated_eta0",0.004,88.2019951789168,135.566466589995,1.537,-0.848246584956534,-0.418414120400076,1.38629436111989,"interior","interior",2295.02152207635,39.7234287428723,2,1,1,TRUE,0.800258284773615,0.600518778823001,TRUE,74,0.325000000000273,"201, 442"
0.001,206,5,4,100110,"joint_lambda_profiled_eta0",0.004,88.2019951789168,88.2019951789168,1,-0.848246584956534,-0.848246584956534,1.38629436111989,"interior","interior",2294.81540058726,38.2928896955286,1,1,0.5,FALSE,0.520928469958999,0.0418578278335043,TRUE,55,0.242000000000189,"201, 442"
0.001,206,5,4,100110,"susie_rss_in_sample",NA,NA,NA,NA,NA,NA,NA,NA,NA,-28294.4005503776,NA,2,1,1,TRUE,0.9938020514857,0.987604102985743,TRUE,8,0.0230000000001382,"201, 442"
0.001,206,5,4,100110,"susie_rss_out_of_sample",NA,NA,NA,NA,NA,NA,NA,NA,NA,-28278.5203261577,NA,5,0.4,1,TRUE,0.564321496124595,0.128642992249217,TRUE,17,0.0429999999998927,"201, 442"
0.001,206,5,5,100111,"joint_lambda_calibrated_eta0",0.002,186.988777665299,287.401751271565,1.537,-0.0968275662208464,0.333004898335612,0.693147180559945,"interior","interior",2439.03715634957,5.5200887281103,2,1,1,TRUE,0.526229599663695,0.204673738263567,TRUE,76,0.478999999999814,"122, 211"
0.001,206,5,5,100111,"joint_lambda_profiled_eta0",0.002,186.988777665299,186.988777665299,1,-0.0968275662208464,-0.0968275662208464,0.693147180559945,"interior","interior",2440.86014907264,9.7721789787297,2,1,1,TRUE,0.487376313786001,0.190720786487575,TRUE,86,0.392999999999802,"122, 211"
0.001,206,5,5,100111,"susie_rss_in_sample",NA,NA,NA,NA,NA,NA,NA,NA,NA,-28294.3730017204,NA,2,1,1,TRUE,0.734049419661478,0.547791739766122,TRUE,5,0.0199999999999818,"122, 211"
0.001,206,5,5,100111,"susie_rss_out_of_sample",NA,NA,NA,NA,NA,NA,NA,NA,NA,-28287.4547441451,NA,2,1,1,TRUE,0.608507458840417,0.252052565044359,TRUE,14,0.0389999999999873,"122, 211"
0.001,447,5,1,100112,"joint_lambda_calibrated_eta0",0.002,352.305849519864,541.494090712031,1.537,-0.238058905601028,0.19177355895543,0.693147180559945,"interior","interior",2505.74543725645,1.10609702054762,2,1,1,TRUE,0.774186756345161,0.548373512715543,TRUE,76,0.458000000000084,"230, 363"
0.001,447,5,1,100112,"joint_lambda_profiled_eta0",0.002,352.305849519864,352.305849519864,1,-0.238058905601028,-0.238058905601028,0.693147180559945,"interior","interior",2507.05996907279,0.618183952311483,2,1,1,TRUE,0.770416838308024,0.54083367699604,TRUE,81,0.372000000000071,"230, 363"
0.001,447,5,1,100112,"susie_rss_in_sample",NA,NA,NA,NA,NA,NA,NA,NA,NA,-28290.525171004,NA,2,1,1,TRUE,0.774302006148679,0.548604012297422,TRUE,3,0.0130000000001473,"230, 363"
0.001,447,5,1,100112,"susie_rss_out_of_sample",NA,NA,NA,NA,NA,NA,NA,NA,NA,-28286.4711147726,NA,2,1,1,TRUE,0.783288417110422,0.56657683422085,TRUE,4,0.0160000000000764,"230, 363"
0.001,447,5,2,100113,"joint_lambda_calibrated_eta0",0.002,375.162361910941,576.624550257117,1.537,-0.175199697249656,0.254632767306802,0.693147180559945,"interior","interior",2529.22515161102,5.91237809075528,2,1,1,TRUE,0.796292060249916,0.612508566545453,TRUE,58,0.403999999999996,"31, 277"
0.001,447,5,2,100113,"joint_lambda_profiled_eta0",0.002,375.162361910941,375.162361910941,1,-0.175199697249656,-0.175199697249656,0.693147180559945,"interior","interior",2530.17079554721,5.38339233008492,2,1,1,TRUE,0.778101025814868,0.586317272268331,TRUE,70,0.337999999999965,"31, 277"
0.001,447,5,2,100113,"susie_rss_in_sample",NA,NA,NA,NA,NA,NA,NA,NA,NA,-28305.1987736585,NA,2,1,1,TRUE,0.835559536274464,0.673196491845834,TRUE,5,0.0209999999999582,"31, 277"
0.001,447,5,2,100113,"susie_rss_out_of_sample",NA,NA,NA,NA,NA,NA,NA,NA,NA,-28305.9559345266,NA,2,1,1,TRUE,0.830901837503766,0.666363544607861,TRUE,13,0.0350000000000819,"31, 277"
0.001,447,5,3,100114,"joint_lambda_calibrated_eta0",0.002,176.929280153387,271.940303595755,1.537,-0.92680848903598,-0.496976024479522,0.693147180559945,"interior","interior",2449.18909034395,9.95138840219761,1,1,0.5,FALSE,0.565936475939997,0.38168336003709,TRUE,57,0.127999999999929,"325, 443"
0.001,447,5,3,100114,"joint_lambda_profiled_eta0",0.002,176.929280153387,176.929280153387,1,-0.92680848903598,-0.92680848903598,0.693147180559945,"interior","interior",2450.1005881701,9.01073442270081,1,1,0.5,FALSE,0.206172983336137,0.0285456434779382,TRUE,18,0.0639999999998508,"325, 443"
0.001,447,5,3,100114,"susie_rss_in_sample",NA,NA,NA,NA,NA,NA,NA,NA,NA,-28283.300060627,NA,2,1,1,TRUE,0.63544935985843,0.27138757459084,TRUE,6,0.0169999999998254,"325, 443"
0.001,447,5,3,100114,"susie_rss_out_of_sample",NA,NA,NA,NA,NA,NA,NA,NA,NA,-28282.5893905095,NA,2,1,1,TRUE,0.700373300521899,0.401642157695175,TRUE,27,0.0670000000000073,"325, 443"
0.001,447,5,4,100115,"joint_lambda_calibrated_eta0",0.002,229.108113568904,352.139170555405,1.537,-0.668364590814372,-0.238532126257914,0.693147180559945,"interior","interior",2441.69964733888,5.32739969155318,2,1,1,TRUE,0.632058598183945,0.272691129758882,TRUE,67,0.505000000000109,"59, 170"
0.001,447,5,4,100115,"joint_lambda_profiled_eta0",0.002,229.108113568904,229.108113568904,1,-0.668364590814372,-0.668364590814372,0.693147180559945,"interior","interior",2443.72505452186,7.07547840685174,2,1,1,TRUE,0.61643038901817,0.257291737660353,TRUE,97,0.430000000000064,"59, 170"
0.001,447,5,4,100115,"susie_rss_in_sample",NA,NA,NA,NA,NA,NA,NA,NA,NA,-28275.3188913669,NA,2,1,1,TRUE,0.661117972943109,0.322700293311769,TRUE,12,0.0329999999999018,"59, 170"
0.001,447,5,4,100115,"susie_rss_out_of_sample",NA,NA,NA,NA,NA,NA,NA,NA,NA,-28266.4957307287,NA,2,1,1,TRUE,0.656821019513767,0.313665204636194,TRUE,6,0.0170000000000528,"59, 170"
0.001,447,5,5,100116,"joint_lambda_calibrated_eta0",0.002,339.70675944268,522.1292892634,1.537,-0.274475821373935,0.155356643182524,0.693147180559945,"interior","interior",2519.44170306495,1.70871166876941,2,1,1,TRUE,0.907964138285847,0.815937662002337,TRUE,38,0.308999999999742,"127, 464"
0.001,447,5,5,100116,"joint_lambda_profiled_eta0",0.002,339.70675944268,339.70675944268,1,-0.274475821373935,-0.274475821373935,0.693147180559945,"interior","interior",2520.48942463095,1.23405368878684,2,1,1,TRUE,0.892382966217031,0.78479498930234,TRUE,59,0.263999999999896,"127, 464"
0.001,447,5,5,100116,"susie_rss_in_sample",NA,NA,NA,NA,NA,NA,NA,NA,NA,-28306.6470230858,NA,2,1,1,TRUE,0.949215372148476,0.898430851431266,TRUE,4,0.0170000000000528,"127, 464"
0.001,447,5,5,100116,"susie_rss_out_of_sample",NA,NA,NA,NA,NA,NA,NA,NA,NA,-28305.4680637135,NA,2,1,1,TRUE,0.942228394478251,0.884457220697352,TRUE,9,0.0249999999998636,"127, 464"
0.001,972,5,1,100117,"joint_lambda_calibrated_eta0",0.002,1420.19853741328,2182.84515200421,1.537,0.379196151441425,0.809028615997884,0.693147180559945,"interior","interior",2587.62806960098,0.611357547289117,2,1,1,TRUE,0.684690434442675,0.369896577513411,TRUE,12,0.0570000000000164,"236, 258"
0.001,972,5,1,100117,"joint_lambda_profiled_eta0",0.001,495.379831823086,495.379831823086,1,-0.674030999127944,-0.674030999127944,0,"interior","interior",2588.04352988251,0,2,1,1,TRUE,0.679166456084509,0.362636458623323,TRUE,45,0.20699999999988,"236, 258"
0.001,972,5,1,100117,"susie_rss_in_sample",NA,NA,NA,NA,NA,NA,NA,NA,NA,-28280.7713698287,NA,2,1,1,TRUE,0.682598199126005,0.365634726076133,TRUE,5,0.0199999999999818,"236, 258"
0.001,972,5,1,100117,"susie_rss_out_of_sample",NA,NA,NA,NA,NA,NA,NA,NA,NA,-28279.7948407912,NA,2,1,1,TRUE,0.686750226325591,0.373682483758628,TRUE,9,0.0259999999998399,"236, 258"
0.001,972,5,2,100118,"joint_lambda_calibrated_eta0",0.002,1822.44027968888,2801.09070988181,1.537,0.628575890539189,1.05840835509565,0.693147180559945,"interior","interior",2602.65209285574,5.18738542025994,2,1,1,TRUE,0.710695487144778,0.421605456970321,TRUE,64,0.378999999999905,"9, 227"
0.001,972,5,2,100118,"joint_lambda_profiled_eta0",0.002,1822.44027968888,1822.44027968888,1,0.628575890539189,0.628575890539189,0.693147180559945,"interior","interior",2602.76369928626,4.49101166305763,2,1,1,TRUE,0.71191688901891,0.424119705138586,TRUE,66,0.283999999999878,"9, 227"
0.001,972,5,2,100118,"susie_rss_in_sample",NA,NA,NA,NA,NA,NA,NA,NA,NA,-28305.6205668934,NA,2,1,1,TRUE,0.694712175099104,0.389463605160598,TRUE,4,0.0160000000000764,"9, 227"
0.001,972,5,2,100118,"susie_rss_out_of_sample",NA,NA,NA,NA,NA,NA,NA,NA,NA,-28305.3003223296,NA,2,1,1,TRUE,0.706086023513962,0.412278931316338,TRUE,4,0.015999999999849,"9, 227"
0.001,972,5,3,100119,"joint_lambda_calibrated_eta0",0.001,399.634156880337,614.237699125078,1.537,-0.888806283660529,-0.45897381910407,0,"interior","interior",2562.25868924457,0,2,1,1,TRUE,0.95404668597063,0.908125384935696,TRUE,10,0.105999999999995,"12, 237"
0.001,972,5,3,100119,"joint_lambda_profiled_eta0",0.001,399.634156880337,399.634156880337,1,-0.888806283660529,-0.888806283660529,0,"interior","interior",2563.5727511586,0,2,1,1,TRUE,0.936633684216949,0.873391171083624,TRUE,27,0.0940000000000509,"12, 237"
0.001,972,5,3,100119,"susie_rss_in_sample",NA,NA,NA,NA,NA,NA,NA,NA,NA,-28270.8957134867,NA,2,1,1,TRUE,0.998727191040192,0.997455125896734,TRUE,5,0.0190000000000055,"12, 237"
0.001,972,5,3,100119,"susie_rss_out_of_sample",NA,NA,NA,NA,NA,NA,NA,NA,NA,-28273.0802530549,NA,2,1,1,TRUE,0.983134263797126,0.966269080234521,TRUE,6,0.0169999999998254,"12, 237"
0.001,972,5,4,100120,"joint_lambda_calibrated_eta0",0.002,1429.61779616093,2197.32255269934,1.537,0.385806607657136,0.815639072213594,0.693147180559945,"interior","interior",2592.6508547609,1.25401799833207,2,1,1,TRUE,0.987023063851789,0.97404615480531,TRUE,54,0.326999999999771,"57, 352"
0.001,972,5,4,100120,"joint_lambda_profiled_eta0",0.002,1429.61779616093,1429.61779616093,1,0.385806607657136,0.385806607657136,0.693147180559945,"interior","interior",2592.85166632441,0.543330502240678,2,1,1,TRUE,0.984911953610512,0.969823959089138,TRUE,56,0.246999999999844,"57, 352"
0.001,972,5,4,100120,"susie_rss_in_sample",NA,NA,NA,NA,NA,NA,NA,NA,NA,-28294.95514721,NA,2,1,1,TRUE,0.990322662226763,0.980645325141952,TRUE,5,0.015999999999849,"57, 352"
0.001,972,5,4,100120,"susie_rss_out_of_sample",NA,NA,NA,NA,NA,NA,NA,NA,NA,-28296.2227077688,NA,2,1,1,TRUE,0.990917112590699,0.981834230774647,TRUE,6,0.0180000000000291,"57, 352"
0.001,972,5,5,100121,"joint_lambda_calibrated_eta0",0.001,558.352570876117,858.187901436592,1.537,-0.554365194162444,-0.124532729605986,0,"interior","interior",2587.61618964605,0,2,1,1,TRUE,0.845557019309541,0.699300327833521,TRUE,73,0.474999999999909,"175, 198"
0.001,972,5,5,100121,"joint_lambda_profiled_eta0",0.001,558.352570876117,558.352570876117,1,-0.554365194162444,-0.554365194162444,0,"interior","interior",2588.69086063525,0,2,1,1,TRUE,0.807594933255045,0.635627633220725,TRUE,86,0.394000000000005,"175, 198"
0.001,972,5,5,100121,"susie_rss_in_sample",NA,NA,NA,NA,NA,NA,NA,NA,NA,-28263.5891375838,NA,2,1,1,TRUE,0.914648228287602,0.830485750274495,TRUE,15,0.0429999999998927,"175, 198"
0.001,972,5,5,100121,"susie_rss_out_of_sample",NA,NA,NA,NA,NA,NA,NA,NA,NA,-28264.8177945158,NA,2,1,1,TRUE,0.916556003104009,0.833733112576918,TRUE,5,0.0200000000002092,"175, 198"
0.001,2115,5,1,100122,"joint_lambda_calibrated_eta0",0.001,2743.69833597174,4217.06434238856,1.537,0.26025195545165,0.690084420008108,0,"interior","interior",2668.39273830662,0,2,1,1,TRUE,0.683964576538971,0.369398824413022,TRUE,73,0.785999999999831,"390, 402"
0.001,2115,5,1,100122,"joint_lambda_profiled_eta0",0.001,2743.69833597174,2743.69833597174,1,0.26025195545165,0.26025195545165,0,"interior","interior",2668.43722788303,0,2,1,1,TRUE,0.684240003227654,0.370134528622076,TRUE,72,0.666999999999916,"390, 402"
0.001,2115,5,1,100122,"susie_rss_in_sample",NA,NA,NA,NA,NA,NA,NA,NA,NA,-28312.9506104382,NA,2,1,1,TRUE,0.692796927796726,0.388276686187236,TRUE,4,0.0170000000000528,"390, 402"
0.001,2115,5,1,100122,"susie_rss_out_of_sample",NA,NA,NA,NA,NA,NA,NA,NA,NA,-28313.5784826673,NA,2,1,1,TRUE,0.681250312800011,0.363599227722207,TRUE,4,0.0160000000000764,"390, 402"
0.001,2115,5,2,100123,"joint_lambda_calibrated_eta0",0.001,1724.74209477792,2650.92859967367,1.537,-0.203977283466362,0.225855181090097,0,"interior","interior",2658.15750589447,0,2,1,1,TRUE,0.70268662780017,0.406576944065003,TRUE,72,0.459999999999809,"203, 382"
0.001,2115,5,2,100123,"joint_lambda_profiled_eta0",0.001,1724.74209477792,1724.74209477792,1,-0.203977283466362,-0.203977283466362,0,"interior","interior",2658.2822855662,0,2,1,1,TRUE,0.697263762411742,0.396014776449956,TRUE,71,0.352999999999838,"203, 382"
0.001,2115,5,2,100123,"susie_rss_in_sample",NA,NA,NA,NA,NA,NA,NA,NA,NA,-28301.6885292668,NA,2,1,1,TRUE,0.792662151917717,0.585723282974011,TRUE,4,0.015999999999849,"203, 382"
0.001,2115,5,2,100123,"susie_rss_out_of_sample",NA,NA,NA,NA,NA,NA,NA,NA,NA,-28302.406993075,NA,2,1,1,TRUE,0.713532101584192,0.427817449260799,TRUE,5,0.0209999999999582,"203, 382"
0.001,2115,5,3,100124,"joint_lambda_calibrated_eta0",0.001,2298.08695743315,3532.15965357475,1.537,0.0830222066967892,0.512854671253248,0,"interior","interior",2661.41871564544,0,2,1,1,TRUE,0.989756926101104,0.979513852202208,TRUE,74,0.786999999999807,"24, 200"
0.001,2115,5,3,100124,"joint_lambda_profiled_eta0",0.001,2298.08695743315,2298.08695743315,1,0.0830222066967892,0.0830222066967892,0,"interior","interior",2661.50696858069,0,2,1,1,TRUE,0.988462499567272,0.976924999134543,TRUE,75,0.674999999999955,"24, 200"
0.001,2115,5,3,100124,"susie_rss_in_sample",NA,NA,NA,NA,NA,NA,NA,NA,NA,-28294.989765589,NA,2,1,1,TRUE,0.989906572849579,0.979813145699158,TRUE,4,0.0170000000000528,"24, 200"
0.001,2115,5,3,100124,"susie_rss_out_of_sample",NA,NA,NA,NA,NA,NA,NA,NA,NA,-28296.498451905,NA,2,1,1,TRUE,0.992198274890753,0.984396549781507,TRUE,4,0.0170000000000528,"24, 200"
0.001,2115,5,4,100125,"joint_lambda_calibrated_eta0",0.001,746.550049740506,1147.44742645116,1.537,-1.04134743088055,-0.611514966324088,0,"interior","interior",2624.65913449701,0,2,1,1,TRUE,0.999938852021154,0.999877704042308,TRUE,75,0.453999999999951,"327, 344"
0.001,2115,5,4,100125,"joint_lambda_profiled_eta0",0.001,746.550049740506,746.550049740506,1,-1.04134743088055,-1.04134743088055,0,"interior","interior",2625.13718371873,0,2,1,1,TRUE,0.999873055819903,0.999746111639806,TRUE,76,0.367999999999938,"327, 344"
0.001,2115,5,4,100125,"susie_rss_in_sample",NA,NA,NA,NA,NA,NA,NA,NA,NA,-28301.8693871307,NA,2,1,1,TRUE,0.999975031443261,0.999950062886523,TRUE,3,0.0140000000001237,"327, 344"
0.001,2115,5,4,100125,"susie_rss_out_of_sample",NA,NA,NA,NA,NA,NA,NA,NA,NA,-28300.2370272285,NA,2,1,1,TRUE,0.999989752360438,0.999979504720876,TRUE,4,0.0170000000000528,"327, 344"
0.001,2115,5,5,100126,"joint_lambda_calibrated_eta0",0.001,731.815795124722,1124.8008771067,1.537,-1.06128125519171,-0.631448790635255,0,"interior","interior",2620.92281446969,0,2,1,1,TRUE,0.612333327487902,0.22803414789427,TRUE,76,0.453999999999951,"50, 190"
0.001,2115,5,5,100126,"joint_lambda_profiled_eta0",0.001,731.815795124722,731.815795124722,1,-1.06128125519171,-1.06128125519171,0,"interior","interior",2621.48128210668,0,2,1,1,TRUE,0.611175130644331,0.227847751284822,TRUE,76,0.368999999999915,"50, 190"
0.001,2115,5,5,100126,"susie_rss_in_sample",NA,NA,NA,NA,NA,NA,NA,NA,NA,-28290.6729951415,NA,2,1,1,TRUE,0.609692255279524,0.22068024065966,TRUE,4,0.015999999999849,"50, 190"
0.001,2115,5,5,100126,"susie_rss_out_of_sample",NA,NA,NA,NA,NA,NA,NA,NA,NA,-28290.8518604521,NA,2,1,1,TRUE,0.610597008696435,0.222182019389443,TRUE,5,0.0190000000000055,"50, 190"
0.001,4599,5,1,100127,"joint_lambda_calibrated_eta0",0.001,1335.72514173861,2053.00954285224,1.537,-1.23636456684069,-0.806532102284236,0,"interior","interior",2644.48035627263,0,2,1,1,TRUE,0.562361051983309,0.140618136762818,TRUE,75,0.457000000000107,"330, 485"
0.001,4599,5,1,100127,"joint_lambda_profiled_eta0",0.001,1335.72514173861,1335.72514173861,1,-1.23636456684069,-1.23636456684069,0,"interior","interior",2644.75948690441,0,2,1,1,TRUE,0.560811243503554,0.141062587981778,TRUE,76,0.371000000000095,"330, 485"
0.001,4599,5,1,100127,"susie_rss_in_sample",NA,NA,NA,NA,NA,NA,NA,NA,NA,-28279.5865030279,NA,2,1,1,TRUE,0.565717524745912,0.143234350099072,TRUE,4,0.015999999999849,"330, 485"
0.001,4599,5,1,100127,"susie_rss_out_of_sample",NA,NA,NA,NA,NA,NA,NA,NA,NA,-28279.0227217194,NA,2,1,1,TRUE,0.562286694815418,0.134327389198997,TRUE,4,0.0169999999998254,"330, 485"
0.001,4599,5,2,100128,"joint_lambda_calibrated_eta0",0.001,3774.52162907658,5801.4397438907,1.537,-0.197565234660971,0.232267229895488,0,"interior","interior",2673.28959648336,0,1,1,0.5,FALSE,0.671200374455758,0.348901193456562,TRUE,72,0.877999999999929,"152, 402"
0.001,4599,5,2,100128,"joint_lambda_profiled_eta0",0.001,3774.52162907658,3774.52162907658,1,-0.197565234660971,-0.197565234660971,0,"interior","interior",2673.31511343147,0,1,1,0.5,FALSE,0.66881656676214,0.344649142348986,TRUE,77,0.759999999999991,"152, 402"
0.001,4599,5,2,100128,"susie_rss_in_sample",NA,NA,NA,NA,NA,NA,NA,NA,NA,-28310.669453433,NA,1,1,0.5,FALSE,0.647863523195187,0.302816124974381,TRUE,4,0.0160000000000764,"152, 402"
0.001,4599,5,2,100128,"susie_rss_out_of_sample",NA,NA,NA,NA,NA,NA,NA,NA,NA,-28309.9033261623,NA,1,1,0.5,FALSE,0.674655738745253,0.354676268169716,TRUE,4,0.0169999999998254,"152, 402"
0.001,4599,5,3,100129,"joint_lambda_calibrated_eta0",0.001,1205.48374627022,1852.82851801733,1.537,-1.33895795298743,-0.909125488430971,0,"interior","interior",2652.25426855759,0,1,1,0.5,FALSE,0.892763631464158,0.886640424892988,TRUE,41,0.304999999999836,"278, 485"
0.001,4599,5,3,100129,"joint_lambda_profiled_eta0",0.001,1205.48374627022,1205.48374627022,1,-1.33895795298743,-1.33895795298743,0,"interior","interior",2652.42392631183,0,1,1,0.5,FALSE,0.878171793329129,0.86276137195729,TRUE,55,0.256999999999834,"278, 485"
0.001,4599,5,3,100129,"susie_rss_in_sample",NA,NA,NA,NA,NA,NA,NA,NA,NA,-28315.5372522486,NA,2,1,1,TRUE,0.9300269491752,0.900425606461859,TRUE,10,0.0270000000000437,"278, 485"
0.001,4599,5,3,100129,"susie_rss_out_of_sample",NA,NA,NA,NA,NA,NA,NA,NA,NA,-28316.0422944303,NA,2,1,1,TRUE,0.919425177652262,0.910958321276527,TRUE,15,0.04099999999994,"278, 485"
0.001,4599,5,4,100130,"joint_lambda_calibrated_eta0",0.001,1742.02376798279,2677.49053138954,1.537,-0.970791366143181,-0.540958901586722,0,"interior","interior",2659.01892896923,0,2,1,1,TRUE,0.361278401136931,0.160156715711554,TRUE,75,0.475000000000136,"5, 482"
0.001,4599,5,4,100130,"joint_lambda_profiled_eta0",0.001,1742.02376798279,1742.02376798279,1,-0.970791366143181,-0.970791366143181,0,"interior","interior",2659.14388994106,0,2,1,1,TRUE,0.360161298578033,0.15990228285541,TRUE,73,0.36200000000008,"5, 482"
0.001,4599,5,4,100130,"susie_rss_in_sample",NA,NA,NA,NA,NA,NA,NA,NA,NA,-28299.4461750548,NA,2,1,1,TRUE,0.349553301160233,0.154843579422012,TRUE,3,0.0139999999998963,"5, 482"
0.001,4599,5,4,100130,"susie_rss_out_of_sample",NA,NA,NA,NA,NA,NA,NA,NA,NA,-28300.5184485502,NA,2,1,1,TRUE,0.360133970274857,0.155719991268656,TRUE,3,0.01299999999992,"5, 482"
0.001,4599,5,5,100131,"joint_lambda_calibrated_eta0",0.001,2791.53505483788,4290.58937928582,1.537,-0.49924724516179,-0.0694147806053316,0,"interior","interior",2666.70686911187,0,2,1,1,TRUE,0.696613655283388,0.393227310566787,TRUE,70,0.880000000000109,"83, 463"
0.001,4599,5,5,100131,"joint_lambda_profiled_eta0",0.001,2791.53505483788,2791.53505483788,1,-0.49924724516179,-0.49924724516179,0,"interior","interior",2666.76547542513,0,2,1,1,TRUE,0.695820996956874,0.391641993913764,TRUE,71,0.761999999999944,"83, 463"
0.001,4599,5,5,100131,"susie_rss_in_sample",NA,NA,NA,NA,NA,NA,NA,NA,NA,-28300.5587881799,NA,2,1,1,TRUE,0.693708504850083,0.387417009700166,TRUE,4,0.0190000000000055,"83, 463"
0.001,4599,5,5,100131,"susie_rss_out_of_sample",NA,NA,NA,NA,NA,NA,NA,NA,NA,-28300.3386968669,NA,2,1,1,TRUE,0.69622756849315,0.392455136986304,TRUE,4,0.0169999999998254,"83, 463"
0.001,10000,5,1,100132,"joint_lambda_calibrated_eta0",0.001,20000,20000,1.537,0.693147180559944,0.693147180559944,0,"upper","interior",2691.576401345,0,1,1,0.5,FALSE,0.580911347121551,0.161823093339329,TRUE,65,1.88699999999994,"19, 242"
0.001,10000,5,1,100132,"joint_lambda_profiled_eta0",0.001,20000,20000,1,0.693147180559944,0.693147180559944,0,"upper","interior",2691.5763970601,0,1,1,0.5,FALSE,0.580911514581274,0.161823428258537,TRUE,74,1.75800000000004,"19, 242"
0.001,10000,5,1,100132,"susie_rss_in_sample",NA,NA,NA,NA,NA,NA,NA,NA,NA,-28297.3900319596,NA,1,1,0.5,FALSE,0.563848224020902,0.127696726005503,TRUE,14,0.0489999999999782,"19, 242"
0.001,10000,5,1,100132,"susie_rss_out_of_sample",NA,NA,NA,NA,NA,NA,NA,NA,NA,-28297.8254110042,NA,1,1,0.5,FALSE,0.577475431416944,0.154951168512684,TRUE,10,0.0350000000000819,"19, 242"
0.001,10000,5,2,100133,"joint_lambda_calibrated_eta0",0.001,1188.84336584693,1827.25225330673,1.537,-2.12960422000463,-1.69977175544817,0,"interior","interior",2638.27234466041,0,2,1,1,TRUE,0.810174337012992,0.620348674025985,TRUE,74,0.523999999999887,"390, 393"
0.001,10000,5,2,100133,"joint_lambda_profiled_eta0",0.001,1188.84336584693,1188.84336584693,1,-2.12960422000463,-2.12960422000463,0,"interior","interior",2638.6090508569,0,2,1,1,TRUE,0.804353639642519,0.608707279285037,TRUE,86,0.436999999999898,"390, 393"
0.001,10000,5,2,100133,"susie_rss_in_sample",NA,NA,NA,NA,NA,NA,NA,NA,NA,-28279.7915333147,NA,2,1,1,TRUE,0.812955141260608,0.625910282521216,TRUE,11,0.0419999999999163,"390, 393"
0.001,10000,5,2,100133,"susie_rss_out_of_sample",NA,NA,NA,NA,NA,NA,NA,NA,NA,-28279.9304120072,NA,2,1,1,TRUE,0.822239079376021,0.644478158752043,TRUE,11,0.0430000000001201,"390, 393"
0.001,10000,5,3,100134,"joint_lambda_calibrated_eta0",0.001,20000,20000,1.537,0.693147180559944,0.693147180559944,0,"upper","interior",2716.64290229421,0,2,1,1,TRUE,0.605989595731096,0.211979203067059,TRUE,67,1.72000000000003,"220, 284"
0.001,10000,5,3,100134,"joint_lambda_profiled_eta0",0.001,20000,20000,1,0.693147180559944,0.693147180559944,0,"upper","interior",2716.64278723264,0,2,1,1,TRUE,0.6059891657379,0.211978343081385,TRUE,66,1.59100000000012,"220, 284"
0.001,10000,5,3,100134,"susie_rss_in_sample",NA,NA,NA,NA,NA,NA,NA,NA,NA,-28303.302967373,NA,2,1,1,TRUE,0.608878602247723,0.217757216970598,TRUE,6,0.0249999999998636,"220, 284"
0.001,10000,5,3,100134,"susie_rss_out_of_sample",NA,NA,NA,NA,NA,NA,NA,NA,NA,-28302.9504188773,NA,2,1,1,TRUE,0.604066735186176,0.208133478919123,TRUE,6,0.0260000000000673,"220, 284"
0.001,10000,5,4,100135,"joint_lambda_calibrated_eta0",0.001,20000,20000,1.537,0.693147180559944,0.693147180559944,0,"upper","interior",2689.53480657305,0,2,1,1,TRUE,0.920664908670689,0.841329817743861,TRUE,67,1.83899999999971,"130, 246"
0.001,10000,5,4,100135,"joint_lambda_profiled_eta0",0.001,20000,20000,1,0.693147180559944,0.693147180559944,0,"upper","interior",2689.53491295667,0,2,1,1,TRUE,0.920671134995431,0.841342270393398,TRUE,70,1.70699999999988,"130, 246"
0.001,10000,5,4,100135,"susie_rss_in_sample",NA,NA,NA,NA,NA,NA,NA,NA,NA,-28285.9826396063,NA,1,1,0.5,FALSE,0.90517112649073,0.810342253246266,TRUE,4,0.0180000000000291,"130, 246"
0.001,10000,5,4,100135,"susie_rss_out_of_sample",NA,NA,NA,NA,NA,NA,NA,NA,NA,-28285.3203651108,NA,2,1,1,TRUE,0.927972015933832,0.855944032142817,TRUE,4,0.0180000000000291,"130, 246"
0.001,10000,5,5,100136,"joint_lambda_calibrated_eta0",0.001,3418.56785981673,5254.33880053831,1.537,-1.07336338406121,-0.643530919504752,0,"interior","interior",2666.69817752383,0,2,1,1,TRUE,0.781992004344733,0.563984008689466,TRUE,74,0.882000000000062,"23, 376"
0.001,10000,5,5,100136,"joint_lambda_profiled_eta0",0.001,3418.56785981673,3418.56785981673,1,-1.07336338406121,-1.07336338406121,0,"interior","interior",2666.75658078076,0,2,1,1,TRUE,0.781134677596378,0.562269355192757,TRUE,75,0.758000000000038,"23, 376"
0.001,10000,5,5,100136,"susie_rss_in_sample",NA,NA,NA,NA,NA,NA,NA,NA,NA,-28280.8485517823,NA,2,1,1,TRUE,0.78227160575659,0.56454321151318,TRUE,4,0.0180000000000291,"23, 376"
0.001,10000,5,5,100136,"susie_rss_out_of_sample",NA,NA,NA,NA,NA,NA,NA,NA,NA,-28280.5116137037,NA,2,1,1,TRUE,0.78279924182207,0.56559848364414,TRUE,4,0.0180000000000291,"23, 376"
0.01,20,3,1,100002,"joint_lambda_calibrated_eta0",0.01,2.28922843416336,3.51854410330908,1.537,-2.16751744107388,-1.73768497651743,0,"interior","upper",1749.48566657432,0,0,0,0,FALSE,0.0292708813664131,0.0214878923233333,TRUE,148,0.661000000000001,"222, 230"
0.01,20,3,1,100002,"joint_lambda_profiled_eta0",0.01,2.28922843416336,2.28922843416336,1,-2.16751744107388,-2.16751744107388,0,"interior","upper",1749.53382315732,0,0,0,0,FALSE,0.020784523157804,0.018469813819607,TRUE,115,0.478999999999985,"222, 230"
0.01,20,3,1,100002,"susie_rss_in_sample",NA,NA,NA,NA,NA,NA,NA,NA,NA,-28299.8885232021,NA,1,1,0.5,FALSE,0.859103152592677,0.776860223516104,TRUE,17,0.0539999999999736,"222, 230"
0.01,20,3,1,100002,"susie_rss_out_of_sample",NA,NA,NA,NA,NA,NA,NA,NA,NA,-28187.245112292,NA,4,0.25,0.5,FALSE,0.494857738454607,1.67444293290853e-05,TRUE,8,0.0240000000000009,"222, 230"
0.01,20,3,2,100003,"joint_lambda_calibrated_eta0",0.01,8.81179862880274,13.5437344924698,1.537,-0.81964069680388,-0.389808232247422,0,"interior","upper",1739.72691207134,0,0,0,0,FALSE,0.192026818435615,0.0555008523418956,TRUE,124,0.933999999999969,"262, 268"
0.01,20,3,2,100003,"joint_lambda_profiled_eta0",0.01,8.81179862880274,8.81179862880274,1,-0.81964069680388,-0.81964069680388,0,"interior","upper",1740.03664684534,0,0,0,0,FALSE,0.15744557170307,0.0785643269457631,TRUE,194,0.791999999999973,"262, 268"
0.01,20,3,2,100003,"susie_rss_in_sample",NA,NA,NA,NA,NA,NA,NA,NA,NA,-28280.9890413022,NA,1,1,0.5,FALSE,0.258102844322446,0.0300547401499301,TRUE,18,0.0500000000000114,"262, 268"
0.01,20,3,2,100003,"susie_rss_out_of_sample",NA,NA,NA,NA,NA,NA,NA,NA,NA,-28162.2385895917,NA,5,0.2,0.5,FALSE,0.137570077043953,6.66133814775094e-16,TRUE,22,0.0600000000000023,"262, 268"
0.01,20,3,3,100004,"joint_lambda_calibrated_eta0",0.01,2.1789688217636,3.34907507905066,1.537,-2.21688052620071,-1.78704806164425,0,"interior","upper",1786.28387925444,0,0,0,0,FALSE,0.0289773083804996,0.0275855603706576,TRUE,124,0.641999999999996,"231, 273"
0.01,20,3,3,100004,"joint_lambda_profiled_eta0",0.01,2.1789688217636,2.1789688217636,1,-2.21688052620071,-2.21688052620071,0,"interior","upper",1786.34368967243,0,0,0,0,FALSE,0.0206435496598862,0.0203171574943978,TRUE,119,0.5,"231, 273"
0.01,20,3,3,100004,"susie_rss_in_sample",NA,NA,NA,NA,NA,NA,NA,NA,NA,-28305.7975385521,NA,2,1,1,TRUE,0.630658488111851,0.261317087275954,TRUE,23,0.0640000000000214,"231, 273"
0.01,20,3,3,100004,"susie_rss_out_of_sample",NA,NA,NA,NA,NA,NA,NA,NA,NA,-28234.7587518797,NA,4,0.25,0.5,FALSE,0.500001701808954,3.40382897923153e-06,TRUE,12,0.0330000000000155,"231, 273"
0.01,20,3,4,100005,"joint_lambda_calibrated_eta0",0.01,2.1976900806496,3.37784965395844,1.537,-2.20832542812846,-1.778492963572,0,"interior","upper",1738.68324373671,0,0,0,0,FALSE,0.0308630082038901,0.019299442582954,TRUE,145,0.638000000000034,"238, 307"
0.01,20,3,4,100005,"joint_lambda_profiled_eta0",0.01,2.1976900806496,2.1976900806496,1,-2.20832542812846,-2.20832542812846,0,"interior","upper",1738.74004420766,0,0,0,0,FALSE,0.0229876774201503,0.0185804482774087,TRUE,113,0.463000000000022,"238, 307"
0.01,20,3,4,100005,"susie_rss_in_sample",NA,NA,NA,NA,NA,NA,NA,NA,NA,-28285.3920669268,NA,2,1,1,TRUE,0.911866104063322,0.825018526348699,TRUE,4,0.0179999999999723,"238, 307"
0.01,20,3,4,100005,"susie_rss_out_of_sample",NA,NA,NA,NA,NA,NA,NA,NA,NA,-28181.5826279774,NA,5,0.4,1,TRUE,0.972053903231776,0.944124969517315,TRUE,6,0.0180000000000291,"238, 307"
0.01,20,3,5,100006,"joint_lambda_calibrated_eta0",0.01,16.5401611867784,25.4222277440784,1.537,-0.189940838735168,0.239891625821291,0,"interior","upper",1842.45257007865,0,1,1,0.5,FALSE,0.178588021832561,0.00794520928748987,TRUE,72,0.491999999999962,"189, 233"
0.01,20,3,5,100006,"joint_lambda_profiled_eta0",0.01,16.5401611867784,16.5401611867784,1,-0.189940838735168,-0.189940838735168,0,"interior","upper",1843.20396331047,0,1,1,0.5,FALSE,0.161889348794599,0.00794178319082595,TRUE,102,0.408999999999992,"189, 233"
0.01,20,3,5,100006,"susie_rss_in_sample",NA,NA,NA,NA,NA,NA,NA,NA,NA,-28281.35202243,NA,1,1,0.5,FALSE,0.0727507847401079,0,TRUE,3,0.0149999999999864,"189, 233"
0.01,20,3,5,100006,"susie_rss_out_of_sample",NA,NA,NA,NA,NA,NA,NA,NA,NA,-28198.1004729468,NA,4,0.25,0.5,FALSE,0.0813576085514228,4.2373549113961e-11,TRUE,78,0.21999999999997,"189, 233"
0.01,43,3,1,100007,"joint_lambda_calibrated_eta0",0.01,15.9511938468774,24.5169849426506,1.537,-0.991666439929771,-0.561833975373312,0,"interior","upper",1933.04739933988,0,1,1,0.5,FALSE,0.500753624711612,0.0177282401250969,TRUE,52,0.427000000000021,"97, 283"
0.01,43,3,1,100007,"joint_lambda_profiled_eta0",0.01,15.9511938468774,15.9511938468774,1,-0.991666439929771,-0.991666439929771,0,"interior","upper",1933.65220471954,0,0,0,0,FALSE,0.478790459995103,0.0427842871554214,TRUE,87,0.365999999999985,"97, 283"
0.01,43,3,1,100007,"susie_rss_in_sample",NA,NA,NA,NA,NA,NA,NA,NA,NA,-28291.9442880736,NA,2,1,1,TRUE,0.999999999149143,0.999999998298286,TRUE,4,0.0180000000000291,"97, 283"
0.01,43,3,1,100007,"susie_rss_out_of_sample",NA,NA,NA,NA,NA,NA,NA,NA,NA,-28237.2748536512,NA,5,0.4,1,TRUE,0.999764311914258,0.99952862382853,TRUE,12,0.0339999999999918,"97, 283"
0.01,43,3,2,100008,"joint_lambda_calibrated_eta0",0.01,27.3564198714083,42.0468173423545,1.537,-0.452248884154374,-0.0224164195979153,0,"interior","upper",1970.71748779328,0,1,1,0.5,FALSE,0.285595720456844,0.00874134056525133,TRUE,44,0.326999999999941,"53, 496"
0.01,43,3,2,100008,"joint_lambda_profiled_eta0",0.01,27.3564198714083,27.3564198714083,1,-0.452248884154374,-0.452248884154374,0,"interior","upper",1971.80370224821,0,1,1,0.5,FALSE,0.274692124955309,0.0081564729850897,TRUE,67,0.275999999999954,"53, 496"
0.01,43,3,2,100008,"susie_rss_in_sample",NA,NA,NA,NA,NA,NA,NA,NA,NA,-28289.4901333358,NA,2,1,1,TRUE,0.956546682746353,0.946152668162065,TRUE,10,0.0289999999999964,"53, 496"
0.01,43,3,2,100008,"susie_rss_out_of_sample",NA,NA,NA,NA,NA,NA,NA,NA,NA,-28234.0628816729,NA,4,0.25,0.5,FALSE,0.354448473698483,4.72204200629989e-07,TRUE,7,0.021000000000015,"53, 496"
0.01,43,3,3,100009,"joint_lambda_calibrated_eta0",0.01,32.221757204311,49.5248408230261,1.537,-0.288558201743746,0.141274262812713,0,"interior","upper",2025.62129514467,0,1,1,0.5,FALSE,0.504743752389293,0.0094875047944668,TRUE,35,0.314999999999998,"472, 498"
0.01,43,3,3,100009,"joint_lambda_profiled_eta0",0.01,32.221757204311,32.221757204311,1,-0.288558201743746,-0.288558201743746,0,"interior","upper",2026.8043689271,0,1,1,0.5,FALSE,0.50418474432765,0.00836949139955978,TRUE,65,0.274000000000001,"472, 498"
0.01,43,3,3,100009,"susie_rss_in_sample",NA,NA,NA,NA,NA,NA,NA,NA,NA,-28297.7945827439,NA,2,1,1,TRUE,0.969044670306725,0.93808934061345,TRUE,7,0.0229999999999677,"472, 498"
0.01,43,3,3,100009,"susie_rss_out_of_sample",NA,NA,NA,NA,NA,NA,NA,NA,NA,-28259.4179420447,NA,5,0.4,1,TRUE,0.955215236279657,0.910430472559315,TRUE,9,0.0260000000000105,"472, 498"
0.01,43,3,4,100010,"joint_lambda_calibrated_eta0",0.01,30.4653863327357,46.8252987934148,1.537,-0.344608950874241,0.0852235136822177,0,"interior","upper",2041.00586738059,0,1,1,0.5,FALSE,0.428548999383787,0.0113177312807455,TRUE,33,0.336999999999989,"110, 251"
0.01,43,3,4,100010,"joint_lambda_profiled_eta0",0.01,30.4653863327357,30.4653863327357,1,-0.344608950874241,-0.344608950874241,0,"interior","upper",2042.07464680333,0,1,1,0.5,FALSE,0.391274371469806,0.00869336680320543,TRUE,71,0.297999999999945,"110, 251"
0.01,43,3,4,100010,"susie_rss_in_sample",NA,NA,NA,NA,NA,NA,NA,NA,NA,-28298.290086094,NA,2,1,1,TRUE,0.998961702107384,0.998266882537008,TRUE,19,0.0509999999999877,"110, 251"
0.01,43,3,4,100010,"susie_rss_out_of_sample",NA,NA,NA,NA,NA,NA,NA,NA,NA,-28270.6766094306,NA,4,0.25,0.5,FALSE,0.534635726745812,0.0694073431714661,TRUE,10,0.0269999999999868,"110, 251"
0.01,43,3,5,100011,"joint_lambda_calibrated_eta0",0.01,36.5212580074816,56.1331735574992,1.537,-0.163305613476797,0.266526851079662,0,"interior","upper",2082.3934074519,0,1,1,0.5,FALSE,0.196298408477746,0.00992509757457727,TRUE,68,0.430999999999983,"252, 404"
0.01,43,3,5,100011,"joint_lambda_profiled_eta0",0.01,36.5212580074816,36.5212580074816,1,-0.163305613476797,-0.163305613476797,0,"interior","upper",2083.57731087326,0,1,1,0.5,FALSE,0.211006426723627,0.00859539270438425,TRUE,82,0.351999999999975,"252, 404"
0.01,43,3,5,100011,"susie_rss_in_sample",NA,NA,NA,NA,NA,NA,NA,NA,NA,-28298.2521682996,NA,2,1,1,TRUE,0.775285796026646,0.552125192735309,TRUE,5,0.0219999999999914,"252, 404"
0.01,43,3,5,100011,"susie_rss_out_of_sample",NA,NA,NA,NA,NA,NA,NA,NA,NA,-28284.4521571303,NA,4,0.5,1,TRUE,0.561018505671244,0.122041373822304,TRUE,21,0.0550000000000068,"252, 404"
0.01,95,3,1,100012,"joint_lambda_calibrated_eta0",0.01,38.0271730933848,58.4477650445324,1.537,-0.915575906018181,-0.485743441461723,0,"interior","upper",2168.44053831836,0,1,1,0.5,FALSE,0.486126207951499,0.0577860142956342,TRUE,31,0.15500000000003,"311, 321"
0.01,95,3,1,100012,"joint_lambda_profiled_eta0",0.01,38.0271730933848,38.0271730933848,1,-0.915575906018181,-0.915575906018181,0,"interior","upper",2169.12252768325,0,1,1,0.5,FALSE,0.417196761776706,0.0150361129470823,TRUE,28,0.117999999999995,"311, 321"
0.01,95,3,1,100012,"susie_rss_in_sample",NA,NA,NA,NA,NA,NA,NA,NA,NA,-28326.5703869728,NA,2,1,1,TRUE,0.972223671573735,0.944454219189421,TRUE,5,0.0220000000000482,"311, 321"
0.01,95,3,1,100012,"susie_rss_out_of_sample",NA,NA,NA,NA,NA,NA,NA,NA,NA,-28320.2689933457,NA,3,0.666666666666667,1,TRUE,0.981491978030268,0.96299573737612,TRUE,32,0.0939999999999941,"311, 321"
0.01,95,3,2,100013,"joint_lambda_calibrated_eta0",0.01,55.151153152313,84.7673223951052,1.537,-0.543799236739518,-0.113966772183059,0,"interior","upper",2119.91956925997,0,1,1,0.5,FALSE,0.449494843938122,0.426621270744135,TRUE,103,0.260000000000048,"215, 319"
0.01,95,3,2,100013,"joint_lambda_profiled_eta0",0.01,55.151153152313,55.151153152313,1,-0.543799236739518,-0.543799236739518,0,"interior","upper",2119.84085305737,0,1,1,0.5,FALSE,0.203667204636764,0.0124379706112256,TRUE,35,0.140000000000043,"215, 319"
0.01,95,3,2,100013,"susie_rss_in_sample",NA,NA,NA,NA,NA,NA,NA,NA,NA,-28274.9682285113,NA,2,1,1,TRUE,0.818895113607395,0.637790265035405,TRUE,5,0.0219999999999914,"215, 319"
0.01,95,3,2,100013,"susie_rss_out_of_sample",NA,NA,NA,NA,NA,NA,NA,NA,NA,-28255.4316328794,NA,3,0.333333333333333,0.5,FALSE,0.51403815592238,0.040033611503163,TRUE,30,0.0939999999999941,"215, 319"
0.01,95,3,3,100014,"joint_lambda_calibrated_eta0",0.01,50.0172090916565,76.876450373876,1.537,-0.641509763556245,-0.211677298999786,0,"interior","upper",2084.85042648986,0,1,1,0.5,FALSE,0.387487016965959,0.0311972193943143,TRUE,44,0.213999999999999,"330, 497"
0.01,95,3,3,100014,"joint_lambda_profiled_eta0",0.01,50.0172090916565,50.0172090916565,1,-0.641509763556245,-0.641509763556245,0,"interior","upper",2086.16944941952,0,1,1,0.5,FALSE,0.351544238638563,0.00962387257718833,TRUE,39,0.161999999999978,"330, 497"
0.01,95,3,3,100014,"susie_rss_in_sample",NA,NA,NA,NA,NA,NA,NA,NA,NA,-28280.6644558312,NA,2,1,1,TRUE,0.940924940208642,0.940816802294074,TRUE,5,0.0219999999999914,"330, 497"
0.01,95,3,3,100014,"susie_rss_out_of_sample",NA,NA,NA,NA,NA,NA,NA,NA,NA,-28258.9889857672,NA,5,0.4,1,TRUE,0.851033204047512,0.72778170096783,TRUE,23,0.0620000000000118,"330, 497"
0.01,95,3,4,100015,"joint_lambda_calibrated_eta0",0.01,39.6333174294581,60.9164088890771,1.537,-0.874206777847232,-0.444374313290773,0,"interior","upper",2087.95999402754,0,1,1,0.5,FALSE,0.465766429767712,0.42299995249932,TRUE,95,0.257999999999981,"265, 292"
0.01,95,3,4,100015,"joint_lambda_profiled_eta0",0.01,39.6333174294581,39.6333174294581,1,-0.874206777847232,-0.874206777847232,0,"interior","upper",2086.06736409914,0,1,1,0.5,FALSE,0.257902699843812,0.0137215248127823,TRUE,36,0.146999999999991,"265, 292"
0.01,95,3,4,100015,"susie_rss_in_sample",NA,NA,NA,NA,NA,NA,NA,NA,NA,-28278.3872470088,NA,2,1,1,TRUE,0.931499142567756,0.902299656894654,TRUE,8,0.0299999999999727,"265, 292"
0.01,95,3,4,100015,"susie_rss_out_of_sample",NA,NA,NA,NA,NA,NA,NA,NA,NA,-28248.8147264926,NA,4,0.5,1,TRUE,0.893331604746768,0.817974935537943,TRUE,14,0.0380000000000109,"265, 292"
0.01,95,3,5,100016,"joint_lambda_calibrated_eta0",0.01,47.0897811292237,72.3769935956168,1.537,-0.701820875280626,-0.271988410724167,0,"interior","upper",2140.63050700306,0,1,1,0.5,FALSE,0.471804009060834,0.0593103377425809,TRUE,31,0.283999999999992,"71, 260"
0.01,95,3,5,100016,"joint_lambda_profiled_eta0",0.01,47.0897811292237,47.0897811292237,1,-0.701820875280626,-0.701820875280626,0,"interior","upper",2141.50830382855,0,1,1,0.5,FALSE,0.427284133175765,0.0178539674727521,TRUE,60,0.24799999999999,"71, 260"
0.01,95,3,5,100016,"susie_rss_in_sample",NA,NA,NA,NA,NA,NA,NA,NA,NA,-28295.7220233079,NA,2,1,1,TRUE,0.852608534937167,0.705782127902727,TRUE,5,0.021000000000015,"71, 260"
0.01,95,3,5,100016,"susie_rss_out_of_sample",NA,NA,NA,NA,NA,NA,NA,NA,NA,-28296.0332882042,NA,3,0.666666666666667,1,TRUE,0.601642081775385,0.208428913281667,TRUE,15,0.0389999999999873,"71, 260"
0.01,206,3,1,100017,"joint_lambda_calibrated_eta0",0.01,199.201339460047,306.172458750092,1.537,-0.033560099464669,0.39627236509179,0,"interior","upper",2269.27039947177,0,2,1,1,TRUE,0.829728557335008,0.659457142015999,TRUE,76,0.495999999999981,"72, 351"
0.01,206,3,1,100017,"joint_lambda_profiled_eta0",0.01,199.201339460047,199.201339460047,1,-0.033560099464669,-0.033560099464669,0,"interior","upper",2271.32812084304,0,2,1,1,TRUE,0.812684415366319,0.625369300716232,TRUE,101,0.408999999999992,"72, 351"
0.01,206,3,1,100017,"susie_rss_in_sample",NA,NA,NA,NA,NA,NA,NA,NA,NA,-28282.8019031212,NA,2,1,1,TRUE,0.849095678392078,0.698191356785052,TRUE,4,0.0169999999999959,"72, 351"
0.01,206,3,1,100017,"susie_rss_out_of_sample",NA,NA,NA,NA,NA,NA,NA,NA,NA,-28274.35671022,NA,2,1,1,TRUE,0.893145874738447,0.786291749477425,TRUE,5,0.0159999999999627,"72, 351"
0.01,206,3,2,100018,"joint_lambda_calibrated_eta0",0.01,109.309217386852,168.008267123591,1.537,-0.633695446084513,-0.203862981528054,0,"interior","upper",2241.99035886477,0,1,1,0.5,FALSE,0.541303410823555,0.0883339476715388,TRUE,22,0.103000000000009,"45, 145"
0.01,206,3,2,100018,"joint_lambda_profiled_eta0",0.01,109.309217386852,109.309217386852,1,-0.633695446084513,-0.633695446084513,0,"interior","upper",2243.45369094548,0,1,1,0.5,FALSE,0.500107207314243,0.0166814320528668,TRUE,20,0.0769999999999982,"45, 145"
0.01,206,3,2,100018,"susie_rss_in_sample",NA,NA,NA,NA,NA,NA,NA,NA,NA,-28297.4086063688,NA,2,1,1,TRUE,0.961443949616122,0.923009831050238,TRUE,5,0.0219999999999914,"45, 145"
0.01,206,3,2,100018,"susie_rss_out_of_sample",NA,NA,NA,NA,NA,NA,NA,NA,NA,-28293.9304379339,NA,2,1,1,TRUE,0.980582579235982,0.961204590851293,TRUE,18,0.0470000000000255,"45, 145"
0.01,206,3,3,100019,"joint_lambda_calibrated_eta0",0.01,231.108442555016,355.213676207059,1.537,0.115010879865948,0.544843344422406,0,"interior","upper",2315.81488912124,0,1,1,0.5,FALSE,0.308309841737915,0.0189717035049721,TRUE,11,0.0780000000000314,"96, 161"
0.01,206,3,3,100019,"joint_lambda_profiled_eta0",0.01,231.108442555016,231.108442555016,1,0.115010879865948,0.115010879865948,0,"interior","upper",2317.38448666573,0,1,1,0.5,FALSE,0.297558562636585,0.0114177400027859,TRUE,17,0.0649999999999977,"96, 161"
0.01,206,3,3,100019,"susie_rss_in_sample",NA,NA,NA,NA,NA,NA,NA,NA,NA,-28276.5608821361,NA,2,1,1,TRUE,0.75943267957783,0.643566203161627,TRUE,4,0.0180000000000291,"96, 161"
0.01,206,3,3,100019,"susie_rss_out_of_sample",NA,NA,NA,NA,NA,NA,NA,NA,NA,-28283.3195611346,NA,1,1,0.5,FALSE,0.342248095333088,0.0359387186682092,TRUE,38,0.111999999999966,"96, 161"
0.01,206,3,4,100020,"joint_lambda_calibrated_eta0",0.01,122.733984089212,188.642133545119,1.537,-0.517856886479296,-0.0880244219228379,0,"interior","upper",2264.68688920855,0,1,1,0.5,FALSE,0.625458200567986,0.250916412060895,TRUE,82,0.168999999999983,"62, 367"
0.01,206,3,4,100020,"joint_lambda_profiled_eta0",0.01,122.733984089212,122.733984089212,1,-0.517856886479296,-0.517856886479296,0,"interior","upper",2265.91072172555,0,1,1,0.5,FALSE,0.509221207608145,0.0184425526643885,TRUE,19,0.0749999999999886,"62, 367"
0.01,206,3,4,100020,"susie_rss_in_sample",NA,NA,NA,NA,NA,NA,NA,NA,NA,-28294.4186460549,NA,2,1,1,TRUE,0.99974228423236,0.99948456846472,TRUE,6,0.021000000000015,"62, 367"
0.01,206,3,4,100020,"susie_rss_out_of_sample",NA,NA,NA,NA,NA,NA,NA,NA,NA,-28295.9019949463,NA,3,0.666666666666667,1,TRUE,0.997120482678072,0.994240965373512,TRUE,10,0.0289999999999964,"62, 367"
0.01,206,3,5,100021,"joint_lambda_calibrated_eta0",0.01,259.008231820831,398.095652308618,1.537,0.228983675496898,0.658816140053357,0,"interior","upper",2337.97787843416,0,2,1,1,TRUE,0.6635047615251,0.327035627375436,TRUE,20,0.264999999999986,"111, 336"
0.01,206,3,5,100021,"joint_lambda_profiled_eta0",0.01,259.008231820831,259.008231820831,1,0.228983675496898,0.228983675496898,0,"interior","upper",2339.22853561277,0,2,1,1,TRUE,0.653453183175028,0.307011792229918,TRUE,58,0.240999999999985,"111, 336"
0.01,206,3,5,100021,"susie_rss_in_sample",NA,NA,NA,NA,NA,NA,NA,NA,NA,-28299.9364281995,NA,2,1,1,TRUE,0.71971422420129,0.439428524519794,TRUE,4,0.0169999999999959,"111, 336"
0.01,206,3,5,100021,"susie_rss_out_of_sample",NA,NA,NA,NA,NA,NA,NA,NA,NA,-28305.161249525,NA,2,1,1,TRUE,0.691976756173433,0.383953912091247,TRUE,20,0.0550000000000068,"111, 336"
0.01,447,3,1,100022,"joint_lambda_calibrated_eta0",0.01,413.179722988468,635.057234233275,1.537,-0.0786759316882124,0.351156532868246,0,"interior","upper",2375.16763735769,0,2,1,1,TRUE,0.999216959520108,0.999119436851391,TRUE,76,0.412999999999954,"111, 195"
0.01,447,3,1,100022,"joint_lambda_profiled_eta0",0.01,413.179722988468,413.179722988468,1,-0.0786759316882124,-0.0786759316882124,0,"interior","upper",2376.06576868213,0,2,1,1,TRUE,0.998052633864901,0.997490720232812,TRUE,81,0.325999999999965,"111, 195"
0.01,447,3,1,100022,"susie_rss_in_sample",NA,NA,NA,NA,NA,NA,NA,NA,NA,-28307.2596889393,NA,2,1,1,TRUE,0.998902304574755,0.997827755597963,TRUE,4,0.0169999999999959,"111, 195"
0.01,447,3,1,100022,"susie_rss_out_of_sample",NA,NA,NA,NA,NA,NA,NA,NA,NA,-28304.0422568165,NA,2,1,1,TRUE,0.999921519451701,0.999897048612905,TRUE,4,0.0169999999999959,"111, 195"
0.01,447,3,2,100023,"joint_lambda_calibrated_eta0",0.01,295.94269422205,454.863921019291,1.537,-0.412392759633707,0.0174397049227517,0,"interior","upper",2350.86762936418,0,2,1,1,TRUE,0.856978445480722,0.731995654179049,TRUE,82,0.249000000000024,"93, 374"
0.01,447,3,2,100023,"joint_lambda_profiled_eta0",0.01,295.94269422205,295.94269422205,1,-0.412392759633707,-0.412392759633707,0,"interior","upper",2351.86725233575,0,2,1,1,TRUE,0.818319545241074,0.676340782022113,TRUE,39,0.156000000000006,"93, 374"
0.01,447,3,2,100023,"susie_rss_in_sample",NA,NA,NA,NA,NA,NA,NA,NA,NA,-28305.5764037853,NA,2,1,1,TRUE,0.918033000569718,0.836544985323659,TRUE,4,0.0169999999999959,"93, 374"
0.01,447,3,2,100023,"susie_rss_out_of_sample",NA,NA,NA,NA,NA,NA,NA,NA,NA,-28305.4048812552,NA,2,1,1,TRUE,0.932869191172916,0.86742898712036,TRUE,11,0.0310000000000059,"93, 374"
0.01,447,3,3,100024,"joint_lambda_calibrated_eta0",0.01,402.549231996234,618.718169578211,1.537,-0.104741189716291,0.325091274840167,0,"interior","upper",2348.5092980333,0,2,1,1,TRUE,0.999393506228807,0.998787012555995,TRUE,69,0.475999999999942,"54, 321"
0.01,447,3,3,100024,"joint_lambda_profiled_eta0",0.01,402.549231996234,402.549231996234,1,-0.104741189716291,-0.104741189716291,0,"interior","upper",2349.88015065685,0,2,1,1,TRUE,0.997622297420673,0.995244596122236,TRUE,92,0.373999999999967,"54, 321"
0.01,447,3,3,100024,"susie_rss_in_sample",NA,NA,NA,NA,NA,NA,NA,NA,NA,-28272.8463442838,NA,2,1,1,TRUE,0.999966940948106,0.999933881896228,TRUE,5,0.0199999999999818,"54, 321"
0.01,447,3,3,100024,"susie_rss_out_of_sample",NA,NA,NA,NA,NA,NA,NA,NA,NA,-28273.7613343278,NA,2,1,1,TRUE,0.999992457721458,0.999984915442953,TRUE,8,0.0250000000000341,"54, 321"
0.01,447,3,4,100025,"joint_lambda_calibrated_eta0",0.01,358.165892280186,550.500976434646,1.537,-0.221562329285621,0.208270135270837,0,"interior","upper",2363.17560430588,0,1,1,0.5,FALSE,0.947294566765516,0.89458914921176,TRUE,41,0.34499999999997,"167, 351"
0.01,447,3,4,100025,"joint_lambda_profiled_eta0",0.01,358.165892280186,358.165892280186,1,-0.221562329285621,-0.221562329285621,0,"interior","upper",2364.20112274437,0,1,1,0.5,FALSE,0.906152750227084,0.812305597958466,TRUE,71,0.298000000000002,"167, 351"
0.01,447,3,4,100025,"susie_rss_in_sample",NA,NA,NA,NA,NA,NA,NA,NA,NA,-28299.6096586441,NA,2,1,1,TRUE,0.991873296164701,0.983746592332548,TRUE,5,0.0209999999999582,"167, 351"
0.01,447,3,4,100025,"susie_rss_out_of_sample",NA,NA,NA,NA,NA,NA,NA,NA,NA,-28300.6520139504,NA,2,1,1,TRUE,0.993085075106547,0.986170150280159,TRUE,10,0.0289999999999964,"167, 351"
0.01,447,3,5,100026,"joint_lambda_calibrated_eta0",0.01,355.528500423158,546.447305150394,1.537,-0.228953178617024,0.200879285939434,0,"interior","upper",2369.44503323387,0,2,1,1,TRUE,0.680838231474516,0.512867338835239,TRUE,69,0.418000000000006,"201, 385"
0.01,447,3,5,100026,"joint_lambda_profiled_eta0",0.01,355.528500423158,355.528500423158,1,-0.228953178617024,-0.228953178617024,0,"interior","upper",2370.30202445056,0,2,1,1,TRUE,0.618068724465115,0.422437400283476,TRUE,82,0.338999999999999,"201, 385"
0.01,447,3,5,100026,"susie_rss_in_sample",NA,NA,NA,NA,NA,NA,NA,NA,NA,-28310.2121460753,NA,2,1,1,TRUE,0.639786469487994,0.397410537381595,TRUE,5,0.0190000000000055,"201, 385"
0.01,447,3,5,100026,"susie_rss_out_of_sample",NA,NA,NA,NA,NA,NA,NA,NA,NA,-28306.0837461037,NA,2,1,1,TRUE,0.814956357152488,0.704489948968894,TRUE,5,0.0190000000000055,"201, 385"
0.01,972,3,1,100027,"joint_lambda_calibrated_eta0",0.01,860.886958672165,1323.18325547912,1.537,-0.121392599392899,0.30843986516356,0,"interior","upper",2413.71899033016,0,2,1,1,TRUE,0.615077827224366,0.230155801197598,TRUE,75,0.396000000000015,"88, 133"
0.01,972,3,1,100027,"joint_lambda_profiled_eta0",0.01,860.886958672165,860.886958672165,1,-0.121392599392899,-0.121392599392899,0,"interior","upper",2414.16830036231,0,2,1,1,TRUE,0.622437091457121,0.244874540553469,TRUE,74,0.309000000000026,"88, 133"
0.01,972,3,1,100027,"susie_rss_in_sample",NA,NA,NA,NA,NA,NA,NA,NA,NA,-28293.97217902,NA,2,1,1,TRUE,0.65136026391271,0.302720544277737,TRUE,4,0.0180000000000291,"88, 133"
0.01,972,3,1,100027,"susie_rss_out_of_sample",NA,NA,NA,NA,NA,NA,NA,NA,NA,-28292.0117175407,NA,2,1,1,TRUE,0.595772942917231,0.191545901376331,TRUE,4,0.0169999999999959,"88, 133"
0.01,972,3,2,100028,"joint_lambda_calibrated_eta0",0.01,1101.39595798117,1692.84558741706,1.537,0.124977902469408,0.554810367025866,0,"interior","upper",2439.52317950351,0,1,1,0.5,FALSE,0.507335032385761,0.0146700647742016,TRUE,28,0.16900000000004,"143, 494"
0.01,972,3,2,100028,"joint_lambda_profiled_eta0",0.01,1101.39595798117,1101.39595798117,1,0.124977902469408,0.124977902469408,0,"interior","upper",2439.7378574619,0,1,1,0.5,FALSE,0.506481481313521,0.0129629626330651,TRUE,31,0.136000000000024,"143, 494"
0.01,972,3,2,100028,"susie_rss_in_sample",NA,NA,NA,NA,NA,NA,NA,NA,NA,-28305.2281402037,NA,1,1,0.5,FALSE,0.527607895461608,0.0552157909235483,TRUE,20,0.0550000000000068,"143, 494"
0.01,972,3,2,100028,"susie_rss_out_of_sample",NA,NA,NA,NA,NA,NA,NA,NA,NA,-28305.5473462764,NA,1,1,0.5,FALSE,0.509093242819414,0.0181864856392168,TRUE,17,0.0469999999999686,"143, 494"
0.01,972,3,3,100029,"joint_lambda_calibrated_eta0",0.01,779.499718619094,1198.09106751755,1.537,-0.220703476938819,0.209128987617639,0,"interior","upper",2414.14586735621,0,2,1,1,TRUE,0.683664432665024,0.398991930571095,TRUE,69,0.368000000000052,"67, 239"
0.01,972,3,3,100029,"joint_lambda_profiled_eta0",0.01,779.499718619094,779.499718619094,1,-0.220703476938819,-0.220703476938819,0,"interior","upper",2414.58922304297,0,2,1,1,TRUE,0.672295178299039,0.386447875682968,TRUE,69,0.287000000000035,"67, 239"
0.01,972,3,3,100029,"susie_rss_in_sample",NA,NA,NA,NA,NA,NA,NA,NA,NA,-28298.39813073,NA,2,1,1,TRUE,0.736921254398514,0.47577312888201,TRUE,5,0.0219999999999914,"67, 239"
0.01,972,3,3,100029,"susie_rss_out_of_sample",NA,NA,NA,NA,NA,NA,NA,NA,NA,-28299.8963525264,NA,2,1,1,TRUE,0.704463126513167,0.423953218344347,TRUE,5,0.021000000000015,"67, 239"
0.01,972,3,4,100030,"joint_lambda_calibrated_eta0",0.01,1480.25296570416,2275.14880828729,1.537,0.42061247046517,0.850444935021629,0,"interior","upper",2436.48446409844,0,2,1,1,TRUE,0.279467780196787,0.0803713243681052,TRUE,76,0.438999999999965,"102, 347"
0.01,972,3,4,100030,"joint_lambda_profiled_eta0",0.01,1480.25296570416,1480.25296570416,1,0.42061247046517,0.42061247046517,0,"interior","upper",2436.68486691131,0,2,1,1,TRUE,0.282046086600891,0.0844829950036897,TRUE,76,0.319999999999993,"102, 347"
0.01,972,3,4,100030,"susie_rss_in_sample",NA,NA,NA,NA,NA,NA,NA,NA,NA,-28291.7825011506,NA,2,1,1,TRUE,0.327819692927316,0.109389473423682,TRUE,4,0.0180000000000291,"102, 347"
0.01,972,3,4,100030,"susie_rss_out_of_sample",NA,NA,NA,NA,NA,NA,NA,NA,NA,-28289.9277433644,NA,2,1,1,TRUE,0.26934935072311,0.065740854102701,TRUE,4,0.0179999999999723,"102, 347"
0.01,972,3,5,100031,"joint_lambda_calibrated_eta0",0.01,989.417758526857,1520.73509485578,1.537,0.0177608429560587,0.447593307512517,0,"interior","upper",2415.23207069376,0,2,1,1,TRUE,0.783413450192854,0.566826900562793,TRUE,21,0.15300000000002,"162, 275"
0.01,972,3,5,100031,"joint_lambda_profiled_eta0",0.01,989.417758526857,989.417758526857,1,0.0177608429560587,0.0177608429560587,0,"interior","upper",2415.66947050066,0,2,1,1,TRUE,0.778338332275356,0.556676665140597,TRUE,31,0.127999999999986,"162, 275"
0.01,972,3,5,100031,"susie_rss_in_sample",NA,NA,NA,NA,NA,NA,NA,NA,NA,-28277.1954363182,NA,2,1,1,TRUE,0.75719529709777,0.514390594196813,TRUE,6,0.0240000000000009,"162, 275"
0.01,972,3,5,100031,"susie_rss_out_of_sample",NA,NA,NA,NA,NA,NA,NA,NA,NA,-28279.8072128559,NA,2,1,1,TRUE,0.79434705723964,0.588694114486079,TRUE,16,0.0460000000000491,"162, 275"
0.01,2115,3,1,100032,"joint_lambda_calibrated_eta0",0.01,1871.88005184732,2877.07963968934,1.537,-0.122111511363605,0.307720953192853,0,"interior","upper",2443.08949530982,0,2,1,1,TRUE,0.979891961978978,0.976596897555739,TRUE,73,0.436999999999955,"163, 461"
0.01,2115,3,1,100032,"joint_lambda_profiled_eta0",0.01,1871.88005184732,1871.88005184732,1,-0.122111511363605,-0.122111511363605,0,"interior","upper",2443.20751900373,0,2,1,1,TRUE,0.976664467476487,0.97238705689951,TRUE,73,0.322999999999979,"163, 461"
0.01,2115,3,1,100032,"susie_rss_in_sample",NA,NA,NA,NA,NA,NA,NA,NA,NA,-28296.0501328865,NA,2,1,1,TRUE,0.993866914117478,0.988739697129227,TRUE,4,0.0179999999999723,"163, 461"
0.01,2115,3,1,100032,"susie_rss_out_of_sample",NA,NA,NA,NA,NA,NA,NA,NA,NA,-28299.6486959342,NA,2,1,1,TRUE,0.986469978358502,0.985425792433552,TRUE,4,0.0180000000000291,"163, 461"
0.01,2115,3,2,100033,"joint_lambda_calibrated_eta0",0.01,6478.0706802683,9956.79463557237,1.537,1.11936791900772,1.54920038356418,0,"interior","upper",2461.52108334789,0,2,1,1,TRUE,0.627592602769832,0.255193492869814,TRUE,53,0.608000000000004,"269, 446"
0.01,2115,3,2,100033,"joint_lambda_profiled_eta0",0.01,6478.0706802683,6478.0706802683,1,1.11936791900772,1.11936791900772,0,"interior","upper",2461.5351455567,0,2,1,1,TRUE,0.627391999016863,0.254793232486858,TRUE,54,0.516999999999996,"269, 446"
0.01,2115,3,2,100033,"susie_rss_in_sample",NA,NA,NA,NA,NA,NA,NA,NA,NA,-28295.5529415558,NA,2,1,1,TRUE,0.624154721933026,0.248313204220653,TRUE,4,0.0169999999999959,"269, 446"
0.01,2115,3,2,100033,"susie_rss_out_of_sample",NA,NA,NA,NA,NA,NA,NA,NA,NA,-28296.383693584,NA,2,1,1,TRUE,0.626170462767173,0.252346785037998,TRUE,4,0.0169999999999959,"269, 446"
0.01,2115,3,3,100034,"joint_lambda_calibrated_eta0",0.01,764.559139289039,1175.12739708725,1.537,-1.01751071228295,-0.587678247726492,0,"interior","upper",2418.98517939269,0,2,0.5,0.5,FALSE,0.513228304397981,0.0272607148608267,TRUE,65,0.367999999999995,"126, 313"
0.01,2115,3,3,100034,"joint_lambda_profiled_eta0",0.01,764.559139289039,764.559139289039,1,-1.01751071228295,-1.01751071228295,0,"interior","upper",2419.34980965608,0,2,0.5,0.5,FALSE,0.515223523741196,0.0316643841421916,TRUE,67,0.293000000000006,"126, 313"
0.01,2115,3,3,100034,"susie_rss_in_sample",NA,NA,NA,NA,NA,NA,NA,NA,NA,-28310.8599076368,NA,2,0.5,0.5,FALSE,0.507060814386097,0.0142193403133937,TRUE,4,0.0169999999999959,"126, 313"
0.01,2115,3,3,100034,"susie_rss_out_of_sample",NA,NA,NA,NA,NA,NA,NA,NA,NA,-28312.8698771545,NA,2,0.5,0.5,FALSE,0.507471175788281,0.0152436700430848,TRUE,4,0.0160000000000196,"126, 313"
0.01,2115,3,4,100035,"joint_lambda_calibrated_eta0",0.01,2209.79769815314,3396.45906206138,1.537,0.0438461595442234,0.473678624100683,0,"interior","upper",2444.86504715684,0,2,1,1,TRUE,0.87120276432228,0.781004389009993,TRUE,79,0.742000000000075,"256, 307"
0.01,2115,3,4,100035,"joint_lambda_profiled_eta0",0.01,2209.79769815314,2209.79769815314,1,0.0438461595442234,0.0438461595442234,0,"interior","upper",2444.97361052084,0,2,1,1,TRUE,0.865337491659289,0.773387390212602,TRUE,79,0.618000000000052,"256, 307"
0.01,2115,3,4,100035,"susie_rss_in_sample",NA,NA,NA,NA,NA,NA,NA,NA,NA,-28286.7511099296,NA,2,1,1,TRUE,0.940371833607738,0.882200634031525,TRUE,5,0.021000000000015,"256, 307"
0.01,2115,3,4,100035,"susie_rss_out_of_sample",NA,NA,NA,NA,NA,NA,NA,NA,NA,-28287.6736395699,NA,2,1,1,TRUE,0.887521528573978,0.803592142247548,TRUE,5,0.0209999999999582,"256, 307"
0.01,2115,3,5,100036,"joint_lambda_calibrated_eta0",0.01,1445.86445585813,2222.29366865395,1.537,-0.38034743045948,0.0494850340969784,0,"interior","upper",2441.58236061645,0,1,1,0.5,FALSE,0.804440480212999,0.615475884574495,TRUE,75,0.48599999999999,"289, 413"
0.01,2115,3,5,100036,"joint_lambda_profiled_eta0",0.01,1445.86445585813,1445.86445585813,1,-0.38034743045948,-0.38034743045948,0,"interior","upper",2441.72174838294,0,1,1,0.5,FALSE,0.791469020177504,0.59079459924235,TRUE,83,0.370000000000005,"289, 413"
0.01,2115,3,5,100036,"susie_rss_in_sample",NA,NA,NA,NA,NA,NA,NA,NA,NA,-28309.4130765407,NA,1,1,0.5,FALSE,0.885046564187334,0.773361309991845,TRUE,6,0.0249999999999773,"289, 413"
0.01,2115,3,5,100036,"susie_rss_out_of_sample",NA,NA,NA,NA,NA,NA,NA,NA,NA,-28309.4572560698,NA,1,1,0.5,FALSE,0.830851370235079,0.666056667174032,TRUE,6,0.0249999999999773,"289, 413"
0.01,4599,3,1,100037,"joint_lambda_calibrated_eta0",0.01,1745.33667519545,2682.5824697754,1.537,-0.968891414438606,-0.539058949882148,0,"interior","upper",2448.29484984348,0,2,1,1,TRUE,0.599753585428816,0.222304728506374,TRUE,33,0.219000000000051,"76, 336"
0.01,4599,3,1,100037,"joint_lambda_profiled_eta0",0.01,1745.33667519545,1745.33667519545,1,-0.968891414438606,-0.968891414438606,0,"interior","upper",2448.3772586342,0,2,1,1,TRUE,0.598845377474991,0.222840920851292,TRUE,38,0.168000000000006,"76, 336"
0.01,4599,3,1,100037,"susie_rss_in_sample",NA,NA,NA,NA,NA,NA,NA,NA,NA,-28321.0151247145,NA,2,1,1,TRUE,0.588853047544705,0.193526792729486,TRUE,7,0.0209999999999582,"76, 336"
0.01,4599,3,1,100037,"susie_rss_out_of_sample",NA,NA,NA,NA,NA,NA,NA,NA,NA,-28321.6397625375,NA,2,1,1,TRUE,0.601078804715363,0.220469404509061,TRUE,11,0.0319999999999254,"76, 336"
0.01,4599,3,2,100038,"joint_lambda_calibrated_eta0",0.01,1881.6833226218,2892.14726686971,1.537,-0.893672127960099,-0.463839663403641,0,"interior","upper",2446.06123085193,0,2,1,1,TRUE,0.622117560049987,0.25715326483926,TRUE,39,0.247999999999934,"165, 336"
0.01,4599,3,2,100038,"joint_lambda_profiled_eta0",0.01,1881.6833226218,1881.6833226218,1,-0.893672127960099,-0.893672127960099,0,"interior","upper",2446.16431524525,0,2,1,1,TRUE,0.621182483382905,0.257449319194034,TRUE,44,0.185999999999922,"165, 336"
0.01,4599,3,2,100038,"susie_rss_in_sample",NA,NA,NA,NA,NA,NA,NA,NA,NA,-28305.561806262,NA,2,1,1,TRUE,0.627659588707683,0.261197625308399,TRUE,6,0.0190000000000055,"165, 336"
0.01,4599,3,2,100038,"susie_rss_out_of_sample",NA,NA,NA,NA,NA,NA,NA,NA,NA,-28305.9692488053,NA,2,1,1,TRUE,0.623511319792117,0.255867728463932,TRUE,7,0.0199999999999818,"165, 336"
0.01,4599,3,3,100039,"joint_lambda_calibrated_eta0",0.01,2783.83535461457,4278.7549400426,1.537,-0.5020092876999,-0.0721768231434421,0,"interior","upper",2446.72385256364,0,2,0.5,0.5,FALSE,0.367934136407826,0.00675817186465921,TRUE,47,0.45900000000006,"288, 366"
0.01,4599,3,3,100039,"joint_lambda_profiled_eta0",0.01,2783.83535461457,2783.83535461457,1,-0.5020092876999,-0.5020092876999,0,"interior","upper",2446.81917446564,0,2,0.5,0.5,FALSE,0.364885651782097,0.0071119545028373,TRUE,48,0.379000000000019,"288, 366"
0.01,4599,3,3,100039,"susie_rss_in_sample",NA,NA,NA,NA,NA,NA,NA,NA,NA,-28276.0591470014,NA,2,0.5,0.5,FALSE,0.390269203141908,0.00235697852483852,TRUE,4,0.0180000000000291,"288, 366"
0.01,4599,3,3,100039,"susie_rss_out_of_sample",NA,NA,NA,NA,NA,NA,NA,NA,NA,-28273.0916076436,NA,2,0.5,0.5,FALSE,0.375528855966414,0.00624312897656643,TRUE,9,0.0270000000000437,"288, 366"
0.01,4599,3,4,100040,"joint_lambda_calibrated_eta0",0.01,20000,20000,1.537,1.4698933849962,1.4698933849962,0,"upper","upper",2485.03632098379,0,2,1,1,TRUE,0.244886886425949,0.216595463210219,TRUE,65,1.33300000000008,"77, 379"
0.01,4599,3,4,100040,"joint_lambda_profiled_eta0",0.01,20000,20000,1,1.4698933849962,1.4698933849962,0,"upper","upper",2485.03622239909,0,2,1,1,TRUE,0.244884212257282,0.216597336546785,TRUE,63,1.20500000000004,"77, 379"
0.01,4599,3,4,100040,"susie_rss_in_sample",NA,NA,NA,NA,NA,NA,NA,NA,NA,-28324.1762647294,NA,2,1,1,TRUE,0.250521308767482,0.233752567597909,TRUE,4,0.0180000000000291,"77, 379"
0.01,4599,3,4,100040,"susie_rss_out_of_sample",NA,NA,NA,NA,NA,NA,NA,NA,NA,-28324.152851531,NA,2,1,1,TRUE,0.238473600369052,0.211563234767583,TRUE,4,0.0179999999999154,"77, 379"
0.01,4599,3,5,100041,"joint_lambda_calibrated_eta0",0.008,553.375900736985,850.538759432747,1.537,-2.11755664877359,-1.68772418421713,-0.223143551314211,"interior","interior",2424.58263878338,0.830287651433991,2,1,1,TRUE,0.524407107625625,0.438483342251534,TRUE,8,0.0679999999999836,"5, 318"
0.01,4599,3,5,100041,"joint_lambda_profiled_eta0",0.008,553.375900736985,553.375900736985,1,-2.11755664877359,-2.11755664877359,-0.223143551314211,"interior","interior",2425.16773936731,1.12219715382025,2,1,1,TRUE,0.507324485774947,0.442258121782257,TRUE,15,0.0579999999999927,"5, 318"
0.01,4599,3,5,100041,"susie_rss_in_sample",NA,NA,NA,NA,NA,NA,NA,NA,NA,-28307.0393756225,NA,2,1,1,TRUE,0.584677728726047,0.471301205184124,TRUE,18,0.0490000000000919,"5, 318"
0.01,4599,3,5,100041,"susie_rss_out_of_sample",NA,NA,NA,NA,NA,NA,NA,NA,NA,-28306.7357598809,NA,2,1,1,TRUE,0.564275547691953,0.426569088577208,TRUE,93,0.288999999999987,"5, 318"
0.01,10000,3,1,100042,"joint_lambda_calibrated_eta0",0.008,493.412536141375,758.375068049293,1.537,-3.00899476053978,-2.57916229598333,-0.223143551314211,"interior","interior",2422.35335294609,0.774951419308763,2,1,1,TRUE,0.976310054608838,0.975262936203413,TRUE,63,0.398000000000025,"179, 393"
0.01,10000,3,1,100042,"joint_lambda_profiled_eta0",0.008,493.412536141375,493.412536141375,1,-3.00899476053978,-3.00899476053978,-0.223143551314211,"interior","interior",2422.97238475507,1.06607835526256,2,1,1,TRUE,0.967325396712033,0.966474467346713,TRUE,69,0.325000000000045,"179, 393"
0.01,10000,3,1,100042,"susie_rss_in_sample",NA,NA,NA,NA,NA,NA,NA,NA,NA,-28313.5482355267,NA,2,1,1,TRUE,0.989009858950161,0.988193345636303,TRUE,6,0.0180000000000291,"179, 393"
0.01,10000,3,1,100042,"susie_rss_out_of_sample",NA,NA,NA,NA,NA,NA,NA,NA,NA,-28314.461742056,NA,2,1,1,TRUE,0.989184294861355,0.988536698030162,TRUE,6,0.0180000000000291,"179, 393"
0.01,10000,3,2,100043,"joint_lambda_calibrated_eta0",0.008,2760.06063630636,4242.21319800288,1.537,-1.2873324438301,-0.857499979273641,-0.223143551314211,"interior","interior",2476.05751693228,0.121677807922424,2,1,1,TRUE,0.933782816919797,0.867565633839595,TRUE,29,0.312999999999988,"487, 494"
0.01,10000,3,2,100043,"joint_lambda_profiled_eta0",0.008,2760.06063630636,2760.06063630636,1,-1.2873324438301,-1.2873324438301,-0.223143551314211,"interior","interior",2476.12016344068,0.184213297380666,2,1,1,TRUE,0.930301254478382,0.860602508956763,TRUE,34,0.26400000000001,"487, 494"
0.01,10000,3,2,100043,"susie_rss_in_sample",NA,NA,NA,NA,NA,NA,NA,NA,NA,-28298.8631207025,NA,2,1,1,TRUE,0.941729048893462,0.883458097786924,TRUE,18,0.05600000000004,"487, 494"
0.01,10000,3,2,100043,"susie_rss_out_of_sample",NA,NA,NA,NA,NA,NA,NA,NA,NA,-28298.2507124353,NA,2,1,1,TRUE,0.946142540803194,0.892285081606389,TRUE,18,0.0589999999999691,"487, 494"
0.01,10000,3,3,100044,"joint_lambda_calibrated_eta0",0.01,20000,20000,1.537,0.693147180559944,0.693147180559944,0,"upper","upper",2466.83342551412,0,2,1,1,TRUE,0.65608050432843,0.637137995353656,TRUE,9,0.19399999999996,"346, 431"
0.01,10000,3,3,100044,"joint_lambda_profiled_eta0",0.01,20000,20000,1,0.693147180559944,0.693147180559944,0,"upper","upper",2466.83272340857,0,2,1,1,TRUE,0.656076053163204,0.637059042347323,TRUE,10,0.173999999999978,"346, 431"
0.01,10000,3,3,100044,"susie_rss_in_sample",NA,NA,NA,NA,NA,NA,NA,NA,NA,-28299.1211468808,NA,2,1,1,TRUE,0.66215340261826,0.627754381590078,TRUE,9,0.02699999999993,"346, 431"
0.01,10000,3,3,100044,"susie_rss_out_of_sample",NA,NA,NA,NA,NA,NA,NA,NA,NA,-28299.4857158977,NA,2,1,1,TRUE,0.659423861247957,0.641237133336367,TRUE,10,0.0270000000000437,"346, 431"
0.01,10000,3,4,100045,"joint_lambda_calibrated_eta0",0.01,2242.40944049319,3446.58331003803,1.537,-1.49503416213929,-1.06520169758283,0,"interior","upper",2446.00108753261,0,2,1,1,TRUE,0.990401659083361,0.980803318166723,TRUE,76,0.80499999999995,"214, 324"
0.01,10000,3,4,100045,"joint_lambda_profiled_eta0",0.01,2242.40944049319,2242.40944049319,1,-1.49503416213929,-1.49503416213929,0,"interior","upper",2446.09545712953,0,2,1,1,TRUE,0.989191214510585,0.978382429021171,TRUE,77,0.684999999999945,"214, 324"
0.01,10000,3,4,100045,"susie_rss_in_sample",NA,NA,NA,NA,NA,NA,NA,NA,NA,-28295.6901958929,NA,2,1,1,TRUE,0.98249182437375,0.9649836487475,TRUE,4,0.0190000000000055,"214, 324"
0.01,10000,3,4,100045,"susie_rss_out_of_sample",NA,NA,NA,NA,NA,NA,NA,NA,NA,-28294.9828382833,NA,2,1,1,TRUE,0.993198580595928,0.986397161191856,TRUE,4,0.0180000000000291,"214, 324"
0.01,10000,3,5,100046,"joint_lambda_calibrated_eta0",0.01,20000,20000,1.537,0.693147180559944,0.693147180559944,0,"upper","upper",2484.79454663816,0,1,1,0.5,FALSE,0.585883720767534,0.249223220050492,TRUE,72,0.355999999999995,"311, 457"
0.01,10000,3,5,100046,"joint_lambda_profiled_eta0",0.01,20000,20000,1,0.693147180559944,0.693147180559944,0,"upper","upper",2484.67613625229,0,1,1,0.5,FALSE,0.519970418801539,0.116692955348532,TRUE,11,0.195999999999913,"311, 457"
0.01,10000,3,5,100046,"susie_rss_in_sample",NA,NA,NA,NA,NA,NA,NA,NA,NA,-28305.6865896408,NA,1,1,0.5,FALSE,0.601560152439345,0.279299848429987,TRUE,4,0.0180000000000291,"311, 457"
0.01,10000,3,5,100046,"susie_rss_out_of_sample",NA,NA,NA,NA,NA,NA,NA,NA,NA,-28305.6824830331,NA,1,1,0.5,FALSE,0.599634780804125,0.273744588261801,TRUE,4,0.0180000000000291,"311, 457"
0.01,20,4,1,100047,"joint_lambda_calibrated_eta0",0.01,24.1902839152732,37.180466377775,1.537,0.190218787885105,0.620051252441564,0,"interior","upper",2013.47405574661,0,1,1,0.5,FALSE,0.250510892516679,0.00794584258062414,TRUE,59,0.419999999999959,"331, 385"
0.01,20,4,1,100047,"joint_lambda_profiled_eta0",0.01,24.1902839152732,24.1902839152732,1,0.190218787885105,0.190218787885105,0,"interior","upper",2014.31575413185,0,1,1,0.5,FALSE,0.181033973147482,0.00797615825957998,TRUE,81,0.352999999999952,"331, 385"
0.01,20,4,1,100047,"susie_rss_in_sample",NA,NA,NA,NA,NA,NA,NA,NA,NA,-28310.8735142249,NA,1,1,0.5,FALSE,0.459353170892549,0,TRUE,3,0.0149999999999864,"331, 385"
0.01,20,4,1,100047,"susie_rss_out_of_sample",NA,NA,NA,NA,NA,NA,NA,NA,NA,-28274.8228775777,NA,5,0.2,0.5,FALSE,0.480110032674197,0.000367190404739093,TRUE,14,0.0389999999999873,"331, 385"
0.01,20,4,2,100048,"joint_lambda_calibrated_eta0",0.01,16.0435139454296,24.6588809341252,1.537,-0.22042762120422,0.209404843352239,0,"interior","upper",1870.0374328691,0,1,1,0.5,FALSE,0.504105765317951,0.00821347927316252,TRUE,64,0.452999999999975,"69, 437"
0.01,20,4,2,100048,"joint_lambda_profiled_eta0",0.01,16.0435139454296,16.0435139454296,1,-0.22042762120422,-0.22042762120422,0,"interior","upper",1870.78018418309,0,1,1,0.5,FALSE,0.503962373273767,0.00801103690314597,TRUE,92,0.381000000000085,"69, 437"
0.01,20,4,2,100048,"susie_rss_in_sample",NA,NA,NA,NA,NA,NA,NA,NA,NA,-28295.0177310075,NA,2,1,1,TRUE,0.712874652990713,0.425749305981427,TRUE,7,0.02800000000002,"69, 437"
0.01,20,4,2,100048,"susie_rss_out_of_sample",NA,NA,NA,NA,NA,NA,NA,NA,NA,-28234.739080398,NA,4,0.25,0.5,FALSE,0.514193984974529,0.0283879699490578,TRUE,27,0.0690000000000737,"69, 437"
0.01,20,4,3,100049,"joint_lambda_calibrated_eta0",0.01,2,3.074,1.537,-2.30258509299405,-1.87275262843759,0,"lower","upper",1700.92543792532,0,0,0,0,FALSE,0.0271401596583051,0.0257407400216821,TRUE,153,0.701999999999998,"92, 109"
0.01,20,4,3,100049,"joint_lambda_profiled_eta0",0.01,2,2,1,-2.30258509299405,-2.30258509299405,0,"lower","upper",1701.026506589,0,0,0,0,FALSE,0.0207011310265893,0.0202594463285968,TRUE,116,0.525000000000091,"92, 109"
0.01,20,4,3,100049,"susie_rss_in_sample",NA,NA,NA,NA,NA,NA,NA,NA,NA,-28304.1107211193,NA,2,1,1,TRUE,0.984575731908619,0.974242328034413,TRUE,10,0.0300000000002001,"92, 109"
0.01,20,4,3,100049,"susie_rss_out_of_sample",NA,NA,NA,NA,NA,NA,NA,NA,NA,-28203.4173966948,NA,5,0,0,FALSE,3.82071687238805e-05,4.28969137078461e-06,TRUE,7,0.0199999999999818,"92, 109"
0.01,20,4,4,100050,"joint_lambda_calibrated_eta0",0.01,2.42428825652275,3.72613105027547,1.537,-2.11019429470967,-1.68036183015321,0,"interior","upper",1860.38620143513,0,0,0,0,FALSE,0.0383922130001889,0.0283180095014595,TRUE,116,0.704000000000178,"194, 481"
0.01,20,4,4,100050,"joint_lambda_profiled_eta0",0.01,2.42428825652275,2.42428825652275,1,-2.11019429470967,-2.11019429470967,0,"interior","upper",1860.4411051308,0,0,0,0,FALSE,0.0256187035037642,0.0228232649567399,TRUE,128,0.572000000000116,"194, 481"
0.01,20,4,4,100050,"susie_rss_in_sample",NA,NA,NA,NA,NA,NA,NA,NA,NA,-28299.491448821,NA,2,1,1,TRUE,0.999957428697112,0.999914865119093,TRUE,7,0.0240000000001146,"194, 481"
0.01,20,4,4,100050,"susie_rss_out_of_sample",NA,NA,NA,NA,NA,NA,NA,NA,NA,-28250.5993124225,NA,5,0.2,0.5,FALSE,0.500000000156951,3.15758974522851e-10,TRUE,8,0.0220000000001619,"194, 481"
0.01,20,4,5,100051,"joint_lambda_calibrated_eta0",0.01,11.9295296549713,18.3356870796909,1.537,-0.516715463621927,-0.0868829990654683,0,"interior","upper",1872.53346771337,0,1,1,0.5,FALSE,0.169186082656344,0.0135200667891221,TRUE,70,0.549999999999955,"192, 333"
0.01,20,4,5,100051,"joint_lambda_profiled_eta0",0.01,11.9295296549713,11.9295296549713,1,-0.516715463621927,-0.516715463621927,0,"interior","upper",1873.03667512033,0,0,0,0,FALSE,0.154067718436926,0.0246860489728551,TRUE,105,0.470000000000027,"192, 333"
0.01,20,4,5,100051,"susie_rss_in_sample",NA,NA,NA,NA,NA,NA,NA,NA,NA,-28312.1911679229,NA,2,1,1,TRUE,0.652999093133517,0.63877410474817,TRUE,10,0.0380000000000109,"192, 333"
0.01,20,4,5,100051,"susie_rss_out_of_sample",NA,NA,NA,NA,NA,NA,NA,NA,NA,-28246.9204756413,NA,5,0.2,0.5,FALSE,0.373119814129042,6.89153428024003e-06,TRUE,11,0.0289999999999964,"192, 333"
0.01,43,4,1,100052,"joint_lambda_calibrated_eta0",0.01,23.0607887880176,35.444432367183,1.537,-0.623066395539238,-0.193233930982779,0,"interior","upper",2042.42009646862,0,1,1,0.5,FALSE,0.486704145956721,0.0133494768346821,TRUE,35,0.33400000000006,"112, 361"
0.01,43,4,1,100052,"joint_lambda_profiled_eta0",0.01,23.0607887880176,23.0607887880176,1,-0.623066395539238,-0.623066395539238,0,"interior","upper",2043.19725393746,0,0,0,0,FALSE,0.449881369184986,0.0186839808654512,TRUE,65,0.294000000000096,"112, 361"
0.01,43,4,1,100052,"susie_rss_in_sample",NA,NA,NA,NA,NA,NA,NA,NA,NA,-28305.6728160422,NA,2,1,1,TRUE,0.999727171838308,0.999454343676682,TRUE,10,0.02800000000002,"112, 361"
0.01,43,4,1,100052,"susie_rss_out_of_sample",NA,NA,NA,NA,NA,NA,NA,NA,NA,-28276.6103546579,NA,4,0.5,1,TRUE,0.7090267717803,0.418053543560599,TRUE,19,0.0480000000000018,"112, 361"
0.01,43,4,2,100053,"joint_lambda_calibrated_eta0",0.01,22.9556163211511,35.2827822856092,1.537,-0.627637489250169,-0.19780502469371,0,"interior","upper",1989.5314264404,0,1,1,0.5,FALSE,0.180013962553584,0.00953744557662706,TRUE,41,0.345000000000027,"68, 403"
0.01,43,4,2,100053,"joint_lambda_profiled_eta0",0.01,22.9556163211511,22.9556163211511,1,-0.627637489250169,-0.627637489250169,0,"interior","upper",1990.43414274458,0,1,1,0.5,FALSE,0.180145159331997,0.00831846087875121,TRUE,67,0.298999999999978,"68, 403"
0.01,43,4,2,100053,"susie_rss_in_sample",NA,NA,NA,NA,NA,NA,NA,NA,NA,-28295.9850338576,NA,2,1,1,TRUE,0.999993619551051,0.999987303840787,TRUE,6,0.0219999999999345,"68, 403"
0.01,43,4,2,100053,"susie_rss_out_of_sample",NA,NA,NA,NA,NA,NA,NA,NA,NA,-28253.0200413323,NA,4,0.25,0.5,FALSE,0.167352886510365,3.60623055861709e-08,TRUE,21,0.0539999999998599,"68, 403"
0.01,43,4,3,100054,"joint_lambda_calibrated_eta0",0.01,25.4906593964274,39.1791434923089,1.537,-0.522888028812066,-0.0930555642556068,0,"interior","upper",2011.8010023998,0,1,1,0.5,FALSE,0.189073200303189,0.0269184078897489,TRUE,89,0.336000000000013,"152, 333"
0.01,43,4,3,100054,"joint_lambda_profiled_eta0",0.01,25.4906593964274,25.4906593964274,1,-0.522888028812066,-0.522888028812066,0,"interior","upper",2012.66361412886,0,1,1,0.5,FALSE,0.172163708341608,0.0102649426053609,TRUE,58,0.237999999999829,"152, 333"
0.01,43,4,3,100054,"susie_rss_in_sample",NA,NA,NA,NA,NA,NA,NA,NA,NA,-28292.104165904,NA,2,1,1,TRUE,0.536900986779884,0.475301200884069,TRUE,5,0.0190000000000055,"152, 333"
0.01,43,4,3,100054,"susie_rss_out_of_sample",NA,NA,NA,NA,NA,NA,NA,NA,NA,-28245.6892663037,NA,4,0.5,1,TRUE,0.711650723379942,0.506035557806461,TRUE,9,0.0240000000001146,"152, 333"
0.01,43,4,4,100055,"joint_lambda_calibrated_eta0",0.01,23.3034094584586,35.8173403376509,1.537,-0.612600437137695,-0.182767972581236,0,"interior","upper",2003.55910062862,0,1,1,0.5,FALSE,0.504948724531659,0.00992808567432091,TRUE,41,0.367000000000189,"109, 421"
0.01,43,4,4,100055,"joint_lambda_profiled_eta0",0.01,23.3034094584586,23.3034094584586,1,-0.612600437137695,-0.612600437137695,0,"interior","upper",2004.47395021109,0,1,1,0.5,FALSE,0.504021303032228,0.00846081417046374,TRUE,73,0.32100000000014,"109, 421"
0.01,43,4,4,100055,"susie_rss_in_sample",NA,NA,NA,NA,NA,NA,NA,NA,NA,-28291.1383284995,NA,2,1,1,TRUE,0.76795447542679,0.53590895085358,TRUE,4,0.0170000000000528,"109, 421"
0.01,43,4,4,100055,"susie_rss_out_of_sample",NA,NA,NA,NA,NA,NA,NA,NA,NA,-28263.3029205715,NA,4,0.5,1,TRUE,0.616012298184735,0.232024596369471,TRUE,13,0.0350000000000819,"109, 421"
0.01,43,4,5,100056,"joint_lambda_calibrated_eta0",0.01,18.0562271079008,27.7524210648435,1.537,-0.867709498283307,-0.437877033726848,0,"interior","upper",1965.55549790025,0,1,1,0.5,FALSE,0.171837207686331,0.0214723772238722,TRUE,107,0.380999999999858,"29, 79"
0.01,43,4,5,100056,"joint_lambda_profiled_eta0",0.01,18.0562271079008,18.0562271079008,1,-0.867709498283307,-0.867709498283307,0,"interior","upper",1966.19307856661,0,1,1,0.5,FALSE,0.168912473160022,0.00881245357996019,TRUE,62,0.257999999999811,"29, 79"
0.01,43,4,5,100056,"susie_rss_in_sample",NA,NA,NA,NA,NA,NA,NA,NA,NA,-28303.0250969431,NA,2,1,1,TRUE,0.572661754769878,0.147474189483484,TRUE,6,0.0219999999999345,"29, 79"
0.01,43,4,5,100056,"susie_rss_out_of_sample",NA,NA,NA,NA,NA,NA,NA,NA,NA,-28244.8018040413,NA,4,0,0,FALSE,0.00718939417676606,2.77064328924048e-07,TRUE,13,0.0340000000001055,"29, 79"
0.01,95,4,1,100057,"joint_lambda_calibrated_eta0",0.01,99.5074364856346,152.94292987842,1.537,0.0463554883203114,0.47618795287677,0,"interior","upper",2197.47356026528,0,2,1,1,TRUE,0.572901949931215,0.147408248754392,TRUE,15,0.326999999999998,"36, 205"
0.01,95,4,1,100057,"joint_lambda_profiled_eta0",0.01,99.5074364856346,99.5074364856346,1,0.0463554883203114,0.0463554883203114,0,"interior","upper",2199.40067381299,0,2,1,1,TRUE,0.597972059946918,0.203673437164214,TRUE,70,0.307000000000016,"36, 205"
0.01,95,4,1,100057,"susie_rss_in_sample",NA,NA,NA,NA,NA,NA,NA,NA,NA,-28294.2944397039,NA,2,1,1,TRUE,0.808430176418935,0.616896138356484,TRUE,6,0.0179999999998017,"36, 205"
0.01,95,4,1,100057,"susie_rss_out_of_sample",NA,NA,NA,NA,NA,NA,NA,NA,NA,-28286.2894573161,NA,3,0.333333333333333,0.5,FALSE,0.513604630831295,0.027209261870236,TRUE,30,0.0750000000000455,"36, 205"
0.01,95,4,2,100058,"joint_lambda_calibrated_eta0",0.01,40.7680165398679,62.660441421777,1.537,-0.845979025943803,-0.416146561387345,0,"interior","upper",2105.2714955597,0,1,1,0.5,FALSE,0.123299593416364,0.0199737408209802,TRUE,29,0.332000000000107,"60, 87"
0.01,95,4,2,100058,"joint_lambda_profiled_eta0",0.01,40.7680165398679,40.7680165398679,1,-0.845979025943803,-0.845979025943803,0,"interior","upper",2106.50654122342,0,1,1,0.5,FALSE,0.12406071792711,0.00952882941501643,TRUE,64,0.296000000000049,"60, 87"
0.01,95,4,2,100058,"susie_rss_in_sample",NA,NA,NA,NA,NA,NA,NA,NA,NA,-28304.068780997,NA,2,1,1,TRUE,0.574976435154139,0.150929337549822,TRUE,4,0.0170000000000528,"60, 87"
0.01,95,4,2,100058,"susie_rss_out_of_sample",NA,NA,NA,NA,NA,NA,NA,NA,NA,-28276.8979851932,NA,4,0.5,1,TRUE,0.534247634395861,0.0684952687962789,TRUE,14,0.0370000000000346,"60, 87"
0.01,95,4,3,100059,"joint_lambda_calibrated_eta0",0.01,66.7245542608435,102.555639898916,1.537,-0.353303876574402,0.0765285879820565,0,"interior","upper",2171.98704634033,0,1,1,0.5,FALSE,0.522047299187891,0.044094598386943,TRUE,29,0.131000000000085,"171, 339"
0.01,95,4,3,100059,"joint_lambda_profiled_eta0",0.01,66.7245542608435,66.7245542608435,1,-0.353303876574402,-0.353303876574402,0,"interior","upper",2173.28563318279,0,1,1,0.5,FALSE,0.505931921968347,0.0118638444237635,TRUE,27,0.0979999999999563,"171, 339"
0.01,95,4,3,100059,"susie_rss_in_sample",NA,NA,NA,NA,NA,NA,NA,NA,NA,-28296.4661025475,NA,2,1,1,TRUE,0.580109805415197,0.160219610830393,TRUE,4,0.0170000000000528,"171, 339"
0.01,95,4,3,100059,"susie_rss_out_of_sample",NA,NA,NA,NA,NA,NA,NA,NA,NA,-28284.3264419227,NA,5,0.4,1,TRUE,0.622072469890124,0.244144939780247,TRUE,7,0.0199999999999818,"171, 339"
0.01,95,4,4,100060,"joint_lambda_calibrated_eta0",0.01,55.0379075601584,84.5932639199635,1.537,-0.545854715410344,-0.116022250853885,0,"interior","upper",2207.23777312642,0,1,1,0.5,FALSE,0.495695592948466,0.0363126836296733,TRUE,28,0.132000000000062,"270, 365"
0.01,95,4,4,100060,"joint_lambda_profiled_eta0",0.01,55.0379075601584,55.0379075601584,1,-0.545854715410344,-0.545854715410344,0,"interior","upper",2208.20069006399,0,1,1,0.5,FALSE,0.462455993891972,0.0124605368294877,TRUE,27,0.100000000000136,"270, 365"
0.01,95,4,4,100060,"susie_rss_in_sample",NA,NA,NA,NA,NA,NA,NA,NA,NA,-28324.2471872626,NA,2,1,1,TRUE,0.652593600996811,0.306965548190881,TRUE,5,0.0199999999999818,"270, 365"
0.01,95,4,4,100060,"susie_rss_out_of_sample",NA,NA,NA,NA,NA,NA,NA,NA,NA,-28321.3224518102,NA,1,1,0.5,FALSE,0.546381077855403,0.0931841149982936,TRUE,21,0.0520000000001346,"270, 365"
0.01,95,4,5,100061,"joint_lambda_calibrated_eta0",0.01,106.474391042476,163.651139032286,1.537,0.114027604938814,0.543860069495272,0,"interior","upper",2230.44336522562,0,1,1,0.5,FALSE,0.385155232667248,0.0268636694661883,TRUE,16,0.283000000000129,"40, 391"
0.01,95,4,5,100061,"joint_lambda_profiled_eta0",0.01,106.474391042476,106.474391042476,1,0.114027604938814,0.114027604938814,0,"interior","upper",2232.25421357552,0,1,1,0.5,FALSE,0.353122992623844,0.00990640447280777,TRUE,63,0.260999999999967,"40, 391"
0.01,95,4,5,100061,"susie_rss_in_sample",NA,NA,NA,NA,NA,NA,NA,NA,NA,-28284.568629991,NA,2,1,1,TRUE,0.987980055406177,0.982688519003436,TRUE,5,0.0199999999999818,"40, 391"
0.01,95,4,5,100061,"susie_rss_out_of_sample",NA,NA,NA,NA,NA,NA,NA,NA,NA,-28284.5907835334,NA,2,1,1,TRUE,0.956018487130754,0.936917423453325,TRUE,6,0.0170000000000528,"40, 391"
0.01,206,4,1,100062,"joint_lambda_calibrated_eta0",0.01,133.334119341296,204.934541427572,1.537,-0.435018015307365,-0.00518555075090621,0,"interior","upper",2284.36757271019,0,1,1,0.5,FALSE,0.509900664897988,0.0198013609534304,TRUE,18,0.0869999999999891,"251, 474"
0.01,206,4,1,100062,"joint_lambda_profiled_eta0",0.01,133.334119341296,133.334119341296,1,-0.435018015307365,-0.435018015307365,0,"interior","upper",2285.79280279982,0,1,1,0.5,FALSE,0.505678237351826,0.01135690315183,TRUE,18,0.0660000000000309,"251, 474"
0.01,206,4,1,100062,"susie_rss_in_sample",NA,NA,NA,NA,NA,NA,NA,NA,NA,-28304.7091275432,NA,1,1,0.5,FALSE,0.530479303109,0.0609586062180161,TRUE,5,0.0190000000000055,"251, 474"
0.01,206,4,1,100062,"susie_rss_out_of_sample",NA,NA,NA,NA,NA,NA,NA,NA,NA,-28303.7151569454,NA,1,1,0.5,FALSE,0.51951433043855,0.0390286608777224,TRUE,38,0.09699999999998,"251, 474"
0.01,206,4,2,100063,"joint_lambda_calibrated_eta0",0.01,121.063482598082,186.074572753253,1.537,-0.531561111202378,-0.10172864664592,0,"interior","upper",2206.38319772566,0,2,1,1,TRUE,0.610760886557017,0.221841990150395,TRUE,25,0.427000000000362,"325, 412"
0.01,206,4,2,100063,"joint_lambda_profiled_eta0",0.01,121.063482598082,121.063482598082,1,-0.531561111202378,-0.531561111202378,0,"interior","upper",2208.57373272163,0,2,1,1,TRUE,0.605894189123153,0.213365768198277,TRUE,95,0.397000000000162,"325, 412"
0.01,206,4,2,100063,"susie_rss_in_sample",NA,NA,NA,NA,NA,NA,NA,NA,NA,-28281.6338090832,NA,2,1,1,TRUE,0.634578877414075,0.26915782693733,TRUE,5,0.0209999999999582,"325, 412"
0.01,206,4,2,100063,"susie_rss_out_of_sample",NA,NA,NA,NA,NA,NA,NA,NA,NA,-28272.2698035886,NA,2,1,1,TRUE,0.61405244448304,0.22810497910145,TRUE,23,0.0559999999998126,"325, 412"
0.01,206,4,3,100064,"joint_lambda_calibrated_eta0",0.01,165.573846159049,254.487001546458,1.537,-0.218458873133449,0.211373591423009,0,"interior","upper",2283.78357983329,0,1,1,0.5,FALSE,0.594923102977393,0.189846205954788,TRUE,94,0.339999999999918,"187, 203"
0.01,206,4,3,100064,"joint_lambda_profiled_eta0",0.01,165.573846159049,165.573846159049,1,-0.218458873133449,-0.218458873133449,0,"interior","upper",2285.29320544748,0,1,1,0.5,FALSE,0.505699299070864,0.0113985981418274,TRUE,58,0.236999999999853,"187, 203"
0.01,206,4,3,100064,"susie_rss_in_sample",NA,NA,NA,NA,NA,NA,NA,NA,NA,-28281.270198971,NA,2,1,1,TRUE,0.540244954237315,0.0804899084746309,TRUE,5,0.0199999999999818,"187, 203"
0.01,206,4,3,100064,"susie_rss_out_of_sample",NA,NA,NA,NA,NA,NA,NA,NA,NA,-28276.2028110127,NA,3,0.666666666666667,1,TRUE,0.844959155129914,0.689918310259827,TRUE,11,0.0299999999999727,"187, 203"
0.01,206,4,4,100065,"joint_lambda_calibrated_eta0",0.01,143.161914347029,220.039862351383,1.537,-0.363899910900771,0.0659325536556876,0,"interior","upper",2241.94153934273,0,2,1,1,TRUE,0.527026912836339,0.0540538278071426,TRUE,20,0.202000000000226,"38, 362"
0.01,206,4,4,100065,"joint_lambda_profiled_eta0",0.01,143.161914347029,143.161914347029,1,-0.363899910900771,-0.363899910900771,0,"interior","upper",2243.84213579345,0,2,1,1,TRUE,0.545932325685832,0.091864707948538,TRUE,41,0.178000000000111,"38, 362"
0.01,206,4,4,100065,"susie_rss_in_sample",NA,NA,NA,NA,NA,NA,NA,NA,NA,-28292.3535688229,NA,2,0.5,0.5,FALSE,0.505493078363169,0.0109861567265281,TRUE,8,0.0229999999999109,"38, 362"
0.01,206,4,4,100065,"susie_rss_out_of_sample",NA,NA,NA,NA,NA,NA,NA,NA,NA,-28279.8026223048,NA,3,0.333333333333333,0.5,FALSE,0.50193922212741,0.0038784442548202,TRUE,38,0.0930000000000746,"38, 362"
0.01,206,4,5,100066,"joint_lambda_calibrated_eta0",0.01,189.634945331689,291.468910974805,1.537,-0.08277528513067,0.347057179425788,0,"interior","upper",2306.57391207054,0,2,1,1,TRUE,0.344922627872484,0.103927169032976,TRUE,14,0.235999999999876,"260, 478"
0.01,206,4,5,100066,"joint_lambda_profiled_eta0",0.01,189.634945331689,189.634945331689,1,-0.08277528513067,-0.08277528513067,0,"interior","upper",2308.06706430472,0,1,1,0.5,FALSE,0.314241356484901,0.0959198790781821,TRUE,53,0.219000000000051,"260, 478"
0.01,206,4,5,100066,"susie_rss_in_sample",NA,NA,NA,NA,NA,NA,NA,NA,NA,-28293.9536726196,NA,2,1,1,TRUE,0.374021792669195,0.0792705112807143,TRUE,4,0.0170000000000528,"260, 478"
0.01,206,4,5,100066,"susie_rss_out_of_sample",NA,NA,NA,NA,NA,NA,NA,NA,NA,-28294.7052910895,NA,2,1,1,TRUE,0.444114930223477,0.117134734264091,TRUE,8,0.0219999999999345,"260, 478"
0.01,447,4,1,100067,"joint_lambda_calibrated_eta0",0.01,271.328453924149,417.031833681417,1.537,-0.499228500521368,-0.0693960359649095,0,"interior","upper",2332.95088828375,0,2,1,1,TRUE,0.659224918992075,0.318449837984158,TRUE,9,0.0640000000000782,"310, 411"
0.01,447,4,1,100067,"joint_lambda_profiled_eta0",0.01,271.328453924149,271.328453924149,1,-0.499228500521368,-0.499228500521368,0,"interior","upper",2334.40083944513,0,2,1,1,TRUE,0.654068850157697,0.308137700315636,TRUE,14,0.0519999999999072,"310, 411"
0.01,447,4,1,100067,"susie_rss_in_sample",NA,NA,NA,NA,NA,NA,NA,NA,NA,-28297.0763845621,NA,2,1,1,TRUE,0.601200692437558,0.202401384875117,TRUE,19,0.0499999999999545,"310, 411"
0.01,447,4,1,100067,"susie_rss_out_of_sample",NA,NA,NA,NA,NA,NA,NA,NA,NA,-28289.0464550069,NA,2,1,1,TRUE,0.655742136239867,0.311484272479734,TRUE,10,0.0270000000000437,"310, 411"
0.01,447,4,2,100068,"joint_lambda_calibrated_eta0",0.01,359.146336667709,552.007919458268,1.537,-0.218828666151159,0.211003798405299,0,"interior","upper",2368.2861735775,0,2,1,1,TRUE,0.786581687560948,0.573163465368861,TRUE,18,0.221000000000004,"38, 75"
0.01,447,4,2,100068,"joint_lambda_profiled_eta0",0.01,359.146336667709,359.146336667709,1,-0.218828666151159,-0.218828666151159,0,"interior","upper",2369.36757831153,0,2,1,1,TRUE,0.776423932228669,0.552848210699109,TRUE,48,0.200000000000045,"38, 75"
0.01,447,4,2,100068,"susie_rss_in_sample",NA,NA,NA,NA,NA,NA,NA,NA,NA,-28297.7188587587,NA,2,1,1,TRUE,0.87246917710033,0.74493841808188,TRUE,4,0.0150000000001,"38, 75"
0.01,447,4,2,100068,"susie_rss_out_of_sample",NA,NA,NA,NA,NA,NA,NA,NA,NA,-28297.7968253308,NA,2,1,1,TRUE,0.811663385812385,0.62332677366135,TRUE,14,0.0380000000000109,"38, 75"
0.01,447,4,3,100069,"joint_lambda_calibrated_eta0",0.01,336.54074181886,517.263120175588,1.537,-0.283839377616019,0.14599308694044,0,"interior","upper",2324.2427894798,0,2,1,1,TRUE,0.899916094318072,0.80057295511757,TRUE,74,0.455999999999904,"131, 356"
0.01,447,4,3,100069,"joint_lambda_profiled_eta0",0.01,336.54074181886,336.54074181886,1,-0.283839377616019,-0.283839377616019,0,"interior","upper",2326.11151000052,0,2,1,1,TRUE,0.880193878082375,0.763734222549947,TRUE,88,0.371999999999844,"131, 356"
0.01,447,4,3,100069,"susie_rss_in_sample",NA,NA,NA,NA,NA,NA,NA,NA,NA,-28258.3959683464,NA,2,1,1,TRUE,0.979084141740599,0.958448741098621,TRUE,4,0.0170000000000528,"131, 356"
0.01,447,4,3,100069,"susie_rss_out_of_sample",NA,NA,NA,NA,NA,NA,NA,NA,NA,-28254.0400108708,NA,2,1,1,TRUE,0.949266841392351,0.898541072961459,TRUE,8,0.0219999999999345,"131, 356"
0.01,447,4,4,100070,"joint_lambda_calibrated_eta0",0.01,541.249787416531,831.900923259209,1.537,0.191322291939139,0.621154756495598,0,"interior","upper",2394.74266072158,0,2,1,1,TRUE,0.999999999992165,0.999999999984354,TRUE,11,0.0660000000000309,"203, 416"
0.01,447,4,4,100070,"joint_lambda_profiled_eta0",0.008,376.272861129767,376.272861129767,1,-0.17224401991854,-0.17224401991854,-0.223143551314211,"interior","interior",2395.53327526735,0.0364323380117639,2,1,1,TRUE,0.999999999824211,0.99999999964949,TRUE,11,0.04099999999994,"203, 416"
0.01,447,4,4,100070,"susie_rss_in_sample",NA,NA,NA,NA,NA,NA,NA,NA,NA,-28295.3599730766,NA,2,1,1,TRUE,0.999999999999867,0.999999999999734,TRUE,7,0.0210000000001855,"203, 416"
0.01,447,4,4,100070,"susie_rss_out_of_sample",NA,NA,NA,NA,NA,NA,NA,NA,NA,-28295.180589808,NA,2,1,1,TRUE,0.999999999999884,0.999999999999769,TRUE,6,0.0180000000000291,"203, 416"
0.01,447,4,5,100071,"joint_lambda_calibrated_eta0",0.01,504.451945805235,775.342640702647,1.537,0.120913989514053,0.550746454070511,0,"interior","upper",2381.17918134376,0,2,1,1,TRUE,0.793392645399818,0.700010968928595,TRUE,23,0.259000000000015,"104, 144"
0.01,447,4,5,100071,"joint_lambda_profiled_eta0",0.01,504.451945805235,504.451945805235,1,0.120913989514053,0.120913989514053,0,"interior","upper",2382.06892711109,0,2,1,1,TRUE,0.765021892497502,0.670002685558991,TRUE,57,0.231999999999971,"104, 144"
0.01,447,4,5,100071,"susie_rss_in_sample",NA,NA,NA,NA,NA,NA,NA,NA,NA,-28291.5397922924,NA,2,1,1,TRUE,0.714608650941899,0.531382216436741,TRUE,6,0.0180000000000291,"104, 144"
0.01,447,4,5,100071,"susie_rss_out_of_sample",NA,NA,NA,NA,NA,NA,NA,NA,NA,-28285.667591984,NA,2,1,1,TRUE,0.863941495785031,0.787108601483147,TRUE,8,0.0219999999999345,"104, 144"
0.01,972,4,1,100072,"joint_lambda_calibrated_eta0",0.01,882.973210353334,1357.12982431307,1.537,-0.0960609436674238,0.333771520889036,0,"interior","upper",2431.45364336854,0,2,1,1,TRUE,0.872480485862027,0.745263008083485,TRUE,74,0.423000000000002,"103, 422"
0.01,972,4,1,100072,"joint_lambda_profiled_eta0",0.01,882.973210353334,882.973210353334,1,-0.0960609436674238,-0.0960609436674238,0,"interior","upper",2431.7746664448,0,2,1,1,TRUE,0.865825802123567,0.732120234814036,TRUE,75,0.336000000000013,"103, 422"
0.01,972,4,1,100072,"susie_rss_in_sample",NA,NA,NA,NA,NA,NA,NA,NA,NA,-28308.5674533463,NA,2,1,1,TRUE,0.850706428518279,0.701495627839779,TRUE,4,0.0160000000000764,"103, 422"
0.01,972,4,1,100072,"susie_rss_out_of_sample",NA,NA,NA,NA,NA,NA,NA,NA,NA,-28308.6849141469,NA,2,1,1,TRUE,0.886478804641225,0.773061387087441,TRUE,4,0.0170000000000528,"103, 422"
0.01,972,4,2,100073,"joint_lambda_calibrated_eta0",0.008,757.159224486721,1163.75372803609,1.537,-0.249782236962576,0.180050227593883,-0.223143551314211,"interior","interior",2442.18259058576,0.233733257687163,2,1,1,TRUE,0.804464119998604,0.803207636106656,TRUE,73,0.414999999999964,"77, 164"
0.01,972,4,2,100073,"joint_lambda_profiled_eta0",0.008,757.159224486721,757.159224486721,1,-0.249782236962576,-0.249782236962576,-0.223143551314211,"interior","interior",2442.73769846497,0.567329264802083,2,1,1,TRUE,0.783413674913662,0.780837089960065,TRUE,74,0.333999999999833,"77, 164"
0.01,972,4,2,100073,"susie_rss_in_sample",NA,NA,NA,NA,NA,NA,NA,NA,NA,-28287.0698371004,NA,2,1,1,TRUE,0.77713091904467,0.727813000034653,TRUE,5,0.0199999999999818,"77, 164"
0.01,972,4,2,100073,"susie_rss_out_of_sample",NA,NA,NA,NA,NA,NA,NA,NA,NA,-28288.4798589439,NA,2,1,1,TRUE,0.849260230523379,0.841759534451564,TRUE,5,0.0199999999999818,"77, 164"
0.01,972,4,3,100074,"joint_lambda_calibrated_eta0",0.01,1174.49288212376,1805.19555982422,1.537,0.189235939274282,0.619068403830741,0,"interior","upper",2433.68655332557,0,2,1,1,TRUE,0.596821772080909,0.286963359223225,TRUE,47,0.350999999999885,"9, 377"
0.01,972,4,3,100074,"joint_lambda_profiled_eta0",0.01,1174.49288212376,1174.49288212376,1,0.189235939274282,0.189235939274282,0,"interior","upper",2433.94561350921,0,2,1,1,TRUE,0.590701371724862,0.28708714756534,TRUE,65,0.296999999999798,"9, 377"
0.01,972,4,3,100074,"susie_rss_in_sample",NA,NA,NA,NA,NA,NA,NA,NA,NA,-28296.5552895838,NA,2,1,1,TRUE,0.611242770492398,0.273094553732439,TRUE,4,0.015999999999849,"9, 377"
0.01,972,4,3,100074,"susie_rss_out_of_sample",NA,NA,NA,NA,NA,NA,NA,NA,NA,-28297.1157064365,NA,2,1,1,TRUE,0.608575174404523,0.284476747245099,TRUE,7,0.0199999999999818,"9, 377"
0.01,972,4,4,100075,"joint_lambda_calibrated_eta0",0.01,623.443943955469,958.233341859556,1.537,-0.444096948826401,-0.0142644842699422,0,"interior","upper",2410.12011709833,0,1,1,0.5,FALSE,0.564109015130337,0.12821803026863,TRUE,53,0.123000000000275,"15, 263"
0.01,972,4,4,100075,"joint_lambda_profiled_eta0",0.008,414.814315615003,414.814315615003,1,-0.851524816610423,-0.851524816610423,-0.223143551314211,"interior","interior",2410.79878226773,0.100586064610525,1,1,0.5,FALSE,0.526313043273435,0.0526260870378704,TRUE,25,0.0869999999999891,"15, 263"
0.01,972,4,4,100075,"susie_rss_in_sample",NA,NA,NA,NA,NA,NA,NA,NA,NA,-28288.1923230295,NA,1,1,0.5,FALSE,0.903935127083323,0.807870254166651,TRUE,8,0.0229999999999109,"15, 263"
0.01,972,4,4,100075,"susie_rss_out_of_sample",NA,NA,NA,NA,NA,NA,NA,NA,NA,-28287.7544823623,NA,1,1,0.5,FALSE,0.577778112594489,0.155556225189039,TRUE,7,0.0199999999999818,"15, 263"
0.01,972,4,5,100076,"joint_lambda_calibrated_eta0",0.01,759.181531202235,1166.86201345784,1.537,-0.247114884117316,0.182717580439142,0,"interior","upper",2409.33914738803,0,2,1,1,TRUE,0.999999471637675,0.999998943275349,TRUE,55,0.366999999999962,"118, 328"
0.01,972,4,5,100076,"joint_lambda_profiled_eta0",0.01,759.181531202235,759.181531202235,1,-0.247114884117316,-0.247114884117316,0,"interior","upper",2409.97657623908,0,2,1,1,TRUE,0.9999986033629,0.999997206725802,TRUE,67,0.304999999999836,"118, 328"
0.01,972,4,5,100076,"susie_rss_in_sample",NA,NA,NA,NA,NA,NA,NA,NA,NA,-28284.3771984124,NA,2,1,1,TRUE,0.999999862421014,0.999999724842028,TRUE,3,0.0119999999999436,"118, 328"
0.01,972,4,5,100076,"susie_rss_out_of_sample",NA,NA,NA,NA,NA,NA,NA,NA,NA,-28280.3181662574,NA,3,0.666666666666667,1,TRUE,0.99999993580572,0.999999871611441,TRUE,15,0.0499999999999545,"118, 328"
0.01,2115,4,1,100077,"joint_lambda_calibrated_eta0",0.01,7267.19530578756,11169.6791849955,1.537,1.23431561448552,1.66414807904198,0,"interior","upper",2471.99813766499,0,1,1,0.5,FALSE,0.85879714029207,0.717594280584147,TRUE,51,0.802000000000135,"15, 227"
0.01,2115,4,1,100077,"joint_lambda_profiled_eta0",0.01,7267.19530578756,7267.19530578756,1,1.23431561448552,1.23431561448552,0,"interior","upper",2472.00596188682,0,1,1,0.5,FALSE,0.854786288149646,0.709572576299302,TRUE,56,0.716000000000122,"15, 227"
0.01,2115,4,1,100077,"susie_rss_in_sample",NA,NA,NA,NA,NA,NA,NA,NA,NA,-28310.8259962663,NA,1,1,0.5,FALSE,0.877935910027641,0.755871820055284,TRUE,4,0.015999999999849,"15, 227"
0.01,2115,4,1,100077,"susie_rss_out_of_sample",NA,NA,NA,NA,NA,NA,NA,NA,NA,-28311.5202504049,NA,1,1,0.5,FALSE,0.865739791129179,0.731479582258362,TRUE,4,0.0160000000000764,"15, 227"
0.01,2115,4,2,100078,"joint_lambda_calibrated_eta0",0.01,8657.66307708568,13306.8281494807,1.537,1.40939002112883,1.83922248568529,0,"interior","upper",2472.80056927994,0,1,1,0.5,FALSE,0.705825363409199,0.546735578639116,TRUE,49,0.744000000000142,"423, 488"
0.01,2115,4,2,100078,"joint_lambda_profiled_eta0",0.01,8657.66307708568,8657.66307708568,1,1.40939002112883,1.40939002112883,0,"interior","upper",2472.8079763076,0,1,1,0.5,FALSE,0.702952004016345,0.542508548976821,TRUE,56,0.660000000000082,"423, 488"
0.01,2115,4,2,100078,"susie_rss_in_sample",NA,NA,NA,NA,NA,NA,NA,NA,NA,-28300.1702721566,NA,2,1,1,TRUE,0.82269838592503,0.777439624087185,TRUE,4,0.0169999999998254,"423, 488"
0.01,2115,4,2,100078,"susie_rss_out_of_sample",NA,NA,NA,NA,NA,NA,NA,NA,NA,-28301.155369421,NA,1,1,0.5,FALSE,0.716848403237758,0.564003055063633,TRUE,4,0.0140000000001237,"423, 488"
0.01,2115,4,3,100079,"joint_lambda_calibrated_eta0",0.01,3393.58431462844,5215.9390915839,1.537,0.472831870274461,0.902664334830919,0,"interior","upper",2463.21318197906,0,2,1,1,TRUE,0.793721707402812,0.587443414805624,TRUE,78,0.833000000000084,"25, 400"
0.01,2115,4,3,100079,"joint_lambda_profiled_eta0",0.01,3393.58431462844,3393.58431462844,1,0.472831870274461,0.472831870274461,0,"interior","upper",2463.25138342314,0,2,1,1,TRUE,0.79297977264454,0.585959545289081,TRUE,76,0.707000000000107,"25, 400"
0.01,2115,4,3,100079,"susie_rss_in_sample",NA,NA,NA,NA,NA,NA,NA,NA,NA,-28299.4022455498,NA,2,1,1,TRUE,0.80072444248322,0.601448884966439,TRUE,4,0.0169999999998254,"25, 400"
0.01,2115,4,3,100079,"susie_rss_out_of_sample",NA,NA,NA,NA,NA,NA,NA,NA,NA,-28303.3634962093,NA,2,1,1,TRUE,0.794893579186575,0.589787158373151,TRUE,4,0.0160000000000764,"25, 400"
0.01,2115,4,4,100080,"joint_lambda_calibrated_eta0",0.01,4572.61671342449,7028.11188853344,1.537,0.77103081353805,1.20086327809451,0,"interior","upper",2463.94256714321,0,2,1,1,TRUE,0.999966959036762,0.999933918073526,TRUE,11,0.0779999999999745,"21, 49"
0.01,2115,4,4,100080,"joint_lambda_profiled_eta0",0.01,4572.61671342449,4572.61671342449,1,0.77103081353805,0.77103081353805,0,"interior","upper",2463.96704686768,0,2,1,1,TRUE,0.999959289447945,0.999918578895893,TRUE,9,0.0599999999999454,"21, 49"
0.01,2115,4,4,100080,"susie_rss_in_sample",NA,NA,NA,NA,NA,NA,NA,NA,NA,-28298.3155041061,NA,2,1,1,TRUE,0.999956900114929,0.999913800229858,TRUE,7,0.0199999999999818,"21, 49"
0.01,2115,4,4,100080,"susie_rss_out_of_sample",NA,NA,NA,NA,NA,NA,NA,NA,NA,-28297.1219319851,NA,2,1,1,TRUE,0.999978861919416,0.999957723838833,TRUE,7,0.0199999999999818,"21, 49"
0.01,2115,4,5,100081,"joint_lambda_calibrated_eta0",0.008,886.405150531084,1362.40471636628,1.537,-0.869635964887043,-0.439803500330584,-0.223143551314211,"interior","interior",2444.52186996702,0.0837369950427274,2,1,1,TRUE,0.900304392215961,0.800608784487048,TRUE,66,0.387000000000171,"68, 173"
0.01,2115,4,5,100081,"joint_lambda_profiled_eta0",0.008,886.405150531084,886.405150531084,1,-0.869635964887043,-0.869635964887043,-0.223143551314211,"interior","interior",2445.05763433672,0.424367412945685,2,1,1,TRUE,0.887687228572568,0.775374457391289,TRUE,68,0.314000000000078,"68, 173"
0.01,2115,4,5,100081,"susie_rss_in_sample",NA,NA,NA,NA,NA,NA,NA,NA,NA,-28279.5369436617,NA,2,1,1,TRUE,0.893136437707228,0.786272875421266,TRUE,5,0.015999999999849,"68, 173"
0.01,2115,4,5,100081,"susie_rss_out_of_sample",NA,NA,NA,NA,NA,NA,NA,NA,NA,-28277.4432355667,NA,2,1,1,TRUE,0.926795596299989,0.853591192601116,TRUE,4,0.0140000000001237,"68, 173"
0.01,4599,4,1,100082,"joint_lambda_calibrated_eta0",0.01,1638.61168670262,2518.54616246192,1.537,-1.03198953773106,-0.602157073174604,0,"interior","upper",2451.67810257332,0,2,1,1,TRUE,0.834648764791071,0.670056555891035,TRUE,73,0.464000000000169,"4, 144"
0.01,4599,4,1,100082,"joint_lambda_profiled_eta0",0.01,1638.61168670262,1638.61168670262,1,-1.03198953773106,-1.03198953773106,0,"interior","upper",2451.79982443275,0,2,1,1,TRUE,0.829277700649368,0.659518945681685,TRUE,79,0.355999999999995,"4, 144"
0.01,4599,4,1,100082,"susie_rss_in_sample",NA,NA,NA,NA,NA,NA,NA,NA,NA,-28308.2082443547,NA,2,1,1,TRUE,0.850515016345326,0.701298887527721,TRUE,7,0.0269999999998163,"4, 144"
0.01,4599,4,1,100082,"susie_rss_out_of_sample",NA,NA,NA,NA,NA,NA,NA,NA,NA,-28308.735408713,NA,2,1,1,TRUE,0.845626489997591,0.69175091967152,TRUE,7,0.02800000000002,"4, 144"
0.01,4599,4,2,100083,"joint_lambda_calibrated_eta0",0.01,2461.90910164486,3783.95428922816,1.537,-0.624901782011279,-0.19506931745482,0,"interior","upper",2452.57007426689,0,2,1,1,TRUE,0.796608776247389,0.595460157704184,TRUE,70,0.732000000000198,"250, 325"
0.01,4599,4,2,100083,"joint_lambda_profiled_eta0",0.01,2461.90910164486,2461.90910164486,1,-0.624901782011279,-0.624901782011279,0,"interior","upper",2452.69249513915,0,2,1,1,TRUE,0.793163218225357,0.589245288557861,TRUE,74,0.619000000000142,"250, 325"
0.01,4599,4,2,100083,"susie_rss_in_sample",NA,NA,NA,NA,NA,NA,NA,NA,NA,-28266.7329539552,NA,2,1,1,TRUE,0.801039118441264,0.602476127675099,TRUE,4,0.0170000000000528,"250, 325"
0.01,4599,4,2,100083,"susie_rss_out_of_sample",NA,NA,NA,NA,NA,NA,NA,NA,NA,-28268.8618144406,NA,2,1,1,TRUE,0.803036334317406,0.60741892095271,TRUE,5,0.0209999999999582,"250, 325"
0.01,4599,4,3,100084,"joint_lambda_calibrated_eta0",0.01,3033.86923861379,4663.05701974939,1.537,-0.416000107237286,0.0138323573191723,0,"interior","upper",2458.61800140478,0,2,1,1,TRUE,0.968356071990889,0.939931581843523,TRUE,45,0.550000000000182,"98, 123"
0.01,4599,4,3,100084,"joint_lambda_profiled_eta0",0.01,3033.86923861379,3033.86923861379,1,-0.416000107237286,-0.416000107237286,0,"interior","upper",2458.68606033954,0,2,1,1,TRUE,0.966257246077866,0.93632113345585,TRUE,52,0.477000000000089,"98, 123"
0.01,4599,4,3,100084,"susie_rss_in_sample",NA,NA,NA,NA,NA,NA,NA,NA,NA,-28287.0226111781,NA,2,1,1,TRUE,0.967503917535451,0.938093613177652,TRUE,4,0.0160000000000764,"98, 123"
0.01,4599,4,3,100084,"susie_rss_out_of_sample",NA,NA,NA,NA,NA,NA,NA,NA,NA,-28286.0586648388,NA,2,1,1,TRUE,0.973066723536681,0.94821102027741,TRUE,4,0.0160000000000764,"98, 123"
0.01,4599,4,4,100085,"joint_lambda_calibrated_eta0",0.01,20000,20000,1.537,1.4698933849962,1.4698933849962,0,"upper","upper",2479.54398197315,0,2,1,1,TRUE,0.231447165245391,0.0592298528506376,TRUE,38,0.899000000000115,"111, 480"
0.01,4599,4,4,100085,"joint_lambda_profiled_eta0",0.01,20000,20000,1,1.4698933849962,1.4698933849962,0,"upper","upper",2479.54406851244,0,2,1,1,TRUE,0.231447995787473,0.0592298366969102,TRUE,38,0.826000000000022,"111, 480"
0.01,4599,4,4,100085,"susie_rss_in_sample",NA,NA,NA,NA,NA,NA,NA,NA,NA,-28295.862660269,NA,2,1,1,TRUE,0.218238647714795,0.0628811830444174,TRUE,6,0.0190000000000055,"111, 480"
0.01,4599,4,4,100085,"susie_rss_out_of_sample",NA,NA,NA,NA,NA,NA,NA,NA,NA,-28296.9362728527,NA,2,1,1,TRUE,0.229845722781841,0.0559168450502676,TRUE,5,0.0160000000000764,"111, 480"
0.01,4599,4,5,100086,"joint_lambda_calibrated_eta0",0.01,5767.5779683519,8864.76733735687,1.537,0.226413340986509,0.656245805542968,0,"interior","upper",2467.19184437603,0,2,1,1,TRUE,0.778834402111322,0.563411069388686,TRUE,42,0.529000000000224,"23, 145"
0.01,4599,4,5,100086,"joint_lambda_profiled_eta0",0.01,5767.5779683519,5767.5779683519,1,0.226413340986509,0.226413340986509,0,"interior","upper",2467.21258600137,0,2,1,1,TRUE,0.777854511085977,0.561829037891377,TRUE,41,0.45900000000006,"23, 145"
0.01,4599,4,5,100086,"susie_rss_in_sample",NA,NA,NA,NA,NA,NA,NA,NA,NA,-28288.5932127941,NA,2,1,1,TRUE,0.79519322516692,0.593994823111442,TRUE,9,0.0260000000000673,"23, 145"
0.01,4599,4,5,100086,"susie_rss_out_of_sample",NA,NA,NA,NA,NA,NA,NA,NA,NA,-28288.182528979,NA,2,1,1,TRUE,0.780902833231965,0.566605631784279,TRUE,5,0.0180000000000291,"23, 145"
0.01,10000,4,1,100087,"joint_lambda_calibrated_eta0",0.01,1075.0429772759,1652.34105607306,1.537,-2.23022445335225,-1.8003919887958,0,"interior","upper",2422.80640647469,0,2,1,1,TRUE,0.998532155290365,0.99706431058073,TRUE,61,0.379999999999882,"237, 405"
0.01,10000,4,1,100087,"joint_lambda_profiled_eta0",0.01,1075.0429772759,1075.0429772759,1,-2.23022445335225,-2.23022445335225,0,"interior","upper",2423.26850317952,0,2,1,1,TRUE,0.997692091036685,0.99538418207337,TRUE,67,0.309999999999945,"237, 405"
0.01,10000,4,1,100087,"susie_rss_in_sample",NA,NA,NA,NA,NA,NA,NA,NA,NA,-28269.5610851861,NA,2,1,1,TRUE,0.999254819483317,0.998509638966633,TRUE,5,0.015999999999849,"237, 405"
0.01,10000,4,1,100087,"susie_rss_out_of_sample",NA,NA,NA,NA,NA,NA,NA,NA,NA,-28269.3193863689,NA,2,1,1,TRUE,0.999541279446987,0.999082558893975,TRUE,5,0.0160000000000764,"237, 405"
0.01,10000,4,2,100088,"joint_lambda_calibrated_eta0",0.01,4128.0347049124,6344.78934145037,1.537,-0.884783657652353,-0.454951193095894,0,"interior","upper",2461.67454361497,0,2,1,1,TRUE,0.810672665858748,0.624130653995002,TRUE,55,0.703999999999951,"128, 465"
0.01,10000,4,2,100088,"joint_lambda_profiled_eta0",0.01,4128.0347049124,4128.0347049124,1,-0.884783657652353,-0.884783657652353,0,"interior","upper",2461.72475933784,0,2,1,1,TRUE,0.807822752172113,0.618761689521446,TRUE,54,0.618000000000166,"128, 465"
0.01,10000,4,2,100088,"susie_rss_in_sample",NA,NA,NA,NA,NA,NA,NA,NA,NA,-28270.750892975,NA,2,1,1,TRUE,0.832155001263312,0.667002673301093,TRUE,4,0.0170000000000528,"128, 465"
0.01,10000,4,2,100088,"susie_rss_out_of_sample",NA,NA,NA,NA,NA,NA,NA,NA,NA,-28268.8320328589,NA,2,1,1,TRUE,0.815820234481541,0.633785014725202,TRUE,4,0.0150000000001,"128, 465"
0.01,10000,4,3,100089,"joint_lambda_calibrated_eta0",0.01,8679.74434185433,13340.7670534301,1.537,-0.141593018458975,0.288239446097483,0,"interior","upper",2470.32636522652,0,2,1,1,TRUE,0.923932772413787,0.856160068522065,TRUE,27,0.312999999999874,"32, 336"
0.01,10000,4,3,100089,"joint_lambda_profiled_eta0",0.01,8679.74434185433,8679.74434185433,1,-0.141593018458975,-0.141593018458975,0,"interior","upper",2470.33425487597,0,2,1,1,TRUE,0.92272131951208,0.854040393814287,TRUE,24,0.266999999999825,"32, 336"
0.01,10000,4,3,100089,"susie_rss_in_sample",NA,NA,NA,NA,NA,NA,NA,NA,NA,-28299.5672514297,NA,2,1,1,TRUE,0.907604826635686,0.820877257212853,TRUE,6,0.0180000000000291,"32, 336"
0.01,10000,4,3,100089,"susie_rss_out_of_sample",NA,NA,NA,NA,NA,NA,NA,NA,NA,-28299.3576489708,NA,2,1,1,TRUE,0.926894834216166,0.861372096566437,TRUE,7,0.0199999999999818,"32, 336"
0.01,10000,4,4,100090,"joint_lambda_calibrated_eta0",0.01,5968.66314829503,9173.83525892946,1.537,-0.516062118924001,-0.0862296543675427,0,"interior","upper",2466.24613992314,0,2,1,1,TRUE,0.999998901160222,0.999997803635822,TRUE,70,0.947000000000116,"33, 422"
0.01,10000,4,4,100090,"joint_lambda_profiled_eta0",0.01,5968.66314829503,5968.66314829503,1,-0.516062118924001,-0.516062118924001,0,"interior","upper",2466.26761931111,0,2,1,1,TRUE,0.99999870144387,0.999997404535175,TRUE,69,0.830000000000155,"33, 422"
0.01,10000,4,4,100090,"susie_rss_in_sample",NA,NA,NA,NA,NA,NA,NA,NA,NA,-28280.5618710958,NA,2,1,1,TRUE,0.999999235495947,0.999998471724261,TRUE,4,0.0169999999998254,"33, 422"
0.01,10000,4,4,100090,"susie_rss_out_of_sample",NA,NA,NA,NA,NA,NA,NA,NA,NA,-28279.7301965532,NA,2,1,1,TRUE,0.999999363171418,0.999998727062135,TRUE,4,0.0170000000000528,"33, 422"
0.01,10000,4,5,100091,"joint_lambda_calibrated_eta0",0.008,1556.72467210205,2392.68582102085,1.537,-1.86000104808326,-1.4301685835268,-0.223143551314211,"interior","interior",2481.40874825185,0.533545073928963,2,1,1,TRUE,0.879220361982308,0.758448812813833,TRUE,78,0.475000000000136,"37, 210"
0.01,10000,4,5,100091,"joint_lambda_profiled_eta0",0.008,1556.72467210205,1556.72467210205,1,-1.86000104808326,-1.86000104808326,-0.223143551314211,"interior","interior",2481.50668509846,0.631387793454451,2,1,1,TRUE,0.87274990521375,0.74551218850496,TRUE,75,0.359000000000151,"37, 210"
0.01,10000,4,5,100091,"susie_rss_in_sample",NA,NA,NA,NA,NA,NA,NA,NA,NA,-28322.3192163199,NA,2,1,1,TRUE,0.892662952080913,0.785329240040161,TRUE,4,0.015999999999849,"37, 210"
0.01,10000,4,5,100091,"susie_rss_out_of_sample",NA,NA,NA,NA,NA,NA,NA,NA,NA,-28322.0838631823,NA,2,1,1,TRUE,0.892213639977423,0.784430311737843,TRUE,4,0.0160000000000764,"37, 210"
0.01,20,5,1,100092,"joint_lambda_calibrated_eta0",0.01,14.7394116530972,22.6544757108105,1.537,-0.305207302576043,0.124625161980416,0,"interior","upper",1968.86082928732,0,1,1,0.5,FALSE,0.0917081988701413,0.00861899636048269,TRUE,45,0.517999999999802,"4, 190"
0.01,20,5,1,100092,"joint_lambda_profiled_eta0",0.01,14.7394116530972,14.7394116530972,1,-0.305207302576043,-0.305207302576043,0,"interior","upper",1969.43285049677,0,1,1,0.5,FALSE,0.0817950455014085,0.00813880982295123,TRUE,85,0.464999999999918,"4, 190"
0.01,20,5,1,100092,"susie_rss_in_sample",NA,NA,NA,NA,NA,NA,NA,NA,NA,-28311.5966243402,NA,2,1,1,TRUE,0.229372194088081,0.115372249004246,TRUE,7,0.0299999999999727,"4, 190"
0.01,20,5,1,100092,"susie_rss_out_of_sample",NA,NA,NA,NA,NA,NA,NA,NA,NA,-28288.5009834092,NA,4,0.25,0.5,FALSE,0.125437492430313,0.111172230216152,TRUE,9,0.025000000000091,"4, 190"
0.01,20,5,2,100093,"joint_lambda_calibrated_eta0",0.01,11.8237012681448,18.1730288491385,1.537,-0.525626174540041,-0.0957937099835826,0,"interior","upper",1830.63009128475,0,1,1,0.5,FALSE,0.236146703815943,0.00818533206928718,TRUE,73,0.712000000000216,"62, 283"
0.01,20,5,2,100093,"joint_lambda_profiled_eta0",0.01,11.8237012681448,11.8237012681448,1,-0.525626174540041,-0.525626174540041,0,"interior","upper",1831.18189557145,0,1,1,0.5,FALSE,0.215222157889325,0.0080155226295594,TRUE,113,0.62700000000018,"62, 283"
0.01,20,5,2,100093,"susie_rss_in_sample",NA,NA,NA,NA,NA,NA,NA,NA,NA,-28302.0871427104,NA,2,1,1,TRUE,0.568765421645448,0.179824890787029,TRUE,5,0.0209999999999582,"62, 283"
0.01,20,5,2,100093,"susie_rss_out_of_sample",NA,NA,NA,NA,NA,NA,NA,NA,NA,-28233.8513972554,NA,5,0.2,0.5,FALSE,0.496149794490593,1.06485129425238e-06,TRUE,7,0.0209999999999582,"62, 283"
0.01,20,5,3,100094,"joint_lambda_calibrated_eta0",0.01,2,3.074,1.537,-2.30258509299405,-1.87275262843759,0,"lower","upper",1756.33211564442,0,0,0,0,FALSE,0.0314807869065179,0.0260217881014783,TRUE,144,0.879999999999654,"11, 396"
0.01,20,5,3,100094,"joint_lambda_profiled_eta0",0.01,2,2,1,-2.30258509299405,-2.30258509299405,0,"lower","upper",1756.4278720909,0,0,0,0,FALSE,0.0229053041553407,0.0213428073723264,TRUE,121,0.707999999999629,"11, 396"
0.01,20,5,3,100094,"susie_rss_in_sample",NA,NA,NA,NA,NA,NA,NA,NA,NA,-28327.5837695183,NA,2,1,1,TRUE,0.967381266072749,0.946466701257825,TRUE,6,0.0249999999998636,"11, 396"
0.01,20,5,3,100094,"susie_rss_out_of_sample",NA,NA,NA,NA,NA,NA,NA,NA,NA,-28247.291026731,NA,5,0.2,0.5,FALSE,0.498235299718111,5.21043386214615e-09,TRUE,7,0.0209999999999582,"11, 396"
0.01,20,5,4,100095,"joint_lambda_calibrated_eta0",0.01,2,3.074,1.537,-2.30258509299405,-1.87275262843759,0,"lower","upper",1640.95055065628,0,0,0,0,FALSE,0.0192488923402409,0.00860975634161332,TRUE,147,0.79300000000012,"188, 443"
0.01,20,5,4,100095,"joint_lambda_profiled_eta0",0.01,2,2,1,-2.30258509299405,-2.30258509299405,0,"lower","upper",1641.19720411324,0,0,0,0,FALSE,0.0149318315406792,0.00931301081503599,TRUE,120,0.628000000000156,"188, 443"
0.01,20,5,4,100095,"susie_rss_in_sample",NA,NA,NA,NA,NA,NA,NA,NA,NA,-28305.026591051,NA,2,1,1,TRUE,0.402344315360671,0.0842206355656924,TRUE,5,0.0219999999999345,"188, 443"
0.01,20,5,4,100095,"susie_rss_out_of_sample",NA,NA,NA,NA,NA,NA,NA,NA,NA,-28196.9810388583,NA,5,0.2,0.5,FALSE,0.496956956913571,1.2267964422108e-13,TRUE,8,0.024000000000342,"188, 443"
0.01,20,5,5,100096,"joint_lambda_calibrated_eta0",0.01,2.29114645659286,3.52149210378323,1.537,-2.16667994519752,-1.73684748064106,0,"interior","upper",1779.60581114331,0,0,0,0,FALSE,0.0365735013641316,0.0222583161331722,TRUE,131,0.824000000000069,"344, 442"
0.01,20,5,5,100096,"joint_lambda_profiled_eta0",0.01,2.29114645659286,2.29114645659286,1,-2.16667994519752,-2.16667994519752,0,"interior","upper",1779.66316860673,0,0,0,0,FALSE,0.0258620203221194,0.0207883490201221,TRUE,121,0.673999999999978,"344, 442"
0.01,20,5,5,100096,"susie_rss_in_sample",NA,NA,NA,NA,NA,NA,NA,NA,NA,-28285.9625895436,NA,2,1,1,TRUE,0.999998011542074,0.999996023084148,TRUE,6,0.0219999999999345,"344, 442"
0.01,20,5,5,100096,"susie_rss_out_of_sample",NA,NA,NA,NA,NA,NA,NA,NA,NA,-28228.752620135,NA,4,0.25,0.5,FALSE,0.500033742234066,6.74844681319842e-05,TRUE,9,0.0360000000000582,"344, 442"
0.01,43,5,1,100097,"joint_lambda_calibrated_eta0",0.01,13.0316483455582,20.029643507123,1.537,-1.19381922867761,-0.763986764121152,0,"interior","upper",1931.42001684323,0,1,1,0.5,FALSE,0.181017675881302,0.0115846860686809,TRUE,58,0.589999999999691,"34, 225"
0.01,43,5,1,100097,"joint_lambda_profiled_eta0",0.01,13.0316483455582,13.0316483455582,1,-1.19381922867761,-1.19381922867761,0,"interior","upper",1931.91220025077,0,0,0,0,FALSE,0.159435724977341,0.0183659603492644,TRUE,98,0.521999999999935,"34, 225"
0.01,43,5,1,100097,"susie_rss_in_sample",NA,NA,NA,NA,NA,NA,NA,NA,NA,-28295.1732685328,NA,2,1,1,TRUE,0.886351122425511,0.772768312876473,TRUE,4,0.0189999999997781,"34, 225"
0.01,43,5,1,100097,"susie_rss_out_of_sample",NA,NA,NA,NA,NA,NA,NA,NA,NA,-28260.7260614769,NA,4,0.5,1,TRUE,0.907226920310847,0.814455230882431,TRUE,15,0.0409999999997126,"34, 225"
0.01,43,5,2,100098,"joint_lambda_calibrated_eta0",0.01,25.8759033609474,39.7712634657761,1.537,-0.507887952217076,-0.0780554876606168,0,"interior","upper",1993.98196737103,0,1,1,0.5,FALSE,0.304877670482984,0.00881677992188179,TRUE,41,0.445999999999913,"253, 297"
0.01,43,5,2,100098,"joint_lambda_profiled_eta0",0.01,25.8759033609474,25.8759033609474,1,-0.507887952217076,-0.507887952217076,0,"interior","upper",1994.93134871499,0,1,1,0.5,FALSE,0.282058019126196,0.00810102586022032,TRUE,67,0.396999999999935,"253, 297"
0.01,43,5,2,100098,"susie_rss_in_sample",NA,NA,NA,NA,NA,NA,NA,NA,NA,-28300.3842757345,NA,2,1,1,TRUE,0.862453174965591,0.749899696389506,TRUE,4,0.0180000000000291,"253, 297"
0.01,43,5,2,100098,"susie_rss_out_of_sample",NA,NA,NA,NA,NA,NA,NA,NA,NA,-28263.338788185,NA,4,0.25,0.5,FALSE,0.43450666398851,2.91973810112589e-05,TRUE,12,0.0340000000001055,"253, 297"
0.01,43,5,3,100099,"joint_lambda_calibrated_eta0",0.01,32.1610164527064,49.4314822878098,1.537,-0.290445065765767,0.139387398790692,0,"interior","upper",2010.10187035082,0,1,1,0.5,FALSE,0.662474416331105,0.324948832671159,TRUE,165,0.478999999999814,"287, 378"
0.01,43,5,3,100099,"joint_lambda_profiled_eta0",0.01,32.1610164527064,32.1610164527064,1,-0.290445065765767,-0.290445065765767,0,"interior","upper",2010.54016642634,0,1,1,0.5,FALSE,0.504749332933116,0.00949866609971006,TRUE,54,0.293999999999869,"287, 378"
0.01,43,5,3,100099,"susie_rss_in_sample",NA,NA,NA,NA,NA,NA,NA,NA,NA,-28282.9572609786,NA,2,1,1,TRUE,0.763877681650469,0.527755363300937,TRUE,5,0.0230000000001382,"287, 378"
0.01,43,5,3,100099,"susie_rss_out_of_sample",NA,NA,NA,NA,NA,NA,NA,NA,NA,-28234.0819864567,NA,5,0.4,1,TRUE,0.971051252561502,0.942102505123005,TRUE,12,0.0340000000001055,"287, 378"
0.01,43,5,4,100100,"joint_lambda_calibrated_eta0",0.01,22.1336515823141,34.0194224820168,1.537,-0.664100969263647,-0.234268504707188,0,"interior","upper",1962.76307654234,0,1,1,0.5,FALSE,0.250816053713891,0.0089376440847484,TRUE,45,0.498000000000047,"428, 432"
0.01,43,5,4,100100,"joint_lambda_profiled_eta0",0.01,22.1336515823141,22.1336515823141,1,-0.664100969263647,-0.664100969263647,0,"interior","upper",1963.64834256091,0,0,0,0,FALSE,0.239161455219972,0.00821211319322412,TRUE,74,0.445000000000164,"428, 432"
0.01,43,5,4,100100,"susie_rss_in_sample",NA,NA,NA,NA,NA,NA,NA,NA,NA,-28259.4158243989,NA,2,1,1,TRUE,0.822807659283287,0.646032421094335,TRUE,14,0.0540000000000873,"428, 432"
0.01,43,5,4,100100,"susie_rss_out_of_sample",NA,NA,NA,NA,NA,NA,NA,NA,NA,-28241.4272328678,NA,4,0.25,0.5,FALSE,0.280690177163309,4.73895765573662e-06,TRUE,13,0.0380000000000109,"428, 432"
0.01,43,5,5,100101,"joint_lambda_calibrated_eta0",0.01,19.339683685903,29.7250938252329,1.537,-0.799040981236345,-0.369208516679886,0,"interior","upper",1936.13639993314,0,1,1,0.5,FALSE,0.340323128033374,0.0084384516924465,TRUE,52,0.51299999999992,"3, 218"
0.01,43,5,5,100101,"joint_lambda_profiled_eta0",0.01,19.339683685903,19.339683685903,1,-0.799040981236345,-0.799040981236345,0,"interior","upper",1936.94234013609,0,1,1,0.5,FALSE,0.313647807354922,0.0081154458750462,TRUE,79,0.451999999999771,"3, 218"
0.01,43,5,5,100101,"susie_rss_in_sample",NA,NA,NA,NA,NA,NA,NA,NA,NA,-28299.8605986099,NA,2,1,1,TRUE,0.638484939005727,0.27775809617431,TRUE,6,0.025000000000091,"3, 218"
0.01,43,5,5,100101,"susie_rss_out_of_sample",NA,NA,NA,NA,NA,NA,NA,NA,NA,-28258.3727248169,NA,4,0.25,0.5,FALSE,0.506254387954736,0.0144413418408618,TRUE,12,0.0349999999998545,"3, 218"
0.01,95,5,1,100102,"joint_lambda_calibrated_eta0",0.01,69.5143347083083,106.84353244667,1.537,-0.312343905501587,0.117488559054872,0,"interior","upper",2158.50824297596,0,1,1,0.5,FALSE,0.0668583905596384,0.0268433305718981,TRUE,28,0.427999999999884,"142, 214"
0.01,95,5,1,100102,"joint_lambda_profiled_eta0",0.01,69.5143347083083,69.5143347083083,1,-0.312343905501587,-0.312343905501587,0,"interior","upper",2159.72617635041,0,1,1,0.5,FALSE,0.0732667348536518,0.0156242070348815,TRUE,67,0.394999999999982,"142, 214"
0.01,95,5,1,100102,"susie_rss_in_sample",NA,NA,NA,NA,NA,NA,NA,NA,NA,-28290.8676242046,NA,2,1,1,TRUE,0.356042535054317,0.220896585665747,TRUE,9,0.0360000000000582,"142, 214"
0.01,95,5,1,100102,"susie_rss_out_of_sample",NA,NA,NA,NA,NA,NA,NA,NA,NA,-28285.2278319087,NA,2,0,0,FALSE,0.00571401519483589,0.00167250796827478,TRUE,14,0.0370000000002619,"142, 214"
0.01,95,5,2,100103,"joint_lambda_calibrated_eta0",0.01,86.3460852865654,132.713933085451,1.537,-0.0955134234545802,0.334319041101878,0,"interior","upper",2192.689428487,0,1,1,0.5,FALSE,0.499988709469629,0.034262053759412,TRUE,34,0.271999999999935,"228, 326"
0.01,95,5,2,100103,"joint_lambda_profiled_eta0",0.01,86.3460852865654,86.3460852865654,1,-0.0955134234545802,-0.0955134234545802,0,"interior","upper",2194.24987903642,0,1,1,0.5,FALSE,0.463721577077596,0.0105298205547348,TRUE,40,0.228999999999814,"228, 326"
0.01,95,5,2,100103,"susie_rss_in_sample",NA,NA,NA,NA,NA,NA,NA,NA,NA,-28298.8304149295,NA,1,1,0.5,FALSE,0.635322258132395,0.270667594726343,TRUE,4,0.0180000000000291,"228, 326"
0.01,95,5,2,100103,"susie_rss_out_of_sample",NA,NA,NA,NA,NA,NA,NA,NA,NA,-28284.2867823413,NA,4,0.5,1,TRUE,0.697502218454597,0.395223325401988,TRUE,10,0.0280000000002474,"228, 326"
0.01,95,5,3,100104,"joint_lambda_calibrated_eta0",0.01,77.2793928345728,118.778426786738,1.537,-0.206449558422629,0.223382906133829,0,"interior","upper",2205.91574287357,0,1,1,0.5,FALSE,0.534941516092067,0.0762344563709231,TRUE,23,0.118000000000393,"179, 428"
0.01,95,5,3,100104,"joint_lambda_profiled_eta0",0.01,77.2793928345728,77.2793928345728,1,-0.206449558422629,-0.206449558422629,0,"interior","upper",2207.08476905906,0,1,1,0.5,FALSE,0.499606821940693,0.0167329885815894,TRUE,22,0.0900000000001455,"179, 428"
0.01,95,5,3,100104,"susie_rss_in_sample",NA,NA,NA,NA,NA,NA,NA,NA,NA,-28308.9829999302,NA,2,1,1,TRUE,0.99658041225126,0.993491070920643,TRUE,3,0.0139999999996689,"179, 428"
0.01,95,5,3,100104,"susie_rss_out_of_sample",NA,NA,NA,NA,NA,NA,NA,NA,NA,-28304.1860199812,NA,3,0.666666666666667,1,TRUE,0.908440576664256,0.816890072725131,TRUE,9,0.0260000000002947,"179, 428"
0.01,95,5,4,100105,"joint_lambda_calibrated_eta0",0.01,32.8456139624741,50.4837086603227,1.537,-1.0620586727082,-0.632226208151742,0,"interior","upper",2098.92686755224,0,2,1,1,TRUE,0.994932236255566,0.989866738552009,TRUE,121,0.415999999999713,"68, 427"
0.01,95,5,4,100105,"joint_lambda_profiled_eta0",0.01,32.8456139624741,32.8456139624741,1,-1.0620586727082,-1.0620586727082,0,"interior","upper",2097.76462368985,0,1,1,0.5,FALSE,0.506180259936003,0.0123802871933463,TRUE,53,0.277999999999793,"68, 427"
0.01,95,5,4,100105,"susie_rss_in_sample",NA,NA,NA,NA,NA,NA,NA,NA,NA,-28283.5813728838,NA,2,1,1,TRUE,0.999999999847649,0.999999999695297,TRUE,6,0.0259999999998399,"68, 427"
0.01,95,5,4,100105,"susie_rss_out_of_sample",NA,NA,NA,NA,NA,NA,NA,NA,NA,-28281.5635748581,NA,3,0.666666666666667,1,TRUE,0.999999972641757,0.999999945283513,TRUE,8,0.0239999999998872,"68, 427"
0.01,95,5,5,100106,"joint_lambda_calibrated_eta0",0.01,74.3639124532952,114.297333440715,1.537,-0.244906115105932,0.184926349450526,0,"interior","upper",2126.68893200956,0,2,1,1,TRUE,0.590429148620251,0.274322513605402,TRUE,31,0.874000000000251,"342, 450"
0.01,95,5,5,100106,"joint_lambda_profiled_eta0",0.01,74.3639124532952,74.3639124532952,1,-0.244906115105932,-0.244906115105932,0,"interior","upper",2128.51416881573,0,2,1,1,TRUE,0.579991249946753,0.311105638245298,TRUE,146,0.836999999999989,"342, 450"
0.01,95,5,5,100106,"susie_rss_in_sample",NA,NA,NA,NA,NA,NA,NA,NA,NA,-28283.3511169876,NA,2,1,1,TRUE,0.990823362206696,0.985910261573512,TRUE,5,0.0219999999999345,"342, 450"
0.01,95,5,5,100106,"susie_rss_out_of_sample",NA,NA,NA,NA,NA,NA,NA,NA,NA,-28278.8719241173,NA,3,0.333333333333333,0.5,FALSE,0.499155271310101,0.000577361013112898,TRUE,13,0.0360000000000582,"342, 450"
0.01,206,5,1,100107,"joint_lambda_calibrated_eta0",0.01,202.526258534215,311.282859367088,1.537,-0.0170066188757456,0.412825845680713,0,"interior","upper",2289.19087436181,0,2,1,1,TRUE,0.253012766722878,0.138162935181442,TRUE,14,0.102999999999611,"32, 329"
0.01,206,5,1,100107,"joint_lambda_profiled_eta0",0.01,202.526258534215,202.526258534215,1,-0.0170066188757456,-0.0170066188757456,0,"interior","upper",2290.68502239462,0,2,1,1,TRUE,0.253918090047789,0.17099552784183,TRUE,22,0.0849999999995816,"32, 329"
0.01,206,5,1,100107,"susie_rss_in_sample",NA,NA,NA,NA,NA,NA,NA,NA,NA,-28290.3882708447,NA,2,1,1,TRUE,0.762703944999165,0.556078408890122,TRUE,6,0.0189999999997781,"32, 329"
0.01,206,5,1,100107,"susie_rss_out_of_sample",NA,NA,NA,NA,NA,NA,NA,NA,NA,-28289.678953809,NA,3,0.333333333333333,0.5,FALSE,0.286388363999239,0.0198627102918162,TRUE,13,0.0340000000001055,"32, 329"
0.01,206,5,2,100108,"joint_lambda_calibrated_eta0",0.01,98.6550482332036,151.632809134434,1.537,-0.73624676446043,-0.306414299903972,0,"interior","upper",2212.76568913198,0,1,1,0.5,FALSE,0.41474422283261,0.00595893313576279,TRUE,96,0.425999999999931,"130, 131"
0.01,206,5,2,100108,"joint_lambda_profiled_eta0",0.01,98.6550482332036,98.6550482332036,1,-0.73624676446043,-0.73624676446043,0,"interior","upper",2213.13259184098,0,1,1,0.5,FALSE,0.408690142196372,0.00840640948544713,TRUE,65,0.31899999999996,"130, 131"
0.01,206,5,2,100108,"susie_rss_in_sample",NA,NA,NA,NA,NA,NA,NA,NA,NA,-28286.7101338838,NA,2,0.5,0.5,FALSE,0.472743009346615,2.10116147703054e-07,TRUE,5,0.0219999999999345,"130, 131"
0.01,206,5,2,100108,"susie_rss_out_of_sample",NA,NA,NA,NA,NA,NA,NA,NA,NA,-28288.0541439524,NA,2,0.5,0.5,FALSE,0.48743395977884,0.00420065751152199,TRUE,18,0.0489999999999782,"130, 131"
0.01,206,5,3,100109,"joint_lambda_calibrated_eta0",0.01,151.981440724051,233.595474392866,1.537,-0.304117755897843,0.125714708658616,0,"interior","upper",2227.27635991297,0,2,1,1,TRUE,0.767295353253041,0.741813768992957,TRUE,17,0.143000000000029,"115, 205"
0.01,206,5,3,100109,"joint_lambda_profiled_eta0",0.01,151.981440724051,151.981440724051,1,-0.304117755897843,-0.304117755897843,0,"interior","upper",2229.16949244184,0,2,1,1,TRUE,0.692493952675337,0.667705988056104,TRUE,31,0.121999999999844,"115, 205"
0.01,206,5,3,100109,"susie_rss_in_sample",NA,NA,NA,NA,NA,NA,NA,NA,NA,-28275.2410281493,NA,2,1,1,TRUE,0.92113474902839,0.908999360062373,TRUE,10,0.0289999999999964,"115, 205"
0.01,206,5,3,100109,"susie_rss_out_of_sample",NA,NA,NA,NA,NA,NA,NA,NA,NA,-28271.3801421397,NA,5,0.4,1,TRUE,0.876766301319541,0.76023532293724,TRUE,23,0.0609999999996944,"115, 205"
0.01,206,5,4,100110,"joint_lambda_calibrated_eta0",0.01,71.7089428790487,110.216645205098,1.537,-1.05526070261513,-0.625428238058667,0,"interior","upper",2181.82417575963,0,2,1,1,TRUE,0.782508484076919,0.565098770745198,TRUE,90,0.208999999999833,"201, 442"
0.01,206,5,4,100110,"joint_lambda_profiled_eta0",0.01,71.7089428790487,71.7089428790487,1,-1.05526070261513,-1.05526070261513,0,"interior","upper",2180.69113370775,0,1,1,0.5,FALSE,0.509030481907987,0.018190125092404,TRUE,26,0.104999999999563,"201, 442"
0.01,206,5,4,100110,"susie_rss_in_sample",NA,NA,NA,NA,NA,NA,NA,NA,NA,-28296.9486450271,NA,2,1,1,TRUE,0.998885669818434,0.997771340418894,TRUE,9,0.025000000000091,"201, 442"
0.01,206,5,4,100110,"susie_rss_out_of_sample",NA,NA,NA,NA,NA,NA,NA,NA,NA,-28288.9574773937,NA,3,0.666666666666667,1,TRUE,0.998731400951524,0.997462802355166,TRUE,15,0.0399999999999636,"201, 442"
0.01,206,5,5,100111,"joint_lambda_calibrated_eta0",0.01,192.71680848034,296.205734634283,1.537,-0.0666543710168304,0.363178093539628,0,"interior","upper",2284.0539846585,0,2,1,1,TRUE,0.65312954188279,0.370676303281486,TRUE,79,0.586999999999989,"122, 211"
0.01,206,5,5,100111,"joint_lambda_profiled_eta0",0.01,192.71680848034,192.71680848034,1,-0.0666543710168304,-0.0666543710168304,0,"interior","upper",2285.73344812022,0,2,1,1,TRUE,0.607044905022132,0.325078304435426,TRUE,93,0.494999999999891,"122, 211"
0.01,206,5,5,100111,"susie_rss_in_sample",NA,NA,NA,NA,NA,NA,NA,NA,NA,-28299.1825519561,NA,2,1,1,TRUE,0.871032948884182,0.818685357633729,TRUE,5,0.0209999999997308,"122, 211"
0.01,206,5,5,100111,"susie_rss_out_of_sample",NA,NA,NA,NA,NA,NA,NA,NA,NA,-28293.9634347207,NA,2,1,1,TRUE,0.73131631545831,0.468044693274938,TRUE,8,0.0299999999997453,"122, 211"
0.01,447,5,1,100112,"joint_lambda_calibrated_eta0",0.01,291.697568278613,448.339162444228,1.537,-0.426841054152382,0.00299141040407669,0,"interior","upper",2314.94840481829,0,2,1,1,TRUE,0.842298797378248,0.684597594846377,TRUE,78,0.561000000000149,"230, 363"
0.01,447,5,1,100112,"joint_lambda_profiled_eta0",0.01,291.697568278613,291.697568278613,1,-0.426841054152382,-0.426841054152382,0,"interior","upper",2316.54816901167,0,2,1,1,TRUE,0.826191657574226,0.652383317037879,TRUE,88,0.470000000000255,"230, 363"
0.01,447,5,1,100112,"susie_rss_in_sample",NA,NA,NA,NA,NA,NA,NA,NA,NA,-28285.9453456784,NA,2,1,1,TRUE,0.860765588959809,0.72153117791971,TRUE,4,0.0199999999999818,"230, 363"
0.01,447,5,1,100112,"susie_rss_out_of_sample",NA,NA,NA,NA,NA,NA,NA,NA,NA,-28279.9244593713,NA,2,1,1,TRUE,0.882089570175239,0.764179140350481,TRUE,5,0.0199999999999818,"230, 363"
0.01,447,5,2,100113,"joint_lambda_calibrated_eta0",0.01,237.477614501368,365.003093488603,1.537,-0.632485230312212,-0.202652765755754,0,"interior","upper",2322.31563448768,0,2,1,1,TRUE,0.860018641610241,0.758232995709708,TRUE,63,0.492999999999938,"31, 277"
0.01,447,5,2,100113,"joint_lambda_profiled_eta0",0.01,237.477614501368,237.477614501368,1,-0.632485230312212,-0.632485230312212,0,"interior","upper",2323.62427615565,0,2,1,1,TRUE,0.826483267732334,0.713857647760204,TRUE,77,0.422000000000025,"31, 277"
0.01,447,5,2,100113,"susie_rss_in_sample",NA,NA,NA,NA,NA,NA,NA,NA,NA,-28306.9298235193,NA,2,1,1,TRUE,0.91932453300004,0.840738250168829,TRUE,4,0.0169999999998254,"31, 277"
0.01,447,5,2,100113,"susie_rss_out_of_sample",NA,NA,NA,NA,NA,NA,NA,NA,NA,-28306.789566621,NA,2,1,1,TRUE,0.816318807442488,0.633665985207722,TRUE,10,0.0310000000004038,"31, 277"
0.01,447,5,3,100114,"joint_lambda_calibrated_eta0",0.01,269.530699601375,414.268685287313,1.537,-0.505876297574487,-0.0760438330180282,0,"interior","upper",2315.99971779886,0,1,1,0.5,FALSE,0.626444979875905,0.337197010811632,TRUE,13,0.648000000000138,"325, 443"
0.01,447,5,3,100114,"joint_lambda_profiled_eta0",0.01,269.530699601375,269.530699601375,1,-0.505876297574487,-0.505876297574487,0,"interior","upper",2317.38304844989,0,1,1,0.5,FALSE,0.512164373678918,0.341965739813276,TRUE,111,0.632000000000062,"325, 443"
0.01,447,5,3,100114,"susie_rss_in_sample",NA,NA,NA,NA,NA,NA,NA,NA,NA,-28284.4036068196,NA,2,1,1,TRUE,0.587628880567004,0.176354458382257,TRUE,6,0.0190000000002328,"325, 443"
0.01,447,5,3,100114,"susie_rss_out_of_sample",NA,NA,NA,NA,NA,NA,NA,NA,NA,-28283.1119293944,NA,2,1,1,TRUE,0.662405781899331,0.325574699642327,TRUE,61,0.23299999999972,"325, 443"
0.01,447,5,4,100115,"joint_lambda_calibrated_eta0",0.01,364.329800481265,559.974903339704,1.537,-0.20449909190989,0.225333372646569,0,"interior","upper",2327.17930070062,0,2,1,1,TRUE,0.695568557403728,0.391920698628336,TRUE,26,0.463000000000193,"59, 170"
0.01,447,5,4,100115,"joint_lambda_profiled_eta0",0.01,364.329800481265,364.329800481265,1,-0.20449909190989,-0.20449909190989,0,"interior","upper",2328.74588058314,0,2,1,1,TRUE,0.677339327161084,0.357189583520591,TRUE,78,0.432000000000244,"59, 170"
0.01,447,5,4,100115,"susie_rss_in_sample",NA,NA,NA,NA,NA,NA,NA,NA,NA,-28272.331927337,NA,2,1,1,TRUE,0.761335412492589,0.522729186770122,TRUE,10,0.0300000000002001,"59, 170"
0.01,447,5,4,100115,"susie_rss_out_of_sample",NA,NA,NA,NA,NA,NA,NA,NA,NA,-28263.9416710615,NA,2,1,1,TRUE,0.751378641334497,0.502759670092374,TRUE,7,0.0210000000001855,"59, 170"
0.01,447,5,5,100116,"joint_lambda_calibrated_eta0",0.01,340.742484848743,523.721199212518,1.537,-0.271431579016033,0.158400885540425,0,"interior","upper",2360.62159916973,0,2,1,1,TRUE,0.932110065566252,0.864282506031776,TRUE,56,0.52199999999948,"127, 464"
0.01,447,5,5,100116,"joint_lambda_profiled_eta0",0.01,340.742484848743,340.742484848743,1,-0.271431579016033,-0.271431579016033,0,"interior","upper",2361.54487123442,0,2,1,1,TRUE,0.918306698174985,0.836770534298686,TRUE,69,0.453999999999724,"127, 464"
0.01,447,5,5,100116,"susie_rss_in_sample",NA,NA,NA,NA,NA,NA,NA,NA,NA,-28313.2546357705,NA,2,1,1,TRUE,0.966268568333232,0.932537850174912,TRUE,3,0.0140000000001237,"127, 464"
0.01,447,5,5,100116,"susie_rss_out_of_sample",NA,NA,NA,NA,NA,NA,NA,NA,NA,-28313.3466001773,NA,2,1,1,TRUE,0.960267158716679,0.920539656161358,TRUE,14,0.0399999999999636,"127, 464"
0.01,972,5,1,100117,"joint_lambda_calibrated_eta0",0.01,1041.11600855058,1600.19530514224,1.537,0.0686926974754609,0.498525162031919,0,"interior","upper",2411.42860092306,0,2,1,1,TRUE,0.818931624433056,0.639564778479375,TRUE,11,0.068000000000211,"236, 258"
0.01,972,5,1,100117,"joint_lambda_profiled_eta0",0.01,1041.11600855058,1041.11600855058,1,0.0686926974754609,0.0686926974754609,0,"interior","upper",2411.77238556306,0,2,1,1,TRUE,0.810408268875572,0.623658498277014,TRUE,14,0.0540000000000873,"236, 258"
0.01,972,5,1,100117,"susie_rss_in_sample",NA,NA,NA,NA,NA,NA,NA,NA,NA,-28289.0028245794,NA,2,1,1,TRUE,0.82803892749648,0.657507942106134,TRUE,5,0.0219999999999345,"236, 258"
0.01,972,5,1,100117,"susie_rss_out_of_sample",NA,NA,NA,NA,NA,NA,NA,NA,NA,-28288.2132449255,NA,2,1,1,TRUE,0.839335623642576,0.679279122640848,TRUE,36,0.0950000000002547,"236, 258"
0.01,972,5,2,100118,"joint_lambda_calibrated_eta0",0.01,727.73625512779,1118.53062413141,1.537,-0.289417108817887,0.140415355738571,0,"interior","upper",2403.73559369903,0,2,1,1,TRUE,0.765809590590178,0.532322194879951,TRUE,77,0.523999999999887,"9, 227"
0.01,972,5,2,100118,"joint_lambda_profiled_eta0",0.01,727.73625512779,727.73625512779,1,-0.289417108817887,-0.289417108817887,0,"interior","upper",2404.19345874846,0,2,1,1,TRUE,0.764527284010686,0.530312800831006,TRUE,77,0.432999999999993,"9, 227"
0.01,972,5,2,100118,"susie_rss_in_sample",NA,NA,NA,NA,NA,NA,NA,NA,NA,-28304.3141255538,NA,2,1,1,TRUE,0.734504851364157,0.469037123316379,TRUE,4,0.0180000000000291,"9, 227"
0.01,972,5,2,100118,"susie_rss_out_of_sample",NA,NA,NA,NA,NA,NA,NA,NA,NA,-28304.2374695192,NA,2,1,1,TRUE,0.767569215144236,0.535282815468107,TRUE,5,0.0219999999999345,"9, 227"
0.01,972,5,3,100119,"joint_lambda_calibrated_eta0",0.01,629.381426679546,967.359252806462,1.537,-0.434618329830935,-0.00478586527447611,0,"interior","upper",2369.21967710465,0,2,1,1,TRUE,0.975934503645417,0.951883955635316,TRUE,61,0.539000000000215,"12, 237"
0.01,972,5,3,100119,"joint_lambda_profiled_eta0",0.01,629.381426679546,629.381426679546,1,-0.434618329830935,-0.434618329830935,0,"interior","upper",2370.08222972692,0,2,1,1,TRUE,0.968049470001185,0.936141004979175,TRUE,76,0.461999999999989,"12, 237"
0.01,972,5,3,100119,"susie_rss_in_sample",NA,NA,NA,NA,NA,NA,NA,NA,NA,-28267.5289513287,NA,3,0.666666666666667,1,TRUE,0.999188705647912,0.998377772738965,TRUE,5,0.0180000000000291,"12, 237"
0.01,972,5,3,100119,"susie_rss_out_of_sample",NA,NA,NA,NA,NA,NA,NA,NA,NA,-28273.3228590046,NA,3,0.666666666666667,1,TRUE,0.988854477285499,0.977709485706998,TRUE,6,0.0220000000003893,"12, 237"
0.01,972,5,4,100120,"joint_lambda_calibrated_eta0",0.01,732.097775318667,1125.23428066479,1.537,-0.283441726579476,0.146390737976982,0,"interior","upper",2401.09125041671,0,2,1,1,TRUE,0.997250070462046,0.994500166551069,TRUE,75,0.50899999999956,"57, 352"
0.01,972,5,4,100120,"joint_lambda_profiled_eta0",0.01,732.097775318667,732.097775318667,1,-0.283441726579476,-0.283441726579476,0,"interior","upper",2401.57567900075,0,2,1,1,TRUE,0.996119203465279,0.992238481653335,TRUE,73,0.420999999999822,"57, 352"
0.01,972,5,4,100120,"susie_rss_in_sample",NA,NA,NA,NA,NA,NA,NA,NA,NA,-28299.8325925676,NA,2,1,1,TRUE,0.996648832634275,0.99329766539403,TRUE,4,0.0169999999998254,"57, 352"
0.01,972,5,4,100120,"susie_rss_out_of_sample",NA,NA,NA,NA,NA,NA,NA,NA,NA,-28301.4350540431,NA,2,1,1,TRUE,0.998809000926688,0.99761800353148,TRUE,5,0.0209999999997308,"57, 352"
0.01,972,5,5,100121,"joint_lambda_calibrated_eta0",0.008,778.268420824816,1196.19856280774,1.537,-0.222284325872017,0.207548138684442,-0.223143551314211,"interior","interior",2411.7226173892,0.663572317153466,2,1,1,TRUE,0.959030356365782,0.921287906696209,TRUE,63,0.899000000000342,"175, 198"
0.01,972,5,5,100121,"joint_lambda_profiled_eta0",0.008,778.268420824816,778.268420824816,1,-0.222284325872017,-0.222284325872017,-0.223143551314211,"interior","interior",2412.49861809729,1.03558727121208,2,1,1,TRUE,0.943012753381177,0.893255713622108,TRUE,78,0.825000000000273,"175, 198"
0.01,972,5,5,100121,"susie_rss_in_sample",NA,NA,NA,NA,NA,NA,NA,NA,NA,-28260.2795474664,NA,2,1,1,TRUE,0.985429377516914,0.971518879513985,TRUE,6,0.0239999999998872,"175, 198"
0.01,972,5,5,100121,"susie_rss_out_of_sample",NA,NA,NA,NA,NA,NA,NA,NA,NA,-28261.3537433399,NA,2,1,1,TRUE,0.984440144163672,0.969306801901392,TRUE,16,0.043999999999869,"175, 198"
0.01,2115,5,1,100122,"joint_lambda_calibrated_eta0",0.01,2882.79232824339,4430.8518085101,1.537,0.309704570349284,0.739537034905744,0,"interior","upper",2446.10871175978,0,2,1,1,TRUE,0.629983850671358,0.260635813497392,TRUE,73,1.12699999999995,"390, 402"
0.01,2115,5,1,100122,"joint_lambda_profiled_eta0",0.01,2882.79232824339,2882.79232824339,1,0.309704570349284,0.309704570349284,0,"interior","upper",2446.15043641169,0,2,1,1,TRUE,0.630995969562079,0.262749604030609,TRUE,73,1.00199999999995,"390, 402"
0.01,2115,5,1,100122,"susie_rss_in_sample",NA,NA,NA,NA,NA,NA,NA,NA,NA,-28312.7892499707,NA,2,1,1,TRUE,0.629656110913368,0.260357429679501,TRUE,4,0.0180000000000291,"390, 402"
0.01,2115,5,1,100122,"susie_rss_out_of_sample",NA,NA,NA,NA,NA,NA,NA,NA,NA,-28312.9695517902,NA,2,1,1,TRUE,0.624587391178452,0.249655283866684,TRUE,4,0.0169999999998254,"390, 402"
0.01,2115,5,2,100123,"joint_lambda_calibrated_eta0",0.01,2389.24186922776,3672.26475300306,1.537,0.121921293595459,0.551753758151919,0,"interior","upper",2441.2410217519,0,2,1,1,TRUE,0.87613814183418,0.752475034978562,TRUE,69,0.947000000000116,"203, 382"
0.01,2115,5,2,100123,"joint_lambda_profiled_eta0",0.01,2389.24186922776,2389.24186922776,1,0.121921293595459,0.121921293595459,0,"interior","upper",2441.31351249535,0,2,1,1,TRUE,0.869793587469097,0.739829312843055,TRUE,68,0.838999999999942,"203, 382"
0.01,2115,5,2,100123,"susie_rss_in_sample",NA,NA,NA,NA,NA,NA,NA,NA,NA,-28302.0050266941,NA,2,1,1,TRUE,0.949900250923628,0.899857175972298,TRUE,4,0.0169999999998254,"203, 382"
0.01,2115,5,2,100123,"susie_rss_out_of_sample",NA,NA,NA,NA,NA,NA,NA,NA,NA,-28303.082333992,NA,2,1,1,TRUE,0.888968823286792,0.778068242782958,TRUE,5,0.0219999999999345,"203, 382"
0.01,2115,5,3,100124,"joint_lambda_calibrated_eta0",0.01,20000,20000,1.537,2.24667746105575,2.24667746105575,0,"upper","upper",2457.94302394097,0,2,1,1,TRUE,0.992740303934273,0.985480607868547,TRUE,77,2.39499999999998,"24, 200"
0.01,2115,5,3,100124,"joint_lambda_profiled_eta0",0.01,20000,20000,1,2.24667746105575,2.24667746105575,0,"upper","upper",2457.94302580192,0,2,1,1,TRUE,0.992740298174156,0.985480596348313,TRUE,77,2.24099999999999,"24, 200"
0.01,2115,5,3,100124,"susie_rss_in_sample",NA,NA,NA,NA,NA,NA,NA,NA,NA,-28295.180950829,NA,2,1,1,TRUE,0.989108876311901,0.978217752623803,TRUE,4,0.0190000000002328,"24, 200"
0.01,2115,5,3,100124,"susie_rss_out_of_sample",NA,NA,NA,NA,NA,NA,NA,NA,NA,-28296.9856428196,NA,2,1,1,TRUE,0.992899951318785,0.98579990263757,TRUE,4,0.0179999999995744,"24, 200"
0.01,2115,5,4,100125,"joint_lambda_calibrated_eta0",0.01,1020.69118779107,1568.80235563487,1.537,-0.728574779603769,-0.298742315047311,0,"interior","upper",2415.30333023266,0,2,1,1,TRUE,0.999781553242641,0.999563106485282,TRUE,78,0.550999999999931,"327, 344"
0.01,2115,5,4,100125,"joint_lambda_profiled_eta0",0.01,1020.69118779107,1020.69118779107,1,-0.728574779603769,-0.728574779603769,0,"interior","upper",2415.61947586002,0,2,1,1,TRUE,0.999641294776878,0.999282589553756,TRUE,79,0.458999999999833,"327, 344"
0.01,2115,5,4,100125,"susie_rss_in_sample",NA,NA,NA,NA,NA,NA,NA,NA,NA,-28299.889274181,NA,2,1,1,TRUE,0.999914371136584,0.999828742273168,TRUE,4,0.0180000000000291,"327, 344"
0.01,2115,5,4,100125,"susie_rss_out_of_sample",NA,NA,NA,NA,NA,NA,NA,NA,NA,-28298.5517475135,NA,2,1,1,TRUE,0.999932488200108,0.999864976400217,TRUE,4,0.0180000000000291,"327, 344"
0.01,2115,5,5,100126,"joint_lambda_calibrated_eta0",0.01,1275.64723408647,1960.66979879091,1.537,-0.505601128113071,-0.0757686635566124,0,"interior","upper",2422.08826509822,0,2,1,1,TRUE,0.636315248204136,0.274215967972652,TRUE,79,0.544000000000324,"50, 190"
0.01,2115,5,5,100126,"joint_lambda_profiled_eta0",0.01,1275.64723408647,1275.64723408647,1,-0.505601128113071,-0.505601128113071,0,"interior","upper",2422.34845094765,0,2,1,1,TRUE,0.635275810868987,0.272793550261574,TRUE,79,0.452000000000226,"50, 190"
0.01,2115,5,5,100126,"susie_rss_in_sample",NA,NA,NA,NA,NA,NA,NA,NA,NA,-28289.1886521641,NA,2,1,1,TRUE,0.638571676251046,0.277944514600494,TRUE,5,0.0219999999999345,"50, 190"
0.01,2115,5,5,100126,"susie_rss_out_of_sample",NA,NA,NA,NA,NA,NA,NA,NA,NA,-28289.0483739593,NA,2,1,1,TRUE,0.63595384903489,0.272618567376038,TRUE,5,0.0210000000001855,"50, 190"
0.01,4599,5,1,100127,"joint_lambda_calibrated_eta0",0.01,2529.48965806504,3887.82560444596,1.537,-0.59782132234563,-0.167988857789171,0,"interior","upper",2438.45366684499,0,2,1,1,TRUE,0.565416459445288,0.131466851949645,TRUE,78,0.900000000000091,"330, 485"
0.01,4599,5,1,100127,"joint_lambda_profiled_eta0",0.01,2529.48965806504,2529.48965806504,1,-0.59782132234563,-0.59782132234563,0,"interior","upper",2438.55923472232,0,2,1,1,TRUE,0.565807494163004,0.132397623746459,TRUE,79,0.766000000000076,"330, 485"
0.01,4599,5,1,100127,"susie_rss_in_sample",NA,NA,NA,NA,NA,NA,NA,NA,NA,-28274.0020844207,NA,2,1,1,TRUE,0.565048151007528,0.130570930361331,TRUE,4,0.0180000000000291,"330, 485"
0.01,4599,5,1,100127,"susie_rss_out_of_sample",NA,NA,NA,NA,NA,NA,NA,NA,NA,-28273.7582020043,NA,2,1,1,TRUE,0.561256736654714,0.122887968200128,TRUE,3,0.0149999999998727,"330, 485"
0.01,4599,5,2,100128,"joint_lambda_calibrated_eta0",0.01,9040.11493515911,13894.6566553395,1.537,0.675832999831748,1.10566546438821,0,"interior","upper",2456.74660195142,0,1,1,0.5,FALSE,0.689608810419737,0.383483796736584,TRUE,73,1.13499999999976,"152, 402"
0.01,4599,5,2,100128,"joint_lambda_profiled_eta0",0.01,9040.11493515911,9040.11493515911,1,0.675832999831748,0.675832999831748,0,"interior","upper",2456.75142951936,0,1,1,0.5,FALSE,0.688281091880436,0.380981279275462,TRUE,78,1.00399999999991,"152, 402"
0.01,4599,5,2,100128,"susie_rss_in_sample",NA,NA,NA,NA,NA,NA,NA,NA,NA,-28311.1875792805,NA,1,1,0.5,FALSE,0.66655136874412,0.337456329406984,TRUE,4,0.0189999999997781,"152, 402"
0.01,4599,5,2,100128,"susie_rss_out_of_sample",NA,NA,NA,NA,NA,NA,NA,NA,NA,-28310.6342044035,NA,1,1,0.5,FALSE,0.692988094300738,0.389748212937834,TRUE,4,0.0180000000000291,"152, 402"
0.01,4599,5,3,100129,"joint_lambda_calibrated_eta0",0.01,1639.24883157999,2519.52545413845,1.537,-1.03160078117364,-0.60176831661718,0,"interior","upper",2434.25874608627,0,2,1,1,TRUE,0.893144591554183,0.799586148949666,TRUE,14,0.0809999999996762,"278, 485"
0.01,4599,5,3,100129,"joint_lambda_profiled_eta0",0.01,1639.24883157999,1639.24883157999,1,-1.03160078117364,-1.03160078117364,0,"interior","upper",2434.36884350641,0,2,1,1,TRUE,0.88867186020255,0.794282420199496,TRUE,14,0.0579999999999927,"278, 485"
0.01,4599,5,3,100129,"susie_rss_in_sample",NA,NA,NA,NA,NA,NA,NA,NA,NA,-28312.9111853217,NA,2,1,1,TRUE,0.899994893812537,0.804943339594606,TRUE,14,0.0390000000002146,"278, 485"
0.01,4599,5,3,100129,"susie_rss_out_of_sample",NA,NA,NA,NA,NA,NA,NA,NA,NA,-28313.3810758767,NA,2,1,1,TRUE,0.901500426945704,0.81043349168002,TRUE,18,0.0499999999997272,"278, 485"
0.01,4599,5,4,100130,"joint_lambda_calibrated_eta0",0.01,2087.5415446805,3208.55135417394,1.537,-0.789851809369593,-0.360019344813134,0,"interior","upper",2439.23314147742,0,2,1,1,TRUE,0.470397404118189,0.21846601355025,TRUE,78,0.882000000000062,"5, 482"
0.01,4599,5,4,100130,"joint_lambda_profiled_eta0",0.01,2087.5415446805,2087.5415446805,1,-0.789851809369593,-0.789851809369593,0,"interior","upper",2439.32946225904,0,2,1,1,TRUE,0.467360039247591,0.217942279105773,TRUE,76,0.759000000000015,"5, 482"
0.01,4599,5,4,100130,"susie_rss_in_sample",NA,NA,NA,NA,NA,NA,NA,NA,NA,-28298.0226143498,NA,2,1,1,TRUE,0.461023629318248,0.210822138092718,TRUE,3,0.0139999999996689,"5, 482"
0.01,4599,5,4,100130,"susie_rss_out_of_sample",NA,NA,NA,NA,NA,NA,NA,NA,NA,-28298.4196865652,NA,2,1,1,TRUE,0.474277963365116,0.214695709169275,TRUE,3,0.0149999999998727,"5, 482"
0.01,4599,5,5,100131,"joint_lambda_calibrated_eta0",0.01,14075.6170622623,20000,1.537,1.11860512552028,1.4698933849962,0,"interior","upper",2454.95852653792,0,2,1,1,TRUE,0.649816562145398,0.299633124290796,TRUE,64,1.35600000000022,"83, 463"
0.01,4599,5,5,100131,"joint_lambda_profiled_eta0",0.01,14075.6170622623,14075.6170622623,1,1.11860512552028,1.11860512552028,0,"interior","upper",2454.96020759305,0,2,1,1,TRUE,0.650099437006102,0.300198874012204,TRUE,88,1.23100000000022,"83, 463"
0.01,4599,5,5,100131,"susie_rss_in_sample",NA,NA,NA,NA,NA,NA,NA,NA,NA,-28303.259392772,NA,2,1,1,TRUE,0.652998665065244,0.305997330130488,TRUE,4,0.0190000000002328,"83, 463"
0.01,4599,5,5,100131,"susie_rss_out_of_sample",NA,NA,NA,NA,NA,NA,NA,NA,NA,-28303.2227295981,NA,2,1,1,TRUE,0.659137715258854,0.318275430517709,TRUE,4,0.0180000000000291,"83, 463"
0.01,10000,5,1,100132,"joint_lambda_calibrated_eta0",0.01,20000,20000,1.537,0.693147180559944,0.693147180559944,0,"upper","upper",2467.33397616207,0,1,1,0.5,FALSE,0.886216493125529,0.77243300897329,TRUE,12,0.295000000000073,"19, 242"
0.01,10000,5,1,100132,"joint_lambda_profiled_eta0",0.01,20000,20000,1,0.693147180559944,0.693147180559944,0,"upper","upper",2467.33389288719,0,1,1,0.5,FALSE,0.88604478459337,0.772089591996063,TRUE,13,0.269999999999982,"19, 242"
0.01,10000,5,1,100132,"susie_rss_in_sample",NA,NA,NA,NA,NA,NA,NA,NA,NA,-28295.9211492624,NA,1,1,0.5,FALSE,0.896769944785093,0.793539906175918,TRUE,23,0.0630000000001019,"19, 242"
0.01,10000,5,1,100132,"susie_rss_out_of_sample",NA,NA,NA,NA,NA,NA,NA,NA,NA,-28296.0953197041,NA,1,1,0.5,FALSE,0.900175686819621,0.800351388922583,TRUE,16,0.0460000000002765,"19, 242"
0.01,10000,5,2,100133,"joint_lambda_calibrated_eta0",0.01,1183.23189909488,1818.62742890883,1.537,-2.13433550092367,-1.70450303636721,0,"interior","upper",2414.9500047469,0,2,1,1,TRUE,0.838703260099442,0.677406520198883,TRUE,77,0.722999999999502,"390, 393"
0.01,10000,5,2,100133,"joint_lambda_profiled_eta0",0.01,1183.23189909488,1183.23189909488,1,-2.13433550092367,-2.13433550092367,0,"interior","upper",2415.29321566794,0,2,1,1,TRUE,0.829204131400578,0.658408262801157,TRUE,100,0.630999999999858,"390, 393"
0.01,10000,5,2,100133,"susie_rss_in_sample",NA,NA,NA,NA,NA,NA,NA,NA,NA,-28278.5429951484,NA,2,1,1,TRUE,0.84594449296538,0.69188898593076,TRUE,11,0.0450000000000728,"390, 393"
0.01,10000,5,2,100133,"susie_rss_out_of_sample",NA,NA,NA,NA,NA,NA,NA,NA,NA,-28278.2892594379,NA,2,1,1,TRUE,0.8632964344804,0.726592868960799,TRUE,11,0.0450000000000728,"390, 393"
0.01,10000,5,3,100134,"joint_lambda_calibrated_eta0",0.008,20000,20000,1.537,0.693147180559944,0.693147180559944,-0.223143551314211,"upper","interior",2494.12036340565,1.79409918200372,2,1,1,TRUE,0.645870856342218,0.291741713734856,TRUE,68,1.73599999999988,"220, 284"
0.01,10000,5,3,100134,"joint_lambda_profiled_eta0",0.008,20000,20000,1,0.693147180559944,0.693147180559944,-0.223143551314211,"upper","interior",2494.12035412007,1.79417077265953,2,1,1,TRUE,0.645870818036209,0.291741637122843,TRUE,67,1.59999999999991,"220, 284"
0.01,10000,5,3,100134,"susie_rss_in_sample",NA,NA,NA,NA,NA,NA,NA,NA,NA,-28300.7305747106,NA,2,1,1,TRUE,0.653423893024966,0.30684778699764,TRUE,6,0.0259999999998399,"220, 284"
0.01,10000,5,3,100134,"susie_rss_out_of_sample",NA,NA,NA,NA,NA,NA,NA,NA,NA,-28300.5183365466,NA,2,1,1,TRUE,0.644063260096513,0.288126520891757,TRUE,6,0.0249999999996362,"220, 284"
0.01,10000,5,4,100135,"joint_lambda_calibrated_eta0",0.01,20000,20000,1.537,0.693147180559944,0.693147180559944,0,"upper","upper",2471.96784846774,0,1,1,0.5,FALSE,0.743527560896146,0.487055121900761,TRUE,60,1.73099999999977,"130, 246"
0.01,10000,5,4,100135,"joint_lambda_profiled_eta0",0.01,20000,20000,1,0.693147180559944,0.693147180559944,0,"upper","upper",2471.96782930498,0,1,1,0.5,FALSE,0.743516755235837,0.48703351058014,TRUE,63,1.61000000000013,"130, 246"
0.01,10000,5,4,100135,"susie_rss_in_sample",NA,NA,NA,NA,NA,NA,NA,NA,NA,-28288.8148250266,NA,1,1,0.5,FALSE,0.712594886800307,0.425189773652821,TRUE,4,0.0189999999997781,"130, 246"
0.01,10000,5,4,100135,"susie_rss_out_of_sample",NA,NA,NA,NA,NA,NA,NA,NA,NA,-28288.2286590693,NA,1,1,0.5,FALSE,0.759719103295875,0.519438206666224,TRUE,4,0.0190000000002328,"130, 246"
0.01,10000,5,5,100136,"joint_lambda_calibrated_eta0",0.01,4109.95124096579,6316.99505736441,1.537,-0.889173928068249,-0.459341463511791,0,"interior","upper",2445.93511865398,0,2,1,1,TRUE,0.861082396827997,0.722164793655994,TRUE,72,1.03499999999985,"23, 376"
0.01,10000,5,5,100136,"joint_lambda_profiled_eta0",0.01,4109.95124096579,4109.95124096579,1,-0.889173928068249,-0.889173928068249,0,"interior","upper",2445.97970091855,0,2,1,1,TRUE,0.859065188543911,0.718130377087822,TRUE,74,0.911999999999807,"23, 376"
0.01,10000,5,5,100136,"susie_rss_in_sample",NA,NA,NA,NA,NA,NA,NA,NA,NA,-28277.5301480456,NA,2,1,1,TRUE,0.865142964125729,0.730285928251458,TRUE,4,0.0179999999995744,"23, 376"
0.01,10000,5,5,100136,"susie_rss_out_of_sample",NA,NA,NA,NA,NA,NA,NA,NA,NA,-28277.0994689454,NA,2,1,1,TRUE,0.865311583325142,0.730623166650285,TRUE,4,0.0189999999997781,"23, 376"
