"true_lambda","true_eta0","r0_seed","replicate","seed","fit_type","selected_lambda","raw_eta0_hat","eta0_used","eta0_multiplier","raw_log_eta0_error","used_log_eta0_error","log_lambda_error","eta0_boundary","lambda_boundary","lower_bound","elbo_gain_over_matching_oracle","selected_L","coverage","power","all_causal_covered","mean_causal_pip","minimum_causal_pip","converged","iterations","fit_seconds","causal","raw_selected_L","raw_coverage","raw_power","raw_all_causal_covered","raw_mean_causal_pip","raw_minimum_causal_pip","fallback_used","ser_credible_set_size","ser_fit_seconds"
0.001,20,3,1,100002,"joint_lambda_2x_eta0",0.01,21.2723899320671,42.5447798641343,2,0.0616777109853222,0.754824891545268,2.30258509299405,"interior","upper",1945.91479561447,77.754453812762,1,1,0.5,FALSE,0.283257977937779,0,TRUE,58,0.330000000000001,"222, 230",1,1,0.5,FALSE,0.195302514056803,0.0113389085523127,TRUE,2,0.0189999999999992
0.001,20,3,1,100002,"joint_lambda_profiled_eta0",0.01,21.2723899320671,21.2723899320671,1,0.0616777109853222,0.0616777109853222,2.30258509299405,"interior","upper",1948.1672571974,79.40278224895,1,1,0.5,FALSE,0.283257977937779,0,TRUE,68,0.265,"222, 230",1,1,0.5,FALSE,0.16880937793881,0.00800410564380116,TRUE,2,0.0189999999999992
0.001,20,3,1,100002,"oracle_lambda_2x_eta0",0.001,2,4,2,-2.30258509299405,-1.6094379124341,0,"lower","interior",1868.16034180171,0,1,1,0.5,FALSE,0.283257977937779,0,TRUE,171,0.710999999999999,"222, 230",0,0,0,FALSE,0.0472466901595558,0.024606967451149,TRUE,2,0.0189999999999992
0.001,20,3,1,100002,"oracle_lambda_profiled_eta0",0.001,2,2,1,-2.30258509299405,-2.30258509299405,0,"lower","interior",1868.76447494845,0,1,1,0.5,FALSE,0.283257977937779,0,TRUE,126,0.510999999999999,"222, 230",0,0,0,FALSE,0.0208401697191358,0.0191008101608966,TRUE,2,0.0189999999999992
0.001,20,3,2,100003,"joint_lambda_2x_eta0",0.004,8.88173875165216,17.7634775033043,2,-0.811734930351046,-0.118587749791101,1.38629436111989,"interior","interior",1835.33041991815,30.7666872804518,1,1,0.5,FALSE,0.163831864235593,5.78775571913326e-09,TRUE,98,0.815000000000001,"262, 268",0,0,0,FALSE,0.186701334561983,0.0679161777653899,TRUE,2,0.00399999999999956
0.001,20,3,2,100003,"joint_lambda_profiled_eta0",0.004,8.88173875165216,8.88173875165216,1,-0.811734930351046,-0.811734930351046,1.38629436111989,"interior","interior",1836.49197805571,31.7430381365209,1,1,0.5,FALSE,0.163831864235593,5.78775571913326e-09,TRUE,170,0.701,"262, 268",0,0,0,FALSE,0.144027502993711,0.0930778935720799,TRUE,2,0.00399999999999956
0.001,20,3,2,100003,"oracle_lambda_2x_eta0",0.001,2,4,2,-2.30258509299405,-1.6094379124341,0,"lower","interior",1804.5637326377,0,1,1,0.5,FALSE,0.163831864235593,5.78775571913326e-09,TRUE,275,0.803000000000001,"262, 268",0,0,0,FALSE,0.0805671115725749,0.0712970925101005,TRUE,2,0.00399999999999956
0.001,20,3,2,100003,"oracle_lambda_profiled_eta0",0.001,2,2,1,-2.30258509299405,-2.30258509299405,0,"lower","interior",1804.74893991919,0,1,1,0.5,FALSE,0.163831864235593,5.78775571913326e-09,TRUE,121,0.482000000000001,"262, 268",0,0,0,FALSE,0.0266278523829948,0.0264666591660772,TRUE,2,0.00399999999999956
0.001,20,3,3,100004,"joint_lambda_2x_eta0",0.008,3.94005284447122,7.88010568894245,2,-1.62453813803175,-0.931390957471806,2.07944154167984,"interior","interior",1867.91349507931,44.1379695765247,1,1,0.5,FALSE,0.499979791642706,1.62416858587866e-05,TRUE,115,0.549000000000003,"231, 273",0,0,0,FALSE,0.117650888427424,0.0880387490307307,TRUE,1,0.00300000000000011
0.001,20,3,3,100004,"joint_lambda_profiled_eta0",0.008,3.94005284447122,3.94005284447122,1,-1.62453813803175,-1.62453813803175,2.07944154167984,"interior","interior",1868.09847850095,43.5485165746293,1,1,0.5,FALSE,0.499979791642706,1.62416858587866e-05,TRUE,109,0.422000000000001,"231, 273",0,0,0,FALSE,0.0388362753313611,0.036138376540129,TRUE,1,0.00300000000000011
0.001,20,3,3,100004,"oracle_lambda_2x_eta0",0.001,2,4,2,-2.30258509299405,-1.6094379124341,0,"lower","interior",1823.77552550279,0,1,1,0.5,FALSE,0.499979791642706,1.62416858587866e-05,TRUE,123,0.596,"231, 273",0,0,0,FALSE,0.0375996056316314,0.0351167921394769,TRUE,1,0.00300000000000011
0.001,20,3,3,100004,"oracle_lambda_profiled_eta0",0.001,2,2,1,-2.30258509299405,-2.30258509299405,0,"lower","interior",1824.54996192632,0,1,1,0.5,FALSE,0.499979791642706,1.62416858587866e-05,TRUE,113,0.458000000000002,"231, 273",0,0,0,FALSE,0.0204323198356143,0.020182157646224,TRUE,1,0.00300000000000011
0.001,20,3,4,100005,"joint_lambda_2x_eta0",0.01,11.655842744437,23.311685488874,2,-0.539924696135333,0.153222484424612,2.30258509299405,"interior","upper",1825.66154480646,61.3787560290591,1,1,0.5,FALSE,0.48942326810228,0,TRUE,62,1.247,"238, 307",1,1,0.5,FALSE,0.274235535363622,0.00856810970820188,TRUE,1,0.00399999999999956
0.001,20,3,4,100005,"joint_lambda_profiled_eta0",0.01,11.655842744437,11.655842744437,1,-0.539924696135333,-0.539924696135333,2.30258509299405,"interior","upper",1827.26022292068,62.1415009154889,1,1,0.5,FALSE,0.48942326810228,0,TRUE,300,1.176,"238, 307",1,1,0.5,FALSE,0.222978640824237,0.00801893945630072,TRUE,1,0.00399999999999956
0.001,20,3,4,100005,"oracle_lambda_2x_eta0",0.001,2,4,2,-2.30258509299405,-1.6094379124341,0,"lower","interior",1764.2827887774,0,1,1,0.5,FALSE,0.48942326810228,0,TRUE,141,0.602999999999998,"238, 307",0,0,0,FALSE,0.0372995291996626,0.0180365915556316,TRUE,1,0.00399999999999956
0.001,20,3,4,100005,"oracle_lambda_profiled_eta0",0.001,2,2,1,-2.30258509299405,-2.30258509299405,0,"lower","interior",1765.11872200519,0,1,1,0.5,FALSE,0.48942326810228,0,TRUE,112,0.447999999999997,"238, 307",0,0,0,FALSE,0.0217131111859392,0.0179970626658642,TRUE,1,0.00399999999999956
0.001,20,3,5,100006,"joint_lambda_2x_eta0",0.01,19.2937780860799,38.5875561721597,2,-0.0359496085780107,0.657197571981935,2.30258509299405,"interior","upper",1869.06873904316,64.7074219799597,1,1,0.5,FALSE,0.476351546663582,0,TRUE,104,0.497,"189, 233",1,1,0.5,FALSE,0.205128527743564,0.00770209621203566,TRUE,1,0.00300000000000011
0.001,20,3,5,100006,"joint_lambda_profiled_eta0",0.01,19.2937780860799,19.2937780860799,1,-0.0359496085780107,-0.0359496085780107,2.30258509299405,"interior","upper",1871.57750675562,66.6523361897905,1,1,0.5,FALSE,0.476351546663582,0,TRUE,90,0.372,"189, 233",1,1,0.5,FALSE,0.158862325491274,0.00793704994476241,TRUE,1,0.00300000000000011
0.001,20,3,5,100006,"oracle_lambda_2x_eta0",0.001,2,4,2,-2.30258509299405,-1.6094379124341,0,"lower","interior",1804.3613170632,0,1,1,0.5,FALSE,0.476351546663582,0,TRUE,228,0.785,"189, 233",0,0,0,FALSE,0.0478290619010663,0.0131112959163197,TRUE,1,0.00300000000000011
0.001,20,3,5,100006,"oracle_lambda_profiled_eta0",0.001,2,2,1,-2.30258509299405,-2.30258509299405,0,"lower","interior",1804.92517056583,0,1,1,0.5,FALSE,0.476351546663582,0,TRUE,112,0.455000000000002,"189, 233",0,0,0,FALSE,0.0198400169379985,0.0161720138915854,TRUE,1,0.00300000000000011
0.001,43,3,1,100007,"joint_lambda_2x_eta0",0.002,11.9444901358438,23.8889802716876,2,-1.28093002014292,-0.587782839582979,0.693147180559945,"interior","interior",2054.83575950683,9.06021774378701,1,1,0.5,FALSE,0.499999999997525,1.95581680073609e-07,TRUE,52,0.460999999999999,"97, 283",1,1,0.5,FALSE,0.50316426982093,0.052269377240926,TRUE,1,0.00400000000000045
0.001,43,3,1,100007,"joint_lambda_profiled_eta0",0.004,17.1663213464378,17.1663213464378,1,-0.91825071263579,-0.91825071263579,1.38629436111989,"interior","interior",2056.51788108504,10.5962447130391,1,1,0.5,FALSE,0.499999999997525,1.95581680073609e-07,TRUE,75,0.277999999999999,"97, 283",0,0,0,FALSE,0.498312199178694,0.0942624029715263,TRUE,1,0.00400000000000045
0.001,43,3,1,100007,"oracle_lambda_2x_eta0",0.001,2,4,2,-3.06805293513362,-2.37490575457367,0,"lower","interior",2045.77554176304,0,1,1,0.5,FALSE,0.499999999997525,1.95581680073609e-07,TRUE,149,0.740000000000002,"97, 283",0,0,0,FALSE,0.0887380039760552,0.0809244301335643,TRUE,1,0.00400000000000045
0.001,43,3,1,100007,"oracle_lambda_profiled_eta0",0.001,2,2,1,-3.06805293513362,-3.06805293513362,0,"lower","interior",2045.921636372,0,1,1,0.5,FALSE,0.499999999997525,1.95581680073609e-07,TRUE,141,0.567999999999998,"97, 283",0,0,0,FALSE,0.0283603209786523,0.0283282918624034,TRUE,1,0.00400000000000045
0.001,43,3,2,100008,"joint_lambda_2x_eta0",0.004,32.8102173717689,65.6204347435378,2,-0.27046014357429,0.422687036985655,1.38629436111989,"interior","interior",2117.53861540005,25.0077874025824,1,1,0.5,FALSE,0.239588075475436,0,TRUE,82,0.283999999999999,"53, 496",1,1,0.5,FALSE,0.250155963676681,0.00793069460386153,TRUE,2,0.00300000000000011
0.001,43,3,2,100008,"joint_lambda_profiled_eta0",0.004,32.8102173717689,32.8102173717689,1,-0.27046014357429,-0.27046014357429,1.38629436111989,"interior","interior",2119.58642043546,24.8725581847061,1,1,0.5,FALSE,0.239588075475436,0,TRUE,52,0.194000000000003,"53, 496",1,1,0.5,FALSE,0.252681389241415,0.0084046344050478,TRUE,2,0.00300000000000011
0.001,43,3,2,100008,"oracle_lambda_2x_eta0",0.001,16.2053786576542,32.4107573153084,2,-0.975856912655726,-0.282709732095781,0,"interior","interior",2092.53082799747,0,1,1,0.5,FALSE,0.239588075475436,0,TRUE,52,0.401999999999994,"53, 496",1,1,0.5,FALSE,0.252600339467522,0.00829935750224375,TRUE,2,0.00300000000000011
0.001,43,3,2,100008,"oracle_lambda_profiled_eta0",0.001,16.2053786576542,16.2053786576542,1,-0.975856912655726,-0.975856912655726,0,"interior","interior",2094.71386225075,0,1,1,0.5,FALSE,0.239588075475436,0,TRUE,94,0.343999999999994,"53, 496",1,1,0.5,FALSE,0.240363576600386,0.00802839856949011,TRUE,2,0.00300000000000011
0.001,43,3,3,100009,"joint_lambda_2x_eta0",0.004,33.8150999127679,67.6301998255358,2,-0.240292669983226,0.452854510576719,1.38629436111989,"interior","interior",2128.87545427474,14.9121510750178,1,1,0.5,FALSE,0.5,0,TRUE,49,0.252000000000002,"472, 498",1,1,0.5,FALSE,0.510213333142466,0.020426666285779,TRUE,1,0.00399999999999956
0.001,43,3,3,100009,"joint_lambda_profiled_eta0",0.004,33.8150999127679,33.8150999127679,1,-0.240292669983226,-0.240292669983226,1.38629436111989,"interior","interior",2132.2901635726,15.9111578382299,1,1,0.5,FALSE,0.5,0,TRUE,54,0.197000000000003,"472, 498",1,1,0.5,FALSE,0.504204962002297,0.0084099263320575,TRUE,1,0.00399999999999956
0.001,43,3,3,100009,"oracle_lambda_2x_eta0",0.001,17.7374465324588,35.4748930649175,2,-0.88552208759059,-0.192374907030645,0,"interior","interior",2113.96330319972,0,1,1,0.5,FALSE,0.5,0,TRUE,48,0.351999999999997,"472, 498",1,1,0.5,FALSE,0.504199860015715,0.00839972141365664,TRUE,1,0.00399999999999956
0.001,43,3,3,100009,"oracle_lambda_profiled_eta0",0.001,17.7374465324588,17.7374465324588,1,-0.88552208759059,-0.88552208759059,0,"interior","interior",2116.37900573437,0,1,1,0.5,FALSE,0.5,0,TRUE,82,0.298000000000002,"472, 498",1,1,0.5,FALSE,0.504028019959128,0.00805849116019652,TRUE,1,0.00399999999999956
0.001,43,3,4,100010,"joint_lambda_2x_eta0",0.008,41.110633025388,82.2212660507759,2,-0.0449333165713148,0.648213863988631,2.07944154167984,"interior","interior",2134.75946139704,38.3974935776646,1,1,0.5,FALSE,0.486206499649529,6.55031584528842e-15,TRUE,106,0.353999999999999,"110, 251",1,1,0.5,FALSE,0.551251977598802,0.312446750130151,TRUE,1,0.00300000000000011
0.001,43,3,4,100010,"joint_lambda_profiled_eta0",0.006,34.5688147572052,34.5688147572052,1,-0.218248147647027,-0.218248147647027,1.79175946922805,"interior","interior",2137.52905826741,39.5576327218605,1,1,0.5,FALSE,0.486206499649529,6.55031584528842e-15,TRUE,72,0.268000000000001,"110, 251",1,1,0.5,FALSE,0.344139126494413,0.00872627177594376,TRUE,1,0.00300000000000011
0.001,43,3,4,100010,"oracle_lambda_2x_eta0",0.001,12.4380329291489,24.8760658582978,2,-1.24044116555204,-0.547293984992095,0,"interior","interior",2096.36196781938,0,1,1,0.5,FALSE,0.486206499649529,6.55031584528842e-15,TRUE,66,0.561,"110, 251",1,1,0.5,FALSE,0.32296813635964,0.00838477492190493,TRUE,1,0.00300000000000011
0.001,43,3,4,100010,"oracle_lambda_profiled_eta0",0.001,12.4380329291489,12.4380329291489,1,-1.24044116555204,-1.24044116555204,0,"interior","interior",2097.97142554555,0,1,1,0.5,FALSE,0.486206499649529,6.55031584528842e-15,TRUE,128,0.482999999999997,"110, 251",1,1,0.5,FALSE,0.275458859213333,0.0126561926799688,TRUE,1,0.00300000000000011
0.001,43,3,5,100011,"joint_lambda_2x_eta0",0.006,39.4471597301623,78.8943194603245,2,-0.0862380676941426,0.606909112865802,1.79175946922805,"interior","interior",2162.65188077963,28.2719892950045,1,1,0.5,FALSE,0.17784445154533,1.29884991650897e-12,TRUE,41,0.312999999999995,"252, 404",1,1,0.5,FALSE,0.261906528516281,0.0740728035370609,TRUE,2,0.00399999999999956
0.001,43,3,5,100011,"joint_lambda_profiled_eta0",0.006,39.4471597301623,39.4471597301623,1,-0.0862380676941426,-0.0862380676941426,1.79175946922805,"interior","interior",2165.96140729742,29.8513191614393,1,1,0.5,FALSE,0.17784445154533,1.29884991650897e-12,TRUE,72,0.266999999999996,"252, 404",1,1,0.5,FALSE,0.236246889395706,0.00917675387586425,TRUE,2,0.00399999999999956
0.001,43,3,5,100011,"oracle_lambda_2x_eta0",0.001,14.3446913809567,28.6893827619135,2,-1.09782018054139,-0.404672999981441,0,"interior","interior",2134.37989148463,0,1,1,0.5,FALSE,0.17784445154533,1.29884991650897e-12,TRUE,67,0.419000000000004,"252, 404",1,1,0.5,FALSE,0.234669501130349,0.0088186848930979,TRUE,2,0.00399999999999956
0.001,43,3,5,100011,"oracle_lambda_profiled_eta0",0.001,14.3446913809567,14.3446913809567,1,-1.09782018054139,-1.09782018054139,0,"interior","interior",2136.11008813598,0,1,1,0.5,FALSE,0.17784445154533,1.29884991650897e-12,TRUE,93,0.344000000000001,"252, 404",1,1,0.5,FALSE,0.209749912226535,0.0156794877912066,TRUE,2,0.00399999999999956
0.001,95,3,1,100012,"joint_lambda_2x_eta0",0.004,46.523987833194,93.047975666388,2,-0.713908844640549,-0.0207616640806032,1.38629436111989,"interior","interior",2270.48890625135,21.1516572257092,1,1,0.5,FALSE,0.491210986314919,4.33585900516675e-09,TRUE,19,0.198,"311, 321",1,1,0.5,FALSE,0.628329975132784,0.332420400207507,TRUE,1,0.00300000000000011
0.001,95,3,1,100012,"joint_lambda_profiled_eta0",0.004,46.523987833194,46.523987833194,1,-0.713908844640549,-0.713908844640549,1.38629436111989,"interior","interior",2271.24646155328,19.985074654187,1,1,0.5,FALSE,0.491210986314919,4.33585900516675e-09,TRUE,48,0.176000000000002,"311, 321",1,1,0.5,FALSE,0.383029741857373,0.0333274184674237,TRUE,1,0.00300000000000011
0.001,95,3,1,100012,"oracle_lambda_2x_eta0",0.001,18.7436393436001,37.4872786872003,2,-1.62302243174533,-0.92987525118538,0,"interior","interior",2249.33724902564,0,1,1,0.5,FALSE,0.491210986314919,4.33585900516675e-09,TRUE,30,0.322999999999993,"311, 321",1,1,0.5,FALSE,0.337772214368529,0.013943662425858,TRUE,1,0.00300000000000011
0.001,95,3,1,100012,"oracle_lambda_profiled_eta0",0.001,18.7436393436001,18.7436393436001,1,-1.62302243174533,-1.62302243174533,0,"interior","interior",2251.26138689909,0,1,1,0.5,FALSE,0.491210986314919,4.33585900516675e-09,TRUE,77,0.288999999999994,"311, 321",0,0,0,FALSE,0.256985737715109,0.0149601610700687,TRUE,1,0.00300000000000011
0.001,95,3,2,100013,"joint_lambda_2x_eta0",0.006,123.85165933251,247.703318665019,2,0.265207662166025,0.958354842725971,1.79175946922805,"interior","interior",2263.69679577596,34.0807409230083,2,1,1,TRUE,0.68587557478535,0.381265476482854,TRUE,43,0.189000000000007,"215, 319",2,1,1,TRUE,0.68587557478535,0.381265476482854,FALSE,4,0.00399999999999956
0.001,95,3,2,100013,"joint_lambda_profiled_eta0",0.006,123.85165933251,123.85165933251,1,0.265207662166025,0.265207662166025,1.79175946922805,"interior","interior",2268.80494072549,35.8463694283737,1,1,0.5,FALSE,0.35362298004161,0,TRUE,39,0.140000000000001,"215, 319",1,1,0.5,FALSE,0.58601223329544,0.311917240105674,TRUE,4,0.00399999999999956
0.001,95,3,2,100013,"oracle_lambda_2x_eta0",0.001,29.9858977055474,59.9717954110948,2,-1.15314969694072,-0.460002516380779,0,"interior","interior",2229.61605485296,0,1,1,0.5,FALSE,0.35362298004161,0,TRUE,36,0.291999999999994,"215, 319",1,1,0.5,FALSE,0.154107801642982,0.0168961582804642,TRUE,4,0.00399999999999956
0.001,95,3,2,100013,"oracle_lambda_profiled_eta0",0.001,29.9858977055474,29.9858977055474,1,-1.15314969694072,-1.15314969694072,0,"interior","interior",2232.95857129712,0,1,1,0.5,FALSE,0.35362298004161,0,TRUE,69,0.250999999999998,"215, 319",1,1,0.5,FALSE,0.120046719344939,0.00853100313158217,TRUE,4,0.00399999999999956
0.001,95,3,3,100014,"joint_lambda_2x_eta0",0.004,47.1029217479484,94.2058434958968,2,-0.701541859636981,-0.0083946790770355,1.38629436111989,"interior","interior",2175.83679492274,29.6847110328144,1,1,0.5,FALSE,0.435459587443644,0,TRUE,34,0.182999999999993,"330, 497",1,1,0.5,FALSE,0.351553339727728,0.060810849870551,TRUE,2,0.00300000000000011
0.001,95,3,3,100014,"joint_lambda_profiled_eta0",0.004,47.1029217479484,47.1029217479484,1,-0.701541859636981,-0.701541859636981,1.38629436111989,"interior","interior",2179.36184031964,30.4049127856724,1,1,0.5,FALSE,0.435459587443644,0,TRUE,40,0.144999999999996,"330, 497",1,1,0.5,FALSE,0.303857047290917,0.00973687012335256,TRUE,2,0.00300000000000011
0.001,95,3,3,100014,"oracle_lambda_2x_eta0",0.001,22.1968163996369,44.3936327992738,2,-1.45392801842761,-0.760780837867664,0,"interior","interior",2146.15208388992,0,1,1,0.5,FALSE,0.435459587443644,0,TRUE,42,0.350999999999999,"330, 497",1,1,0.5,FALSE,0.301442517187533,0.00916585402528458,TRUE,2,0.00300000000000011
0.001,95,3,3,100014,"oracle_lambda_profiled_eta0",0.001,22.1968163996369,22.1968163996369,1,-1.45392801842761,-1.45392801842761,0,"interior","interior",2148.95692753397,0,1,1,0.5,FALSE,0.435459587443644,0,TRUE,83,0.302999999999997,"330, 497",1,1,0.5,FALSE,0.270859209389877,0.00806058055011927,TRUE,2,0.00300000000000011
0.001,95,3,4,100015,"joint_lambda_2x_eta0",0.002,35.6484566153849,71.2969132307698,2,-0.980171038373467,-0.287023857813522,0.693147180559945,"interior","interior",2247.96643725757,9.28502689717106,1,1,0.5,FALSE,0.236320696408766,0,TRUE,76,0.224000000000004,"265, 292",1,1,0.5,FALSE,0.413737178757885,0.369199276572519,TRUE,3,0.00300000000000011
0.001,95,3,4,100015,"joint_lambda_profiled_eta0",0.002,35.6484566153849,35.6484566153849,1,-0.980171038373467,-0.980171038373467,0.693147180559945,"interior","interior",2247.3870223208,7.67082694729788,1,1,0.5,FALSE,0.236320696408766,0,TRUE,37,0.138000000000005,"265, 292",1,1,0.5,FALSE,0.191987196168152,0.0123922556410175,TRUE,3,0.00300000000000011
0.001,95,3,4,100015,"oracle_lambda_2x_eta0",0.001,25.7035797425092,51.4071594850184,2,-1.30724661980746,-0.614099439247518,0,"interior","interior",2238.6814103604,0,1,1,0.5,FALSE,0.236320696408766,0,TRUE,111,0.367999999999995,"265, 292",1,1,0.5,FALSE,0.386386563716411,0.363301544127615,TRUE,3,0.00300000000000011
0.001,95,3,4,100015,"oracle_lambda_profiled_eta0",0.001,25.7035797425092,25.7035797425092,1,-1.30724661980746,-1.30724661980746,0,"interior","interior",2239.7161953735,0,1,1,0.5,FALSE,0.236320696408766,0,TRUE,65,0.244,"265, 292",1,1,0.5,FALSE,0.186345805038946,0.00896347606938375,TRUE,3,0.00300000000000011
0.001,95,3,5,100016,"joint_lambda_2x_eta0",0.004,74.7077074954206,149.415414990841,2,-0.240293625461489,0.452853555098456,1.38629436111989,"interior","interior",2248.21796308593,17.1963002483485,2,1,1,TRUE,0.661435485860939,0.46032022926685,TRUE,90,0.546000000000006,"71, 260",2,1,1,TRUE,0.661435485860939,0.46032022926685,FALSE,1,0.00400000000000045
0.001,95,3,5,100016,"joint_lambda_profiled_eta0",0.004,74.7077074954206,74.7077074954206,1,-0.240293625461489,-0.240293625461489,1.38629436111989,"interior","interior",2252.53574036374,18.9659119601974,1,1,0.5,FALSE,0.496883249484509,0,TRUE,91,0.442000000000007,"71, 260",1,1,0.5,FALSE,0.555136038362052,0.325681466827976,TRUE,1,0.00400000000000045
0.001,95,3,5,100016,"oracle_lambda_2x_eta0",0.001,25.3656552413556,50.7313104827113,2,-1.32048078841581,-0.627333607855866,0,"interior","interior",2231.02166283758,0,1,1,0.5,FALSE,0.496883249484509,0,TRUE,49,0.277000000000001,"71, 260",1,1,0.5,FALSE,0.41415449469337,0.0450072421710902,TRUE,1,0.00400000000000045
0.001,95,3,5,100016,"oracle_lambda_profiled_eta0",0.001,25.3656552413556,25.3656552413556,1,-1.32048078841581,-1.32048078841581,0,"interior","interior",2233.56982840354,0,1,1,0.5,FALSE,0.496883249484509,0,TRUE,60,0.222999999999999,"71, 260",1,1,0.5,FALSE,0.346360394108331,0.00879522855841441,TRUE,1,0.00400000000000045
0.001,206,3,1,100017,"joint_lambda_2x_eta0",0.006,341.404952364327,682.809904728654,2,0.5051931475122,1.19834032807215,1.79175946922805,"interior","interior",2396.42302109639,55.8895149660198,2,1,1,TRUE,0.7902947084206,0.580589422810916,TRUE,54,0.338000000000008,"72, 351",2,1,1,TRUE,0.7902947084206,0.580589422810916,FALSE,1,0.00400000000000045
0.001,206,3,1,100017,"joint_lambda_profiled_eta0",0.006,341.404952364327,341.404952364327,1,0.5051931475122,0.5051931475122,1.79175946922805,"interior","interior",2400.00232468907,54.7276782504982,2,1,1,TRUE,0.781352448772422,0.562705047030714,TRUE,78,0.277000000000001,"72, 351",2,1,1,TRUE,0.781352448772422,0.562705047030714,FALSE,1,0.00400000000000045
0.001,206,3,1,100017,"oracle_lambda_2x_eta0",0.001,59.3315202605564,118.663040521113,2,-1.24473546503885,-0.5515882844789,0,"interior","interior",2340.53350613037,0,1,1,0.5,FALSE,0.499999999864268,0,TRUE,23,0.27500000000002,"72, 351",1,1,0.5,FALSE,0.516872916116153,0.0337848101612277,TRUE,1,0.00400000000000045
0.001,206,3,1,100017,"oracle_lambda_profiled_eta0",0.001,59.3315202605564,59.3315202605564,1,-1.24473546503885,-1.24473546503885,0,"interior","interior",2345.27464643857,0,1,1,0.5,FALSE,0.499999999864268,0,TRUE,70,0.249000000000009,"72, 351",1,1,0.5,FALSE,0.503872774483752,0.00898809067093542,TRUE,1,0.00400000000000045
0.001,206,3,2,100018,"joint_lambda_2x_eta0",0.001,96.6656530354324,193.331306070865,2,-0.756618020372502,-0.063470839812557,0,"interior","interior",2450.6251025133,0,1,1,0.5,FALSE,0.499701250358574,0,TRUE,109,0.350999999999985,"45, 145",1,1,0.5,FALSE,0.779349545845925,0.579290826588486,TRUE,1,0.00400000000000045
0.001,206,3,2,100018,"joint_lambda_profiled_eta0",0.001,96.6656530354324,96.6656530354324,1,-0.756618020372502,-0.756618020372502,0,"interior","interior",2454.16198953682,0,1,1,0.5,FALSE,0.499701250358574,0,TRUE,62,0.227999999999994,"45, 145",1,1,0.5,FALSE,0.47701632340825,0.0104056892180394,TRUE,1,0.00400000000000045
0.001,206,3,2,100018,"oracle_lambda_2x_eta0",0.001,96.6656530354324,193.331306070865,2,-0.756618020372502,-0.063470839812557,0,"interior","interior",2450.6251025133,0,1,1,0.5,FALSE,0.499701250358574,0,TRUE,109,0.350999999999985,"45, 145",1,1,0.5,FALSE,0.779349545845925,0.579290826588486,TRUE,1,0.00400000000000045
0.001,206,3,2,100018,"oracle_lambda_profiled_eta0",0.001,96.6656530354324,96.6656530354324,1,-0.756618020372502,-0.756618020372502,0,"interior","interior",2454.16198953682,0,1,1,0.5,FALSE,0.499701250358574,0,TRUE,62,0.227999999999994,"45, 145",1,1,0.5,FALSE,0.47701632340825,0.0104056892180394,TRUE,1,0.00400000000000045
0.001,206,3,3,100019,"joint_lambda_2x_eta0",0.002,216.196452403766,432.392904807531,2,0.0483113274176512,0.741458507977597,0.693147180559945,"interior","interior",2476.88475210121,3.0257994149797,1,1,0.5,FALSE,0.253947201813355,0,TRUE,10,0.068000000000012,"96, 161",1,1,0.5,FALSE,0.265369739078521,0.023227238352996,TRUE,2,0.00300000000000011
0.001,206,3,3,100019,"joint_lambda_profiled_eta0",0.002,216.196452403766,216.196452403766,1,0.0483113274176512,0.0483113274176512,0.693147180559945,"interior","interior",2480.7451009041,2.02640778487148,1,1,0.5,FALSE,0.253947201813355,0,TRUE,16,0.0560000000000116,"96, 161",1,1,0.5,FALSE,0.259617907375746,0.0123143714962504,TRUE,2,0.00300000000000011
0.001,206,3,3,100019,"oracle_lambda_2x_eta0",0.001,138.52123051688,277.04246103376,2,-0.396852565979194,0.296294614580751,0,"interior","interior",2473.85895268623,0,1,1,0.5,FALSE,0.253947201813355,0,TRUE,12,0.175000000000011,"96, 161",1,1,0.5,FALSE,0.262142793106706,0.0172056303177334,TRUE,2,0.00300000000000011
0.001,206,3,3,100019,"oracle_lambda_profiled_eta0",0.001,138.52123051688,138.52123051688,1,-0.396852565979194,-0.396852565979194,0,"interior","interior",2478.71869311923,0,1,1,0.5,FALSE,0.253947201813355,0,TRUE,45,0.161000000000001,"96, 161",1,1,0.5,FALSE,0.257255753535376,0.00912774492970292,TRUE,2,0.00300000000000011
0.001,206,3,4,100020,"joint_lambda_2x_eta0",0.001,86.1218653498911,172.243730699782,2,-0.872112836636084,-0.178965656076138,0,"interior","interior",2425.80444777629,0,1,1,0.5,FALSE,0.499999999999976,0,TRUE,86,0.350999999999999,"62, 367",1,1,0.5,FALSE,0.59604405373431,0.19208811290985,TRUE,1,0.00399999999999956
0.001,206,3,4,100020,"joint_lambda_profiled_eta0",0.001,86.1218653498911,86.1218653498911,1,-0.872112836636084,-0.872112836636084,0,"interior","interior",2429.85665440412,0,1,1,0.5,FALSE,0.499999999999976,0,TRUE,67,0.253,"62, 367",1,1,0.5,FALSE,0.504834338471593,0.00966939930359345,TRUE,1,0.00399999999999956
0.001,206,3,4,100020,"oracle_lambda_2x_eta0",0.001,86.1218653498911,172.243730699782,2,-0.872112836636084,-0.178965656076138,0,"interior","interior",2425.80444777629,0,1,1,0.5,FALSE,0.499999999999976,0,TRUE,86,0.350999999999999,"62, 367",1,1,0.5,FALSE,0.59604405373431,0.19208811290985,TRUE,1,0.00399999999999956
0.001,206,3,4,100020,"oracle_lambda_profiled_eta0",0.001,86.1218653498911,86.1218653498911,1,-0.872112836636084,-0.872112836636084,0,"interior","interior",2429.85665440412,0,1,1,0.5,FALSE,0.499999999999976,0,TRUE,67,0.253,"62, 367",1,1,0.5,FALSE,0.504834338471593,0.00966939930359345,TRUE,1,0.00399999999999956
0.001,206,3,5,100021,"joint_lambda_2x_eta0",0.004,338.451952911521,676.903905823042,2,0.496505972310955,1.1896531528709,1.38629436111989,"interior","interior",2459.70180581445,14.5320959923388,2,1,1,TRUE,0.651716974828536,0.303473181148092,TRUE,16,0.183000000000007,"111, 336",2,1,1,TRUE,0.651716974828536,0.303473181148092,FALSE,5,0.00399999999999956
0.001,206,3,5,100021,"joint_lambda_profiled_eta0",0.004,338.451952911521,338.451952911521,1,0.496505972310955,0.496505972310955,1.38629436111989,"interior","interior",2462.31189562984,17.5524242808074,2,1,1,TRUE,0.642230852559012,0.284667652954975,TRUE,46,0.164000000000001,"111, 336",2,1,1,TRUE,0.642230852559012,0.284667652954975,FALSE,5,0.00399999999999956
0.001,206,3,5,100021,"oracle_lambda_2x_eta0",0.001,75.8714461772007,151.742892354401,2,-0.99883575836911,-0.305688577809165,0,"interior","interior",2445.16970982211,0,2,1,1,TRUE,0.623746229696712,0.250817138289392,TRUE,74,0.162999999999997,"111, 336",2,1,1,TRUE,0.623746229696712,0.250817138289392,FALSE,5,0.00399999999999956
0.001,206,3,5,100021,"oracle_lambda_profiled_eta0",0.001,75.8714461772007,75.8714461772007,1,-0.99883575836911,-0.99883575836911,0,"interior","interior",2444.75947134903,0,1,1,0.5,FALSE,0.162838147227734,1.11022302462516e-16,TRUE,21,0.0769999999999982,"111, 336",1,1,0.5,FALSE,0.128729277655848,0.0260586222798943,TRUE,5,0.00399999999999956
0.001,447,3,1,100022,"joint_lambda_2x_eta0",0.002,634.671522289262,1269.34304457852,2,0.35054898270622,1.04369616326617,0.693147180559945,"interior","interior",2566.6518223501,8.82617181726573,2,1,1,TRUE,0.999559790435458,0.999446656152273,TRUE,70,0.358000000000004,"111, 195",2,1,1,TRUE,0.999559790435458,0.999446656152273,FALSE,1,0.00400000000000045
0.001,447,3,1,100022,"joint_lambda_profiled_eta0",0.002,634.671522289262,634.671522289262,1,0.35054898270622,0.35054898270622,0.693147180559945,"interior","interior",2567.99483664741,6.93457508812617,2,1,1,TRUE,0.998875433463899,0.998795787639522,TRUE,75,0.275999999999996,"111, 195",2,1,1,TRUE,0.998875433463899,0.998795787639522,FALSE,1,0.00400000000000045
0.001,447,3,1,100022,"oracle_lambda_2x_eta0",0.001,283.920489028444,567.840978056888,2,-0.453864363860483,0.239282816699462,0,"interior","interior",2557.82565053284,0,2,1,1,TRUE,0.998632216457413,0.99858674708581,TRUE,73,0.394999999999996,"111, 195",2,1,1,TRUE,0.998632216457413,0.99858674708581,FALSE,1,0.00400000000000045
0.001,447,3,1,100022,"oracle_lambda_profiled_eta0",0.001,283.920489028444,283.920489028444,1,-0.453864363860483,-0.453864363860483,0,"interior","interior",2561.06026155928,0,2,1,1,TRUE,0.99329120491482,0.991219379935296,TRUE,84,0.311000000000007,"111, 195",2,1,1,TRUE,0.99329120491482,0.991219379935296,FALSE,1,0.00400000000000045
0.001,447,3,2,100023,"joint_lambda_2x_eta0",0.004,738.70860292977,1477.41720585954,2,0.502344935893338,1.19549211645328,1.38629436111989,"interior","interior",2508.3927377735,21.1813516608545,2,1,1,TRUE,0.713000185256073,0.433819958063893,TRUE,44,0.281999999999996,"93, 374",2,1,1,TRUE,0.713000185256073,0.433819958063893,FALSE,4,0.00400000000000045
0.001,447,3,2,100023,"joint_lambda_profiled_eta0",0.004,738.70860292977,738.70860292977,1,0.502344935893338,0.502344935893338,1.38629436111989,"interior","interior",2509.42453784446,18.1431606302585,2,1,1,TRUE,0.699658780017782,0.414348603026757,TRUE,64,0.231999999999999,"93, 374",2,1,1,TRUE,0.699658780017782,0.414348603026757,FALSE,4,0.00400000000000045
0.001,447,3,2,100023,"oracle_lambda_2x_eta0",0.001,136.591533269716,273.183066539432,2,-1.18556363131793,-0.492416450757982,0,"interior","interior",2487.21138611265,0,1,1,0.5,FALSE,0.218126586407562,0,TRUE,64,0.543999999999997,"93, 374",1,1,0.5,FALSE,0.643738264838733,0.37187816168619,TRUE,4,0.00400000000000045
0.001,447,3,2,100023,"oracle_lambda_profiled_eta0",0.001,136.591533269716,136.591533269716,1,-1.18556363131793,-1.18556363131793,0,"interior","interior",2491.28137721421,0,1,1,0.5,FALSE,0.218126586407562,0,TRUE,126,0.472999999999999,"93, 374",1,1,0.5,FALSE,0.497124976589493,0.33965743013966,TRUE,4,0.00400000000000045
0.001,447,3,3,100024,"joint_lambda_2x_eta0",0.002,374.749867304413,749.499734608826,2,-0.176299811721884,0.516847368838062,0.693147180559945,"interior","interior",2501.75272185998,6.9766510199197,2,1,1,TRUE,0.999909499322455,0.999818999621313,TRUE,55,0.355000000000004,"54, 321",2,1,1,TRUE,0.999909499322455,0.999818999621313,FALSE,1,0.00399999999999956
0.001,447,3,3,100024,"joint_lambda_profiled_eta0",0.002,374.749867304413,374.749867304413,1,-0.176299811721884,-0.176299811721884,0.693147180559945,"interior","interior",2505.5094867736,10.1598553117833,2,1,1,TRUE,0.999121379550836,0.998242798716091,TRUE,82,0.292000000000002,"54, 321",2,1,1,TRUE,0.999121379550836,0.998242798716091,FALSE,1,0.00399999999999956
0.001,447,3,3,100024,"oracle_lambda_2x_eta0",0.001,170.117153259154,340.234306518308,2,-0.966071258090495,-0.27292407753055,0,"interior","interior",2494.77607084006,0,2,1,1,TRUE,0.998734848641217,0.997469768776605,TRUE,71,0.209999999999994,"54, 321",2,1,1,TRUE,0.998734848641217,0.997469768776605,FALSE,1,0.00399999999999956
0.001,447,3,3,100024,"oracle_lambda_profiled_eta0",0.001,170.117153259154,170.117153259154,1,-0.966071258090495,-0.966071258090495,0,"interior","interior",2495.34963146182,0,1,1,0.5,FALSE,0.499999999916554,0,TRUE,36,0.129999999999995,"54, 321",1,1,0.5,FALSE,0.509968939825113,0.0199486201947063,TRUE,1,0.00399999999999956
0.001,447,3,4,100025,"joint_lambda_2x_eta0",0.004,582.60329173739,1165.20658347478,2,0.264947899977146,0.958095080537091,1.38629436111989,"interior","interior",2495.41199941527,24.9496802388471,2,1,1,TRUE,0.975940754094769,0.951881510014986,TRUE,13,0.0989999999999895,"167, 351",2,1,1,TRUE,0.975940754094769,0.951881510014986,FALSE,1,0.00400000000000045
0.001,447,3,4,100025,"joint_lambda_profiled_eta0",0.004,582.60329173739,582.60329173739,1,0.264947899977146,0.264947899977146,1.38629436111989,"interior","interior",2496.92605861743,22.98269130485,1,1,0.5,FALSE,0.499999999551822,0,TRUE,24,0.0829999999999984,"167, 351",1,1,0.5,FALSE,0.948062366035324,0.896124748170976,TRUE,1,0.00400000000000045
0.001,447,3,4,100025,"oracle_lambda_2x_eta0",0.001,115.383242695464,230.766485390928,2,-1.35429946169488,-0.661152281134938,0,"interior","interior",2470.46231917642,0,1,1,0.5,FALSE,0.499999999551822,0,TRUE,68,0.144999999999996,"167, 351",1,1,0.5,FALSE,0.796957992779827,0.593917118641384,TRUE,1,0.00400000000000045
0.001,447,3,4,100025,"oracle_lambda_profiled_eta0",0.001,115.383242695464,115.383242695464,1,-1.35429946169488,-1.35429946169488,0,"interior","interior",2473.94336731258,0,1,1,0.5,FALSE,0.499999999551822,0,TRUE,19,0.0690000000000026,"167, 351",1,1,0.5,FALSE,0.509280387864042,0.0185982859314656,TRUE,1,0.00400000000000045
0.001,447,3,5,100026,"joint_lambda_2x_eta0",0.002,324.648509296543,649.297018593087,2,-0.319815507394416,0.373331673165529,0.693147180559945,"interior","interior",2523.34195571665,6.66328573994724,2,1,1,TRUE,0.69775502009364,0.672862725375741,TRUE,85,0.367000000000004,"201, 385",2,1,1,TRUE,0.69775502009364,0.672862725375741,FALSE,3,0.00300000000000011
0.001,447,3,5,100026,"joint_lambda_profiled_eta0",0.002,324.648509296543,324.648509296543,1,-0.319815507394416,-0.319815507394416,0.693147180559945,"interior","interior",2525.9414069705,5.22466774552822,2,1,1,TRUE,0.627742011738778,0.584964942912637,TRUE,75,0.269999999999996,"201, 385",2,1,1,TRUE,0.627742011738778,0.584964942912637,FALSE,3,0.00300000000000011
0.001,447,3,5,100026,"oracle_lambda_2x_eta0",0.001,181.954044725161,363.908089450322,2,-0.898804440930753,-0.205657260370807,0,"interior","interior",2516.6786699767,0,2,1,1,TRUE,0.638139284055757,0.594722363414155,TRUE,73,0.402000000000001,"201, 385",2,1,1,TRUE,0.638139284055757,0.594722363414155,FALSE,3,0.00300000000000011
0.001,447,3,5,100026,"oracle_lambda_profiled_eta0",0.001,181.954044725161,181.954044725161,1,-0.898804440930753,-0.898804440930753,0,"interior","interior",2520.71673922497,0,2,1,1,TRUE,0.567192408511068,0.528709187328136,TRUE,89,0.319000000000003,"201, 385",2,1,1,TRUE,0.567192408511068,0.528709187328136,FALSE,3,0.00300000000000011
0.001,972,3,1,100027,"joint_lambda_2x_eta0",0.002,1755.70519193868,3511.41038387736,2,0.591270069500465,1.28441725006041,0.693147180559945,"interior","interior",2604.5466079582,2.16560979125052,2,1,1,TRUE,0.680452225147825,0.360904475172697,TRUE,46,0.263000000000005,"88, 133",2,1,1,TRUE,0.680452225147825,0.360904475172697,FALSE,2,0.00300000000000011
0.001,972,3,1,100027,"joint_lambda_profiled_eta0",0.002,1755.70519193868,1755.70519193868,1,0.591270069500465,0.591270069500465,0.693147180559945,"interior","interior",2604.88577979881,0.484598788938911,2,1,1,TRUE,0.684126365205589,0.368252783999192,TRUE,52,0.192999999999998,"88, 133",2,1,1,TRUE,0.684126365205589,0.368252783999192,FALSE,2,0.00300000000000011
0.001,972,3,1,100027,"oracle_lambda_2x_eta0",0.001,527.893727536389,1055.78745507278,2,-0.610460814617753,0.0826863659421928,0,"interior","interior",2602.38099816695,0,2,1,1,TRUE,0.688410495189121,0.376821123057876,TRUE,64,0.322000000000003,"88, 133",2,1,1,TRUE,0.688410495189121,0.376821123057876,FALSE,2,0.00300000000000011
0.001,972,3,1,100027,"oracle_lambda_profiled_eta0",0.001,527.893727536389,527.893727536389,1,-0.610460814617753,-0.610460814617753,0,"interior","interior",2604.40118100987,0,2,1,1,TRUE,0.697063717305323,0.394128273239392,TRUE,69,0.249000000000009,"88, 133",2,1,1,TRUE,0.697063717305323,0.394128273239392,FALSE,2,0.00300000000000011
0.001,972,3,2,100028,"joint_lambda_2x_eta0",0.002,20000,20000,2,3.02413174807569,3.02413174807569,0.693147180559945,"upper","interior",2637.47563272452,4.40563795887874,1,1,0.5,FALSE,0.499999999999838,0,TRUE,19,0.233000000000004,"143, 494",1,1,0.5,FALSE,0.509489673785868,0.0189793475721739,TRUE,1,0.00299999999999923
0.001,972,3,2,100028,"joint_lambda_profiled_eta0",0.002,20000,20000,1,3.02413174807569,3.02413174807569,0.693147180559945,"upper","interior",2637.4756969146,3.21842712563694,1,1,0.5,FALSE,0.499999999999838,0,TRUE,14,0.197000000000003,"143, 494",1,1,0.5,FALSE,0.50947815448172,0.0189563089638781,TRUE,1,0.00299999999999923
0.001,972,3,2,100028,"oracle_lambda_2x_eta0",0.001,635.452096962373,1270.90419392475,2,-0.425019095173413,0.268128085386532,0,"interior","interior",2633.06999476564,0,1,1,0.5,FALSE,0.499999999999838,0,TRUE,34,0.22999999999999,"143, 494",1,1,0.5,FALSE,0.506807560066669,0.0136151201373842,TRUE,1,0.00299999999999923
0.001,972,3,2,100028,"oracle_lambda_profiled_eta0",0.001,635.452096962373,635.452096962373,1,-0.425019095173413,-0.425019095173413,0,"interior","interior",2634.25726978896,0,1,1,0.5,FALSE,0.499999999999838,0,TRUE,53,0.191999999999993,"143, 494",1,1,0.5,FALSE,0.505149340165424,0.0102986803608127,TRUE,1,0.00299999999999923
0.001,972,3,3,100029,"joint_lambda_2x_eta0",0.001,489.334293061493,978.668586122986,2,-0.686309922658682,0.00683725790126299,0,"interior","interior",2600.5286142587,0,2,1,1,TRUE,0.664160797970104,0.346275793291644,TRUE,69,0.352000000000004,"67, 239",2,1,1,TRUE,0.664160797970104,0.346275793291644,FALSE,2,0.00300000000000011
0.001,972,3,3,100029,"joint_lambda_profiled_eta0",0.001,489.334293061493,489.334293061493,1,-0.686309922658682,-0.686309922658682,0,"interior","interior",2602.59963147674,0,2,1,1,TRUE,0.64807251434502,0.331205202445847,TRUE,70,0.271999999999991,"67, 239",2,1,1,TRUE,0.64807251434502,0.331205202445847,FALSE,2,0.00300000000000011
0.001,972,3,3,100029,"oracle_lambda_2x_eta0",0.001,489.334293061493,978.668586122986,2,-0.686309922658682,0.00683725790126299,0,"interior","interior",2600.5286142587,0,2,1,1,TRUE,0.664160797970104,0.346275793291644,TRUE,69,0.352000000000004,"67, 239",2,1,1,TRUE,0.664160797970104,0.346275793291644,FALSE,2,0.00300000000000011
0.001,972,3,3,100029,"oracle_lambda_profiled_eta0",0.001,489.334293061493,489.334293061493,1,-0.686309922658682,-0.686309922658682,0,"interior","interior",2602.59963147674,0,2,1,1,TRUE,0.64807251434502,0.331205202445847,TRUE,70,0.271999999999991,"67, 239",2,1,1,TRUE,0.64807251434502,0.331205202445847,FALSE,2,0.00300000000000011
0.001,972,3,4,100030,"joint_lambda_2x_eta0",0.002,1162.779450065,2325.55890013001,2,0.179212691265401,0.872359871825346,0.693147180559945,"interior","interior",2590.41820526999,16.3338025442522,2,1,1,TRUE,0.271602770469591,0.140905155027538,TRUE,72,0.373999999999995,"102, 347",2,1,1,TRUE,0.271602770469591,0.140905155027538,FALSE,2,0.00400000000000045
0.001,972,3,4,100030,"joint_lambda_profiled_eta0",0.002,1162.779450065,1162.779450065,1,0.179212691265401,0.179212691265401,0.693147180559945,"interior","interior",2591.15125130298,14.0089991286191,2,1,1,TRUE,0.278852415759951,0.147554088602557,TRUE,72,0.268000000000001,"102, 347",2,1,1,TRUE,0.278852415759951,0.147554088602557,FALSE,2,0.00400000000000045
0.001,972,3,4,100030,"oracle_lambda_2x_eta0",0.001,389.558857622695,779.117715245389,2,-0.914340839852758,-0.221193659292813,0,"interior","interior",2574.08440272574,0,2,1,1,TRUE,0.284952488684013,0.153147322121738,TRUE,74,0.353999999999985,"102, 347",2,1,1,TRUE,0.284952488684013,0.153147322121738,FALSE,2,0.00400000000000045
0.001,972,3,4,100030,"oracle_lambda_profiled_eta0",0.001,389.558857622695,389.558857622695,1,-0.914340839852758,-0.914340839852758,0,"interior","interior",2577.14225217436,0,2,1,1,TRUE,0.29869859144962,0.165455866745042,TRUE,75,0.271999999999991,"102, 347",2,1,1,TRUE,0.29869859144962,0.165455866745042,FALSE,2,0.00400000000000045
0.001,972,3,5,100031,"joint_lambda_2x_eta0",0.001,603.962124591912,1207.92424918382,2,-0.475844316121115,0.217302864438831,0,"interior","interior",2608.86175881536,0,2,1,1,TRUE,0.726171428237017,0.452342860397324,TRUE,63,0.324999999999989,"162, 275",2,1,1,TRUE,0.726171428237017,0.452342860397324,FALSE,1,0.00299999999999923
0.001,972,3,5,100031,"joint_lambda_profiled_eta0",0.001,603.962124591912,603.962124591912,1,-0.475844316121115,-0.475844316121115,0,"interior","interior",2610.71471307573,0,2,1,1,TRUE,0.717125116637852,0.434250267282615,TRUE,72,0.254999999999995,"162, 275",2,1,1,TRUE,0.717125116637852,0.434250267282615,FALSE,1,0.00299999999999923
0.001,972,3,5,100031,"oracle_lambda_2x_eta0",0.001,603.962124591912,1207.92424918382,2,-0.475844316121115,0.217302864438831,0,"interior","interior",2608.86175881536,0,2,1,1,TRUE,0.726171428237017,0.452342860397324,TRUE,63,0.324999999999989,"162, 275",2,1,1,TRUE,0.726171428237017,0.452342860397324,FALSE,1,0.00299999999999923
0.001,972,3,5,100031,"oracle_lambda_profiled_eta0",0.001,603.962124591912,603.962124591912,1,-0.475844316121115,-0.475844316121115,0,"interior","interior",2610.71471307573,0,2,1,1,TRUE,0.717125116637852,0.434250267282615,TRUE,72,0.254999999999995,"162, 275",2,1,1,TRUE,0.717125116637852,0.434250267282615,FALSE,1,0.00299999999999923
0.001,2115,3,1,100032,"joint_lambda_2x_eta0",0.002,20000,20000,2,2.24667746105575,2.24667746105575,0.693147180559945,"upper","interior",2655.00597943716,1.38050776698037,2,1,1,TRUE,0.820525237714462,0.697000631916961,TRUE,70,1.203,"163, 461",2,1,1,TRUE,0.820525237714462,0.697000631916961,FALSE,2,0.00300000000000011
0.001,2115,3,1,100032,"joint_lambda_profiled_eta0",0.002,20000,20000,1,2.24667746105575,2.24667746105575,0.693147180559945,"upper","interior",2655.00588283115,0.921158806627773,2,1,1,TRUE,0.820526854694507,0.697000128823204,TRUE,69,1.059,"163, 461",2,1,1,TRUE,0.820526854694507,0.697000128823204,FALSE,2,0.00300000000000011
0.001,2115,3,1,100032,"oracle_lambda_2x_eta0",0.001,1242.98752547682,2485.97505095365,2,-0.531537035839154,0.161610144720791,0,"interior","interior",2653.62547167018,0,2,1,1,TRUE,0.807398518856833,0.686389855357478,TRUE,72,0.37299999999999,"163, 461",2,1,1,TRUE,0.807398518856833,0.686389855357478,FALSE,2,0.00300000000000011
0.001,2115,3,1,100032,"oracle_lambda_profiled_eta0",0.001,1242.98752547682,1242.98752547682,1,-0.531537035839154,-0.531537035839154,0,"interior","interior",2654.08472402452,0,2,1,1,TRUE,0.791718576566366,0.675500640521207,TRUE,72,0.266999999999996,"163, 461",2,1,1,TRUE,0.791718576566366,0.675500640521207,FALSE,2,0.00300000000000011
0.001,2115,3,2,100033,"joint_lambda_2x_eta0",0.001,1505.02160499031,3010.04320998061,2,-0.340247558925154,0.352899621634791,0,"interior","interior",2660.28473227129,0,2,1,1,TRUE,0.634627716094404,0.269267913889725,TRUE,67,0.36099999999999,"269, 446",2,1,1,TRUE,0.634627716094404,0.269267913889725,FALSE,1,0.00400000000000045
0.001,2115,3,2,100033,"joint_lambda_profiled_eta0",0.001,1505.02160499031,1505.02160499031,1,-0.340247558925154,-0.340247558925154,0,"interior","interior",2660.61822422937,0,2,1,1,TRUE,0.632677103331669,0.265375812969042,TRUE,70,0.25800000000001,"269, 446",2,1,1,TRUE,0.632677103331669,0.265375812969042,FALSE,1,0.00400000000000045
0.001,2115,3,2,100033,"oracle_lambda_2x_eta0",0.001,1505.02160499031,3010.04320998061,2,-0.340247558925154,0.352899621634791,0,"interior","interior",2660.28473227129,0,2,1,1,TRUE,0.634627716094404,0.269267913889725,TRUE,67,0.36099999999999,"269, 446",2,1,1,TRUE,0.634627716094404,0.269267913889725,FALSE,1,0.00400000000000045
0.001,2115,3,2,100033,"oracle_lambda_profiled_eta0",0.001,1505.02160499031,1505.02160499031,1,-0.340247558925154,-0.340247558925154,0,"interior","interior",2660.61822422937,0,2,1,1,TRUE,0.632677103331669,0.265375812969042,TRUE,70,0.25800000000001,"269, 446",2,1,1,TRUE,0.632677103331669,0.265375812969042,FALSE,1,0.00400000000000045
0.001,2115,3,3,100034,"joint_lambda_2x_eta0",0.001,590.57480354186,1181.14960708372,2,-1.27571378555631,-0.582566604996365,0,"interior","interior",2625.05417652131,0,2,0.5,0.5,FALSE,0.52606733372305,0.0530618977817031,TRUE,67,0.352000000000004,"126, 313",2,0.5,0.5,FALSE,0.52606733372305,0.0530618977817031,FALSE,1,0.00399999999999956
0.001,2115,3,3,100034,"joint_lambda_profiled_eta0",0.001,590.57480354186,590.57480354186,1,-1.27571378555631,-1.27571378555631,0,"interior","interior",2626.24410896774,0,2,1,1,TRUE,0.532734609537014,0.0674294195450827,TRUE,69,0.275000000000006,"126, 313",2,1,1,TRUE,0.532734609537014,0.0674294195450827,FALSE,1,0.00399999999999956
0.001,2115,3,3,100034,"oracle_lambda_2x_eta0",0.001,590.57480354186,1181.14960708372,2,-1.27571378555631,-0.582566604996365,0,"interior","interior",2625.05417652131,0,2,0.5,0.5,FALSE,0.52606733372305,0.0530618977817031,TRUE,67,0.352000000000004,"126, 313",2,0.5,0.5,FALSE,0.52606733372305,0.0530618977817031,FALSE,1,0.00399999999999956
0.001,2115,3,3,100034,"oracle_lambda_profiled_eta0",0.001,590.57480354186,590.57480354186,1,-1.27571378555631,-1.27571378555631,0,"interior","interior",2626.24410896774,0,2,1,1,TRUE,0.532734609537014,0.0674294195450827,TRUE,69,0.275000000000006,"126, 313",2,1,1,TRUE,0.532734609537014,0.0674294195450827,FALSE,1,0.00399999999999956
0.001,2115,3,4,100035,"joint_lambda_2x_eta0",0.002,20000,20000,2,2.24667746105575,2.24667746105575,0.693147180559945,"upper","interior",2640.74160097408,2.28432799778602,2,1,1,TRUE,0.850643279078259,0.705126007237936,TRUE,76,1.36699999999999,"256, 307",2,1,1,TRUE,0.850643279078259,0.705126007237936,FALSE,2,0.00400000000000045
0.001,2115,3,4,100035,"joint_lambda_profiled_eta0",0.002,20000,20000,1,2.24667746105575,2.24667746105575,0.693147180559945,"upper","interior",2640.74154731011,1.41625806719458,2,1,1,TRUE,0.850643945431053,0.705127366778934,TRUE,75,1.21299999999999,"256, 307",2,1,1,TRUE,0.850643945431053,0.705127366778934,FALSE,2,0.00400000000000045
0.001,2115,3,4,100035,"oracle_lambda_2x_eta0",0.001,988.636291874858,1977.27258374972,2,-0.760483580908216,-0.067336400348271,0,"interior","interior",2638.45727297629,0,2,1,1,TRUE,0.840978096385528,0.688225543948358,TRUE,76,0.37700000000001,"256, 307",2,1,1,TRUE,0.840978096385528,0.688225543948358,FALSE,2,0.00400000000000045
0.001,2115,3,4,100035,"oracle_lambda_profiled_eta0",0.001,988.636291874858,988.636291874858,1,-0.760483580908216,-0.760483580908216,0,"interior","interior",2639.32528924291,0,2,1,1,TRUE,0.830755737837485,0.671400410909617,TRUE,76,0.292000000000002,"256, 307",2,1,1,TRUE,0.830755737837485,0.671400410909617,FALSE,2,0.00400000000000045
0.001,2115,3,5,100036,"joint_lambda_2x_eta0",0.001,1079.93590865007,2159.87181730015,2,-0.672153116965553,0.0209940635943919,0,"interior","interior",2650.327986094,0,1,1,0.5,FALSE,0.484647765453123,0,TRUE,70,0.395999999999987,"289, 413",1,1,0.5,FALSE,0.815029440259416,0.667679533809987,TRUE,1,0.00399999999999956
0.001,2115,3,5,100036,"joint_lambda_profiled_eta0",0.001,1079.93590865007,1079.93590865007,1,-0.672153116965553,-0.672153116965553,0,"interior","interior",2650.87042877867,0,1,1,0.5,FALSE,0.484647765453123,0,TRUE,77,0.290999999999997,"289, 413",1,1,0.5,FALSE,0.794245103504466,0.635046549080945,TRUE,1,0.00399999999999956
0.001,2115,3,5,100036,"oracle_lambda_2x_eta0",0.001,1079.93590865007,2159.87181730015,2,-0.672153116965553,0.0209940635943919,0,"interior","interior",2650.327986094,0,1,1,0.5,FALSE,0.484647765453123,0,TRUE,70,0.395999999999987,"289, 413",1,1,0.5,FALSE,0.815029440259416,0.667679533809987,TRUE,1,0.00399999999999956
0.001,2115,3,5,100036,"oracle_lambda_profiled_eta0",0.001,1079.93590865007,1079.93590865007,1,-0.672153116965553,-0.672153116965553,0,"interior","interior",2650.87042877867,0,1,1,0.5,FALSE,0.484647765453123,0,TRUE,77,0.290999999999997,"289, 413",1,1,0.5,FALSE,0.794245103504466,0.635046549080945,TRUE,1,0.00399999999999956
0.001,4599,3,1,100037,"joint_lambda_2x_eta0",0.001,1094.50001392732,2189.00002785465,2,-1.43554123785218,-0.742394057292234,0,"interior","interior",2657.74998998898,0,2,1,1,TRUE,0.532595658291938,0.0923510111440126,TRUE,48,0.306000000000012,"76, 336",2,1,1,TRUE,0.532595658291938,0.0923510111440126,FALSE,5,0.00300000000000011
0.001,4599,3,1,100037,"joint_lambda_profiled_eta0",0.001,1094.50001392732,1094.50001392732,1,-1.43554123785218,-1.43554123785218,0,"interior","interior",2658.11907166049,0,2,1,1,TRUE,0.531646163651148,0.0966262680257683,TRUE,57,0.231999999999999,"76, 336",2,1,1,TRUE,0.531646163651148,0.0966262680257683,FALSE,5,0.00300000000000011
0.001,4599,3,1,100037,"oracle_lambda_2x_eta0",0.001,1094.50001392732,2189.00002785465,2,-1.43554123785218,-0.742394057292234,0,"interior","interior",2657.74998998898,0,2,1,1,TRUE,0.532595658291938,0.0923510111440126,TRUE,48,0.306000000000012,"76, 336",2,1,1,TRUE,0.532595658291938,0.0923510111440126,FALSE,5,0.00300000000000011
0.001,4599,3,1,100037,"oracle_lambda_profiled_eta0",0.001,1094.50001392732,1094.50001392732,1,-1.43554123785218,-1.43554123785218,0,"interior","interior",2658.11907166049,0,2,1,1,TRUE,0.531646163651148,0.0966262680257683,TRUE,57,0.231999999999999,"76, 336",2,1,1,TRUE,0.531646163651148,0.0966262680257683,FALSE,5,0.00300000000000011
0.001,4599,3,2,100038,"joint_lambda_2x_eta0",0.001,1136.3547728224,2272.70954564481,2,-1.39801331699461,-0.704866136434661,0,"interior","interior",2653.01614348415,0,2,1,1,TRUE,0.620531189294926,0.275019922866337,TRUE,53,0.325999999999993,"165, 336",2,1,1,TRUE,0.620531189294926,0.275019922866337,FALSE,5,0.00300000000000011
0.001,4599,3,2,100038,"joint_lambda_profiled_eta0",0.001,1136.3547728224,1136.3547728224,1,-1.39801331699461,-1.39801331699461,0,"interior","interior",2653.50452747626,0,2,1,1,TRUE,0.614619928338134,0.272053163363751,TRUE,62,0.245000000000005,"165, 336",2,1,1,TRUE,0.614619928338134,0.272053163363751,FALSE,5,0.00300000000000011
0.001,4599,3,2,100038,"oracle_lambda_2x_eta0",0.001,1136.3547728224,2272.70954564481,2,-1.39801331699461,-0.704866136434661,0,"interior","interior",2653.01614348415,0,2,1,1,TRUE,0.620531189294926,0.275019922866337,TRUE,53,0.325999999999993,"165, 336",2,1,1,TRUE,0.620531189294926,0.275019922866337,FALSE,5,0.00300000000000011
0.001,4599,3,2,100038,"oracle_lambda_profiled_eta0",0.001,1136.3547728224,1136.3547728224,1,-1.39801331699461,-1.39801331699461,0,"interior","interior",2653.50452747626,0,2,1,1,TRUE,0.614619928338134,0.272053163363751,TRUE,62,0.245000000000005,"165, 336",2,1,1,TRUE,0.614619928338134,0.272053163363751,FALSE,5,0.00300000000000011
0.001,4599,3,3,100039,"joint_lambda_2x_eta0",0.001,1429.23302753523,2858.46605507046,2,-1.16870093255103,-0.475553751991081,0,"interior","interior",2648.48837710247,0,2,0.5,0.5,FALSE,0.258340251842418,0.0263347312729266,TRUE,31,0.212999999999994,"288, 366",2,0.5,0.5,FALSE,0.258340251842418,0.0263347312729266,FALSE,3,0.00400000000000045
0.001,4599,3,3,100039,"joint_lambda_profiled_eta0",0.001,1429.23302753523,1429.23302753523,1,-1.16870093255103,-1.16870093255103,0,"interior","interior",2649.10325888611,0,2,0.5,0.5,FALSE,0.256637315557784,0.0329625667693487,TRUE,43,0.164999999999992,"288, 366",2,0.5,0.5,FALSE,0.256637315557784,0.0329625667693487,FALSE,3,0.00400000000000045
0.001,4599,3,3,100039,"oracle_lambda_2x_eta0",0.001,1429.23302753523,2858.46605507046,2,-1.16870093255103,-0.475553751991081,0,"interior","interior",2648.48837710247,0,2,0.5,0.5,FALSE,0.258340251842418,0.0263347312729266,TRUE,31,0.212999999999994,"288, 366",2,0.5,0.5,FALSE,0.258340251842418,0.0263347312729266,FALSE,3,0.00400000000000045
0.001,4599,3,3,100039,"oracle_lambda_profiled_eta0",0.001,1429.23302753523,1429.23302753523,1,-1.16870093255103,-1.16870093255103,0,"interior","interior",2649.10325888611,0,2,0.5,0.5,FALSE,0.256637315557784,0.0329625667693487,TRUE,43,0.164999999999992,"288, 366",2,0.5,0.5,FALSE,0.256637315557784,0.0329625667693487,FALSE,3,0.00400000000000045
0.001,4599,3,4,100040,"joint_lambda_2x_eta0",0.001,20000,20000,2,1.4698933849962,1.4698933849962,0,"upper","interior",2699.03382576245,0,2,1,1,TRUE,0.331384972339207,0.185210956849929,TRUE,64,1.17000000000002,"77, 379",2,1,1,TRUE,0.331384972339207,0.185210956849929,FALSE,3,0.00299999999999923
0.001,4599,3,4,100040,"joint_lambda_profiled_eta0",0.001,20000,20000,1,1.4698933849962,1.4698933849962,0,"upper","interior",2699.03385094007,0,2,1,1,TRUE,0.331385510155753,0.185210764405288,TRUE,63,1.04000000000002,"77, 379",2,1,1,TRUE,0.331385510155753,0.185210764405288,FALSE,3,0.00299999999999923
0.001,4599,3,4,100040,"oracle_lambda_2x_eta0",0.001,20000,20000,2,1.4698933849962,1.4698933849962,0,"upper","interior",2699.03382576245,0,2,1,1,TRUE,0.331384972339207,0.185210956849929,TRUE,64,1.17000000000002,"77, 379",2,1,1,TRUE,0.331384972339207,0.185210956849929,FALSE,3,0.00299999999999923
0.001,4599,3,4,100040,"oracle_lambda_profiled_eta0",0.001,20000,20000,1,1.4698933849962,1.4698933849962,0,"upper","interior",2699.03385094007,0,2,1,1,TRUE,0.331385510155753,0.185210764405288,TRUE,63,1.04000000000002,"77, 379",2,1,1,TRUE,0.331385510155753,0.185210764405288,FALSE,3,0.00299999999999923
0.001,4599,3,5,100041,"joint_lambda_2x_eta0",0.001,797.147113418922,1594.29422683784,2,-1.75255492181972,-1.05940774125977,0,"interior","interior",2635.47390496416,0,2,1,1,TRUE,0.383622753732998,0.31734613010354,TRUE,41,0.092000000000013,"5, 318",2,1,1,TRUE,0.383622753732998,0.31734613010354,FALSE,6,0.00400000000000045
0.001,4599,3,5,100041,"joint_lambda_profiled_eta0",0.001,797.147113418922,797.147113418922,1,-1.75255492181972,-1.75255492181972,0,"interior","interior",2636.31285639372,0,2,1,1,TRUE,0.379181572658144,0.305215489740529,TRUE,13,0.0460000000000207,"5, 318",2,1,1,TRUE,0.379181572658144,0.305215489740529,FALSE,6,0.00400000000000045
0.001,4599,3,5,100041,"oracle_lambda_2x_eta0",0.001,797.147113418922,1594.29422683784,2,-1.75255492181972,-1.05940774125977,0,"interior","interior",2635.47390496416,0,2,1,1,TRUE,0.383622753732998,0.31734613010354,TRUE,41,0.092000000000013,"5, 318",2,1,1,TRUE,0.383622753732998,0.31734613010354,FALSE,6,0.00400000000000045
0.001,4599,3,5,100041,"oracle_lambda_profiled_eta0",0.001,797.147113418922,797.147113418922,1,-1.75255492181972,-1.75255492181972,0,"interior","interior",2636.31285639372,0,2,1,1,TRUE,0.379181572658144,0.305215489740529,TRUE,13,0.0460000000000207,"5, 318",2,1,1,TRUE,0.379181572658144,0.305215489740529,FALSE,6,0.00400000000000045
0.001,10000,3,1,100042,"joint_lambda_2x_eta0",0.001,854.446823595898,1708.8936471918,2,-2.45988610237406,-1.76673892181411,0,"interior","interior",2641.91849891935,0,2,1,1,TRUE,0.982391958669669,0.979125253860173,TRUE,56,0.307999999999993,"179, 393",2,1,1,TRUE,0.982391958669669,0.979125253860173,FALSE,1,0.00400000000000045
0.001,10000,3,1,100042,"joint_lambda_profiled_eta0",0.001,854.446823595898,854.446823595898,1,-2.45988610237406,-2.45988610237406,0,"interior","interior",2642.63888925343,0,2,1,1,TRUE,0.975751271300403,0.972057361228912,TRUE,63,0.245000000000005,"179, 393",2,1,1,TRUE,0.975751271300403,0.972057361228912,FALSE,1,0.00400000000000045
0.001,10000,3,1,100042,"oracle_lambda_2x_eta0",0.001,854.446823595898,1708.8936471918,2,-2.45988610237406,-1.76673892181411,0,"interior","interior",2641.91849891935,0,2,1,1,TRUE,0.982391958669669,0.979125253860173,TRUE,56,0.307999999999993,"179, 393",2,1,1,TRUE,0.982391958669669,0.979125253860173,FALSE,1,0.00400000000000045
0.001,10000,3,1,100042,"oracle_lambda_profiled_eta0",0.001,854.446823595898,854.446823595898,1,-2.45988610237406,-2.45988610237406,0,"interior","interior",2642.63888925343,0,2,1,1,TRUE,0.975751271300403,0.972057361228912,TRUE,63,0.245000000000005,"179, 393",2,1,1,TRUE,0.975751271300403,0.972057361228912,FALSE,1,0.00400000000000045
0.001,10000,3,2,100043,"joint_lambda_2x_eta0",0.001,20000,20000,2,0.693147180559944,0.693147180559944,0,"upper","interior",2692.33714825529,0,2,1,1,TRUE,0.794286261411399,0.588572522822797,TRUE,27,0.454999999999984,"487, 494",2,1,1,TRUE,0.794286261411399,0.588572522822797,FALSE,1,0.00300000000000011
0.001,10000,3,2,100043,"joint_lambda_profiled_eta0",0.001,20000,20000,1,0.693147180559944,0.693147180559944,0,"upper","interior",2692.33712675357,0,2,1,1,TRUE,0.794286557787593,0.588573115575186,TRUE,28,0.405000000000001,"487, 494",2,1,1,TRUE,0.794286557787593,0.588573115575186,FALSE,1,0.00300000000000011
0.001,10000,3,2,100043,"oracle_lambda_2x_eta0",0.001,20000,20000,2,0.693147180559944,0.693147180559944,0,"upper","interior",2692.33714825529,0,2,1,1,TRUE,0.794286261411399,0.588572522822797,TRUE,27,0.454999999999984,"487, 494",2,1,1,TRUE,0.794286261411399,0.588572522822797,FALSE,1,0.00300000000000011
0.001,10000,3,2,100043,"oracle_lambda_profiled_eta0",0.001,20000,20000,1,0.693147180559944,0.693147180559944,0,"upper","interior",2692.33712675357,0,2,1,1,TRUE,0.794286557787593,0.588573115575186,TRUE,28,0.405000000000001,"487, 494",2,1,1,TRUE,0.794286557787593,0.588573115575186,FALSE,1,0.00300000000000011
0.001,10000,3,3,100044,"joint_lambda_2x_eta0",0.001,8862.38079028262,17724.7615805652,2,-0.120769652252205,0.57237752830774,0,"interior","interior",2680.66906762648,0,2,1,1,TRUE,0.462871182688294,0.40707803344041,TRUE,9,0.0999999999999943,"346, 431",2,1,1,TRUE,0.462871182688294,0.40707803344041,FALSE,3,0.00399999999999956
0.001,10000,3,3,100044,"joint_lambda_profiled_eta0",0.001,8862.38079028262,8862.38079028262,1,-0.120769652252205,-0.120769652252205,0,"interior","interior",2680.68608714734,0,2,1,1,TRUE,0.462540506341126,0.406582879700683,TRUE,11,0.0829999999999984,"346, 431",2,1,1,TRUE,0.462540506341126,0.406582879700683,FALSE,3,0.00399999999999956
0.001,10000,3,3,100044,"oracle_lambda_2x_eta0",0.001,8862.38079028262,17724.7615805652,2,-0.120769652252205,0.57237752830774,0,"interior","interior",2680.66906762648,0,2,1,1,TRUE,0.462871182688294,0.40707803344041,TRUE,9,0.0999999999999943,"346, 431",2,1,1,TRUE,0.462871182688294,0.40707803344041,FALSE,3,0.00399999999999956
0.001,10000,3,3,100044,"oracle_lambda_profiled_eta0",0.001,8862.38079028262,8862.38079028262,1,-0.120769652252205,-0.120769652252205,0,"interior","interior",2680.68608714734,0,2,1,1,TRUE,0.462540506341126,0.406582879700683,TRUE,11,0.0829999999999984,"346, 431",2,1,1,TRUE,0.462540506341126,0.406582879700683,FALSE,3,0.00399999999999956
0.001,10000,3,4,100045,"joint_lambda_2x_eta0",0.001,2212.29307709574,4424.58615419149,2,-1.50855552394429,-0.815408343384341,0,"interior","interior",2665.072723732,0,2,1,1,TRUE,0.979272406150838,0.958544812301677,TRUE,72,0.631,"214, 324",2,1,1,TRUE,0.979272406150838,0.958544812301677,FALSE,1,0.00399999999999956
0.001,10000,3,4,100045,"joint_lambda_profiled_eta0",0.001,2212.29307709574,2212.29307709574,1,-1.50855552394429,-1.50855552394429,0,"interior","interior",2665.28777818671,0,2,1,1,TRUE,0.97621362873189,0.95242725746378,TRUE,73,0.486999999999995,"214, 324",2,1,1,TRUE,0.97621362873189,0.95242725746378,FALSE,1,0.00399999999999956
0.001,10000,3,4,100045,"oracle_lambda_2x_eta0",0.001,2212.29307709574,4424.58615419149,2,-1.50855552394429,-0.815408343384341,0,"interior","interior",2665.072723732,0,2,1,1,TRUE,0.979272406150838,0.958544812301677,TRUE,72,0.631,"214, 324",2,1,1,TRUE,0.979272406150838,0.958544812301677,FALSE,1,0.00399999999999956
0.001,10000,3,4,100045,"oracle_lambda_profiled_eta0",0.001,2212.29307709574,2212.29307709574,1,-1.50855552394429,-1.50855552394429,0,"interior","interior",2665.28777818671,0,2,1,1,TRUE,0.97621362873189,0.95242725746378,TRUE,73,0.486999999999995,"214, 324",2,1,1,TRUE,0.97621362873189,0.95242725746378,FALSE,1,0.00399999999999956
0.001,10000,3,5,100046,"joint_lambda_2x_eta0",0.001,20000,20000,2,0.693147180559944,0.693147180559944,0,"upper","interior",2701.82681037333,0,1,1,0.5,FALSE,0.284216724877069,0,TRUE,73,1.56400000000002,"311, 457",1,1,0.5,FALSE,0.411867728221805,0.260116833482678,TRUE,3,0.00399999999999956
0.001,10000,3,5,100046,"joint_lambda_profiled_eta0",0.001,20000,20000,1,0.693147180559944,0.693147180559944,0,"upper","interior",2701.82695907326,0,1,1,0.5,FALSE,0.284216724877069,0,TRUE,89,1.42000000000002,"311, 457",1,1,0.5,FALSE,0.411886779345834,0.260154467958261,TRUE,3,0.00399999999999956
0.001,10000,3,5,100046,"oracle_lambda_2x_eta0",0.001,20000,20000,2,0.693147180559944,0.693147180559944,0,"upper","interior",2701.82681037333,0,1,1,0.5,FALSE,0.284216724877069,0,TRUE,73,1.56400000000002,"311, 457",1,1,0.5,FALSE,0.411867728221805,0.260116833482678,TRUE,3,0.00399999999999956
0.001,10000,3,5,100046,"oracle_lambda_profiled_eta0",0.001,20000,20000,1,0.693147180559944,0.693147180559944,0,"upper","interior",2701.82695907326,0,1,1,0.5,FALSE,0.284216724877069,0,TRUE,89,1.42000000000002,"311, 457",1,1,0.5,FALSE,0.411886779345834,0.260154467958261,TRUE,3,0.00399999999999956
0.001,20,4,1,100047,"joint_lambda_2x_eta0",0.006,22.787393510226,45.574787020452,2,0.130475193273705,0.82362237383365,1.79175946922805,"interior","interior",2056.40048915232,26.3773622734298,1,1,0.5,FALSE,0.221608774541133,0,TRUE,35,0.368999999999915,"331, 385",1,1,0.5,FALSE,0.183757454509,0.00805621743923068,TRUE,2,0.00300000000000011
0.001,20,4,1,100047,"joint_lambda_profiled_eta0",0.006,22.787393510226,22.787393510226,1,0.130475193273705,0.130475193273705,1.79175946922805,"interior","interior",2058.94406099541,27.698778704198,1,1,0.5,FALSE,0.221608774541133,0,TRUE,78,0.329999999999927,"331, 385",1,1,0.5,FALSE,0.117565075832931,0.00800698629740726,TRUE,2,0.00300000000000011
0.001,20,4,1,100047,"oracle_lambda_2x_eta0",0.001,8.44633034773342,16.8926606954668,2,-0.862000204885815,-0.168853024325869,0,"interior","interior",2030.02312687889,0,1,1,0.5,FALSE,0.221608774541133,0,TRUE,77,0.55399999999986,"331, 385",1,1,0.5,FALSE,0.0959911349473294,0.00799740000729088,TRUE,2,0.00300000000000011
0.001,20,4,1,100047,"oracle_lambda_profiled_eta0",0.001,8.44633034773342,8.44633034773342,1,-0.862000204885815,-0.862000204885815,0,"interior","interior",2031.24528229121,0,1,1,0.5,FALSE,0.221608774541133,0,TRUE,110,0.468999999999937,"331, 385",1,1,0.5,FALSE,0.0672230554258359,0.00799402940924709,TRUE,2,0.00300000000000011
0.001,20,4,2,100048,"joint_lambda_2x_eta0",0.002,2,4,2,-2.30258509299405,-1.6094379124341,0.693147180559945,"lower","interior",1998.36470455263,4.87608345395597,1,1,0.5,FALSE,0.5,0,TRUE,96,0.741999999999962,"69, 437",0,0,0,FALSE,0.0401006347598893,0.0325922897608705,TRUE,1,0.00300000000000011
0.001,20,4,2,100048,"joint_lambda_profiled_eta0",0.002,2,2,1,-2.30258509299405,-2.30258509299405,0.693147180559945,"lower","interior",1998.68401212732,4.63259928248863,1,1,0.5,FALSE,0.5,0,TRUE,134,0.634000000000015,"69, 437",0,0,0,FALSE,0.0208809655836903,0.0206426410272258,TRUE,1,0.00300000000000011
0.001,20,4,2,100048,"oracle_lambda_2x_eta0",0.001,2,4,2,-2.30258509299405,-1.6094379124341,0,"lower","interior",1993.48862109868,0,1,1,0.5,FALSE,0.5,0,TRUE,96,0.847999999999956,"69, 437",0,0,0,FALSE,0.0401007818318969,0.0325923451246505,TRUE,1,0.00300000000000011
0.001,20,4,2,100048,"oracle_lambda_profiled_eta0",0.001,2,2,1,-2.30258509299405,-2.30258509299405,0,"lower","interior",1994.05141284483,0,1,1,0.5,FALSE,0.5,0,TRUE,132,0.737999999999943,"69, 437",0,0,0,FALSE,0.0208494156354374,0.0206181432100419,TRUE,1,0.00300000000000011
0.001,20,4,3,100049,"joint_lambda_2x_eta0",0.006,2,4,2,-2.30258509299405,-1.6094379124341,1.79175946922805,"lower","interior",1739.60486156348,48.5965911831934,1,0,0,FALSE,0.010128197272313,0.000530864335148928,TRUE,145,0.823999999999955,"92, 109",0,0,0,FALSE,0.034016447870524,0.0331964526434128,TRUE,1,0.00399999999999956
0.001,20,4,3,100049,"joint_lambda_profiled_eta0",0.006,2,2,1,-2.30258509299405,-2.30258509299405,1.79175946922805,"lower","interior",1739.84306472693,47.7371798719632,1,0,0,FALSE,0.010128197272313,0.000530864335148928,TRUE,123,0.660999999999945,"92, 109",0,0,0,FALSE,0.0205759002810374,0.0204522338683903,TRUE,1,0.00399999999999956
0.001,20,4,3,100049,"oracle_lambda_2x_eta0",0.001,2,4,2,-2.30258509299405,-1.6094379124341,0,"lower","interior",1691.00827038029,0,1,0,0,FALSE,0.010128197272313,0.000530864335148928,TRUE,146,0.734000000000151,"92, 109",0,0,0,FALSE,0.0340507707881179,0.0332284667349815,TRUE,1,0.00399999999999956
0.001,20,4,3,100049,"oracle_lambda_profiled_eta0",0.001,2,2,1,-2.30258509299405,-2.30258509299405,0,"lower","interior",1692.10588485496,0,1,0,0,FALSE,0.010128197272313,0.000530864335148928,TRUE,124,0.568000000000097,"92, 109",0,0,0,FALSE,0.0205807333009302,0.0204569151018125,TRUE,1,0.00399999999999956
0.001,20,4,4,100050,"joint_lambda_2x_eta0",0.004,2.07811684038005,4.1562336807601,2,-2.26427015513328,-1.57112297457333,1.38629436111989,"interior","interior",1948.79742120048,25.1433263116194,1,1,0.5,FALSE,0.499999798796758,0,TRUE,126,0.704999999999927,"194, 481",0,0,0,FALSE,0.0428195395635286,0.0231887379721185,TRUE,1,0.00300000000000011
0.001,20,4,4,100050,"joint_lambda_profiled_eta0",0.004,2.07811684038005,2.07811684038005,1,-2.26427015513328,-2.26427015513328,1.38629436111989,"interior","interior",1948.92094210647,24.5771879426347,1,1,0.5,FALSE,0.499999798796758,0,TRUE,130,0.564999999999941,"194, 481",0,0,0,FALSE,0.0209176343090806,0.0188016874753457,TRUE,1,0.00300000000000011
0.001,20,4,4,100050,"oracle_lambda_2x_eta0",0.001,2,4,2,-2.30258509299405,-1.6094379124341,0,"lower","interior",1923.65409488886,0,1,1,0.5,FALSE,0.499999798796758,0,TRUE,125,0.711999999999989,"194, 481",0,0,0,FALSE,0.0399618579617299,0.0230792993932255,TRUE,1,0.00300000000000011
0.001,20,4,4,100050,"oracle_lambda_profiled_eta0",0.001,2,2,1,-2.30258509299405,-2.30258509299405,0,"lower","interior",1924.34375416383,0,1,1,0.5,FALSE,0.499999798796758,0,TRUE,129,0.573999999999955,"194, 481",0,0,0,FALSE,0.0203426103008207,0.0185179631723281,TRUE,1,0.00300000000000011
0.001,20,4,5,100051,"joint_lambda_2x_eta0",0.004,2.74482518148913,5.48965036297826,2,-1.98601488678116,-1.29286770622121,1.38629436111989,"interior","interior",1934.53207207438,14.6061868125455,1,1,0.5,FALSE,0.226263380962873,2.15965889616143e-09,TRUE,195,0.786000000000058,"192, 333",0,0,0,FALSE,0.0978945615950588,0.0647732291602344,TRUE,3,0.00300000000000011
0.001,20,4,5,100051,"joint_lambda_profiled_eta0",0.004,2.74482518148913,2.74482518148913,1,-1.98601488678116,-1.98601488678116,1.38629436111989,"interior","interior",1934.4759312388,14.0059515465393,1,1,0.5,FALSE,0.226263380962873,2.15965889616143e-09,TRUE,120,0.562999999999988,"192, 333",0,0,0,FALSE,0.0288146018575896,0.0274164731633976,TRUE,3,0.00300000000000011
0.001,20,4,5,100051,"oracle_lambda_2x_eta0",0.001,2,4,2,-2.30258509299405,-1.6094379124341,0,"lower","interior",1919.92588526184,0,1,1,0.5,FALSE,0.226263380962873,2.15965889616143e-09,TRUE,145,0.833999999999946,"192, 333",0,0,0,FALSE,0.046959479840837,0.0411362812391907,TRUE,3,0.00300000000000011
0.001,20,4,5,100051,"oracle_lambda_profiled_eta0",0.001,2,2,1,-2.30258509299405,-2.30258509299405,0,"lower","interior",1920.46997969227,0,1,1,0.5,FALSE,0.226263380962873,2.15965889616143e-09,TRUE,120,0.673000000000002,"192, 333",0,0,0,FALSE,0.0209119085376053,0.0206323799203861,TRUE,3,0.00300000000000011
0.001,43,4,1,100052,"joint_lambda_2x_eta0",0.004,22.8157010106434,45.6314020212868,2,-0.63375117591976,0.0593960046401851,1.38629436111989,"interior","interior",2130.23930541259,23.3200170992559,1,1,0.5,FALSE,0.499999512480878,3.52768902978084e-09,TRUE,56,0.330999999999904,"112, 361",1,1,0.5,FALSE,0.518319964770782,0.0386766818677642,TRUE,1,0.00300000000000011
0.001,43,4,1,100052,"joint_lambda_profiled_eta0",0.004,22.8157010106434,22.8157010106434,1,-0.63375117591976,-0.63375117591976,1.38629436111989,"interior","interior",2132.47586275568,24.7000591434521,1,1,0.5,FALSE,0.499999512480878,3.52768902978084e-09,TRUE,64,0.267999999999915,"112, 361",0,0,0,FALSE,0.47020594422076,0.0228400656360904,TRUE,1,0.00300000000000011
0.001,43,4,1,100052,"oracle_lambda_2x_eta0",0.001,8.73345019098926,17.4669003819785,2,-1.59403961303652,-0.90089243247657,0,"interior","interior",2106.91928831334,0,1,1,0.5,FALSE,0.499999512480878,3.52768902978084e-09,TRUE,71,0.548000000000002,"112, 361",0,0,0,FALSE,0.441916478702015,0.0402480210449725,TRUE,1,0.00300000000000011
0.001,43,4,1,100052,"oracle_lambda_profiled_eta0",0.001,8.73345019098926,8.73345019098926,1,-1.59403961303652,-1.59403961303652,0,"interior","interior",2107.77580361223,0,1,1,0.5,FALSE,0.499999512480878,3.52768902978084e-09,TRUE,107,0.465000000000032,"112, 361",0,0,0,FALSE,0.311364313793983,0.113675004642124,TRUE,1,0.00300000000000011
0.001,43,4,2,100053,"joint_lambda_2x_eta0",0.004,25.4276233519998,50.8552467039996,2,-0.525363999061972,0.167783181497973,1.38629436111989,"interior","interior",2102.33058722751,15.2666293812517,1,1,0.5,FALSE,0.0278497208715734,0,TRUE,53,0.330999999999904,"68, 403",1,1,0.5,FALSE,0.162993721037725,0.0318737395769008,TRUE,2,0.00300000000000011
0.001,43,4,2,100053,"joint_lambda_profiled_eta0",0.004,25.4276233519998,25.4276233519998,1,-0.525363999061972,-0.525363999061972,1.38629436111989,"interior","interior",2104.95983638894,16.1408004975183,1,1,0.5,FALSE,0.0278497208715734,0,TRUE,62,0.267999999999915,"68, 403",1,1,0.5,FALSE,0.160265048532784,0.00844183443686908,TRUE,2,0.00300000000000011
0.001,43,4,2,100053,"oracle_lambda_2x_eta0",0.001,12.5503768221189,25.1007536442379,2,-1.23144942489968,-0.538302244339739,0,"interior","interior",2087.06395784625,0,1,1,0.5,FALSE,0.0278497208715734,0,TRUE,59,0.519999999999868,"68, 403",1,1,0.5,FALSE,0.160471410731467,0.00832232061428961,TRUE,2,0.00300000000000011
0.001,43,4,2,100053,"oracle_lambda_profiled_eta0",0.001,12.5503768221189,12.5503768221189,1,-1.23144942489968,-1.23144942489968,0,"interior","interior",2088.81903589142,0,1,1,0.5,FALSE,0.0278497208715734,0,TRUE,102,0.449999999999932,"68, 403",1,1,0.5,FALSE,0.16493497871399,0.00800966062175479,TRUE,2,0.00300000000000011
0.001,43,4,3,100054,"joint_lambda_2x_eta0",0.004,29.4605550302104,58.9211100604209,2,-0.378147864707209,0.314999315852737,1.38629436111989,"interior","interior",2157.85763892944,13.438525305125,2,1,1,TRUE,0.28457113686555,0.255392882835934,TRUE,90,0.270999999999958,"152, 333",2,1,1,TRUE,0.28457113686555,0.255392882835934,FALSE,3,0.00300000000000011
0.001,43,4,3,100054,"joint_lambda_profiled_eta0",0.002,20.6768872428568,20.6768872428568,1,-0.732183597553964,-0.732183597553964,0.693147180559945,"interior","interior",2157.91683970213,11.6383265813702,1,1,0.5,FALSE,0.19747929611864,5.59804425037669e-11,TRUE,67,0.283000000000015,"152, 333",1,1,0.5,FALSE,0.156543311636417,0.0130182352515152,TRUE,3,0.00300000000000011
0.001,43,4,3,100054,"oracle_lambda_2x_eta0",0.001,14.3532882740543,28.7065765481086,2,-1.09722105172061,-0.404073871160664,0,"interior","interior",2144.41911362432,0,1,1,0.5,FALSE,0.19747929611864,5.59804425037669e-11,TRUE,45,0.413999999999874,"152, 333",1,1,0.5,FALSE,0.162598451337371,0.0110435686931848,TRUE,3,0.00300000000000011
0.001,43,4,3,100054,"oracle_lambda_profiled_eta0",0.001,14.3532882740543,14.3532882740543,1,-1.09722105172061,-1.09722105172061,0,"interior","interior",2146.27851312076,0,1,1,0.5,FALSE,0.19747929611864,5.59804425037669e-11,TRUE,84,0.362999999999943,"152, 333",0,0,0,FALSE,0.150094593318909,0.0209153345229192,TRUE,3,0.00300000000000011
0.001,43,4,4,100055,"joint_lambda_2x_eta0",0.006,33.1527918016758,66.3055836033516,2,-0.260073185362641,0.433073995197304,1.79175946922805,"interior","interior",2147.57635206178,26.638839999277,1,1,0.5,FALSE,0.499999999999981,0,TRUE,85,0.360000000000014,"109, 421",1,1,0.5,FALSE,0.62540973116314,0.250820943580855,TRUE,1,0.00399999999999956
0.001,43,4,4,100055,"joint_lambda_profiled_eta0",0.004,26.4588628394924,26.4588628394924,1,-0.485608934517861,-0.485608934517861,1.38629436111989,"interior","interior",2150.28696324044,29.1514749522403,1,1,0.5,FALSE,0.499999999999981,0,TRUE,71,0.312000000000012,"109, 421",1,1,0.5,FALSE,0.504240640891206,0.00861128782772547,TRUE,1,0.00399999999999956
0.001,43,4,4,100055,"oracle_lambda_2x_eta0",0.001,2,4,2,-3.06805293513362,-2.37490575457367,0,"lower","interior",2120.93751206251,0,1,1,0.5,FALSE,0.499999999999981,0,TRUE,111,0.754999999999995,"109, 421",0,0,0,FALSE,0.0515228968130119,0.0373393706322769,TRUE,1,0.00399999999999956
0.001,43,4,4,100055,"oracle_lambda_profiled_eta0",0.001,2,2,1,-3.06805293513362,-3.06805293513362,0,"lower","interior",2121.1354882882,0,1,1,0.5,FALSE,0.499999999999981,0,TRUE,137,0.631999999999948,"109, 421",0,0,0,FALSE,0.0240052667204481,0.0232917258366407,TRUE,1,0.00399999999999956
0.001,43,4,5,100056,"joint_lambda_2x_eta0",0.002,13.5975606903262,27.1951213806524,2,-1.15130970004409,-0.458162519484145,0.693147180559945,"interior","interior",2084.78677480303,7.36828166044415,1,1,0.5,FALSE,0.182856391691624,2.22044604925031e-16,TRUE,85,0.485000000000014,"29, 79",1,1,0.5,FALSE,0.197471070255687,0.025688334624109,TRUE,2,0.00399999999999956
0.001,43,4,5,100056,"joint_lambda_profiled_eta0",0.002,13.5975606903262,13.5975606903262,1,-1.15130970004409,-1.15130970004409,0.693147180559945,"interior","interior",2086.34773296987,7.70676176579036,1,1,0.5,FALSE,0.182856391691624,2.22044604925031e-16,TRUE,80,0.389999999999986,"29, 79",1,1,0.5,FALSE,0.170760245664977,0.00871508505371688,TRUE,2,0.00399999999999956
0.001,43,4,5,100056,"oracle_lambda_2x_eta0",0.001,9.42644735946459,18.8528947189292,2,-1.5176808281586,-0.824533647598655,0,"interior","interior",2077.41849314258,0,1,1,0.5,FALSE,0.182856391691624,2.22044604925031e-16,TRUE,60,0.707000000000107,"29, 79",1,1,0.5,FALSE,0.180454969361694,0.00884606825245615,TRUE,2,0.00399999999999956
0.001,43,4,5,100056,"oracle_lambda_profiled_eta0",0.001,9.42644735946459,9.42644735946459,1,-1.5176808281586,-1.5176808281586,0,"interior","interior",2078.64097120408,0,1,1,0.5,FALSE,0.182856391691624,2.22044604925031e-16,TRUE,136,0.6400000000001,"29, 79",0,0,0,FALSE,0.155914804961347,0.0106638536460584,TRUE,2,0.00399999999999956
0.001,95,4,1,100057,"joint_lambda_2x_eta0",0.002,79.6270175312895,159.254035062579,2,-0.176523440116629,0.516623740443316,0.693147180559945,"interior","interior",2344.57553612113,1.81788936361727,2,1,1,TRUE,0.675672865349541,0.35216036365947,TRUE,14,0.427999999999997,"36, 205",2,1,1,TRUE,0.675672865349541,0.35216036365947,FALSE,1,0.00399999999999956
0.001,95,4,1,100057,"joint_lambda_profiled_eta0",0.002,79.6270175312895,79.6270175312895,1,-0.176523440116629,-0.176523440116629,0.693147180559945,"interior","interior",2349.6478970612,8.61268060546308,2,1,1,TRUE,0.695491151713745,0.401345875791545,TRUE,94,0.411000000000058,"36, 205",2,1,1,TRUE,0.695491151713745,0.401345875791545,FALSE,1,0.00399999999999956
0.001,95,4,1,100057,"oracle_lambda_2x_eta0",0.001,28.69650183367,57.39300366734,2,-1.1971016635924,-0.503954483032456,0,"interior","interior",2342.75764675751,0,2,1,1,TRUE,0.695732516342809,0.421254351039924,TRUE,86,0.367999999999938,"36, 205",2,1,1,TRUE,0.695732516342809,0.421254351039924,FALSE,1,0.00399999999999956
0.001,95,4,1,100057,"oracle_lambda_profiled_eta0",0.001,28.69650183367,28.69650183367,1,-1.1971016635924,-1.1971016635924,0,"interior","interior",2341.03521645573,0,1,1,0.5,FALSE,0.49995567779,1.14393118311185e-08,TRUE,64,0.271999999999935,"36, 205",1,1,0.5,FALSE,0.444047289504915,0.0141730071720816,TRUE,1,0.00399999999999956
0.001,95,4,2,100058,"joint_lambda_2x_eta0",0.001,30.579371228568,61.158742457136,2,-1.13355125283593,-0.440404072275989,0,"interior","interior",2275.57798453126,0,1,1,0.5,FALSE,0.0872849128138639,0,TRUE,27,0.346000000000117,"60, 87",1,1,0.5,FALSE,0.128073586967841,0.0186824852075334,TRUE,4,0.00400000000000134
0.001,95,4,2,100058,"joint_lambda_profiled_eta0",0.001,30.579371228568,30.579371228568,1,-1.13355125283593,-1.13355125283593,0,"interior","interior",2278.86302942922,0,1,1,0.5,FALSE,0.0872849128138639,0,TRUE,70,0.314000000000078,"60, 87",1,1,0.5,FALSE,0.126387862612993,0.00869286346508902,TRUE,4,0.00400000000000134
0.001,95,4,2,100058,"oracle_lambda_2x_eta0",0.001,30.579371228568,61.158742457136,2,-1.13355125283593,-0.440404072275989,0,"interior","interior",2275.57798453126,0,1,1,0.5,FALSE,0.0872849128138639,0,TRUE,27,0.346000000000117,"60, 87",1,1,0.5,FALSE,0.128073586967841,0.0186824852075334,TRUE,4,0.00400000000000134
0.001,95,4,2,100058,"oracle_lambda_profiled_eta0",0.001,30.579371228568,30.579371228568,1,-1.13355125283593,-1.13355125283593,0,"interior","interior",2278.86302942922,0,1,1,0.5,FALSE,0.0872849128138639,0,TRUE,70,0.314000000000078,"60, 87",1,1,0.5,FALSE,0.126387862612993,0.00869286346508902,TRUE,4,0.00400000000000134
0.001,95,4,3,100059,"joint_lambda_2x_eta0",0.002,59.9712412802065,119.942482560413,2,-0.460011756281713,0.233135424278233,0.693147180559945,"interior","interior",2332.76705845416,0.297155553687389,1,1,0.5,FALSE,0.5,0,TRUE,23,0.168999999999983,"171, 339",1,1,0.5,FALSE,0.532941002825968,0.065882005849165,TRUE,1,0.00400000000000134
0.001,95,4,3,100059,"joint_lambda_profiled_eta0",0.002,59.9712412802065,59.9712412802065,1,-0.460011756281713,-0.460011756281713,0.693147180559945,"interior","interior",2336.64411276208,0.330981524663002,1,1,0.5,FALSE,0.5,0,TRUE,34,0.143000000000029,"171, 339",1,1,0.5,FALSE,0.50532139976045,0.0106428484320926,TRUE,1,0.00400000000000134
0.001,95,4,3,100059,"oracle_lambda_2x_eta0",0.001,42.8510803768782,85.7021607537564,2,-0.796146033878603,-0.102998853318658,0,"interior","interior",2332.46990290047,0,1,1,0.5,FALSE,0.5,0,TRUE,48,0.326000000000022,"171, 339",1,1,0.5,FALSE,0.514522936379313,0.0290458752616187,TRUE,1,0.00400000000000134
0.001,95,4,3,100059,"oracle_lambda_profiled_eta0",0.001,42.8510803768782,42.8510803768782,1,-0.796146033878603,-0.796146033878603,0,"interior","interior",2336.31313123742,0,1,1,0.5,FALSE,0.5,0,TRUE,64,0.272000000000048,"171, 339",1,1,0.5,FALSE,0.50434570751581,0.00869233627716148,TRUE,1,0.00400000000000134
0.001,95,4,4,100060,"joint_lambda_2x_eta0",0.002,54.9387710061125,109.877542012225,2,-0.547657580930388,0.145489599629557,0.693147180559945,"interior","interior",2385.18792251904,2.36633048238309,1,1,0.5,FALSE,0.492304577545823,7.41628980449605e-14,TRUE,20,0.173999999999978,"270, 365",1,1,0.5,FALSE,0.45352136490233,0.044263231905152,TRUE,1,0.00299999999999834
0.001,95,4,4,100060,"joint_lambda_profiled_eta0",0.002,54.9387710061125,54.9387710061125,1,-0.547657580930388,-0.547657580930388,0.693147180559945,"interior","interior",2387.98556935924,2.33384303417961,1,1,0.5,FALSE,0.492304577545823,7.41628980449605e-14,TRUE,35,0.151000000000067,"270, 365",1,1,0.5,FALSE,0.379969388725202,0.011177349916685,TRUE,1,0.00299999999999834
0.001,95,4,4,100060,"oracle_lambda_2x_eta0",0.001,37.072814840214,74.145629680428,2,-0.940992944215358,-0.247845763655413,0,"interior","interior",2382.82159203665,0,1,1,0.5,FALSE,0.492304577545823,7.41628980449605e-14,TRUE,28,0.356999999999971,"270, 365",1,1,0.5,FALSE,0.412114198895706,0.0189514696164418,TRUE,1,0.00299999999999834
0.001,95,4,4,100060,"oracle_lambda_profiled_eta0",0.001,37.072814840214,37.072814840214,1,-0.940992944215358,-0.940992944215358,0,"interior","interior",2385.65172632507,0,1,1,0.5,FALSE,0.492304577545823,7.41628980449605e-14,TRUE,72,0.322999999999979,"270, 365",1,1,0.5,FALSE,0.334648972783963,0.00859898094165856,TRUE,1,0.00299999999999834
0.001,95,4,5,100061,"joint_lambda_2x_eta0",0.002,95.5642706314393,191.128541262879,2,0.00592212043444018,0.699069300994386,0.693147180559945,"interior","interior",2374.89687584425,2.20625922060663,1,1,0.5,FALSE,0.383559539368868,0,TRUE,16,0.33400000000006,"40, 391",1,1,0.5,FALSE,0.334006405498464,0.0192232758676184,TRUE,2,0.00300000000000011
0.001,95,4,5,100061,"joint_lambda_profiled_eta0",0.002,95.5642706314393,95.5642706314393,1,0.00592212043444018,0.00592212043444018,0.693147180559945,"interior","interior",2380.26982728135,2.43110630702176,1,1,0.5,FALSE,0.383559539368868,0,TRUE,73,0.315000000000055,"40, 391",1,1,0.5,FALSE,0.304400344665592,0.00860340458808517,TRUE,2,0.00300000000000011
0.001,95,4,5,100061,"oracle_lambda_2x_eta0",0.001,66.5842380567862,133.168476113572,2,-0.355409007877991,0.337738172681954,0,"interior","interior",2372.69061662365,0,1,1,0.5,FALSE,0.383559539368868,0,TRUE,68,0.403999999999883,"40, 391",1,1,0.5,FALSE,0.315780804706651,0.00958608709108932,TRUE,2,0.00300000000000011
0.001,95,4,5,100061,"oracle_lambda_profiled_eta0",0.001,66.5842380567862,66.5842380567862,1,-0.355409007877991,-0.355409007877991,0,"interior","interior",2377.83872097433,0,1,1,0.5,FALSE,0.383559539368868,0,TRUE,76,0.328999999999951,"40, 391",1,1,0.5,FALSE,0.293609950456139,0.00827412859255205,TRUE,2,0.00300000000000011
0.001,206,4,1,100062,"joint_lambda_2x_eta0",0.001,98.1061525129209,196.212305025842,2,-0.741826087437467,-0.0486789068775213,0,"interior","interior",2464.60544478374,0,1,1,0.5,FALSE,0.499999999982123,0,TRUE,20,0.273000000000025,"251, 474",1,1,0.5,FALSE,0.50817647826712,0.0163533151801968,TRUE,1,0.00400000000000134
0.001,206,4,1,100062,"joint_lambda_profiled_eta0",0.001,98.1061525129209,98.1061525129209,1,-0.741826087437467,-0.741826087437467,0,"interior","interior",2469.17598433824,0,1,1,0.5,FALSE,0.499999999982123,0,TRUE,52,0.249000000000024,"251, 474",1,1,0.5,FALSE,0.50439388116962,0.00880721840904697,TRUE,1,0.00400000000000134
0.001,206,4,1,100062,"oracle_lambda_2x_eta0",0.001,98.1061525129209,196.212305025842,2,-0.741826087437467,-0.0486789068775213,0,"interior","interior",2464.60544478374,0,1,1,0.5,FALSE,0.499999999982123,0,TRUE,20,0.273000000000025,"251, 474",1,1,0.5,FALSE,0.50817647826712,0.0163533151801968,TRUE,1,0.00400000000000134
0.001,206,4,1,100062,"oracle_lambda_profiled_eta0",0.001,98.1061525129209,98.1061525129209,1,-0.741826087437467,-0.741826087437467,0,"interior","interior",2469.17598433824,0,1,1,0.5,FALSE,0.499999999982123,0,TRUE,52,0.249000000000024,"251, 474",1,1,0.5,FALSE,0.50439388116962,0.00880721840904697,TRUE,1,0.00400000000000134
0.001,206,4,2,100063,"joint_lambda_2x_eta0",0.001,87.988384202847,175.976768405694,2,-0.850671360718758,-0.157524180158813,0,"interior","interior",2379.61926610724,0,2,1,1,TRUE,0.614794816808471,0.229864003855791,TRUE,15,0.684999999999945,"325, 412",2,1,1,TRUE,0.614794816808471,0.229864003855791,FALSE,1,0.00399999999999956
0.001,206,4,2,100063,"joint_lambda_profiled_eta0",0.001,87.988384202847,87.988384202847,1,-0.850671360718758,-0.850671360718758,0,"interior","interior",2385.68823580097,0,2,1,1,TRUE,0.603035287129166,0.209510932239761,TRUE,143,0.66700000000003,"325, 412",2,1,1,TRUE,0.603035287129166,0.209510932239761,FALSE,1,0.00399999999999956
0.001,206,4,2,100063,"oracle_lambda_2x_eta0",0.001,87.988384202847,175.976768405694,2,-0.850671360718758,-0.157524180158813,0,"interior","interior",2379.61926610724,0,2,1,1,TRUE,0.614794816808471,0.229864003855791,TRUE,15,0.684999999999945,"325, 412",2,1,1,TRUE,0.614794816808471,0.229864003855791,FALSE,1,0.00399999999999956
0.001,206,4,2,100063,"oracle_lambda_profiled_eta0",0.001,87.988384202847,87.988384202847,1,-0.850671360718758,-0.850671360718758,0,"interior","interior",2385.68823580097,0,2,1,1,TRUE,0.603035287129166,0.209510932239761,TRUE,143,0.66700000000003,"325, 412",2,1,1,TRUE,0.603035287129166,0.209510932239761,FALSE,1,0.00399999999999956
0.001,206,4,3,100064,"joint_lambda_2x_eta0",0.001,120.934337899881,241.868675799762,2,-0.532628432471601,0.160518748088345,0,"interior","interior",2462.58341609878,0,1,1,0.5,FALSE,0.5,0,TRUE,80,0.43100000000004,"187, 203",1,1,0.5,FALSE,0.506558091337428,0.0131161826748554,TRUE,1,0.00399999999999956
0.001,206,4,3,100064,"joint_lambda_profiled_eta0",0.001,120.934337899881,120.934337899881,1,-0.532628432471601,-0.532628432471601,0,"interior","interior",2468.19475264598,0,1,1,0.5,FALSE,0.5,0,TRUE,77,0.339000000000055,"187, 203",1,1,0.5,FALSE,0.504424306532594,0.00884861306602636,TRUE,1,0.00399999999999956
0.001,206,4,3,100064,"oracle_lambda_2x_eta0",0.001,120.934337899881,241.868675799762,2,-0.532628432471601,0.160518748088345,0,"interior","interior",2462.58341609878,0,1,1,0.5,FALSE,0.5,0,TRUE,80,0.43100000000004,"187, 203",1,1,0.5,FALSE,0.506558091337428,0.0131161826748554,TRUE,1,0.00399999999999956
0.001,206,4,3,100064,"oracle_lambda_profiled_eta0",0.001,120.934337899881,120.934337899881,1,-0.532628432471601,-0.532628432471601,0,"interior","interior",2468.19475264598,0,1,1,0.5,FALSE,0.5,0,TRUE,77,0.339000000000055,"187, 203",1,1,0.5,FALSE,0.504424306532594,0.00884861306602636,TRUE,1,0.00399999999999956
0.001,206,4,4,100065,"joint_lambda_2x_eta0",0.002,138.797957843848,277.595915687695,2,-0.394856833765692,0.298290346794253,0.693147180559945,"interior","interior",2413.590584847,0.77320884392384,2,0.5,0.5,FALSE,0.515038352903823,0.0300767112358448,TRUE,17,0.365000000000123,"38, 362",2,0.5,0.5,FALSE,0.515038352903823,0.0300767112358448,FALSE,1,0.00399999999999956
0.001,206,4,4,100065,"joint_lambda_profiled_eta0",0.002,138.797957843848,138.797957843848,1,-0.394856833765692,-0.394856833765692,0.693147180559945,"interior","interior",2418.83229273962,4.5115641907355,2,1,1,TRUE,0.539240668835893,0.0784819476810411,TRUE,77,0.344000000000051,"38, 362",2,1,1,TRUE,0.539240668835893,0.0784819476810411,FALSE,1,0.00399999999999956
0.001,206,4,4,100065,"oracle_lambda_2x_eta0",0.001,68.7521405387518,137.504281077504,2,-1.09736829761847,-0.404221117058526,0,"interior","interior",2412.81737600308,0,2,1,1,TRUE,0.539653264451357,0.0793071797758044,TRUE,61,0.180000000000064,"38, 362",2,1,1,TRUE,0.539653264451357,0.0793071797758044,FALSE,1,0.00399999999999956
0.001,206,4,4,100065,"oracle_lambda_profiled_eta0",0.001,68.7521405387518,68.7521405387518,1,-1.09736829761847,-1.09736829761847,0,"interior","interior",2414.32072854889,0,1,1,0.5,FALSE,0.499999999999996,0,TRUE,28,0.11099999999999,"38, 362",1,1,0.5,FALSE,0.507392690062298,0.0147875410538232,TRUE,1,0.00399999999999956
0.001,206,4,5,100066,"joint_lambda_2x_eta0",0.001,87.513385887694,175.026771775388,2,-0.856084405552854,-0.162937224992909,0,"interior","interior",2454.5378108371,0,2,1,1,TRUE,0.198275225997311,0.0885195723076669,TRUE,39,0.13900000000001,"260, 478",2,1,1,TRUE,0.198275225997311,0.0885195723076669,FALSE,4,0.00300000000000011
0.001,206,4,5,100066,"joint_lambda_profiled_eta0",0.001,87.513385887694,87.513385887694,1,-0.856084405552854,-0.856084405552854,0,"interior","interior",2457.90658071627,0,1,1,0.5,FALSE,0.171389566811844,0,TRUE,23,0.0919999999999845,"260, 478",1,1,0.5,FALSE,0.15195301215193,0.012272741348255,TRUE,4,0.00300000000000011
0.001,206,4,5,100066,"oracle_lambda_2x_eta0",0.001,87.513385887694,175.026771775388,2,-0.856084405552854,-0.162937224992909,0,"interior","interior",2454.5378108371,0,2,1,1,TRUE,0.198275225997311,0.0885195723076669,TRUE,39,0.13900000000001,"260, 478",2,1,1,TRUE,0.198275225997311,0.0885195723076669,FALSE,4,0.00300000000000011
0.001,206,4,5,100066,"oracle_lambda_profiled_eta0",0.001,87.513385887694,87.513385887694,1,-0.856084405552854,-0.856084405552854,0,"interior","interior",2457.90658071627,0,1,1,0.5,FALSE,0.171389566811844,0,TRUE,23,0.0919999999999845,"260, 478",1,1,0.5,FALSE,0.15195301215193,0.012272741348255,TRUE,4,0.00300000000000011
0.001,447,4,1,100067,"joint_lambda_2x_eta0",0.001,242.063714577166,484.127429154333,2,-0.613357619733148,0.0797895608267973,0,"interior","interior",2555.28345360468,0,2,1,1,TRUE,0.608764598842889,0.217529197685778,TRUE,8,0.146999999999935,"310, 411",2,1,1,TRUE,0.608764598842889,0.217529197685778,FALSE,1,0.00300000000000011
0.001,447,4,1,100067,"joint_lambda_profiled_eta0",0.001,242.063714577166,242.063714577166,1,-0.613357619733148,-0.613357619733148,0,"interior","interior",2559.24869096809,0,2,1,1,TRUE,0.614526445735109,0.229052891470246,TRUE,35,0.136999999999944,"310, 411",2,1,1,TRUE,0.614526445735109,0.229052891470246,FALSE,1,0.00300000000000011
0.001,447,4,1,100067,"oracle_lambda_2x_eta0",0.001,242.063714577166,484.127429154333,2,-0.613357619733148,0.0797895608267973,0,"interior","interior",2555.28345360468,0,2,1,1,TRUE,0.608764598842889,0.217529197685778,TRUE,8,0.146999999999935,"310, 411",2,1,1,TRUE,0.608764598842889,0.217529197685778,FALSE,1,0.00300000000000011
0.001,447,4,1,100067,"oracle_lambda_profiled_eta0",0.001,242.063714577166,242.063714577166,1,-0.613357619733148,-0.613357619733148,0,"interior","interior",2559.24869096809,0,2,1,1,TRUE,0.614526445735109,0.229052891470246,TRUE,35,0.136999999999944,"310, 411",2,1,1,TRUE,0.614526445735109,0.229052891470246,FALSE,1,0.00300000000000011
0.001,447,4,2,100068,"joint_lambda_2x_eta0",0.001,240.35748461549,480.71496923098,2,-0.620431260273786,0.0727159202861598,0,"interior","interior",2561.37403118985,0,2,1,1,TRUE,0.74332300689837,0.48664633635803,TRUE,27,0.387000000000057,"38, 75",2,1,1,TRUE,0.74332300689837,0.48664633635803,FALSE,1,0.00399999999999956
0.001,447,4,2,100068,"joint_lambda_profiled_eta0",0.001,240.35748461549,240.35748461549,1,-0.620431260273786,-0.620431260273786,0,"interior","interior",2565.19569886514,0,2,1,1,TRUE,0.732569082873255,0.465141688523981,TRUE,88,0.355999999999995,"38, 75",2,1,1,TRUE,0.732569082873255,0.465141688523981,FALSE,1,0.00399999999999956
0.001,447,4,2,100068,"oracle_lambda_2x_eta0",0.001,240.35748461549,480.71496923098,2,-0.620431260273786,0.0727159202861598,0,"interior","interior",2561.37403118985,0,2,1,1,TRUE,0.74332300689837,0.48664633635803,TRUE,27,0.387000000000057,"38, 75",2,1,1,TRUE,0.74332300689837,0.48664633635803,FALSE,1,0.00399999999999956
0.001,447,4,2,100068,"oracle_lambda_profiled_eta0",0.001,240.35748461549,240.35748461549,1,-0.620431260273786,-0.620431260273786,0,"interior","interior",2565.19569886514,0,2,1,1,TRUE,0.732569082873255,0.465141688523981,TRUE,88,0.355999999999995,"38, 75",2,1,1,TRUE,0.732569082873255,0.465141688523981,FALSE,1,0.00399999999999956
0.001,447,4,3,100069,"joint_lambda_2x_eta0",0.001,214.398887157267,428.797774314535,2,-0.734720355928212,-0.0415731753682671,0,"interior","interior",2498.01547686271,0,2,1,1,TRUE,0.731987362170148,0.464309537465382,TRUE,68,0.469000000000051,"131, 356",2,1,1,TRUE,0.731987362170148,0.464309537465382,FALSE,2,0.00399999999999956
0.001,447,4,3,100069,"joint_lambda_profiled_eta0",0.001,214.398887157267,214.398887157267,1,-0.734720355928212,-0.734720355928212,0,"interior","interior",2504.25567390475,0,2,1,1,TRUE,0.735660769898079,0.475215641383431,TRUE,99,0.393000000000029,"131, 356",2,1,1,TRUE,0.735660769898079,0.475215641383431,FALSE,2,0.00399999999999956
0.001,447,4,3,100069,"oracle_lambda_2x_eta0",0.001,214.398887157267,428.797774314535,2,-0.734720355928212,-0.0415731753682671,0,"interior","interior",2498.01547686271,0,2,1,1,TRUE,0.731987362170148,0.464309537465382,TRUE,68,0.469000000000051,"131, 356",2,1,1,TRUE,0.731987362170148,0.464309537465382,FALSE,2,0.00399999999999956
0.001,447,4,3,100069,"oracle_lambda_profiled_eta0",0.001,214.398887157267,214.398887157267,1,-0.734720355928212,-0.734720355928212,0,"interior","interior",2504.25567390475,0,2,1,1,TRUE,0.735660769898079,0.475215641383431,TRUE,99,0.393000000000029,"131, 356",2,1,1,TRUE,0.735660769898079,0.475215641383431,FALSE,2,0.00399999999999956
0.001,447,4,4,100070,"joint_lambda_2x_eta0",0.001,381.567354457538,763.134708915077,2,-0.158271207814438,0.534875972745508,0,"interior","interior",2593.60196438358,0,2,1,1,TRUE,0.999999999998713,0.999999999997432,TRUE,9,0.0699999999999363,"203, 416",2,1,1,TRUE,0.999999999998713,0.999999999997432,FALSE,1,0.00399999999999956
0.001,447,4,4,100070,"joint_lambda_profiled_eta0",0.001,381.567354457538,381.567354457538,1,-0.158271207814438,-0.158271207814438,0,"interior","interior",2596.61657447702,0,2,1,1,TRUE,0.999999999965755,0.999999999931783,TRUE,13,0.0570000000000164,"203, 416",2,1,1,TRUE,0.999999999965755,0.999999999931783,FALSE,1,0.00399999999999956
0.001,447,4,4,100070,"oracle_lambda_2x_eta0",0.001,381.567354457538,763.134708915077,2,-0.158271207814438,0.534875972745508,0,"interior","interior",2593.60196438358,0,2,1,1,TRUE,0.999999999998713,0.999999999997432,TRUE,9,0.0699999999999363,"203, 416",2,1,1,TRUE,0.999999999998713,0.999999999997432,FALSE,1,0.00399999999999956
0.001,447,4,4,100070,"oracle_lambda_profiled_eta0",0.001,381.567354457538,381.567354457538,1,-0.158271207814438,-0.158271207814438,0,"interior","interior",2596.61657447702,0,2,1,1,TRUE,0.999999999965755,0.999999999931783,TRUE,13,0.0570000000000164,"203, 416",2,1,1,TRUE,0.999999999965755,0.999999999931783,FALSE,1,0.00399999999999956
0.001,447,4,5,100071,"joint_lambda_2x_eta0",0.002,487.052619156451,974.105238312902,2,0.085813570181485,0.77896075074143,0.693147180559945,"interior","interior",2555.79300559731,7.96675753995623,2,1,1,TRUE,0.669095375683377,0.660155930499981,TRUE,26,0.311000000000035,"104, 144",2,1,1,TRUE,0.669095375683377,0.660155930499981,FALSE,5,0.00400000000000134
0.001,447,4,5,100071,"joint_lambda_profiled_eta0",0.002,487.052619156451,487.052619156451,1,0.085813570181485,0.085813570181485,0.693147180559945,"interior","interior",2557.93908695117,6.11336093347745,2,1,1,TRUE,0.630803107109551,0.629594859165576,TRUE,72,0.280999999999949,"104, 144",2,1,1,TRUE,0.630803107109551,0.629594859165576,FALSE,5,0.00400000000000134
0.001,447,4,5,100071,"oracle_lambda_2x_eta0",0.001,224.029377183808,448.058754367616,2,-0.690781403215694,0.00236577734425136,0,"interior","interior",2547.82624805735,0,2,1,1,TRUE,0.624960884329231,0.622587529269591,TRUE,71,0.422000000000025,"104, 144",2,1,1,TRUE,0.624960884329231,0.622587529269591,FALSE,5,0.00400000000000134
0.001,447,4,5,100071,"oracle_lambda_profiled_eta0",0.001,224.029377183808,224.029377183808,1,-0.690781403215694,-0.690781403215694,0,"interior","interior",2551.8257260177,0,2,1,1,TRUE,0.551798838835929,0.535004150632624,TRUE,66,0.333000000000084,"104, 144",2,1,1,TRUE,0.551798838835929,0.535004150632624,FALSE,5,0.00400000000000134
0.001,972,4,1,100072,"joint_lambda_2x_eta0",0.001,684.144435652204,1368.28887130441,2,-0.35118674589549,0.341960434664455,0,"interior","interior",2655.41967493892,0,2,1,1,TRUE,0.772748418235829,0.558750904845782,TRUE,70,0.355999999999995,"103, 422",2,1,1,TRUE,0.772748418235829,0.558750904845782,FALSE,2,0.00399999999999956
0.001,972,4,1,100072,"joint_lambda_profiled_eta0",0.001,684.144435652204,684.144435652204,1,-0.35118674589549,-0.35118674589549,0,"interior","interior",2656.46001599147,0,2,1,1,TRUE,0.765532599654261,0.551444780514229,TRUE,72,0.27699999999993,"103, 422",2,1,1,TRUE,0.765532599654261,0.551444780514229,FALSE,2,0.00399999999999956
0.001,972,4,1,100072,"oracle_lambda_2x_eta0",0.001,684.144435652204,1368.28887130441,2,-0.35118674589549,0.341960434664455,0,"interior","interior",2655.41967493892,0,2,1,1,TRUE,0.772748418235829,0.558750904845782,TRUE,70,0.355999999999995,"103, 422",2,1,1,TRUE,0.772748418235829,0.558750904845782,FALSE,2,0.00399999999999956
0.001,972,4,1,100072,"oracle_lambda_profiled_eta0",0.001,684.144435652204,684.144435652204,1,-0.35118674589549,-0.35118674589549,0,"interior","interior",2656.46001599147,0,2,1,1,TRUE,0.765532599654261,0.551444780514229,TRUE,72,0.27699999999993,"103, 422",2,1,1,TRUE,0.765532599654261,0.551444780514229,FALSE,2,0.00399999999999956
0.001,972,4,2,100073,"joint_lambda_2x_eta0",0.001,864.865473131735,1729.73094626347,2,-0.116781832014479,0.576365348545466,0,"interior","interior",2657.265935664,0,2,1,1,TRUE,0.639193108261524,0.534881743929834,TRUE,71,0.355999999999995,"77, 164",2,1,1,TRUE,0.639193108261524,0.534881743929834,FALSE,2,0.00300000000000011
0.001,972,4,2,100073,"joint_lambda_profiled_eta0",0.001,864.865473131735,864.865473131735,1,-0.116781832014479,-0.116781832014479,0,"interior","interior",2658.32285258786,0,2,1,1,TRUE,0.621537484187117,0.531766421786629,TRUE,71,0.274999999999977,"77, 164",2,1,1,TRUE,0.621537484187117,0.531766421786629,FALSE,2,0.00300000000000011
0.001,972,4,2,100073,"oracle_lambda_2x_eta0",0.001,864.865473131735,1729.73094626347,2,-0.116781832014479,0.576365348545466,0,"interior","interior",2657.265935664,0,2,1,1,TRUE,0.639193108261524,0.534881743929834,TRUE,71,0.355999999999995,"77, 164",2,1,1,TRUE,0.639193108261524,0.534881743929834,FALSE,2,0.00300000000000011
0.001,972,4,2,100073,"oracle_lambda_profiled_eta0",0.001,864.865473131735,864.865473131735,1,-0.116781832014479,-0.116781832014479,0,"interior","interior",2658.32285258786,0,2,1,1,TRUE,0.621537484187117,0.531766421786629,TRUE,71,0.274999999999977,"77, 164",2,1,1,TRUE,0.621537484187117,0.531766421786629,FALSE,2,0.00300000000000011
0.001,972,4,3,100074,"joint_lambda_2x_eta0",0.001,761.246747592888,1522.49349518578,2,-0.244398257901436,0.44874892265851,0,"interior","interior",2648.09671572755,0,2,1,1,TRUE,0.503085977310514,0.18833766074069,TRUE,46,0.475000000000023,"9, 377",2,1,1,TRUE,0.503085977310514,0.18833766074069,FALSE,5,0.00300000000000011
0.001,972,4,3,100074,"joint_lambda_profiled_eta0",0.001,761.246747592888,761.246747592888,1,-0.244398257901436,-0.244398257901436,0,"interior","interior",2649.2686844885,0,2,1,1,TRUE,0.482748431102033,0.18917239851822,TRUE,72,0.408999999999992,"9, 377",2,1,1,TRUE,0.482748431102033,0.18917239851822,FALSE,5,0.00300000000000011
0.001,972,4,3,100074,"oracle_lambda_2x_eta0",0.001,761.246747592888,1522.49349518578,2,-0.244398257901436,0.44874892265851,0,"interior","interior",2648.09671572755,0,2,1,1,TRUE,0.503085977310514,0.18833766074069,TRUE,46,0.475000000000023,"9, 377",2,1,1,TRUE,0.503085977310514,0.18833766074069,FALSE,5,0.00300000000000011
0.001,972,4,3,100074,"oracle_lambda_profiled_eta0",0.001,761.246747592888,761.246747592888,1,-0.244398257901436,-0.244398257901436,0,"interior","interior",2649.2686844885,0,2,1,1,TRUE,0.482748431102033,0.18917239851822,TRUE,72,0.408999999999992,"9, 377",2,1,1,TRUE,0.482748431102033,0.18917239851822,FALSE,5,0.00300000000000011
0.001,972,4,4,100075,"joint_lambda_2x_eta0",0.001,414.144287887721,828.288575775442,2,-0.853141369886698,-0.159994189326753,0,"interior","interior",2622.01951971539,0,1,1,0.5,FALSE,0.499999999992775,0,TRUE,9,0.0919999999999845,"15, 263",1,1,0.5,FALSE,0.55584365160287,0.111687303461553,TRUE,1,0.00300000000000011
0.001,972,4,4,100075,"joint_lambda_profiled_eta0",0.001,414.144287887721,414.144287887721,1,-0.853141369886698,-0.853141369886698,0,"interior","interior",2624.16844816882,0,1,1,0.5,FALSE,0.499999999992775,0,TRUE,23,0.0810000000000173,"15, 263",1,1,0.5,FALSE,0.528934966185044,0.0578699370839384,TRUE,1,0.00300000000000011
0.001,972,4,4,100075,"oracle_lambda_2x_eta0",0.001,414.144287887721,828.288575775442,2,-0.853141369886698,-0.159994189326753,0,"interior","interior",2622.01951971539,0,1,1,0.5,FALSE,0.499999999992775,0,TRUE,9,0.0919999999999845,"15, 263",1,1,0.5,FALSE,0.55584365160287,0.111687303461553,TRUE,1,0.00300000000000011
0.001,972,4,4,100075,"oracle_lambda_profiled_eta0",0.001,414.144287887721,414.144287887721,1,-0.853141369886698,-0.853141369886698,0,"interior","interior",2624.16844816882,0,1,1,0.5,FALSE,0.499999999992775,0,TRUE,23,0.0810000000000173,"15, 263",1,1,0.5,FALSE,0.528934966185044,0.0578699370839384,TRUE,1,0.00300000000000011
0.001,972,4,5,100076,"joint_lambda_2x_eta0",0.002,1470.87950160774,2941.75900321548,2,0.414259996815439,1.10740717737538,0.693147180559945,"interior","interior",2613.99918805587,2.48058502428057,2,1,1,TRUE,0.999999986210381,0.999999972420762,TRUE,24,0.210000000000036,"118, 328",2,1,1,TRUE,0.999999986210381,0.999999972420762,FALSE,1,0.00400000000000134
0.001,972,4,5,100076,"joint_lambda_profiled_eta0",0.002,1470.87950160774,1470.87950160774,1,0.414259996815439,0.414259996815439,0.693147180559945,"interior","interior",2614.52121509768,0.414502059694314,2,1,1,TRUE,0.999999958469802,0.999999916939606,TRUE,41,0.172000000000025,"118, 328",2,1,1,TRUE,0.999999958469802,0.999999916939606,FALSE,1,0.00400000000000134
0.001,972,4,5,100076,"oracle_lambda_2x_eta0",0.001,474.587502294432,949.175004588864,2,-0.716909793939861,-0.0237626133799154,0,"interior","interior",2611.51860303159,0,2,1,1,TRUE,0.999999890488483,0.999999780976976,TRUE,63,0.352000000000089,"118, 328",2,1,1,TRUE,0.999999890488483,0.999999780976976,FALSE,1,0.00400000000000134
0.001,972,4,5,100076,"oracle_lambda_profiled_eta0",0.001,474.587502294432,474.587502294432,1,-0.716909793939861,-0.716909793939861,0,"interior","interior",2614.10671303799,0,2,1,1,TRUE,0.999998913648511,0.999997827297475,TRUE,72,0.280000000000086,"118, 328",2,1,1,TRUE,0.999998913648511,0.999997827297475,FALSE,1,0.00400000000000134
0.001,2115,4,1,100077,"joint_lambda_2x_eta0",0.001,3792.8480095264,7585.69601905281,2,0.584062378097024,1.27720955865697,0,"interior","interior",2703.52774058928,0,1,1,0.5,FALSE,0.499999999999686,0,TRUE,54,0.62399999999991,"15, 227",1,1,0.5,FALSE,0.819265820159975,0.638531640320114,TRUE,1,0.00399999999999956
0.001,2115,4,1,100077,"joint_lambda_profiled_eta0",0.001,3792.8480095264,3792.8480095264,1,0.584062378097024,0.584062378097024,0,"interior","interior",2703.57733545367,0,1,1,0.5,FALSE,0.499999999999686,0,TRUE,62,0.533999999999992,"15, 227",1,1,0.5,FALSE,0.807686375841825,0.615372751683893,TRUE,1,0.00399999999999956
0.001,2115,4,1,100077,"oracle_lambda_2x_eta0",0.001,3792.8480095264,7585.69601905281,2,0.584062378097024,1.27720955865697,0,"interior","interior",2703.52774058928,0,1,1,0.5,FALSE,0.499999999999686,0,TRUE,54,0.62399999999991,"15, 227",1,1,0.5,FALSE,0.819265820159975,0.638531640320114,TRUE,1,0.00399999999999956
0.001,2115,4,1,100077,"oracle_lambda_profiled_eta0",0.001,3792.8480095264,3792.8480095264,1,0.584062378097024,0.584062378097024,0,"interior","interior",2703.57733545367,0,1,1,0.5,FALSE,0.499999999999686,0,TRUE,62,0.533999999999992,"15, 227",1,1,0.5,FALSE,0.807686375841825,0.615372751683893,TRUE,1,0.00399999999999956
0.001,2115,4,2,100078,"joint_lambda_2x_eta0",0.001,3213.48327830648,6426.96655661295,2,0.418300669740787,1.11144785030073,0,"interior","interior",2700.76606499614,0,1,1,0.5,FALSE,0.328194201916907,0,TRUE,60,0.684000000000083,"423, 488",1,1,0.5,FALSE,0.625447756886101,0.606723543582717,TRUE,2,0.00399999999999956
0.001,2115,4,2,100078,"joint_lambda_profiled_eta0",0.001,3213.48327830648,3213.48327830648,1,0.418300669740787,0.418300669740787,0,"interior","interior",2700.85111498778,0,1,1,0.5,FALSE,0.328194201916907,0,TRUE,69,0.58400000000006,"423, 488",1,1,0.5,FALSE,0.611685178862483,0.582438393897095,TRUE,2,0.00399999999999956
0.001,2115,4,2,100078,"oracle_lambda_2x_eta0",0.001,3213.48327830648,6426.96655661295,2,0.418300669740787,1.11144785030073,0,"interior","interior",2700.76606499614,0,1,1,0.5,FALSE,0.328194201916907,0,TRUE,60,0.684000000000083,"423, 488",1,1,0.5,FALSE,0.625447756886101,0.606723543582717,TRUE,2,0.00399999999999956
0.001,2115,4,2,100078,"oracle_lambda_profiled_eta0",0.001,3213.48327830648,3213.48327830648,1,0.418300669740787,0.418300669740787,0,"interior","interior",2700.85111498778,0,1,1,0.5,FALSE,0.328194201916907,0,TRUE,69,0.58400000000006,"423, 488",1,1,0.5,FALSE,0.611685178862483,0.582438393897095,TRUE,2,0.00399999999999956
0.001,2115,4,3,100079,"joint_lambda_2x_eta0",0.001,3045.97323850352,6091.94647700704,2,0.364765656152653,1.0579128367126,0,"interior","interior",2696.98825851404,0,2,1,1,TRUE,0.767236088695188,0.534472177390376,TRUE,76,0.735000000000014,"25, 400",2,1,1,TRUE,0.767236088695188,0.534472177390376,FALSE,1,0.00400000000000134
0.001,2115,4,3,100079,"joint_lambda_profiled_eta0",0.001,3045.97323850352,3045.97323850352,1,0.364765656152653,0.364765656152653,0,"interior","interior",2697.09269803708,0,2,1,1,TRUE,0.766776499302272,0.533552998604543,TRUE,74,0.609000000000037,"25, 400",2,1,1,TRUE,0.766776499302272,0.533552998604543,FALSE,1,0.00400000000000134
0.001,2115,4,3,100079,"oracle_lambda_2x_eta0",0.001,3045.97323850352,6091.94647700704,2,0.364765656152653,1.0579128367126,0,"interior","interior",2696.98825851404,0,2,1,1,TRUE,0.767236088695188,0.534472177390376,TRUE,76,0.735000000000014,"25, 400",2,1,1,TRUE,0.767236088695188,0.534472177390376,FALSE,1,0.00400000000000134
0.001,2115,4,3,100079,"oracle_lambda_profiled_eta0",0.001,3045.97323850352,3045.97323850352,1,0.364765656152653,0.364765656152653,0,"interior","interior",2697.09269803708,0,2,1,1,TRUE,0.766776499302272,0.533552998604543,TRUE,74,0.609000000000037,"25, 400",2,1,1,TRUE,0.766776499302272,0.533552998604543,FALSE,1,0.00400000000000134
0.001,2115,4,4,100080,"joint_lambda_2x_eta0",0.001,1963.14531256958,3926.29062513917,2,-0.074506874182311,0.618640306377634,0,"interior","interior",2686.20000111521,0,2,1,1,TRUE,0.999967283032251,0.999934566064505,TRUE,11,0.0489999999999782,"21, 49",2,1,1,TRUE,0.999967283032251,0.999934566064505,FALSE,1,0.00300000000000011
0.001,2115,4,4,100080,"joint_lambda_profiled_eta0",0.001,1963.14531256958,1963.14531256958,1,-0.074506874182311,-0.074506874182311,0,"interior","interior",2686.44485334469,0,2,1,1,TRUE,0.999938569040348,0.999877138080702,TRUE,8,0.0299999999999727,"21, 49",2,1,1,TRUE,0.999938569040348,0.999877138080702,FALSE,1,0.00300000000000011
0.001,2115,4,4,100080,"oracle_lambda_2x_eta0",0.001,1963.14531256958,3926.29062513917,2,-0.074506874182311,0.618640306377634,0,"interior","interior",2686.20000111521,0,2,1,1,TRUE,0.999967283032251,0.999934566064505,TRUE,11,0.0489999999999782,"21, 49",2,1,1,TRUE,0.999967283032251,0.999934566064505,FALSE,1,0.00300000000000011
0.001,2115,4,4,100080,"oracle_lambda_profiled_eta0",0.001,1963.14531256958,1963.14531256958,1,-0.074506874182311,-0.074506874182311,0,"interior","interior",2686.44485334469,0,2,1,1,TRUE,0.999938569040348,0.999877138080702,TRUE,8,0.0299999999999727,"21, 49",2,1,1,TRUE,0.999938569040348,0.999877138080702,FALSE,1,0.00300000000000011
0.001,2115,4,5,100081,"joint_lambda_2x_eta0",0.001,1210.30586263025,2420.61172526049,2,-0.558181705799567,0.134965474760378,0,"interior","interior",2667.48626060219,0,2,1,1,TRUE,0.701472671845572,0.402945343709989,TRUE,57,0.335000000000036,"68, 173",2,1,1,TRUE,0.701472671845572,0.402945343709989,FALSE,4,0.00399999999999956
0.001,2115,4,5,100081,"joint_lambda_profiled_eta0",0.001,1210.30586263025,1210.30586263025,1,-0.558181705799567,-0.558181705799567,0,"interior","interior",2668.25835080552,0,2,1,1,TRUE,0.695438365798066,0.390876731706503,TRUE,62,0.247000000000071,"68, 173",2,1,1,TRUE,0.695438365798066,0.390876731706503,FALSE,4,0.00399999999999956
0.001,2115,4,5,100081,"oracle_lambda_2x_eta0",0.001,1210.30586263025,2420.61172526049,2,-0.558181705799567,0.134965474760378,0,"interior","interior",2667.48626060219,0,2,1,1,TRUE,0.701472671845572,0.402945343709989,TRUE,57,0.335000000000036,"68, 173",2,1,1,TRUE,0.701472671845572,0.402945343709989,FALSE,4,0.00399999999999956
0.001,2115,4,5,100081,"oracle_lambda_profiled_eta0",0.001,1210.30586263025,1210.30586263025,1,-0.558181705799567,-0.558181705799567,0,"interior","interior",2668.25835080552,0,2,1,1,TRUE,0.695438365798066,0.390876731706503,TRUE,62,0.247000000000071,"68, 173",2,1,1,TRUE,0.695438365798066,0.390876731706503,FALSE,4,0.00399999999999956
0.001,4599,4,1,100082,"joint_lambda_2x_eta0",0.001,1205.43078972694,2410.86157945388,2,-1.33900188365565,-0.645854703095702,0,"interior","interior",2678.64863960859,0,2,1,1,TRUE,0.646055721774971,0.293502322601257,TRUE,63,0.41800000000012,"4, 144",2,1,1,TRUE,0.646055721774971,0.293502322601257,FALSE,3,0.00300000000000011
0.001,4599,4,1,100082,"joint_lambda_profiled_eta0",0.001,1205.43078972694,1205.43078972694,1,-1.33900188365565,-1.33900188365565,0,"interior","interior",2679.10025962075,0,2,1,1,TRUE,0.646439393643222,0.295047252675132,TRUE,75,0.321000000000026,"4, 144",2,1,1,TRUE,0.646439393643222,0.295047252675132,FALSE,3,0.00300000000000011
0.001,4599,4,1,100082,"oracle_lambda_2x_eta0",0.001,1205.43078972694,2410.86157945388,2,-1.33900188365565,-0.645854703095702,0,"interior","interior",2678.64863960859,0,2,1,1,TRUE,0.646055721774971,0.293502322601257,TRUE,63,0.41800000000012,"4, 144",2,1,1,TRUE,0.646055721774971,0.293502322601257,FALSE,3,0.00300000000000011
0.001,4599,4,1,100082,"oracle_lambda_profiled_eta0",0.001,1205.43078972694,1205.43078972694,1,-1.33900188365565,-1.33900188365565,0,"interior","interior",2679.10025962075,0,2,1,1,TRUE,0.646439393643222,0.295047252675132,TRUE,75,0.321000000000026,"4, 144",2,1,1,TRUE,0.646439393643222,0.295047252675132,FALSE,3,0.00300000000000011
0.001,4599,4,2,100083,"joint_lambda_2x_eta0",0.001,1911.03325964188,3822.06651928376,2,-0.878194819138243,-0.185047638578299,0,"interior","interior",2683.23438287747,0,2,1,1,TRUE,0.695307100793496,0.392070726828628,TRUE,69,0.419999999999959,"250, 325",2,1,1,TRUE,0.695307100793496,0.392070726828628,FALSE,5,0.00399999999999956
0.001,4599,4,2,100083,"joint_lambda_profiled_eta0",0.001,1911.03325964188,1911.03325964188,1,-0.878194819138243,-0.878194819138243,0,"interior","interior",2683.61083319488,0,2,1,1,TRUE,0.689433834433969,0.381249568949637,TRUE,73,0.312000000000012,"250, 325",2,1,1,TRUE,0.689433834433969,0.381249568949637,FALSE,5,0.00399999999999956
0.001,4599,4,2,100083,"oracle_lambda_2x_eta0",0.001,1911.03325964188,3822.06651928376,2,-0.878194819138243,-0.185047638578299,0,"interior","interior",2683.23438287747,0,2,1,1,TRUE,0.695307100793496,0.392070726828628,TRUE,69,0.419999999999959,"250, 325",2,1,1,TRUE,0.695307100793496,0.392070726828628,FALSE,5,0.00399999999999956
0.001,4599,4,2,100083,"oracle_lambda_profiled_eta0",0.001,1911.03325964188,1911.03325964188,1,-0.878194819138243,-0.878194819138243,0,"interior","interior",2683.61083319488,0,2,1,1,TRUE,0.689433834433969,0.381249568949637,TRUE,73,0.312000000000012,"250, 325",2,1,1,TRUE,0.689433834433969,0.381249568949637,FALSE,5,0.00399999999999956
0.001,4599,4,3,100084,"joint_lambda_2x_eta0",0.001,1357.93221844082,2715.86443688165,2,-1.21987577344987,-0.526728592889921,0,"interior","interior",2674.73118317164,0,2,1,1,TRUE,0.883488354350028,0.769703908366025,TRUE,67,0.379999999999995,"98, 123",2,1,1,TRUE,0.883488354350028,0.769703908366025,FALSE,2,0.00400000000000134
0.001,4599,4,3,100084,"joint_lambda_profiled_eta0",0.001,1357.93221844082,1357.93221844082,1,-1.21987577344987,-1.21987577344987,0,"interior","interior",2675.28281418948,0,2,1,1,TRUE,0.875206318122391,0.754806480124207,TRUE,71,0.278999999999996,"98, 123",2,1,1,TRUE,0.875206318122391,0.754806480124207,FALSE,2,0.00400000000000134
0.001,4599,4,3,100084,"oracle_lambda_2x_eta0",0.001,1357.93221844082,2715.86443688165,2,-1.21987577344987,-0.526728592889921,0,"interior","interior",2674.73118317164,0,2,1,1,TRUE,0.883488354350028,0.769703908366025,TRUE,67,0.379999999999995,"98, 123",2,1,1,TRUE,0.883488354350028,0.769703908366025,FALSE,2,0.00400000000000134
0.001,4599,4,3,100084,"oracle_lambda_profiled_eta0",0.001,1357.93221844082,1357.93221844082,1,-1.21987577344987,-1.21987577344987,0,"interior","interior",2675.28281418948,0,2,1,1,TRUE,0.875206318122391,0.754806480124207,TRUE,71,0.278999999999996,"98, 123",2,1,1,TRUE,0.875206318122391,0.754806480124207,FALSE,2,0.00400000000000134
0.001,4599,4,4,100085,"joint_lambda_2x_eta0",0.001,20000,20000,2,1.4698933849962,1.4698933849962,0,"upper","interior",2710.92094026119,0,2,1,1,TRUE,0.201053120231734,0.0705433528517811,TRUE,37,0.763000000000034,"111, 480",2,1,1,TRUE,0.201053120231734,0.0705433528517811,FALSE,3,0.00399999999999956
0.001,4599,4,4,100085,"joint_lambda_profiled_eta0",0.001,20000,20000,1,1.4698933849962,1.4698933849962,0,"upper","interior",2710.92105369894,0,2,1,1,TRUE,0.201054157074256,0.0705424648083318,TRUE,37,0.692999999999984,"111, 480",2,1,1,TRUE,0.201054157074256,0.0705424648083318,FALSE,3,0.00399999999999956
0.001,4599,4,4,100085,"oracle_lambda_2x_eta0",0.001,20000,20000,2,1.4698933849962,1.4698933849962,0,"upper","interior",2710.92094026119,0,2,1,1,TRUE,0.201053120231734,0.0705433528517811,TRUE,37,0.763000000000034,"111, 480",2,1,1,TRUE,0.201053120231734,0.0705433528517811,FALSE,3,0.00399999999999956
0.001,4599,4,4,100085,"oracle_lambda_profiled_eta0",0.001,20000,20000,1,1.4698933849962,1.4698933849962,0,"upper","interior",2710.92105369894,0,2,1,1,TRUE,0.201054157074256,0.0705424648083318,TRUE,37,0.692999999999984,"111, 480",2,1,1,TRUE,0.201054157074256,0.0705424648083318,FALSE,3,0.00399999999999956
0.001,4599,4,5,100086,"joint_lambda_2x_eta0",0.001,10957.0775579631,20000,2,0.868146711234417,1.4698933849962,0,"interior","interior",2707.69920784758,0,2,1,1,TRUE,0.664700855943384,0.337111595830096,TRUE,59,0.714999999999918,"23, 145",2,1,1,TRUE,0.664700855943384,0.337111595830096,FALSE,3,0.00399999999999956
0.001,4599,4,5,100086,"joint_lambda_profiled_eta0",0.001,10957.0775579631,10957.0775579631,1,0.868146711234417,0.868146711234417,0,"interior","interior",2707.70945672149,0,2,1,1,TRUE,0.664618987663332,0.337269019050629,TRUE,58,0.605000000000018,"23, 145",2,1,1,TRUE,0.664618987663332,0.337269019050629,FALSE,3,0.00399999999999956
0.001,4599,4,5,100086,"oracle_lambda_2x_eta0",0.001,10957.0775579631,20000,2,0.868146711234417,1.4698933849962,0,"interior","interior",2707.69920784758,0,2,1,1,TRUE,0.664700855943384,0.337111595830096,TRUE,59,0.714999999999918,"23, 145",2,1,1,TRUE,0.664700855943384,0.337111595830096,FALSE,3,0.00399999999999956
0.001,4599,4,5,100086,"oracle_lambda_profiled_eta0",0.001,10957.0775579631,10957.0775579631,1,0.868146711234417,0.868146711234417,0,"interior","interior",2707.70945672149,0,2,1,1,TRUE,0.664618987663332,0.337269019050629,TRUE,58,0.605000000000018,"23, 145",2,1,1,TRUE,0.664618987663332,0.337269019050629,FALSE,3,0.00399999999999956
0.001,10000,4,1,100087,"joint_lambda_2x_eta0",0.001,966.015189567564,1932.03037913513,2,-2.33716081369726,-1.64401363313732,0,"interior","interior",2654.2892924034,0,2,1,1,TRUE,0.997804123633255,0.99560824726651,TRUE,55,0.311000000000035,"237, 405",2,1,1,TRUE,0.997804123633255,0.99560824726651,FALSE,1,0.00399999999999956
0.001,10000,4,1,100087,"joint_lambda_profiled_eta0",0.001,966.015189567564,966.015189567564,1,-2.33716081369726,-2.33716081369726,0,"interior","interior",2655.43855375079,0,2,1,1,TRUE,0.995825176695916,0.991650353391832,TRUE,64,0.249000000000024,"237, 405",2,1,1,TRUE,0.995825176695916,0.991650353391832,FALSE,1,0.00399999999999956
0.001,10000,4,1,100087,"oracle_lambda_2x_eta0",0.001,966.015189567564,1932.03037913513,2,-2.33716081369726,-1.64401363313732,0,"interior","interior",2654.2892924034,0,2,1,1,TRUE,0.997804123633255,0.99560824726651,TRUE,55,0.311000000000035,"237, 405",2,1,1,TRUE,0.997804123633255,0.99560824726651,FALSE,1,0.00399999999999956
0.001,10000,4,1,100087,"oracle_lambda_profiled_eta0",0.001,966.015189567564,966.015189567564,1,-2.33716081369726,-2.33716081369726,0,"interior","interior",2655.43855375079,0,2,1,1,TRUE,0.995825176695916,0.991650353391832,TRUE,64,0.249000000000024,"237, 405",2,1,1,TRUE,0.995825176695916,0.991650353391832,FALSE,1,0.00399999999999956
0.001,10000,4,2,100088,"joint_lambda_2x_eta0",0.001,5702.69848643543,11405.3969728709,2,-0.561645611507924,0.131501569052022,0,"interior","interior",2700.77922343711,0,2,1,1,TRUE,0.859296073231893,0.740331299395057,TRUE,34,0.362999999999943,"128, 465",2,1,1,TRUE,0.859296073231893,0.740331299395057,FALSE,1,0.00399999999999956
0.001,10000,4,2,100088,"joint_lambda_profiled_eta0",0.001,5702.69848643543,5702.69848643543,1,-0.561645611507924,-0.561645611507924,0,"interior","interior",2700.84077395041,0,2,1,1,TRUE,0.854555461148906,0.732734239355147,TRUE,33,0.30499999999995,"128, 465",2,1,1,TRUE,0.854555461148906,0.732734239355147,FALSE,1,0.00399999999999956
0.001,10000,4,2,100088,"oracle_lambda_2x_eta0",0.001,5702.69848643543,11405.3969728709,2,-0.561645611507924,0.131501569052022,0,"interior","interior",2700.77922343711,0,2,1,1,TRUE,0.859296073231893,0.740331299395057,TRUE,34,0.362999999999943,"128, 465",2,1,1,TRUE,0.859296073231893,0.740331299395057,FALSE,1,0.00399999999999956
0.001,10000,4,2,100088,"oracle_lambda_profiled_eta0",0.001,5702.69848643543,5702.69848643543,1,-0.561645611507924,-0.561645611507924,0,"interior","interior",2700.84077395041,0,2,1,1,TRUE,0.854555461148906,0.732734239355147,TRUE,33,0.30499999999995,"128, 465",2,1,1,TRUE,0.854555461148906,0.732734239355147,FALSE,1,0.00399999999999956
0.001,10000,4,3,100089,"joint_lambda_2x_eta0",0.001,4792.10483684215,9584.20967368431,2,-0.735615354948973,-0.0424681743890272,0,"interior","interior",2701.96615320016,0,2,1,1,TRUE,0.909793975724866,0.828468764417208,TRUE,27,0.297000000000025,"32, 336",2,1,1,TRUE,0.909793975724866,0.828468764417208,FALSE,1,0.00399999999999956
0.001,10000,4,3,100089,"joint_lambda_profiled_eta0",0.001,4792.10483684215,4792.10483684215,1,-0.735615354948973,-0.735615354948973,0,"interior","interior",2702.01248475296,0,2,1,1,TRUE,0.90647080263542,0.822634170963818,TRUE,26,0.250999999999976,"32, 336",2,1,1,TRUE,0.90647080263542,0.822634170963818,FALSE,1,0.00399999999999956
0.001,10000,4,3,100089,"oracle_lambda_2x_eta0",0.001,4792.10483684215,9584.20967368431,2,-0.735615354948973,-0.0424681743890272,0,"interior","interior",2701.96615320016,0,2,1,1,TRUE,0.909793975724866,0.828468764417208,TRUE,27,0.297000000000025,"32, 336",2,1,1,TRUE,0.909793975724866,0.828468764417208,FALSE,1,0.00399999999999956
0.001,10000,4,3,100089,"oracle_lambda_profiled_eta0",0.001,4792.10483684215,4792.10483684215,1,-0.735615354948973,-0.735615354948973,0,"interior","interior",2702.01248475296,0,2,1,1,TRUE,0.90647080263542,0.822634170963818,TRUE,26,0.250999999999976,"32, 336",2,1,1,TRUE,0.90647080263542,0.822634170963818,FALSE,1,0.00399999999999956
0.001,10000,4,4,100090,"joint_lambda_2x_eta0",0.001,3818.34491564915,7636.6898312983,2,-0.962768032418003,-0.269620851858058,0,"interior","interior",2696.29738462813,0,2,1,1,TRUE,0.999998933938242,0.99999786841778,TRUE,59,0.605999999999995,"33, 422",2,1,1,TRUE,0.999998933938242,0.99999786841778,FALSE,1,0.00399999999999956
0.001,10000,4,4,100090,"joint_lambda_profiled_eta0",0.001,3818.34491564915,3818.34491564915,1,-0.962768032418003,-0.962768032418003,0,"interior","interior",2696.40515938211,0,2,1,1,TRUE,0.999998444084453,0.999996889088696,TRUE,59,0.509000000000015,"33, 422",2,1,1,TRUE,0.999998444084453,0.999996889088696,FALSE,1,0.00399999999999956
0.001,10000,4,4,100090,"oracle_lambda_2x_eta0",0.001,3818.34491564915,7636.6898312983,2,-0.962768032418003,-0.269620851858058,0,"interior","interior",2696.29738462813,0,2,1,1,TRUE,0.999998933938242,0.99999786841778,TRUE,59,0.605999999999995,"33, 422",2,1,1,TRUE,0.999998933938242,0.99999786841778,FALSE,1,0.00399999999999956
0.001,10000,4,4,100090,"oracle_lambda_profiled_eta0",0.001,3818.34491564915,3818.34491564915,1,-0.962768032418003,-0.962768032418003,0,"interior","interior",2696.40515938211,0,2,1,1,TRUE,0.999998444084453,0.999996889088696,TRUE,59,0.509000000000015,"33, 422",2,1,1,TRUE,0.999998444084453,0.999996889088696,FALSE,1,0.00399999999999956
0.001,10000,4,5,100091,"joint_lambda_2x_eta0",0.001,20000,20000,2,0.693147180559944,0.693147180559944,0,"upper","interior",2717.46160906494,0,2,1,1,TRUE,0.773410292468573,0.546823721165158,TRUE,73,1.44200000000001,"37, 210",2,1,1,TRUE,0.773410292468573,0.546823721165158,FALSE,2,0.00399999999999956
0.001,10000,4,5,100091,"joint_lambda_profiled_eta0",0.001,20000,20000,1,0.693147180559944,0.693147180559944,0,"upper","interior",2717.46153540404,0,2,1,1,TRUE,0.773410139835128,0.546823415223594,TRUE,70,1.303,"37, 210",2,1,1,TRUE,0.773410139835128,0.546823415223594,FALSE,2,0.00399999999999956
0.001,10000,4,5,100091,"oracle_lambda_2x_eta0",0.001,20000,20000,2,0.693147180559944,0.693147180559944,0,"upper","interior",2717.46160906494,0,2,1,1,TRUE,0.773410292468573,0.546823721165158,TRUE,73,1.44200000000001,"37, 210",2,1,1,TRUE,0.773410292468573,0.546823721165158,FALSE,2,0.00399999999999956
0.001,10000,4,5,100091,"oracle_lambda_profiled_eta0",0.001,20000,20000,1,0.693147180559944,0.693147180559944,0,"upper","interior",2717.46153540404,0,2,1,1,TRUE,0.773410139835128,0.546823415223594,TRUE,70,1.303,"37, 210",2,1,1,TRUE,0.773410139835128,0.546823415223594,FALSE,2,0.00399999999999956
0.001,20,5,1,100092,"joint_lambda_2x_eta0",0.006,14.017436734861,28.0348734697219,2,-0.355430237845366,0.337716942714579,1.79175946922805,"interior","interior",2016.87236739234,20.630703943729,1,1,0.5,FALSE,0.0806884734665793,1.11022302462516e-16,TRUE,81,0.846000000000004,"4, 190",1,1,0.5,FALSE,0.096367095113892,0.0154856802414772,TRUE,4,0.00300000000000011
0.001,20,5,1,100092,"joint_lambda_profiled_eta0",0.006,14.017436734861,14.017436734861,1,-0.355430237845366,-0.355430237845366,1.79175946922805,"interior","interior",2018.4158248459,22.0610680831051,1,1,0.5,FALSE,0.0806884734665793,1.11022302462516e-16,TRUE,82,0.75200000000018,"4, 190",1,1,0.5,FALSE,0.0819580249151308,0.00818407805565191,TRUE,4,0.00300000000000011
0.001,20,5,1,100092,"oracle_lambda_2x_eta0",0.001,2,4,2,-2.30258509299405,-1.6094379124341,0,"lower","interior",1996.24166344861,0,1,1,0.5,FALSE,0.0806884734665793,1.11022302462516e-16,TRUE,161,0.830000000000155,"4, 190",0,0,0,FALSE,0.0389498001435177,0.012268889929356,TRUE,4,0.00300000000000011
0.001,20,5,1,100092,"oracle_lambda_profiled_eta0",0.001,2,2,1,-2.30258509299405,-2.30258509299405,0,"lower","interior",1996.35475676279,0,1,1,0.5,FALSE,0.0806884734665793,1.11022302462516e-16,TRUE,113,0.651000000000067,"4, 190",0,0,0,FALSE,0.0216449428037667,0.0163074624393393,TRUE,4,0.00300000000000011
0.001,20,5,2,100093,"joint_lambda_2x_eta0",0.008,18.2576864711898,36.5153729423796,2,-0.0911461056918665,0.602001074868079,2.07944154167984,"interior","interior",1952.43406027317,43.4418324517278,1,1,0.5,FALSE,0.365942341206377,0,TRUE,44,0.445999999999913,"62, 283",1,1,0.5,FALSE,0.216291453213936,0.00960375621721088,TRUE,3,0.00299999999999834
0.001,20,5,2,100093,"joint_lambda_profiled_eta0",0.008,18.2576864711898,18.2576864711898,1,-0.0911461056918665,-0.0911461056918665,2.07944154167984,"interior","interior",1954.77294866946,45.0225957553212,1,1,0.5,FALSE,0.365942341206377,0,TRUE,76,0.395999999999958,"62, 283",1,1,0.5,FALSE,0.197440611687623,0.0081229420654102,TRUE,3,0.00299999999999834
0.001,20,5,2,100093,"oracle_lambda_2x_eta0",0.001,2,4,2,-2.30258509299405,-1.6094379124341,0,"lower","interior",1908.99222782144,0,1,1,0.5,FALSE,0.365942341206377,0,TRUE,169,0.994000000000142,"62, 283",0,0,0,FALSE,0.0550107272604875,0.0118731667742535,TRUE,3,0.00299999999999834
0.001,20,5,2,100093,"oracle_lambda_profiled_eta0",0.001,2,2,1,-2.30258509299405,-2.30258509299405,0,"lower","interior",1909.75035291414,0,1,1,0.5,FALSE,0.365942341206377,0,TRUE,147,0.798000000000002,"62, 283",0,0,0,FALSE,0.0193459754217489,0.0154580767493586,TRUE,3,0.00299999999999834
0.001,20,5,3,100094,"joint_lambda_2x_eta0",0.004,2,4,2,-2.30258509299405,-1.6094379124341,1.38629436111989,"lower","interior",1853.62871918782,15.6853545052588,1,1,0.5,FALSE,0.499916637285403,1.96035032651309e-09,TRUE,140,0.802000000000135,"11, 396",0,0,0,FALSE,0.0428419955938706,0.0316545419362667,TRUE,1,0.00400000000000134
0.001,20,5,3,100094,"joint_lambda_profiled_eta0",0.004,2,2,1,-2.30258509299405,-2.30258509299405,1.38629436111989,"lower","interior",1853.80993574182,15.1666540285364,1,1,0.5,FALSE,0.499916637285403,1.96035032651309e-09,TRUE,117,0.6400000000001,"11, 396",0,0,0,FALSE,0.0227587909463809,0.0215608713440621,TRUE,1,0.00400000000000134
0.001,20,5,3,100094,"oracle_lambda_2x_eta0",0.001,2,4,2,-2.30258509299405,-1.6094379124341,0,"lower","interior",1837.94336468256,0,1,1,0.5,FALSE,0.499916637285403,1.96035032651309e-09,TRUE,141,0.858999999999924,"11, 396",0,0,0,FALSE,0.0428865196330634,0.031667805475368,TRUE,1,0.00400000000000134
0.001,20,5,3,100094,"oracle_lambda_profiled_eta0",0.001,2,2,1,-2.30258509299405,-2.30258509299405,0,"lower","interior",1838.64328171328,0,1,1,0.5,FALSE,0.499916637285403,1.96035032651309e-09,TRUE,117,0.694999999999936,"11, 396",0,0,0,FALSE,0.0227136350210157,0.0215271309372927,TRUE,1,0.00400000000000134
0.001,20,5,4,100095,"joint_lambda_2x_eta0",0.008,2,4,2,-2.30258509299405,-1.6094379124341,2.07944154167984,"lower","interior",1684.30659469343,67.7381976939539,1,1,0.5,FALSE,0.357360739275132,0,TRUE,149,0.795000000000073,"188, 443",0,0,0,FALSE,0.024834073078369,0.00837204035660855,TRUE,3,0.00399999999999956
0.001,20,5,4,100095,"joint_lambda_profiled_eta0",0.008,2,2,1,-2.30258509299405,-2.30258509299405,2.07944154167984,"lower","interior",1684.66217712378,66.7185555657252,1,1,0.5,FALSE,0.357360739275132,0,TRUE,116,0.625,"188, 443",0,0,0,FALSE,0.0149207177868113,0.00977164168719491,TRUE,3,0.00399999999999956
0.001,20,5,4,100095,"oracle_lambda_2x_eta0",0.001,2,4,2,-2.30258509299405,-1.6094379124341,0,"lower","interior",1616.56839699948,0,1,1,0.5,FALSE,0.357360739275132,0,TRUE,151,0.797000000000025,"188, 443",0,0,0,FALSE,0.0248910019678198,0.0083688877221374,TRUE,3,0.00399999999999956
0.001,20,5,4,100095,"oracle_lambda_profiled_eta0",0.001,2,2,1,-2.30258509299405,-2.30258509299405,0,"lower","interior",1617.94362155805,0,1,1,0.5,FALSE,0.357360739275132,0,TRUE,118,0.623000000000047,"188, 443",0,0,0,FALSE,0.0149246663232826,0.00977101876609643,TRUE,3,0.00399999999999956
0.001,20,5,5,100096,"joint_lambda_2x_eta0",0.008,3.6704807944104,7.3409615888208,2,-1.6954096134168,-1.00226243285685,2.07944154167984,"interior","interior",1848.77612233409,57.3716382289076,1,1,0.5,FALSE,0.499996817699317,0,TRUE,176,0.782000000000153,"344, 442",0,0,0,FALSE,0.195972043647491,0.00934553639421987,TRUE,1,0.00399999999999956
0.001,20,5,5,100096,"joint_lambda_profiled_eta0",0.008,3.6704807944104,3.6704807944104,1,-1.6954096134168,-1.6954096134168,2.07944154167984,"interior","interior",1848.5985999952,56.3041935862345,1,1,0.5,FALSE,0.499996817699317,0,TRUE,110,0.576999999999998,"344, 442",0,0,0,FALSE,0.0391113796681116,0.0209158523059768,TRUE,1,0.00399999999999956
0.001,20,5,5,100096,"oracle_lambda_2x_eta0",0.001,2,4,2,-2.30258509299405,-1.6094379124341,0,"lower","interior",1791.40448410518,0,1,1,0.5,FALSE,0.499996817699317,0,TRUE,134,0.786000000000058,"344, 442",0,0,0,FALSE,0.0409746080496505,0.0208792516194886,TRUE,1,0.00399999999999956
0.001,20,5,5,100096,"oracle_lambda_profiled_eta0",0.001,2,2,1,-2.30258509299405,-2.30258509299405,0,"lower","interior",1792.29440640897,0,1,1,0.5,FALSE,0.499996817699317,0,TRUE,121,0.634000000000015,"344, 442",0,0,0,FALSE,0.0219068109797935,0.0188633320771512,TRUE,1,0.00399999999999956
0.001,43,5,1,100097,"joint_lambda_2x_eta0",0.004,16.047371545019,32.0947430900379,2,-0.985655046194247,-0.292507865634302,1.38629436111989,"interior","interior",2057.11576439909,19.6603487311784,1,1,0.5,FALSE,0.147327827540838,4.30883106972146e-11,TRUE,96,0.524999999999864,"34, 225",1,1,0.5,FALSE,0.146344717391893,0.022261265481039,TRUE,4,0.00400000000000134
0.001,43,5,1,100097,"joint_lambda_profiled_eta0",0.004,16.047371545019,16.047371545019,1,-0.985655046194247,-0.985655046194247,1.38629436111989,"interior","interior",2059.01724687236,21.3793156736572,1,1,0.5,FALSE,0.147327827540838,4.30883106972146e-11,TRUE,80,0.414999999999964,"34, 225",1,1,0.5,FALSE,0.136633834197692,0.0111488289435265,TRUE,4,0.00400000000000134
0.001,43,5,1,100097,"oracle_lambda_2x_eta0",0.001,3.11194492533871,6.22388985067742,2,-2.62595220704729,-1.93280502648734,0,"interior","interior",2037.45541566791,0,1,1,0.5,FALSE,0.147327827540838,4.30883106972146e-11,TRUE,129,0.70699999999988,"34, 225",0,0,0,FALSE,0.0841576878303099,0.0408398854043619,TRUE,4,0.00400000000000134
0.001,43,5,1,100097,"oracle_lambda_profiled_eta0",0.001,3.11194492533871,3.11194492533871,1,-2.62595220704729,-2.62595220704729,0,"interior","interior",2037.6379311987,0,1,1,0.5,FALSE,0.147327827540838,4.30883106972146e-11,TRUE,104,0.560999999999922,"34, 225",0,0,0,FALSE,0.0360945210402245,0.0301984207029684,TRUE,4,0.00400000000000134
0.001,43,5,2,100098,"joint_lambda_2x_eta0",0.008,38.1708986514869,76.3417973029738,2,-0.119126705815952,0.574020474743993,2.07944154167984,"interior","interior",2090.55391850574,36.25420290393,1,1,0.5,FALSE,0.196197110787017,0,TRUE,33,0.240999999999985,"253, 297",1,1,0.5,FALSE,0.246460308255633,0.022709083973903,TRUE,2,0.00400000000000134
0.001,43,5,2,100098,"joint_lambda_profiled_eta0",0.008,38.1708986514869,38.1708986514869,1,-0.119126705815952,-0.119126705815952,2.07944154167984,"interior","interior",2093.18766384101,38.4715271309387,1,1,0.5,FALSE,0.196197110787017,0,TRUE,38,0.201000000000022,"253, 297",1,1,0.5,FALSE,0.24437754213158,0.00891232198499514,TRUE,2,0.00400000000000134
0.001,43,5,2,100098,"oracle_lambda_2x_eta0",0.001,7.75319184155076,15.5063836831015,2,-1.71309550659278,-1.01994832603283,0,"interior","interior",2054.29971560181,0,1,1,0.5,FALSE,0.196197110787017,0,TRUE,96,0.713999999999942,"253, 297",0,0,0,FALSE,0.222668310322818,0.00797896318511815,TRUE,2,0.00400000000000134
0.001,43,5,2,100098,"oracle_lambda_profiled_eta0",0.001,7.75319184155076,7.75319184155076,1,-1.71309550659278,-1.71309550659278,0,"interior","interior",2054.71613671007,0,1,1,0.5,FALSE,0.196197110787017,0,TRUE,115,0.602999999999838,"253, 297",0,0,0,FALSE,0.0922542695014449,0.00876713793768613,TRUE,2,0.00400000000000134
0.001,43,5,3,100099,"joint_lambda_2x_eta0",0.002,29.184752620946,58.3695052418921,2,-0.387553713313374,0.305593467246571,0.693147180559945,"interior","interior",2141.39037551361,1.65938528088463,1,1,0.5,FALSE,0.5,0,TRUE,179,0.507999999999811,"287, 378",1,1,0.5,FALSE,0.607349189051521,0.214698378103046,TRUE,1,0.00300000000000011
0.001,43,5,3,100099,"joint_lambda_profiled_eta0",0.002,29.184752620946,29.184752620946,1,-0.387553713313374,-0.387553713313374,0.693147180559945,"interior","interior",2144.39386604342,1.77393826223533,1,1,0.5,FALSE,0.5,0,TRUE,66,0.300999999999931,"287, 378",1,1,0.5,FALSE,0.504294301241281,0.00858860268914619,TRUE,1,0.00300000000000011
0.001,43,5,3,100099,"oracle_lambda_2x_eta0",0.001,22.1498266131684,44.2996532263368,2,-0.663370447080983,0.0297767334789625,0,"interior","interior",2139.73099023272,0,1,1,0.5,FALSE,0.5,0,TRUE,42,0.440999999999804,"287, 378",1,1,0.5,FALSE,0.505027363148026,0.0100547262965929,TRUE,1,0.00300000000000011
0.001,43,5,3,100099,"oracle_lambda_profiled_eta0",0.001,22.1498266131684,22.1498266131684,1,-0.663370447080983,-0.663370447080983,0,"interior","interior",2142.61992778118,0,1,1,0.5,FALSE,0.5,0,TRUE,77,0.391999999999825,"287, 378",1,1,0.5,FALSE,0.504138587658567,0.00827718336931271,TRUE,1,0.00300000000000011
0.001,43,5,4,100100,"joint_lambda_2x_eta0",0.004,23.0159871171962,46.0319742343925,2,-0.625011049176996,0.0681361313829498,1.38629436111989,"interior","interior",2083.51776319823,23.1113628388962,1,1,0.5,FALSE,0.245512723577538,0,TRUE,105,0.5150000000001,"428, 432",1,1,0.5,FALSE,0.255780379004252,0.0174490788156265,TRUE,2,0.00399999999999956
0.001,43,5,4,100100,"joint_lambda_profiled_eta0",0.004,23.0159871171962,23.0159871171962,1,-0.625011049176996,-0.625011049176996,1.38629436111989,"interior","interior",2086.15108192457,24.3065449569826,1,1,0.5,FALSE,0.245512723577538,0,TRUE,73,0.394000000000005,"428, 432",0,0,0,FALSE,0.238710416450665,0.00825916405281724,TRUE,2,0.00399999999999956
0.001,43,5,4,100100,"oracle_lambda_2x_eta0",0.001,10.9660099525963,21.9320199051927,2,-1.36639963112536,-0.673252450565419,0,"interior","interior",2060.40640035933,0,1,1,0.5,FALSE,0.245512723577538,0,TRUE,66,0.670999999999822,"428, 432",0,0,0,FALSE,0.23720472157431,0.00818942283007984,TRUE,2,0.00399999999999956
0.001,43,5,4,100100,"oracle_lambda_profiled_eta0",0.001,10.9660099525963,10.9660099525963,1,-1.36639963112536,-1.36639963112536,0,"interior","interior",2061.84453696759,0,1,1,0.5,FALSE,0.245512723577538,0,TRUE,111,0.592999999999847,"428, 432",0,0,0,FALSE,0.207389691688423,0.008002378810121,TRUE,2,0.00399999999999956
0.001,43,5,5,100101,"joint_lambda_2x_eta0",0.004,21.1933494048797,42.3866988097595,2,-0.707512690549023,-0.0143655099890774,1.38629436111989,"interior","interior",2050.21928956228,17.6594805980214,1,1,0.5,FALSE,0.492198638871212,0,TRUE,38,0.440000000000055,"3, 218",1,1,0.5,FALSE,0.363801117227742,0.00944215923912173,TRUE,1,0.00300000000000011
0.001,43,5,5,100101,"joint_lambda_profiled_eta0",0.004,21.1933494048797,21.1933494048797,1,-0.707512690549023,-0.707512690549023,1.38629436111989,"interior","interior",2052.80961532103,18.8464607723599,1,1,0.5,FALSE,0.492198638871212,0,TRUE,74,0.394000000000005,"3, 218",1,1,0.5,FALSE,0.316879052580241,0.00811598753381759,TRUE,1,0.00300000000000011
0.001,43,5,5,100101,"oracle_lambda_2x_eta0",0.001,10.4608423832826,20.9216847665651,2,-1.41356112652483,-0.720413945964887,0,"interior","interior",2032.55980896426,0,1,1,0.5,FALSE,0.492198638871212,0,TRUE,70,0.726000000000113,"3, 218",1,1,0.5,FALSE,0.315705733547494,0.00808923207637413,TRUE,1,0.00300000000000011
0.001,43,5,5,100101,"oracle_lambda_profiled_eta0",0.001,10.4608423832826,10.4608423832826,1,-1.41356112652483,-1.41356112652483,0,"interior","interior",2033.96315454867,0,1,1,0.5,FALSE,0.492198638871212,0,TRUE,127,0.646999999999935,"3, 218",1,1,0.5,FALSE,0.264444448272382,0.00799245082090871,TRUE,1,0.00300000000000011
0.001,95,5,1,100102,"joint_lambda_2x_eta0",0.004,61.1872043085283,122.374408617057,2,-0.439938803868523,0.253208376691423,1.38629436111989,"interior","interior",2240.52748420297,29.0323470175476,2,1,1,TRUE,0.15504203199718,0.127998231100295,TRUE,112,0.247000000000071,"142, 214",2,1,1,TRUE,0.15504203199718,0.127998231100295,FALSE,1,0.00300000000000011
0.001,95,5,1,100102,"joint_lambda_profiled_eta0",0.004,61.1872043085283,61.1872043085283,1,-0.439938803868523,-0.439938803868523,1.38629436111989,"interior","interior",2243.1852435063,28.6538108327782,1,0,0,FALSE,0.00671047256213009,0,TRUE,30,0.115999999999985,"142, 214",1,1,0.5,FALSE,0.086986198857734,0.0112780901146695,TRUE,1,0.00300000000000011
0.001,95,5,1,100102,"oracle_lambda_2x_eta0",0.001,26.9648611913876,53.9297223827752,2,-1.25934231055731,-0.566195129997361,0,"interior","interior",2211.49513718542,0,1,0,0,FALSE,0.00671047256213009,0,TRUE,34,0.435999999999922,"142, 214",1,1,0.5,FALSE,0.0876287948262332,0.00981940404648207,TRUE,1,0.00300000000000011
0.001,95,5,1,100102,"oracle_lambda_profiled_eta0",0.001,26.9648611913876,26.9648611913876,1,-1.25934231055731,-1.25934231055731,0,"interior","interior",2214.53143267352,0,1,0,0,FALSE,0.00671047256213009,0,TRUE,74,0.395999999999958,"142, 214",1,1,0.5,FALSE,0.0836600127141666,0.00813723910660824,TRUE,1,0.00300000000000011
0.001,95,5,2,100103,"joint_lambda_2x_eta0",0.004,87.7848783910756,175.569756782151,2,-0.0789876336844744,0.614159546875471,1.38629436111989,"interior","interior",2298.94272153842,12.8654073594007,1,1,0.5,FALSE,0.499986976861735,0,TRUE,37,0.140999999999849,"228, 326",1,1,0.5,FALSE,0.580939835332136,0.172932764815903,TRUE,1,0.00399999999999956
0.001,95,5,2,100103,"joint_lambda_profiled_eta0",0.004,87.7848783910756,87.7848783910756,1,-0.0789876336844744,-0.0789876336844744,1.38629436111989,"interior","interior",2302.69472832035,13.0609101900127,1,1,0.5,FALSE,0.499986976861735,0,TRUE,24,0.09699999999998,"228, 326",1,1,0.5,FALSE,0.480489049415332,0.0144105329997024,TRUE,1,0.00399999999999956
0.001,95,5,2,100103,"oracle_lambda_2x_eta0",0.001,39.0289890824955,78.0579781649911,2,-0.889572211781232,-0.196425031221287,0,"interior","interior",2286.07731417902,0,1,1,0.5,FALSE,0.499986976861735,0,TRUE,27,0.461000000000013,"228, 326",1,1,0.5,FALSE,0.470271048135414,0.0122766061275649,TRUE,1,0.00399999999999956
0.001,95,5,2,100103,"oracle_lambda_profiled_eta0",0.001,39.0289890824955,39.0289890824955,1,-0.889572211781232,-0.889572211781232,0,"interior","interior",2289.63381813034,0,1,1,0.5,FALSE,0.499986976861735,0,TRUE,73,0.425999999999931,"228, 326",1,1,0.5,FALSE,0.354074109305542,0.00837171464231123,TRUE,1,0.00399999999999956
0.001,95,5,3,100104,"joint_lambda_2x_eta0",0.004,94.8366124451592,189.673224890318,2,-0.00172134967096227,0.691425830888983,1.38629436111989,"interior","interior",2306.9386983358,17.8723706796268,1,1,0.5,FALSE,0.499975609891753,0,TRUE,19,0.230000000000246,"179, 428",1,1,0.5,FALSE,0.585502364093903,0.174952661185711,TRUE,1,0.00300000000000011
0.001,95,5,3,100104,"joint_lambda_profiled_eta0",0.004,94.8366124451592,94.8366124451592,1,-0.00172134967096227,-0.00172134967096227,1.38629436111989,"interior","interior",2311.0575971123,18.4055484988176,1,1,0.5,FALSE,0.499975609891753,0,TRUE,39,0.207000000000107,"179, 428",1,1,0.5,FALSE,0.514160696048584,0.0459906313673176,TRUE,1,0.00300000000000011
0.001,95,5,3,100104,"oracle_lambda_2x_eta0",0.001,39.015304227214,78.030608454428,2,-0.889922906363539,-0.196775725803594,0,"interior","interior",2289.06632765618,0,1,1,0.5,FALSE,0.499975609891753,0,TRUE,51,0.368000000000166,"179, 428",1,1,0.5,FALSE,0.49992005837106,0.0265692860274235,TRUE,1,0.00300000000000011
0.001,95,5,3,100104,"oracle_lambda_profiled_eta0",0.001,39.015304227214,39.015304227214,1,-0.889922906363539,-0.889922906363539,0,"interior","interior",2292.65204861348,0,1,1,0.5,FALSE,0.499975609891753,0,TRUE,64,0.307000000000016,"179, 428",1,1,0.5,FALSE,0.454999124771257,0.0086349122092414,TRUE,1,0.00300000000000011
0.001,95,5,4,100105,"joint_lambda_2x_eta0",0.002,28.8848044912014,57.7696089824028,2,-1.19056123091362,-0.49741405035368,0.693147180559945,"interior","interior",2253.91415368903,7.52926729892988,2,1,1,TRUE,0.995612824714449,0.991226415708585,TRUE,64,0.356999999999971,"68, 427",2,1,1,TRUE,0.995612824714449,0.991226415708585,FALSE,1,0.00300000000000011
0.001,95,5,4,100105,"joint_lambda_profiled_eta0",0.002,28.8848044912014,28.8848044912014,1,-1.19056123091362,-1.19056123091362,0.693147180559945,"interior","interior",2252.99979007962,4.38717250974332,1,1,0.5,FALSE,0.499999999989726,4.75774974972865e-12,TRUE,57,0.280999999999949,"68, 427",1,1,0.5,FALSE,0.505640489079383,0.0115300601601985,TRUE,1,0.00300000000000011
0.001,95,5,4,100105,"oracle_lambda_2x_eta0",0.001,20.9870501957069,41.9741003914139,2,-1.50997130143575,-0.816824120875804,0,"interior","interior",2246.3848863901,0,1,1,0.5,FALSE,0.499999999989726,4.75774974972865e-12,TRUE,80,0.475999999999885,"68, 427",1,1,0.5,FALSE,0.531147546547982,0.0623174384372082,TRUE,1,0.00300000000000011
0.001,95,5,4,100105,"oracle_lambda_profiled_eta0",0.001,20.9870501957069,20.9870501957069,1,-1.50997130143575,-1.50997130143575,0,"interior","interior",2248.61261756987,0,1,1,0.5,FALSE,0.499999999989726,4.75774974972865e-12,TRUE,73,0.384999999999991,"68, 427",1,1,0.5,FALSE,0.504033325170955,0.00943607563151527,TRUE,1,0.00300000000000011
0.001,95,5,5,100106,"joint_lambda_2x_eta0",0.002,46.2329458736037,92.4658917472074,2,-0.720184233510659,-0.027037052950714,0.693147180559945,"interior","interior",2275.07390833241,12.5389013467247,2,1,1,TRUE,0.609018697209771,0.485756798386762,TRUE,47,0.486999999999853,"342, 450",2,1,1,TRUE,0.609018697209771,0.485756798386762,FALSE,1,0.00300000000000011
0.001,95,5,5,100106,"joint_lambda_profiled_eta0",0.004,98.5654528873314,98.5654528873314,1,0.0368439322156648,0.0368439322156648,1.38629436111989,"interior","interior",2276.46098812263,12.7985811371514,2,1,1,TRUE,0.613840501402651,0.487267591984615,TRUE,52,0.252999999999929,"342, 450",2,1,1,TRUE,0.613840501402651,0.487267591984615,FALSE,1,0.00300000000000011
0.001,95,5,5,100106,"oracle_lambda_2x_eta0",0.001,30.4704526843111,60.9409053686222,2,-1.13711944199155,-0.443972261431608,0,"interior","interior",2262.53500698569,0,2,1,1,TRUE,0.568674988198672,0.455429182221695,TRUE,96,0.353999999999814,"342, 450",2,1,1,TRUE,0.568674988198672,0.455429182221695,FALSE,1,0.00300000000000011
0.001,95,5,5,100106,"oracle_lambda_profiled_eta0",0.001,30.4704526843111,30.4704526843111,1,-1.13711944199155,-1.13711944199155,0,"interior","interior",2263.66240698548,0,1,1,0.5,FALSE,0.488283224664867,0,TRUE,49,0.24799999999982,"342, 450",1,1,0.5,FALSE,0.338412146852957,0.00987257145747433,TRUE,1,0.00300000000000011
0.001,206,5,1,100107,"joint_lambda_2x_eta0",0.002,166.636544939784,333.273089879569,2,-0.212061105730493,0.481086074829452,0.693147180559945,"interior","interior",2434.47523440019,2.51784976039835,2,1,1,TRUE,0.171460565230943,0.155792071553328,TRUE,13,0.0879999999997381,"32, 329",2,1,1,TRUE,0.171460565230943,0.155792071553328,FALSE,6,0.00399999999999956
0.001,206,5,1,100107,"joint_lambda_profiled_eta0",0.002,166.636544939784,166.636544939784,1,-0.212061105730493,-0.212061105730493,0.693147180559945,"interior","interior",2438.69876879251,1.85951463218134,2,1,1,TRUE,0.194836630624953,0.186660024267325,TRUE,19,0.071999999999889,"32, 329",2,1,1,TRUE,0.194836630624953,0.186660024267325,FALSE,6,0.00399999999999956
0.001,206,5,1,100107,"oracle_lambda_2x_eta0",0.001,108.767868084699,217.535736169398,2,-0.63866020809013,0.0544869724698156,0,"interior","interior",2431.9573846398,0,2,1,1,TRUE,0.186766211505792,0.186647339517547,TRUE,20,0.451999999999998,"32, 329",2,1,1,TRUE,0.186766211505792,0.186647339517547,FALSE,6,0.00399999999999956
0.001,206,5,1,100107,"oracle_lambda_profiled_eta0",0.001,108.767868084699,108.767868084699,1,-0.63866020809013,-0.63866020809013,0,"interior","interior",2436.83925416032,0,2,1,1,TRUE,0.203187524240272,0.185406064285593,TRUE,85,0.427000000000135,"32, 329",2,1,1,TRUE,0.203187524240272,0.185406064285593,FALSE,6,0.00399999999999956
0.001,206,5,2,100108,"joint_lambda_2x_eta0",0.004,93.640290046081,187.280580092162,2,-0.788415428712452,-0.0952682481525065,1.38629436111989,"interior","interior",2300.35046387973,48.4205728068368,2,0.5,0.5,FALSE,0.359715343328724,0.00597253478129689,TRUE,79,0.367999999999711,"130, 131",2,0.5,0.5,FALSE,0.359715343328724,0.00597253478129689,FALSE,2,0.00399999999999956
0.001,206,5,2,100108,"joint_lambda_profiled_eta0",0.006,155.190144620263,155.190144620263,1,-0.283225064214847,-0.283225064214847,1.79175946922805,"interior","interior",2304.44599760355,48.7082135012133,2,0.5,0.5,FALSE,0.35016743244959,0.00597221052823149,TRUE,138,0.723999999999933,"130, 131",2,0.5,0.5,FALSE,0.35016743244959,0.00597221052823149,FALSE,2,0.00399999999999956
0.001,206,5,2,100108,"oracle_lambda_2x_eta0",0.001,36.7427331897231,73.4854663794461,2,-1.72393569901721,-1.03078851845726,0,"interior","interior",2251.92989107289,0,1,1,0.5,FALSE,0.451767033054386,0,TRUE,74,0.488000000000056,"130, 131",1,1,0.5,FALSE,0.329999457636637,0.00815609850106502,TRUE,2,0.00399999999999956
0.001,206,5,2,100108,"oracle_lambda_profiled_eta0",0.001,36.7427331897231,36.7427331897231,1,-1.72393569901721,-1.72393569901721,0,"interior","interior",2255.73778410234,0,1,1,0.5,FALSE,0.451767033054386,0,TRUE,77,0.402000000000044,"130, 131",1,1,0.5,FALSE,0.280632314100924,0.00799811805036432,TRUE,2,0.00399999999999956
0.001,206,5,3,100109,"joint_lambda_2x_eta0",0.004,223.423999840031,446.847999680063,2,0.0811951419770027,0.774342322536948,1.38629436111989,"interior","interior",2376.38673969048,13.8916739802726,2,1,1,TRUE,0.781568558680593,0.662718272953002,TRUE,20,0.11200000000008,"115, 205",2,1,1,TRUE,0.781568558680593,0.662718272953002,FALSE,2,0.00399999999999956
0.001,206,5,3,100109,"joint_lambda_profiled_eta0",0.004,223.423999840031,223.423999840031,1,0.0811951419770027,0.0811951419770027,1.38629436111989,"interior","interior",2381.06459291823,16.444488367732,2,1,1,TRUE,0.708481864966517,0.598686852790423,TRUE,23,0.0880000000001928,"115, 205",2,1,1,TRUE,0.708481864966517,0.598686852790423,FALSE,2,0.00399999999999956
0.001,206,5,3,100109,"oracle_lambda_2x_eta0",0.001,62.4710925646174,124.942185129235,2,-1.19317223800824,-0.500025057448291,0,"interior","interior",2362.49506571021,0,1,1,0.5,FALSE,0.266404404424848,0,TRUE,25,0.152000000000044,"115, 205",1,1,0.5,FALSE,0.604023722406333,0.507153771604409,TRUE,2,0.00399999999999956
0.001,206,5,3,100109,"oracle_lambda_profiled_eta0",0.001,62.4710925646174,62.4710925646174,1,-1.19317223800824,-1.19317223800824,0,"interior","interior",2364.6201045505,0,1,1,0.5,FALSE,0.266404404424848,0,TRUE,31,0.122000000000071,"115, 205",1,1,0.5,FALSE,0.18918488837409,0.0119136720543708,TRUE,2,0.00399999999999956
0.001,206,5,4,100110,"joint_lambda_2x_eta0",0.004,88.2019951789168,176.403990357834,2,-0.848246584956534,-0.155099404396589,1.38629436111989,"interior","interior",2292.97292169768,40.0603211773769,2,1,1,TRUE,0.847533947685988,0.695068493700991,TRUE,24,0.2950000000003,"201, 442",2,1,1,TRUE,0.847533947685988,0.695068493700991,FALSE,1,0.00300000000000011
0.001,206,5,4,100110,"joint_lambda_profiled_eta0",0.004,88.2019951789168,88.2019951789168,1,-0.848246584956534,-0.848246584956534,1.38629436111989,"interior","interior",2294.81540058726,38.2928896955286,1,1,0.5,FALSE,0.499999999999994,1.2578826869003e-13,TRUE,55,0.266000000000076,"201, 442",1,1,0.5,FALSE,0.520928469958999,0.0418578278335043,TRUE,1,0.00300000000000011
0.001,206,5,4,100110,"oracle_lambda_2x_eta0",0.001,34.2690389547489,68.5380779094978,2,-1.79363387663597,-1.10048669607603,0,"interior","interior",2252.9126005203,0,1,1,0.5,FALSE,0.499999999999994,1.2578826869003e-13,TRUE,26,0.357999999999947,"201, 442",1,1,0.5,FALSE,0.506719119596955,0.0134461294786026,TRUE,1,0.00300000000000011
0.001,206,5,4,100110,"oracle_lambda_profiled_eta0",0.001,34.2690389547489,34.2690389547489,1,-1.79363387663597,-1.79363387663597,0,"interior","interior",2256.52251089173,0,1,1,0.5,FALSE,0.499999999999994,1.2578826869003e-13,TRUE,69,0.327999999999975,"201, 442",1,1,0.5,FALSE,0.504077903161052,0.0088578353204416,TRUE,1,0.00300000000000011
0.001,206,5,5,100111,"joint_lambda_2x_eta0",0.002,186.988777665299,373.977555330599,2,-0.0968275662208464,0.596319614339099,0.693147180559945,"interior","interior",2436.01196635765,3.68115089380126,2,1,1,TRUE,0.544134351512016,0.212754073216404,TRUE,76,0.517999999999802,"122, 211",2,1,1,TRUE,0.544134351512016,0.212754073216404,FALSE,6,0.00399999999999956
0.001,206,5,5,100111,"joint_lambda_profiled_eta0",0.002,186.988777665299,186.988777665299,1,-0.0968275662208464,-0.0968275662208464,0.693147180559945,"interior","interior",2440.86014907264,9.7721789787297,2,1,1,TRUE,0.487376313786001,0.190720786487575,TRUE,86,0.42899999999986,"122, 211",2,1,1,TRUE,0.487376313786001,0.190720786487575,FALSE,6,0.00399999999999956
0.001,206,5,5,100111,"oracle_lambda_2x_eta0",0.001,84.4168450505083,168.833690101017,2,-0.89210920119579,-0.198962020635845,0,"interior","interior",2432.33081546385,0,2,1,1,TRUE,0.476103177090909,0.187329805765382,TRUE,76,0.375999999999976,"122, 211",2,1,1,TRUE,0.476103177090909,0.187329805765382,FALSE,6,0.00399999999999956
0.001,206,5,5,100111,"oracle_lambda_profiled_eta0",0.001,84.4168450505083,84.4168450505083,1,-0.89210920119579,-0.89210920119579,0,"interior","interior",2431.08797009391,0,1,1,0.5,FALSE,0.242784415138723,0,TRUE,59,0.288999999999987,"122, 211",1,1,0.5,FALSE,0.120467611614091,0.0145683395310386,TRUE,6,0.00399999999999956
0.001,447,5,1,100112,"joint_lambda_2x_eta0",0.002,352.305849519864,704.611699039728,2,-0.238058905601028,0.455088274958917,0.693147180559945,"interior","interior",2503.79261932111,2.09664741233291,2,1,1,TRUE,0.775985167196904,0.551970334400026,TRUE,76,0.501999999999953,"230, 363",2,1,1,TRUE,0.775985167196904,0.551970334400026,FALSE,1,0.00399999999999956
0.001,447,5,1,100112,"joint_lambda_profiled_eta0",0.002,352.305849519864,352.305849519864,1,-0.238058905601028,-0.238058905601028,0.693147180559945,"interior","interior",2507.05996907279,0.618183952311483,2,1,1,TRUE,0.770416838308024,0.54083367699604,TRUE,81,0.413999999999987,"230, 363",2,1,1,TRUE,0.770416838308024,0.54083367699604,FALSE,1,0.00399999999999956
0.001,447,5,1,100112,"oracle_lambda_2x_eta0",0.001,209.31192272791,418.623845455821,2,-0.758733002006644,-0.0655858214466987,0,"interior","interior",2501.69597190878,0,2,1,1,TRUE,0.772087830709557,0.54417566153876,TRUE,76,0.558999999999969,"230, 363",2,1,1,TRUE,0.772087830709557,0.54417566153876,FALSE,1,0.00399999999999956
0.001,447,5,1,100112,"oracle_lambda_profiled_eta0",0.001,209.31192272791,209.31192272791,1,-0.758733002006644,-0.758733002006644,0,"interior","interior",2506.44178512048,0,2,1,1,TRUE,0.762457043669416,0.524914105405798,TRUE,95,0.469000000000051,"230, 363",2,1,1,TRUE,0.762457043669416,0.524914105405798,FALSE,1,0.00399999999999956
0.001,447,5,2,100113,"joint_lambda_2x_eta0",0.002,375.162361910941,750.324723821883,2,-0.175199697249656,0.517947483310289,0.693147180559945,"interior","interior",2527.87392059933,6.94284462612495,2,1,1,TRUE,0.804590179303504,0.624539698117659,TRUE,33,0.408999999999878,"31, 277",2,1,1,TRUE,0.804590179303504,0.624539698117659,FALSE,1,0.00399999999999956
0.001,447,5,2,100113,"joint_lambda_profiled_eta0",0.002,375.162361910941,375.162361910941,1,-0.175199697249656,-0.175199697249656,0.693147180559945,"interior","interior",2530.17079554721,5.38339233008492,2,1,1,TRUE,0.778101025814868,0.586317272268331,TRUE,70,0.369999999999891,"31, 277",2,1,1,TRUE,0.778101025814868,0.586317272268331,FALSE,1,0.00399999999999956
0.001,447,5,2,100113,"oracle_lambda_2x_eta0",0.001,198.181403964469,396.362807928938,2,-0.813375801718532,-0.120228621158587,0,"interior","interior",2520.93107597321,0,2,1,1,TRUE,0.780512607793541,0.589669563138043,TRUE,71,0.4849999999999,"31, 277",2,1,1,TRUE,0.780512607793541,0.589669563138043,FALSE,1,0.00399999999999956
0.001,447,5,2,100113,"oracle_lambda_profiled_eta0",0.001,198.181403964469,198.181403964469,1,-0.813375801718532,-0.813375801718532,0,"interior","interior",2524.78740321713,0,2,1,1,TRUE,0.737103834892926,0.537927239251605,TRUE,77,0.40300000000002,"31, 277",2,1,1,TRUE,0.737103834892926,0.537927239251605,FALSE,1,0.00399999999999956
0.001,447,5,3,100114,"joint_lambda_2x_eta0",0.002,176.929280153387,353.858560306773,2,-0.92680848903598,-0.233661308476035,0.693147180559945,"interior","interior",2447.08156778244,10.7675024915866,1,1,0.5,FALSE,0.205498555365392,0,TRUE,18,0.0889999999999418,"325, 443",1,1,0.5,FALSE,0.636785530727851,0.383286656722112,TRUE,3,0.00300000000000011
0.001,447,5,3,100114,"joint_lambda_profiled_eta0",0.002,176.929280153387,176.929280153387,1,-0.92680848903598,-0.92680848903598,0.693147180559945,"interior","interior",2450.1005881701,9.01073442270081,1,1,0.5,FALSE,0.205498555365392,0,TRUE,18,0.0670000000000073,"325, 443",1,1,0.5,FALSE,0.206172983336137,0.0285456434779382,TRUE,3,0.00300000000000011
0.001,447,5,3,100114,"oracle_lambda_2x_eta0",0.001,110.542190560518,221.084381121035,2,-1.39716133150126,-0.704014150941316,0,"interior","interior",2436.31406529085,0,1,1,0.5,FALSE,0.205498555365392,0,TRUE,93,0.388000000000147,"325, 443",1,1,0.5,FALSE,0.455303546991057,0.381111582243795,TRUE,3,0.00300000000000011
0.001,447,5,3,100114,"oracle_lambda_profiled_eta0",0.001,110.542190560518,110.542190560518,1,-1.39716133150126,-1.39716133150126,0,"interior","interior",2441.08985374739,0,1,1,0.5,FALSE,0.205498555365392,0,TRUE,60,0.278999999999996,"325, 443",1,1,0.5,FALSE,0.193361215218501,0.0104357993549884,TRUE,3,0.00300000000000011
0.001,447,5,4,100115,"joint_lambda_2x_eta0",0.004,406.992452898247,813.984905796495,2,-0.0937639525904519,0.599383227969494,1.38629436111989,"interior","interior",2438.62971328321,4.68814491936973,2,1,1,TRUE,0.644935377114706,0.290882818991866,TRUE,72,0.399999999999864,"59, 170",2,1,1,TRUE,0.644935377114706,0.290882818991866,FALSE,1,0.00400000000000134
0.001,447,5,4,100115,"joint_lambda_profiled_eta0",0.002,229.108113568904,229.108113568904,1,-0.668364590814372,-0.668364590814372,0.693147180559945,"interior","interior",2443.72505452186,7.07547840685174,2,1,1,TRUE,0.61643038901817,0.257291737660353,TRUE,97,0.477000000000089,"59, 170",2,1,1,TRUE,0.61643038901817,0.257291737660353,FALSE,1,0.00400000000000134
0.001,447,5,4,100115,"oracle_lambda_2x_eta0",0.001,120.336769631243,240.673539262485,2,-1.31226436886421,-0.61911718830426,0,"interior","interior",2433.94156836384,0,2,1,1,TRUE,0.618872416521816,0.259372851347088,TRUE,75,0.355000000000018,"59, 170",2,1,1,TRUE,0.618872416521816,0.259372851347088,FALSE,1,0.00400000000000134
0.001,447,5,4,100115,"oracle_lambda_profiled_eta0",0.001,120.336769631243,120.336769631243,1,-1.31226436886421,-1.31226436886421,0,"interior","interior",2436.64957611501,0,1,1,0.5,FALSE,0.499339332976164,0,TRUE,56,0.268000000000029,"59, 170",1,1,0.5,FALSE,0.4338788933281,0.0111237180185392,TRUE,1,0.00400000000000134
0.001,447,5,5,100116,"joint_lambda_2x_eta0",0.002,339.70675944268,679.413518885361,2,-0.274475821373935,0.41867135918601,0.693147180559945,"interior","interior",2517.91992619618,2.65565358660024,2,1,1,TRUE,0.91505305395632,0.830111530067469,TRUE,27,0.329000000000178,"127, 464",2,1,1,TRUE,0.91505305395632,0.830111530067469,FALSE,1,0.00399999999999956
0.001,447,5,5,100116,"joint_lambda_profiled_eta0",0.002,339.70675944268,339.70675944268,1,-0.274475821373935,-0.274475821373935,0.693147180559945,"interior","interior",2520.48942463095,1.23405368878684,2,1,1,TRUE,0.892382966217031,0.78479498930234,TRUE,59,0.297000000000025,"127, 464",2,1,1,TRUE,0.892382966217031,0.78479498930234,FALSE,1,0.00399999999999956
0.001,447,5,5,100116,"oracle_lambda_2x_eta0",0.001,192.34177683333,384.683553666661,2,-0.843284717390566,-0.150137536830621,0,"interior","interior",2515.26427260958,0,2,1,1,TRUE,0.897531245795287,0.795082818207588,TRUE,56,0.470999999999776,"127, 464",2,1,1,TRUE,0.897531245795287,0.795082818207588,FALSE,1,0.00399999999999956
0.001,447,5,5,100116,"oracle_lambda_profiled_eta0",0.001,192.34177683333,192.34177683333,1,-0.843284717390566,-0.843284717390566,0,"interior","interior",2519.25537094216,0,2,1,1,TRUE,0.862764210972784,0.725716194876111,TRUE,74,0.396999999999935,"127, 464",2,1,1,TRUE,0.862764210972784,0.725716194876111,FALSE,1,0.00399999999999956
0.001,972,5,1,100117,"joint_lambda_2x_eta0",0.002,1420.19853741328,2840.39707482656,2,0.379196151441425,1.07234333200137,0.693147180559945,"interior","interior",2587.3264068595,1.73684166649582,2,1,1,TRUE,0.685089826707848,0.370601167791935,TRUE,11,0.0660000000000309,"236, 258",2,1,1,TRUE,0.685089826707848,0.370601167791935,FALSE,3,0.00399999999999956
0.001,972,5,1,100117,"joint_lambda_profiled_eta0",0.001,495.379831823086,495.379831823086,1,-0.674030999127944,-0.674030999127944,0,"interior","interior",2588.04352988251,0,2,1,1,TRUE,0.679166456084509,0.362636458623323,TRUE,45,0.226999999999862,"236, 258",2,1,1,TRUE,0.679166456084509,0.362636458623323,FALSE,3,0.00399999999999956
0.001,972,5,1,100117,"oracle_lambda_2x_eta0",0.001,495.379831823086,990.759663646172,2,-0.674030999127944,0.0191161814320013,0,"interior","interior",2585.589565193,0,2,1,1,TRUE,0.682737479484913,0.366756707735226,TRUE,17,0.24799999999982,"236, 258",2,1,1,TRUE,0.682737479484913,0.366756707735226,FALSE,3,0.00399999999999956
0.001,972,5,1,100117,"oracle_lambda_profiled_eta0",0.001,495.379831823086,495.379831823086,1,-0.674030999127944,-0.674030999127944,0,"interior","interior",2588.04352988251,0,2,1,1,TRUE,0.679166456084509,0.362636458623323,TRUE,45,0.226999999999862,"236, 258",2,1,1,TRUE,0.679166456084509,0.362636458623323,FALSE,3,0.00399999999999956
0.001,972,5,2,100118,"joint_lambda_2x_eta0",0.002,1822.44027968888,3644.88055937777,2,0.628575890539189,1.32172307109913,0.693147180559945,"interior","interior",2602.52461770685,6.19302975150686,2,1,1,TRUE,0.710140806355916,0.420470169500694,TRUE,63,0.407999999999902,"9, 227",2,1,1,TRUE,0.710140806355916,0.420470169500694,FALSE,2,0.00399999999999956
0.001,972,5,2,100118,"joint_lambda_profiled_eta0",0.002,1822.44027968888,1822.44027968888,1,0.628575890539189,0.628575890539189,0.693147180559945,"interior","interior",2602.76369928626,4.49101166305763,2,1,1,TRUE,0.71191688901891,0.424119705138586,TRUE,66,0.308999999999969,"9, 227",2,1,1,TRUE,0.71191688901891,0.424119705138586,FALSE,2,0.00399999999999956
0.001,972,5,2,100118,"oracle_lambda_2x_eta0",0.001,445.216147007038,890.432294014077,2,-0.780795916608406,-0.0876487360484601,0,"interior","interior",2596.33158795534,0,2,1,1,TRUE,0.71508126918337,0.430781213425232,TRUE,71,0.480999999999995,"9, 227",2,1,1,TRUE,0.71508126918337,0.430781213425232,FALSE,2,0.00399999999999956
0.001,972,5,2,100118,"oracle_lambda_profiled_eta0",0.001,445.216147007038,445.216147007038,1,-0.780795916608406,-0.780795916608406,0,"interior","interior",2598.2726876232,0,2,1,1,TRUE,0.719392508683247,0.440997355320979,TRUE,76,0.401000000000067,"9, 227",2,1,1,TRUE,0.719392508683247,0.440997355320979,FALSE,2,0.00399999999999956
0.001,972,5,3,100119,"joint_lambda_2x_eta0",0.002,878.558256612522,1757.11651322504,2,-0.101073585301129,0.592073595258817,0.693147180559945,"interior","interior",2560.44142727783,0.0987808426484662,2,1,1,TRUE,0.972985422233661,0.945974449996545,TRUE,31,0.11200000000008,"12, 237",2,1,1,TRUE,0.972985422233661,0.945974449996545,FALSE,1,0.00399999999999956
0.001,972,5,3,100119,"joint_lambda_profiled_eta0",0.001,399.634156880337,399.634156880337,1,-0.888806283660529,-0.888806283660529,0,"interior","interior",2563.5727511586,0,2,1,1,TRUE,0.936633684216949,0.873391171083624,TRUE,27,0.103000000000065,"12, 237",2,1,1,TRUE,0.936633684216949,0.873391171083624,FALSE,1,0.00399999999999956
0.001,972,5,3,100119,"oracle_lambda_2x_eta0",0.001,399.634156880337,799.268313760674,2,-0.888806283660529,-0.195659103100583,0,"interior","interior",2560.34264643519,0,2,1,1,TRUE,0.961239533349575,0.922494838944725,TRUE,8,0.114000000000033,"12, 237",2,1,1,TRUE,0.961239533349575,0.922494838944725,FALSE,1,0.00399999999999956
0.001,972,5,3,100119,"oracle_lambda_profiled_eta0",0.001,399.634156880337,399.634156880337,1,-0.888806283660529,-0.888806283660529,0,"interior","interior",2563.5727511586,0,2,1,1,TRUE,0.936633684216949,0.873391171083624,TRUE,27,0.103000000000065,"12, 237",2,1,1,TRUE,0.936633684216949,0.873391171083624,FALSE,1,0.00399999999999956
0.001,972,5,4,100120,"joint_lambda_2x_eta0",0.002,1429.61779616093,2859.23559232185,2,0.385806607657136,1.07895378821708,0.693147180559945,"interior","interior",2592.41481818333,2.29822772524449,2,1,1,TRUE,0.98791584145197,0.975831703070583,TRUE,50,0.350000000000136,"57, 352",2,1,1,TRUE,0.98791584145197,0.975831703070583,FALSE,1,0.00300000000000011
0.001,972,5,4,100120,"joint_lambda_profiled_eta0",0.002,1429.61779616093,1429.61779616093,1,0.385806607657136,0.385806607657136,0.693147180559945,"interior","interior",2592.85166632441,0.543330502240678,2,1,1,TRUE,0.984911953610512,0.969823959089138,TRUE,56,0.271000000000186,"57, 352",2,1,1,TRUE,0.984911953610512,0.969823959089138,FALSE,1,0.00300000000000011
0.001,972,5,4,100120,"oracle_lambda_2x_eta0",0.001,459.884604674867,919.769209349733,2,-0.748380205850245,-0.0552330252902999,0,"interior","interior",2590.11659045808,0,2,1,1,TRUE,0.981397988944034,0.962796109594336,TRUE,67,0.401000000000067,"57, 352",2,1,1,TRUE,0.981397988944034,0.962796109594336,FALSE,1,0.00300000000000011
0.001,972,5,4,100120,"oracle_lambda_profiled_eta0",0.001,459.884604674867,459.884604674867,1,-0.748380205850245,-0.748380205850245,0,"interior","interior",2592.30833582217,0,2,1,1,TRUE,0.970771053268038,0.941543220552177,TRUE,69,0.324000000000069,"57, 352",2,1,1,TRUE,0.970771053268038,0.941543220552177,FALSE,1,0.00300000000000011
0.001,972,5,5,100121,"joint_lambda_2x_eta0",0.001,558.352570876117,1116.70514175223,2,-0.554365194162444,0.138781986397501,0,"interior","interior",2586.12015756044,0,2,1,1,TRUE,0.861506450115312,0.728170536060622,TRUE,72,0.525000000000091,"175, 198",2,1,1,TRUE,0.861506450115312,0.728170536060622,FALSE,5,0.00399999999999956
0.001,972,5,5,100121,"joint_lambda_profiled_eta0",0.001,558.352570876117,558.352570876117,1,-0.554365194162444,-0.554365194162444,0,"interior","interior",2588.69086063525,0,2,1,1,TRUE,0.807594933255045,0.635627633220725,TRUE,86,0.441000000000031,"175, 198",2,1,1,TRUE,0.807594933255045,0.635627633220725,FALSE,5,0.00399999999999956
0.001,972,5,5,100121,"oracle_lambda_2x_eta0",0.001,558.352570876117,1116.70514175223,2,-0.554365194162444,0.138781986397501,0,"interior","interior",2586.12015756044,0,2,1,1,TRUE,0.861506450115312,0.728170536060622,TRUE,72,0.525000000000091,"175, 198",2,1,1,TRUE,0.861506450115312,0.728170536060622,FALSE,5,0.00399999999999956
0.001,972,5,5,100121,"oracle_lambda_profiled_eta0",0.001,558.352570876117,558.352570876117,1,-0.554365194162444,-0.554365194162444,0,"interior","interior",2588.69086063525,0,2,1,1,TRUE,0.807594933255045,0.635627633220725,TRUE,86,0.441000000000031,"175, 198",2,1,1,TRUE,0.807594933255045,0.635627633220725,FALSE,5,0.00399999999999956
0.001,2115,5,1,100122,"joint_lambda_2x_eta0",0.001,2743.69833597174,5487.39667194348,2,0.26025195545165,0.953399136011595,0,"interior","interior",2668.34300965641,0,2,1,1,TRUE,0.683829132492574,0.369052815261932,TRUE,73,0.857000000000198,"390, 402",2,1,1,TRUE,0.683829132492574,0.369052815261932,FALSE,1,0.00399999999999956
0.001,2115,5,1,100122,"joint_lambda_profiled_eta0",0.001,2743.69833597174,2743.69833597174,1,0.26025195545165,0.26025195545165,0,"interior","interior",2668.43722788303,0,2,1,1,TRUE,0.684240003227654,0.370134528622076,TRUE,72,0.734000000000151,"390, 402",2,1,1,TRUE,0.684240003227654,0.370134528622076,FALSE,1,0.00399999999999956
0.001,2115,5,1,100122,"oracle_lambda_2x_eta0",0.001,2743.69833597174,5487.39667194348,2,0.26025195545165,0.953399136011595,0,"interior","interior",2668.34300965641,0,2,1,1,TRUE,0.683829132492574,0.369052815261932,TRUE,73,0.857000000000198,"390, 402",2,1,1,TRUE,0.683829132492574,0.369052815261932,FALSE,1,0.00399999999999956
0.001,2115,5,1,100122,"oracle_lambda_profiled_eta0",0.001,2743.69833597174,2743.69833597174,1,0.26025195545165,0.26025195545165,0,"interior","interior",2668.43722788303,0,2,1,1,TRUE,0.684240003227654,0.370134528622076,TRUE,72,0.734000000000151,"390, 402",2,1,1,TRUE,0.684240003227654,0.370134528622076,FALSE,1,0.00399999999999956
0.001,2115,5,2,100123,"joint_lambda_2x_eta0",0.001,1724.74209477792,3449.48418955584,2,-0.203977283466362,0.489169897093583,0,"interior","interior",2658.01198995618,0,2,1,1,TRUE,0.705128796902678,0.411350977240898,TRUE,71,0.512000000000171,"203, 382",2,1,1,TRUE,0.705128796902678,0.411350977240898,FALSE,1,0.00399999999999956
0.001,2115,5,2,100123,"joint_lambda_profiled_eta0",0.001,1724.74209477792,1724.74209477792,1,-0.203977283466362,-0.203977283466362,0,"interior","interior",2658.2822855662,0,2,1,1,TRUE,0.697263762411742,0.396014776449956,TRUE,71,0.400000000000091,"203, 382",2,1,1,TRUE,0.697263762411742,0.396014776449956,FALSE,1,0.00399999999999956
0.001,2115,5,2,100123,"oracle_lambda_2x_eta0",0.001,1724.74209477792,3449.48418955584,2,-0.203977283466362,0.489169897093583,0,"interior","interior",2658.01198995618,0,2,1,1,TRUE,0.705128796902678,0.411350977240898,TRUE,71,0.512000000000171,"203, 382",2,1,1,TRUE,0.705128796902678,0.411350977240898,FALSE,1,0.00399999999999956
0.001,2115,5,2,100123,"oracle_lambda_profiled_eta0",0.001,1724.74209477792,1724.74209477792,1,-0.203977283466362,-0.203977283466362,0,"interior","interior",2658.2822855662,0,2,1,1,TRUE,0.697263762411742,0.396014776449956,TRUE,71,0.400000000000091,"203, 382",2,1,1,TRUE,0.697263762411742,0.396014776449956,FALSE,1,0.00399999999999956
0.001,2115,5,3,100124,"joint_lambda_2x_eta0",0.001,2298.08695743315,4596.1739148663,2,0.0830222066967892,0.776169387256734,0,"interior","interior",2661.31848046257,0,2,1,1,TRUE,0.990288841781386,0.980577683562773,TRUE,74,0.894000000000005,"24, 200",2,1,1,TRUE,0.990288841781386,0.980577683562773,FALSE,1,0.00400000000000134
0.001,2115,5,3,100124,"joint_lambda_profiled_eta0",0.001,2298.08695743315,2298.08695743315,1,0.0830222066967892,0.0830222066967892,0,"interior","interior",2661.50696858069,0,2,1,1,TRUE,0.988462499567272,0.976924999134543,TRUE,75,0.7650000000001,"24, 200",2,1,1,TRUE,0.988462499567272,0.976924999134543,FALSE,1,0.00400000000000134
0.001,2115,5,3,100124,"oracle_lambda_2x_eta0",0.001,2298.08695743315,4596.1739148663,2,0.0830222066967892,0.776169387256734,0,"interior","interior",2661.31848046257,0,2,1,1,TRUE,0.990288841781386,0.980577683562773,TRUE,74,0.894000000000005,"24, 200",2,1,1,TRUE,0.990288841781386,0.980577683562773,FALSE,1,0.00400000000000134
0.001,2115,5,3,100124,"oracle_lambda_profiled_eta0",0.001,2298.08695743315,2298.08695743315,1,0.0830222066967892,0.0830222066967892,0,"interior","interior",2661.50696858069,0,2,1,1,TRUE,0.988462499567272,0.976924999134543,TRUE,75,0.7650000000001,"24, 200",2,1,1,TRUE,0.988462499567272,0.976924999134543,FALSE,1,0.00400000000000134
0.001,2115,5,4,100125,"joint_lambda_2x_eta0",0.001,746.550049740506,1493.10009948101,2,-1.04134743088055,-0.348200250320602,0,"interior","interior",2624.03915358249,0,2,1,1,TRUE,0.999956720597494,0.999913441194988,TRUE,75,0.516000000000076,"327, 344",2,1,1,TRUE,0.999956720597494,0.999913441194988,FALSE,1,0.00300000000000011
0.001,2115,5,4,100125,"joint_lambda_profiled_eta0",0.001,746.550049740506,746.550049740506,1,-1.04134743088055,-1.04134743088055,0,"interior","interior",2625.13718371873,0,2,1,1,TRUE,0.999873055819903,0.999746111639806,TRUE,76,0.428000000000111,"327, 344",2,1,1,TRUE,0.999873055819903,0.999746111639806,FALSE,1,0.00300000000000011
0.001,2115,5,4,100125,"oracle_lambda_2x_eta0",0.001,746.550049740506,1493.10009948101,2,-1.04134743088055,-0.348200250320602,0,"interior","interior",2624.03915358249,0,2,1,1,TRUE,0.999956720597494,0.999913441194988,TRUE,75,0.516000000000076,"327, 344",2,1,1,TRUE,0.999956720597494,0.999913441194988,FALSE,1,0.00300000000000011
0.001,2115,5,4,100125,"oracle_lambda_profiled_eta0",0.001,746.550049740506,746.550049740506,1,-1.04134743088055,-1.04134743088055,0,"interior","interior",2625.13718371873,0,2,1,1,TRUE,0.999873055819903,0.999746111639806,TRUE,76,0.428000000000111,"327, 344",2,1,1,TRUE,0.999873055819903,0.999746111639806,FALSE,1,0.00300000000000011
0.001,2115,5,5,100126,"joint_lambda_2x_eta0",0.001,731.815795124722,1463.63159024944,2,-1.06128125519171,-0.368134074631768,0,"interior","interior",2620.19348131886,0,2,1,1,TRUE,0.612648261117636,0.227957257088882,TRUE,76,0.494000000000142,"50, 190",2,1,1,TRUE,0.612648261117636,0.227957257088882,FALSE,4,0.00300000000000011
0.001,2115,5,5,100126,"joint_lambda_profiled_eta0",0.001,731.815795124722,731.815795124722,1,-1.06128125519171,-1.06128125519171,0,"interior","interior",2621.48128210668,0,2,1,1,TRUE,0.611175130644331,0.227847751284822,TRUE,76,0.407000000000153,"50, 190",2,1,1,TRUE,0.611175130644331,0.227847751284822,FALSE,4,0.00300000000000011
0.001,2115,5,5,100126,"oracle_lambda_2x_eta0",0.001,731.815795124722,1463.63159024944,2,-1.06128125519171,-0.368134074631768,0,"interior","interior",2620.19348131886,0,2,1,1,TRUE,0.612648261117636,0.227957257088882,TRUE,76,0.494000000000142,"50, 190",2,1,1,TRUE,0.612648261117636,0.227957257088882,FALSE,4,0.00300000000000011
0.001,2115,5,5,100126,"oracle_lambda_profiled_eta0",0.001,731.815795124722,731.815795124722,1,-1.06128125519171,-1.06128125519171,0,"interior","interior",2621.48128210668,0,2,1,1,TRUE,0.611175130644331,0.227847751284822,TRUE,76,0.407000000000153,"50, 190",2,1,1,TRUE,0.611175130644331,0.227847751284822,FALSE,4,0.00300000000000011
0.001,4599,5,1,100127,"joint_lambda_2x_eta0",0.001,1335.72514173861,2671.45028347721,2,-1.23636456684069,-0.543217386280749,0,"interior","interior",2644.1422958873,0,2,1,1,TRUE,0.562965159890774,0.140404609407359,TRUE,75,0.528999999999996,"330, 485",2,1,1,TRUE,0.562965159890774,0.140404609407359,FALSE,1,0.00300000000000011
0.001,4599,5,1,100127,"joint_lambda_profiled_eta0",0.001,1335.72514173861,1335.72514173861,1,-1.23636456684069,-1.23636456684069,0,"interior","interior",2644.75948690441,0,2,1,1,TRUE,0.560811243503554,0.141062587981778,TRUE,76,0.413000000000011,"330, 485",2,1,1,TRUE,0.560811243503554,0.141062587981778,FALSE,1,0.00300000000000011
0.001,4599,5,1,100127,"oracle_lambda_2x_eta0",0.001,1335.72514173861,2671.45028347721,2,-1.23636456684069,-0.543217386280749,0,"interior","interior",2644.1422958873,0,2,1,1,TRUE,0.562965159890774,0.140404609407359,TRUE,75,0.528999999999996,"330, 485",2,1,1,TRUE,0.562965159890774,0.140404609407359,FALSE,1,0.00300000000000011
0.001,4599,5,1,100127,"oracle_lambda_profiled_eta0",0.001,1335.72514173861,1335.72514173861,1,-1.23636456684069,-1.23636456684069,0,"interior","interior",2644.75948690441,0,2,1,1,TRUE,0.560811243503554,0.141062587981778,TRUE,76,0.413000000000011,"330, 485",2,1,1,TRUE,0.560811243503554,0.141062587981778,FALSE,1,0.00300000000000011
0.001,4599,5,2,100128,"joint_lambda_2x_eta0",0.001,3774.52162907658,7549.04325815316,2,-0.197565234660971,0.495581945898975,0,"interior","interior",2673.26134841747,0,1,1,0.5,FALSE,0.494877209742803,0,TRUE,72,0.955000000000155,"152, 402",1,1,0.5,FALSE,0.672193843341722,0.35067394322794,TRUE,1,0.00300000000000011
0.001,4599,5,2,100128,"joint_lambda_profiled_eta0",0.001,3774.52162907658,3774.52162907658,1,-0.197565234660971,-0.197565234660971,0,"interior","interior",2673.31511343147,0,1,1,0.5,FALSE,0.494877209742803,0,TRUE,77,0.831000000000131,"152, 402",1,1,0.5,FALSE,0.66881656676214,0.344649142348986,TRUE,1,0.00300000000000011
0.001,4599,5,2,100128,"oracle_lambda_2x_eta0",0.001,3774.52162907658,7549.04325815316,2,-0.197565234660971,0.495581945898975,0,"interior","interior",2673.26134841747,0,1,1,0.5,FALSE,0.494877209742803,0,TRUE,72,0.955000000000155,"152, 402",1,1,0.5,FALSE,0.672193843341722,0.35067394322794,TRUE,1,0.00300000000000011
0.001,4599,5,2,100128,"oracle_lambda_profiled_eta0",0.001,3774.52162907658,3774.52162907658,1,-0.197565234660971,-0.197565234660971,0,"interior","interior",2673.31511343147,0,1,1,0.5,FALSE,0.494877209742803,0,TRUE,77,0.831000000000131,"152, 402",1,1,0.5,FALSE,0.66881656676214,0.344649142348986,TRUE,1,0.00300000000000011
0.001,4599,5,3,100129,"joint_lambda_2x_eta0",0.001,1205.48374627022,2410.96749254044,2,-1.33895795298743,-0.645810772427484,0,"interior","interior",2652.0545748045,0,2,1,1,TRUE,0.898755274358881,0.89625879582841,TRUE,36,0.326999999999998,"278, 485",2,1,1,TRUE,0.898755274358881,0.89625879582841,FALSE,1,0.00300000000000011
0.001,4599,5,3,100129,"joint_lambda_profiled_eta0",0.001,1205.48374627022,1205.48374627022,1,-1.33895795298743,-1.33895795298743,0,"interior","interior",2652.42392631183,0,1,1,0.5,FALSE,0.480839401086003,0,TRUE,55,0.271999999999935,"278, 485",1,1,0.5,FALSE,0.878171793329129,0.86276137195729,TRUE,1,0.00300000000000011
0.001,4599,5,3,100129,"oracle_lambda_2x_eta0",0.001,1205.48374627022,2410.96749254044,2,-1.33895795298743,-0.645810772427484,0,"interior","interior",2652.0545748045,0,2,1,1,TRUE,0.898755274358881,0.89625879582841,TRUE,36,0.326999999999998,"278, 485",2,1,1,TRUE,0.898755274358881,0.89625879582841,FALSE,1,0.00300000000000011
0.001,4599,5,3,100129,"oracle_lambda_profiled_eta0",0.001,1205.48374627022,1205.48374627022,1,-1.33895795298743,-1.33895795298743,0,"interior","interior",2652.42392631183,0,1,1,0.5,FALSE,0.480839401086003,0,TRUE,55,0.271999999999935,"278, 485",1,1,0.5,FALSE,0.878171793329129,0.86276137195729,TRUE,1,0.00300000000000011
0.001,4599,5,4,100130,"joint_lambda_2x_eta0",0.001,1742.02376798279,3484.04753596557,2,-0.970791366143181,-0.277644185583236,0,"interior","interior",2658.87311299223,0,2,1,1,TRUE,0.361782145567099,0.160267977281257,TRUE,75,0.519999999999982,"5, 482",2,1,1,TRUE,0.361782145567099,0.160267977281257,FALSE,2,0.00399999999999956
0.001,4599,5,4,100130,"joint_lambda_profiled_eta0",0.001,1742.02376798279,1742.02376798279,1,-0.970791366143181,-0.970791366143181,0,"interior","interior",2659.14388994106,0,2,1,1,TRUE,0.360161298578033,0.15990228285541,TRUE,73,0.404999999999973,"5, 482",2,1,1,TRUE,0.360161298578033,0.15990228285541,FALSE,2,0.00399999999999956
0.001,4599,5,4,100130,"oracle_lambda_2x_eta0",0.001,1742.02376798279,3484.04753596557,2,-0.970791366143181,-0.277644185583236,0,"interior","interior",2658.87311299223,0,2,1,1,TRUE,0.361782145567099,0.160267977281257,TRUE,75,0.519999999999982,"5, 482",2,1,1,TRUE,0.361782145567099,0.160267977281257,FALSE,2,0.00399999999999956
0.001,4599,5,4,100130,"oracle_lambda_profiled_eta0",0.001,1742.02376798279,1742.02376798279,1,-0.970791366143181,-0.970791366143181,0,"interior","interior",2659.14388994106,0,2,1,1,TRUE,0.360161298578033,0.15990228285541,TRUE,73,0.404999999999973,"5, 482",2,1,1,TRUE,0.360161298578033,0.15990228285541,FALSE,2,0.00399999999999956
0.001,4599,5,5,100131,"joint_lambda_2x_eta0",0.001,2791.53505483788,5583.07010967576,2,-0.49924724516179,0.193899935398155,0,"interior","interior",2666.64253565997,0,2,1,1,TRUE,0.696949949004807,0.393899898009623,TRUE,70,0.848000000000184,"83, 463",2,1,1,TRUE,0.696949949004807,0.393899898009623,FALSE,1,0.00399999999999956
0.001,4599,5,5,100131,"joint_lambda_profiled_eta0",0.001,2791.53505483788,2791.53505483788,1,-0.49924724516179,-0.49924724516179,0,"interior","interior",2666.76547542513,0,2,1,1,TRUE,0.695820996956874,0.391641993913764,TRUE,71,0.728000000000065,"83, 463",2,1,1,TRUE,0.695820996956874,0.391641993913764,FALSE,1,0.00399999999999956
0.001,4599,5,5,100131,"oracle_lambda_2x_eta0",0.001,2791.53505483788,5583.07010967576,2,-0.49924724516179,0.193899935398155,0,"interior","interior",2666.64253565997,0,2,1,1,TRUE,0.696949949004807,0.393899898009623,TRUE,70,0.848000000000184,"83, 463",2,1,1,TRUE,0.696949949004807,0.393899898009623,FALSE,1,0.00399999999999956
0.001,4599,5,5,100131,"oracle_lambda_profiled_eta0",0.001,2791.53505483788,2791.53505483788,1,-0.49924724516179,-0.49924724516179,0,"interior","interior",2666.76547542513,0,2,1,1,TRUE,0.695820996956874,0.391641993913764,TRUE,71,0.728000000000065,"83, 463",2,1,1,TRUE,0.695820996956874,0.391641993913764,FALSE,1,0.00399999999999956
0.001,10000,5,1,100132,"joint_lambda_2x_eta0",0.001,20000,20000,2,0.693147180559944,0.693147180559944,0,"upper","interior",2691.576401345,0,1,1,0.5,FALSE,0.499999862149348,0,TRUE,65,2.25200000000018,"19, 242",1,1,0.5,FALSE,0.580911347121551,0.161823093339329,TRUE,1,0.00400000000000134
0.001,10000,5,1,100132,"joint_lambda_profiled_eta0",0.001,20000,20000,1,0.693147180559944,0.693147180559944,0,"upper","interior",2691.5763970601,0,1,1,0.5,FALSE,0.499999862149348,0,TRUE,74,2.12200000000007,"19, 242",1,1,0.5,FALSE,0.580911514581274,0.161823428258537,TRUE,1,0.00400000000000134
0.001,10000,5,1,100132,"oracle_lambda_2x_eta0",0.001,20000,20000,2,0.693147180559944,0.693147180559944,0,"upper","interior",2691.576401345,0,1,1,0.5,FALSE,0.499999862149348,0,TRUE,65,2.25200000000018,"19, 242",1,1,0.5,FALSE,0.580911347121551,0.161823093339329,TRUE,1,0.00400000000000134
0.001,10000,5,1,100132,"oracle_lambda_profiled_eta0",0.001,20000,20000,1,0.693147180559944,0.693147180559944,0,"upper","interior",2691.5763970601,0,1,1,0.5,FALSE,0.499999862149348,0,TRUE,74,2.12200000000007,"19, 242",1,1,0.5,FALSE,0.580911514581274,0.161823428258537,TRUE,1,0.00400000000000134
0.001,10000,5,2,100133,"joint_lambda_2x_eta0",0.001,1188.84336584693,2377.68673169385,2,-2.12960422000463,-1.43645703944468,0,"interior","interior",2637.85933913599,0,2,1,1,TRUE,0.812768482193274,0.625536964386548,TRUE,74,0.555999999999813,"390, 393",2,1,1,TRUE,0.812768482193274,0.625536964386548,FALSE,1,0.00299999999999834
0.001,10000,5,2,100133,"joint_lambda_profiled_eta0",0.001,1188.84336584693,1188.84336584693,1,-2.12960422000463,-2.12960422000463,0,"interior","interior",2638.6090508569,0,2,1,1,TRUE,0.804353639642519,0.608707279285037,TRUE,86,0.44199999999978,"390, 393",2,1,1,TRUE,0.804353639642519,0.608707279285037,FALSE,1,0.00299999999999834
0.001,10000,5,2,100133,"oracle_lambda_2x_eta0",0.001,1188.84336584693,2377.68673169385,2,-2.12960422000463,-1.43645703944468,0,"interior","interior",2637.85933913599,0,2,1,1,TRUE,0.812768482193274,0.625536964386548,TRUE,74,0.555999999999813,"390, 393",2,1,1,TRUE,0.812768482193274,0.625536964386548,FALSE,1,0.00299999999999834
0.001,10000,5,2,100133,"oracle_lambda_profiled_eta0",0.001,1188.84336584693,1188.84336584693,1,-2.12960422000463,-2.12960422000463,0,"interior","interior",2638.6090508569,0,2,1,1,TRUE,0.804353639642519,0.608707279285037,TRUE,86,0.44199999999978,"390, 393",2,1,1,TRUE,0.804353639642519,0.608707279285037,FALSE,1,0.00299999999999834
0.001,10000,5,3,100134,"joint_lambda_2x_eta0",0.001,20000,20000,2,0.693147180559944,0.693147180559944,0,"upper","interior",2716.64290229421,0,2,1,1,TRUE,0.605989595731096,0.211979203067059,TRUE,67,1.75500000000011,"220, 284",2,1,1,TRUE,0.605989595731096,0.211979203067059,FALSE,1,0.00400000000000134
0.001,10000,5,3,100134,"joint_lambda_profiled_eta0",0.001,20000,20000,1,0.693147180559944,0.693147180559944,0,"upper","interior",2716.64278723264,0,2,1,1,TRUE,0.6059891657379,0.211978343081385,TRUE,66,1.61800000000017,"220, 284",2,1,1,TRUE,0.6059891657379,0.211978343081385,FALSE,1,0.00400000000000134
0.001,10000,5,3,100134,"oracle_lambda_2x_eta0",0.001,20000,20000,2,0.693147180559944,0.693147180559944,0,"upper","interior",2716.64290229421,0,2,1,1,TRUE,0.605989595731096,0.211979203067059,TRUE,67,1.75500000000011,"220, 284",2,1,1,TRUE,0.605989595731096,0.211979203067059,FALSE,1,0.00400000000000134
0.001,10000,5,3,100134,"oracle_lambda_profiled_eta0",0.001,20000,20000,1,0.693147180559944,0.693147180559944,0,"upper","interior",2716.64278723264,0,2,1,1,TRUE,0.6059891657379,0.211978343081385,TRUE,66,1.61800000000017,"220, 284",2,1,1,TRUE,0.6059891657379,0.211978343081385,FALSE,1,0.00400000000000134
0.001,10000,5,4,100135,"joint_lambda_2x_eta0",0.001,20000,20000,2,0.693147180559944,0.693147180559944,0,"upper","interior",2689.53480657305,0,2,1,1,TRUE,0.920664908670689,0.841329817743861,TRUE,67,1.87400000000002,"130, 246",2,1,1,TRUE,0.920664908670689,0.841329817743861,FALSE,1,0.00300000000000011
0.001,10000,5,4,100135,"joint_lambda_profiled_eta0",0.001,20000,20000,1,0.693147180559944,0.693147180559944,0,"upper","interior",2689.53491295667,0,2,1,1,TRUE,0.920671134995431,0.841342270393398,TRUE,70,1.74299999999994,"130, 246",2,1,1,TRUE,0.920671134995431,0.841342270393398,FALSE,1,0.00300000000000011
0.001,10000,5,4,100135,"oracle_lambda_2x_eta0",0.001,20000,20000,2,0.693147180559944,0.693147180559944,0,"upper","interior",2689.53480657305,0,2,1,1,TRUE,0.920664908670689,0.841329817743861,TRUE,67,1.87400000000002,"130, 246",2,1,1,TRUE,0.920664908670689,0.841329817743861,FALSE,1,0.00300000000000011
0.001,10000,5,4,100135,"oracle_lambda_profiled_eta0",0.001,20000,20000,1,0.693147180559944,0.693147180559944,0,"upper","interior",2689.53491295667,0,2,1,1,TRUE,0.920671134995431,0.841342270393398,TRUE,70,1.74299999999994,"130, 246",2,1,1,TRUE,0.920671134995431,0.841342270393398,FALSE,1,0.00300000000000011
0.001,10000,5,5,100136,"joint_lambda_2x_eta0",0.001,3418.56785981673,6837.13571963346,2,-1.07336338406121,-0.380216203501265,0,"interior","interior",2666.63439224295,0,2,1,1,TRUE,0.782363533028685,0.56472706605737,TRUE,74,0.884000000000015,"23, 376",2,1,1,TRUE,0.782363533028685,0.56472706605737,FALSE,1,0.00399999999999956
0.001,10000,5,5,100136,"joint_lambda_profiled_eta0",0.001,3418.56785981673,3418.56785981673,1,-1.07336338406121,-1.07336338406121,0,"interior","interior",2666.75658078076,0,2,1,1,TRUE,0.781134677596378,0.562269355192757,TRUE,75,0.755000000000109,"23, 376",2,1,1,TRUE,0.781134677596378,0.562269355192757,FALSE,1,0.00399999999999956
0.001,10000,5,5,100136,"oracle_lambda_2x_eta0",0.001,3418.56785981673,6837.13571963346,2,-1.07336338406121,-0.380216203501265,0,"interior","interior",2666.63439224295,0,2,1,1,TRUE,0.782363533028685,0.56472706605737,TRUE,74,0.884000000000015,"23, 376",2,1,1,TRUE,0.782363533028685,0.56472706605737,FALSE,1,0.00399999999999956
0.001,10000,5,5,100136,"oracle_lambda_profiled_eta0",0.001,3418.56785981673,3418.56785981673,1,-1.07336338406121,-1.07336338406121,0,"interior","interior",2666.75658078076,0,2,1,1,TRUE,0.781134677596378,0.562269355192757,TRUE,75,0.755000000000109,"23, 376",2,1,1,TRUE,0.781134677596378,0.562269355192757,FALSE,1,0.00399999999999956
0.01,20,3,1,100002,"joint_lambda_2x_eta0",0.01,2.28922843416336,4.57845686832671,2,-2.16751744107388,-1.47437026051394,0,"interior","upper",1749.40380461761,0,1,1,0.5,FALSE,0.487028826678439,0,TRUE,157,0.625999999999976,"222, 230",0,0,0,FALSE,0.0440124939895347,0.0232144304094715,TRUE,1,0.00400000000000134
0.01,20,3,1,100002,"joint_lambda_profiled_eta0",0.01,2.28922843416336,2.28922843416336,1,-2.16751744107388,-2.16751744107388,0,"interior","upper",1749.53382315732,0,1,1,0.5,FALSE,0.487028826678439,0,TRUE,115,0.440999999999974,"222, 230",0,0,0,FALSE,0.020784523157804,0.018469813819607,TRUE,1,0.00400000000000134
0.01,20,3,1,100002,"oracle_lambda_2x_eta0",0.01,2.28922843416336,4.57845686832671,2,-2.16751744107388,-1.47437026051394,0,"interior","upper",1749.40380461761,0,1,1,0.5,FALSE,0.487028826678439,0,TRUE,157,0.625999999999976,"222, 230",0,0,0,FALSE,0.0440124939895347,0.0232144304094715,TRUE,1,0.00400000000000134
0.01,20,3,1,100002,"oracle_lambda_profiled_eta0",0.01,2.28922843416336,2.28922843416336,1,-2.16751744107388,-2.16751744107388,0,"interior","upper",1749.53382315732,0,1,1,0.5,FALSE,0.487028826678439,0,TRUE,115,0.440999999999974,"222, 230",0,0,0,FALSE,0.020784523157804,0.018469813819607,TRUE,1,0.00400000000000134
0.01,20,3,2,100003,"joint_lambda_2x_eta0",0.01,8.81179862880274,17.6235972576055,2,-0.81964069680388,-0.126493516243935,0,"interior","upper",1739.01506608105,0,1,1,0.5,FALSE,0.298251157097682,5.99009730706257e-12,TRUE,102,0.859999999999957,"262, 268",0,0,0,FALSE,0.207818546785977,0.03861776278629,TRUE,2,0.00300000000000011
0.01,20,3,2,100003,"joint_lambda_profiled_eta0",0.01,8.81179862880274,8.81179862880274,1,-0.81964069680388,-0.81964069680388,0,"interior","upper",1740.03664684534,0,1,1,0.5,FALSE,0.298251157097682,5.99009730706257e-12,TRUE,194,0.742999999999995,"262, 268",0,0,0,FALSE,0.15744557170307,0.0785643269457631,TRUE,2,0.00300000000000011
0.01,20,3,2,100003,"oracle_lambda_2x_eta0",0.01,8.81179862880274,17.6235972576055,2,-0.81964069680388,-0.126493516243935,0,"interior","upper",1739.01506608105,0,1,1,0.5,FALSE,0.298251157097682,5.99009730706257e-12,TRUE,102,0.859999999999957,"262, 268",0,0,0,FALSE,0.207818546785977,0.03861776278629,TRUE,2,0.00300000000000011
0.01,20,3,2,100003,"oracle_lambda_profiled_eta0",0.01,8.81179862880274,8.81179862880274,1,-0.81964069680388,-0.81964069680388,0,"interior","upper",1740.03664684534,0,1,1,0.5,FALSE,0.298251157097682,5.99009730706257e-12,TRUE,194,0.742999999999995,"262, 268",0,0,0,FALSE,0.15744557170307,0.0785643269457631,TRUE,2,0.00300000000000011
0.01,20,3,3,100004,"joint_lambda_2x_eta0",0.01,2.1789688217636,4.3579376435272,2,-2.21688052620071,-1.52373334564077,0,"interior","upper",1786.16342907661,0,1,1,0.5,FALSE,0.49999958401147,3.46611087054249e-07,TRUE,120,0.615999999999985,"231, 273",0,0,0,FALSE,0.0420680834701317,0.0381815763661592,TRUE,1,0.00400000000000134
0.01,20,3,3,100004,"joint_lambda_profiled_eta0",0.01,2.1789688217636,2.1789688217636,1,-2.21688052620071,-2.21688052620071,0,"interior","upper",1786.34368967243,0,1,1,0.5,FALSE,0.49999958401147,3.46611087054249e-07,TRUE,119,0.477000000000032,"231, 273",0,0,0,FALSE,0.0206435496598862,0.0203171574943978,TRUE,1,0.00400000000000134
0.01,20,3,3,100004,"oracle_lambda_2x_eta0",0.01,2.1789688217636,4.3579376435272,2,-2.21688052620071,-1.52373334564077,0,"interior","upper",1786.16342907661,0,1,1,0.5,FALSE,0.49999958401147,3.46611087054249e-07,TRUE,120,0.615999999999985,"231, 273",0,0,0,FALSE,0.0420680834701317,0.0381815763661592,TRUE,1,0.00400000000000134
0.01,20,3,3,100004,"oracle_lambda_profiled_eta0",0.01,2.1789688217636,2.1789688217636,1,-2.21688052620071,-2.21688052620071,0,"interior","upper",1786.34368967243,0,1,1,0.5,FALSE,0.49999958401147,3.46611087054249e-07,TRUE,119,0.477000000000032,"231, 273",0,0,0,FALSE,0.0206435496598862,0.0203171574943978,TRUE,1,0.00400000000000134
0.01,20,3,4,100005,"joint_lambda_2x_eta0",0.01,2.1976900806496,4.39538016129921,2,-2.20832542812846,-1.51517824756851,0,"interior","upper",1738.55630913713,0,1,1,0.5,FALSE,0.499990412715657,0,TRUE,133,0.585000000000036,"238, 307",0,0,0,FALSE,0.0422592539492214,0.0188478372496442,TRUE,1,0.00299999999999834
0.01,20,3,4,100005,"joint_lambda_profiled_eta0",0.01,2.1976900806496,2.1976900806496,1,-2.20832542812846,-2.20832542812846,0,"interior","upper",1738.74004420766,0,1,1,0.5,FALSE,0.499990412715657,0,TRUE,113,0.437000000000012,"238, 307",0,0,0,FALSE,0.0229876774201503,0.0185804482774087,TRUE,1,0.00299999999999834
0.01,20,3,4,100005,"oracle_lambda_2x_eta0",0.01,2.1976900806496,4.39538016129921,2,-2.20832542812846,-1.51517824756851,0,"interior","upper",1738.55630913713,0,1,1,0.5,FALSE,0.499990412715657,0,TRUE,133,0.585000000000036,"238, 307",0,0,0,FALSE,0.0422592539492214,0.0188478372496442,TRUE,1,0.00299999999999834
0.01,20,3,4,100005,"oracle_lambda_profiled_eta0",0.01,2.1976900806496,2.1976900806496,1,-2.20832542812846,-2.20832542812846,0,"interior","upper",1738.74004420766,0,1,1,0.5,FALSE,0.499990412715657,0,TRUE,113,0.437000000000012,"238, 307",0,0,0,FALSE,0.0229876774201503,0.0185804482774087,TRUE,1,0.00299999999999834
0.01,20,3,5,100006,"joint_lambda_2x_eta0",0.01,16.5401611867784,33.0803223735568,2,-0.189940838735168,0.503206341824778,0,"interior","upper",1840.91794174671,0,1,1,0.5,FALSE,0.07392852003953,0,TRUE,58,0.448000000000036,"189, 233",1,1,0.5,FALSE,0.187230106994592,0.00795314263941405,TRUE,2,0.00400000000000134
0.01,20,3,5,100006,"joint_lambda_profiled_eta0",0.01,16.5401611867784,16.5401611867784,1,-0.189940838735168,-0.189940838735168,0,"interior","upper",1843.20396331047,0,1,1,0.5,FALSE,0.07392852003953,0,TRUE,102,0.383000000000038,"189, 233",1,1,0.5,FALSE,0.161889348794599,0.00794178319082595,TRUE,2,0.00400000000000134
0.01,20,3,5,100006,"oracle_lambda_2x_eta0",0.01,16.5401611867784,33.0803223735568,2,-0.189940838735168,0.503206341824778,0,"interior","upper",1840.91794174671,0,1,1,0.5,FALSE,0.07392852003953,0,TRUE,58,0.448000000000036,"189, 233",1,1,0.5,FALSE,0.187230106994592,0.00795314263941405,TRUE,2,0.00400000000000134
0.01,20,3,5,100006,"oracle_lambda_profiled_eta0",0.01,16.5401611867784,16.5401611867784,1,-0.189940838735168,-0.189940838735168,0,"interior","upper",1843.20396331047,0,1,1,0.5,FALSE,0.07392852003953,0,TRUE,102,0.383000000000038,"189, 233",1,1,0.5,FALSE,0.161889348794599,0.00794178319082595,TRUE,2,0.00400000000000134
0.01,43,3,1,100007,"joint_lambda_2x_eta0",0.01,15.9511938468774,31.9023876937549,2,-0.991666439929771,-0.298519259369826,0,"interior","upper",1931.82647540082,0,1,1,0.5,FALSE,0.499999999991078,3.46076833857012e-10,TRUE,99,0.454000000000008,"97, 283",1,1,0.5,FALSE,0.507153169829718,0.0184610427029264,TRUE,1,0.00400000000000134
0.01,43,3,1,100007,"joint_lambda_profiled_eta0",0.01,15.9511938468774,15.9511938468774,1,-0.991666439929771,-0.991666439929771,0,"interior","upper",1933.65220471954,0,1,1,0.5,FALSE,0.499999999991078,3.46076833857012e-10,TRUE,87,0.342999999999961,"97, 283",0,0,0,FALSE,0.478790459995103,0.0427842871554214,TRUE,1,0.00400000000000134
0.01,43,3,1,100007,"oracle_lambda_2x_eta0",0.01,15.9511938468774,31.9023876937549,2,-0.991666439929771,-0.298519259369826,0,"interior","upper",1931.82647540082,0,1,1,0.5,FALSE,0.499999999991078,3.46076833857012e-10,TRUE,99,0.454000000000008,"97, 283",1,1,0.5,FALSE,0.507153169829718,0.0184610427029264,TRUE,1,0.00400000000000134
0.01,43,3,1,100007,"oracle_lambda_profiled_eta0",0.01,15.9511938468774,15.9511938468774,1,-0.991666439929771,-0.991666439929771,0,"interior","upper",1933.65220471954,0,1,1,0.5,FALSE,0.499999999991078,3.46076833857012e-10,TRUE,87,0.342999999999961,"97, 283",0,0,0,FALSE,0.478790459995103,0.0427842871554214,TRUE,1,0.00400000000000134
0.01,43,3,2,100008,"joint_lambda_2x_eta0",0.01,27.3564198714083,54.7128397428166,2,-0.452248884154374,0.240898296405571,0,"interior","upper",1968.87205570714,0,1,1,0.5,FALSE,0.392372835032458,0,TRUE,57,0.31800000000004,"53, 496",1,1,0.5,FALSE,0.292096355994712,0.0150027133149432,TRUE,2,0.00399999999999956
0.01,43,3,2,100008,"joint_lambda_profiled_eta0",0.01,27.3564198714083,27.3564198714083,1,-0.452248884154374,-0.452248884154374,0,"interior","upper",1971.80370224821,0,1,1,0.5,FALSE,0.392372835032458,0,TRUE,67,0.254000000000019,"53, 496",1,1,0.5,FALSE,0.274692124955309,0.0081564729850897,TRUE,2,0.00399999999999956
0.01,43,3,2,100008,"oracle_lambda_2x_eta0",0.01,27.3564198714083,54.7128397428166,2,-0.452248884154374,0.240898296405571,0,"interior","upper",1968.87205570714,0,1,1,0.5,FALSE,0.392372835032458,0,TRUE,57,0.31800000000004,"53, 496",1,1,0.5,FALSE,0.292096355994712,0.0150027133149432,TRUE,2,0.00399999999999956
0.01,43,3,2,100008,"oracle_lambda_profiled_eta0",0.01,27.3564198714083,27.3564198714083,1,-0.452248884154374,-0.452248884154374,0,"interior","upper",1971.80370224821,0,1,1,0.5,FALSE,0.392372835032458,0,TRUE,67,0.254000000000019,"53, 496",1,1,0.5,FALSE,0.274692124955309,0.0081564729850897,TRUE,2,0.00399999999999956
0.01,43,3,3,100009,"joint_lambda_2x_eta0",0.01,32.221757204311,64.4435144086221,2,-0.288558201743746,0.4045889788162,0,"interior","upper",2023.36578073919,0,1,1,0.5,FALSE,0.5,0,TRUE,73,0.425999999999988,"472, 498",1,1,0.5,FALSE,0.509387465280722,0.0187749305622346,TRUE,1,0.00300000000000011
0.01,43,3,3,100009,"joint_lambda_profiled_eta0",0.01,32.221757204311,32.221757204311,1,-0.288558201743746,-0.288558201743746,0,"interior","upper",2026.8043689271,0,1,1,0.5,FALSE,0.5,0,TRUE,65,0.343999999999994,"472, 498",1,1,0.5,FALSE,0.50418474432765,0.00836949139955978,TRUE,1,0.00300000000000011
0.01,43,3,3,100009,"oracle_lambda_2x_eta0",0.01,32.221757204311,64.4435144086221,2,-0.288558201743746,0.4045889788162,0,"interior","upper",2023.36578073919,0,1,1,0.5,FALSE,0.5,0,TRUE,73,0.425999999999988,"472, 498",1,1,0.5,FALSE,0.509387465280722,0.0187749305622346,TRUE,1,0.00300000000000011
0.01,43,3,3,100009,"oracle_lambda_profiled_eta0",0.01,32.221757204311,32.221757204311,1,-0.288558201743746,-0.288558201743746,0,"interior","upper",2026.8043689271,0,1,1,0.5,FALSE,0.5,0,TRUE,65,0.343999999999994,"472, 498",1,1,0.5,FALSE,0.50418474432765,0.00836949139955978,TRUE,1,0.00300000000000011
0.01,43,3,4,100010,"joint_lambda_2x_eta0",0.01,30.4653863327357,60.9307726654715,2,-0.344608950874241,0.348538229685704,0,"interior","upper",2039.08871983376,0,1,1,0.5,FALSE,0.499322597533813,8.99280649946377e-15,TRUE,54,0.348000000000013,"110, 251",1,1,0.5,FALSE,0.462109381433858,0.0393378649367763,TRUE,1,0.00399999999999956
0.01,43,3,4,100010,"joint_lambda_profiled_eta0",0.01,30.4653863327357,30.4653863327357,1,-0.344608950874241,-0.344608950874241,0,"interior","upper",2042.07464680333,0,1,1,0.5,FALSE,0.499322597533813,8.99280649946377e-15,TRUE,71,0.283000000000015,"110, 251",1,1,0.5,FALSE,0.391274371469806,0.00869336680320543,TRUE,1,0.00399999999999956
0.01,43,3,4,100010,"oracle_lambda_2x_eta0",0.01,30.4653863327357,60.9307726654715,2,-0.344608950874241,0.348538229685704,0,"interior","upper",2039.08871983376,0,1,1,0.5,FALSE,0.499322597533813,8.99280649946377e-15,TRUE,54,0.348000000000013,"110, 251",1,1,0.5,FALSE,0.462109381433858,0.0393378649367763,TRUE,1,0.00399999999999956
0.01,43,3,4,100010,"oracle_lambda_profiled_eta0",0.01,30.4653863327357,30.4653863327357,1,-0.344608950874241,-0.344608950874241,0,"interior","upper",2042.07464680333,0,1,1,0.5,FALSE,0.499322597533813,8.99280649946377e-15,TRUE,71,0.283000000000015,"110, 251",1,1,0.5,FALSE,0.391274371469806,0.00869336680320543,TRUE,1,0.00399999999999956
0.01,43,3,5,100011,"joint_lambda_2x_eta0",0.01,36.5212580074816,73.0425160149631,2,-0.163305613476797,0.529841567083148,0,"interior","upper",2080.09054625291,0,1,1,0.5,FALSE,0.0754541853841769,2.04281036531029e-14,TRUE,31,0.356999999999971,"252, 404",1,1,0.5,FALSE,0.188648429951136,0.0163773541837819,TRUE,2,0.00300000000000011
0.01,43,3,5,100011,"joint_lambda_profiled_eta0",0.01,36.5212580074816,36.5212580074816,1,-0.163305613476797,-0.163305613476797,0,"interior","upper",2083.57731087326,0,1,1,0.5,FALSE,0.0754541853841769,2.04281036531029e-14,TRUE,82,0.322000000000003,"252, 404",1,1,0.5,FALSE,0.211006426723627,0.00859539270438425,TRUE,2,0.00300000000000011
0.01,43,3,5,100011,"oracle_lambda_2x_eta0",0.01,36.5212580074816,73.0425160149631,2,-0.163305613476797,0.529841567083148,0,"interior","upper",2080.09054625291,0,1,1,0.5,FALSE,0.0754541853841769,2.04281036531029e-14,TRUE,31,0.356999999999971,"252, 404",1,1,0.5,FALSE,0.188648429951136,0.0163773541837819,TRUE,2,0.00300000000000011
0.01,43,3,5,100011,"oracle_lambda_profiled_eta0",0.01,36.5212580074816,36.5212580074816,1,-0.163305613476797,-0.163305613476797,0,"interior","upper",2083.57731087326,0,1,1,0.5,FALSE,0.0754541853841769,2.04281036531029e-14,TRUE,82,0.322000000000003,"252, 404",1,1,0.5,FALSE,0.211006426723627,0.00859539270438425,TRUE,2,0.00300000000000011
0.01,95,3,1,100012,"joint_lambda_2x_eta0",0.01,38.0271730933848,76.0543461867696,2,-0.915575906018181,-0.222428725458236,0,"interior","upper",2167.88367325611,0,1,1,0.5,FALSE,0.498521500629696,1.98709033671918e-08,TRUE,88,0.20999999999998,"311, 321",1,1,0.5,FALSE,0.721922147196908,0.501126659855933,TRUE,1,0.00399999999999956
0.01,95,3,1,100012,"joint_lambda_profiled_eta0",0.01,38.0271730933848,38.0271730933848,1,-0.915575906018181,-0.915575906018181,0,"interior","upper",2169.12252768325,0,1,1,0.5,FALSE,0.498521500629696,1.98709033671918e-08,TRUE,28,0.10899999999998,"311, 321",1,1,0.5,FALSE,0.417196761776706,0.0150361129470823,TRUE,1,0.00399999999999956
0.01,95,3,1,100012,"oracle_lambda_2x_eta0",0.01,38.0271730933848,76.0543461867696,2,-0.915575906018181,-0.222428725458236,0,"interior","upper",2167.88367325611,0,1,1,0.5,FALSE,0.498521500629696,1.98709033671918e-08,TRUE,88,0.20999999999998,"311, 321",1,1,0.5,FALSE,0.721922147196908,0.501126659855933,TRUE,1,0.00399999999999956
0.01,95,3,1,100012,"oracle_lambda_profiled_eta0",0.01,38.0271730933848,38.0271730933848,1,-0.915575906018181,-0.915575906018181,0,"interior","upper",2169.12252768325,0,1,1,0.5,FALSE,0.498521500629696,1.98709033671918e-08,TRUE,28,0.10899999999998,"311, 321",1,1,0.5,FALSE,0.417196761776706,0.0150361129470823,TRUE,1,0.00399999999999956
0.01,95,3,2,100013,"joint_lambda_2x_eta0",0.01,55.151153152313,110.302306304626,2,-0.543799236739518,0.149347943820428,0,"interior","upper",2118.49544322669,0,1,1,0.5,FALSE,0.483054427326697,0,TRUE,78,0.22199999999998,"215, 319",1,1,0.5,FALSE,0.502228184478571,0.488874335097809,TRUE,1,0.00399999999999956
0.01,95,3,2,100013,"joint_lambda_profiled_eta0",0.01,55.151153152313,55.151153152313,1,-0.543799236739518,-0.543799236739518,0,"interior","upper",2119.84085305737,0,1,1,0.5,FALSE,0.483054427326697,0,TRUE,35,0.134000000000015,"215, 319",1,1,0.5,FALSE,0.203667204636764,0.0124379706112256,TRUE,1,0.00399999999999956
0.01,95,3,2,100013,"oracle_lambda_2x_eta0",0.01,55.151153152313,110.302306304626,2,-0.543799236739518,0.149347943820428,0,"interior","upper",2118.49544322669,0,1,1,0.5,FALSE,0.483054427326697,0,TRUE,78,0.22199999999998,"215, 319",1,1,0.5,FALSE,0.502228184478571,0.488874335097809,TRUE,1,0.00399999999999956
0.01,95,3,2,100013,"oracle_lambda_profiled_eta0",0.01,55.151153152313,55.151153152313,1,-0.543799236739518,-0.543799236739518,0,"interior","upper",2119.84085305737,0,1,1,0.5,FALSE,0.483054427326697,0,TRUE,35,0.134000000000015,"215, 319",1,1,0.5,FALSE,0.203667204636764,0.0124379706112256,TRUE,1,0.00399999999999956
0.01,95,3,3,100014,"joint_lambda_2x_eta0",0.01,50.0172090916565,100.034418183313,2,-0.641509763556245,0.0516374170037004,0,"interior","upper",2082.34260083538,0,1,1,0.5,FALSE,0.489091818472775,0,TRUE,31,0.191000000000031,"330, 497",1,1,0.5,FALSE,0.416930513239743,0.0608194281617619,TRUE,1,0.00300000000000011
0.01,95,3,3,100014,"joint_lambda_profiled_eta0",0.01,50.0172090916565,50.0172090916565,1,-0.641509763556245,-0.641509763556245,0,"interior","upper",2086.16944941952,0,1,1,0.5,FALSE,0.489091818472775,0,TRUE,39,0.156000000000006,"330, 497",1,1,0.5,FALSE,0.351544238638563,0.00962387257718833,TRUE,1,0.00300000000000011
0.01,95,3,3,100014,"oracle_lambda_2x_eta0",0.01,50.0172090916565,100.034418183313,2,-0.641509763556245,0.0516374170037004,0,"interior","upper",2082.34260083538,0,1,1,0.5,FALSE,0.489091818472775,0,TRUE,31,0.191000000000031,"330, 497",1,1,0.5,FALSE,0.416930513239743,0.0608194281617619,TRUE,1,0.00300000000000011
0.01,95,3,3,100014,"oracle_lambda_profiled_eta0",0.01,50.0172090916565,50.0172090916565,1,-0.641509763556245,-0.641509763556245,0,"interior","upper",2086.16944941952,0,1,1,0.5,FALSE,0.489091818472775,0,TRUE,39,0.156000000000006,"330, 497",1,1,0.5,FALSE,0.351544238638563,0.00962387257718833,TRUE,1,0.00300000000000011
0.01,95,3,4,100015,"joint_lambda_2x_eta0",0.01,39.6333174294581,79.2666348589162,2,-0.874206777847232,-0.181059597287287,0,"interior","upper",2087.43520857415,0,1,1,0.5,FALSE,0.395492633180486,0,TRUE,76,0.230999999999995,"265, 292",1,1,0.5,FALSE,0.514922284811963,0.492082228276224,TRUE,2,0.00300000000000011
0.01,95,3,4,100015,"joint_lambda_profiled_eta0",0.01,39.6333174294581,39.6333174294581,1,-0.874206777847232,-0.874206777847232,0,"interior","upper",2086.06736409914,0,1,1,0.5,FALSE,0.395492633180486,0,TRUE,36,0.146000000000015,"265, 292",1,1,0.5,FALSE,0.257902699843812,0.0137215248127823,TRUE,2,0.00300000000000011
0.01,95,3,4,100015,"oracle_lambda_2x_eta0",0.01,39.6333174294581,79.2666348589162,2,-0.874206777847232,-0.181059597287287,0,"interior","upper",2087.43520857415,0,1,1,0.5,FALSE,0.395492633180486,0,TRUE,76,0.230999999999995,"265, 292",1,1,0.5,FALSE,0.514922284811963,0.492082228276224,TRUE,2,0.00300000000000011
0.01,95,3,4,100015,"oracle_lambda_profiled_eta0",0.01,39.6333174294581,39.6333174294581,1,-0.874206777847232,-0.874206777847232,0,"interior","upper",2086.06736409914,0,1,1,0.5,FALSE,0.395492633180486,0,TRUE,36,0.146000000000015,"265, 292",1,1,0.5,FALSE,0.257902699843812,0.0137215248127823,TRUE,2,0.00300000000000011
0.01,95,3,5,100016,"joint_lambda_2x_eta0",0.01,47.0897811292237,94.1795622584474,2,-0.701820875280626,-0.00867369472068091,0,"interior","upper",2138.87046289356,0,1,1,0.5,FALSE,0.498587215154835,0,TRUE,55,0.297000000000025,"71, 260",1,1,0.5,FALSE,0.528269102776458,0.154257019434247,TRUE,1,0.00300000000000011
0.01,95,3,5,100016,"joint_lambda_profiled_eta0",0.01,47.0897811292237,47.0897811292237,1,-0.701820875280626,-0.701820875280626,0,"interior","upper",2141.50830382855,0,1,1,0.5,FALSE,0.498587215154835,0,TRUE,60,0.235000000000014,"71, 260",1,1,0.5,FALSE,0.427284133175765,0.0178539674727521,TRUE,1,0.00300000000000011
0.01,95,3,5,100016,"oracle_lambda_2x_eta0",0.01,47.0897811292237,94.1795622584474,2,-0.701820875280626,-0.00867369472068091,0,"interior","upper",2138.87046289356,0,1,1,0.5,FALSE,0.498587215154835,0,TRUE,55,0.297000000000025,"71, 260",1,1,0.5,FALSE,0.528269102776458,0.154257019434247,TRUE,1,0.00300000000000011
0.01,95,3,5,100016,"oracle_lambda_profiled_eta0",0.01,47.0897811292237,47.0897811292237,1,-0.701820875280626,-0.701820875280626,0,"interior","upper",2141.50830382855,0,1,1,0.5,FALSE,0.498587215154835,0,TRUE,60,0.235000000000014,"71, 260",1,1,0.5,FALSE,0.427284133175765,0.0178539674727521,TRUE,1,0.00300000000000011
0.01,206,3,1,100017,"joint_lambda_2x_eta0",0.01,199.201339460047,398.402678920093,2,-0.033560099464669,0.659587081095276,0,"interior","upper",2265.85461403337,0,2,1,1,TRUE,0.838589298016402,0.67717860144052,TRUE,75,0.468999999999994,"72, 351",2,1,1,TRUE,0.838589298016402,0.67717860144052,FALSE,1,0.00399999999999956
0.01,206,3,1,100017,"joint_lambda_profiled_eta0",0.01,199.201339460047,199.201339460047,1,-0.033560099464669,-0.033560099464669,0,"interior","upper",2271.32812084304,0,2,1,1,TRUE,0.812684415366319,0.625369300716232,TRUE,101,0.384999999999991,"72, 351",2,1,1,TRUE,0.812684415366319,0.625369300716232,FALSE,1,0.00399999999999956
0.01,206,3,1,100017,"oracle_lambda_2x_eta0",0.01,199.201339460047,398.402678920093,2,-0.033560099464669,0.659587081095276,0,"interior","upper",2265.85461403337,0,2,1,1,TRUE,0.838589298016402,0.67717860144052,TRUE,75,0.468999999999994,"72, 351",2,1,1,TRUE,0.838589298016402,0.67717860144052,FALSE,1,0.00399999999999956
0.01,206,3,1,100017,"oracle_lambda_profiled_eta0",0.01,199.201339460047,199.201339460047,1,-0.033560099464669,-0.033560099464669,0,"interior","upper",2271.32812084304,0,2,1,1,TRUE,0.812684415366319,0.625369300716232,TRUE,101,0.384999999999991,"72, 351",2,1,1,TRUE,0.812684415366319,0.625369300716232,FALSE,1,0.00399999999999956
0.01,206,3,2,100018,"joint_lambda_2x_eta0",0.01,109.309217386852,218.618434773704,2,-0.633695446084513,0.0594517344754326,0,"interior","upper",2239.99140337427,0,1,1,0.5,FALSE,0.499971788515265,0,TRUE,89,0.178000000000054,"45, 145",1,1,0.5,FALSE,0.881917748592406,0.769657142642592,TRUE,1,0.00300000000000011
0.01,206,3,2,100018,"joint_lambda_profiled_eta0",0.01,109.309217386852,109.309217386852,1,-0.633695446084513,-0.633695446084513,0,"interior","upper",2243.45369094548,0,1,1,0.5,FALSE,0.499971788515265,0,TRUE,20,0.0740000000000123,"45, 145",1,1,0.5,FALSE,0.500107207314243,0.0166814320528668,TRUE,1,0.00300000000000011
0.01,206,3,2,100018,"oracle_lambda_2x_eta0",0.01,109.309217386852,218.618434773704,2,-0.633695446084513,0.0594517344754326,0,"interior","upper",2239.99140337427,0,1,1,0.5,FALSE,0.499971788515265,0,TRUE,89,0.178000000000054,"45, 145",1,1,0.5,FALSE,0.881917748592406,0.769657142642592,TRUE,1,0.00300000000000011
0.01,206,3,2,100018,"oracle_lambda_profiled_eta0",0.01,109.309217386852,109.309217386852,1,-0.633695446084513,-0.633695446084513,0,"interior","upper",2243.45369094548,0,1,1,0.5,FALSE,0.499971788515265,0,TRUE,20,0.0740000000000123,"45, 145",1,1,0.5,FALSE,0.500107207314243,0.0166814320528668,TRUE,1,0.00300000000000011
0.01,206,3,3,100019,"joint_lambda_2x_eta0",0.01,231.108442555016,462.216885110031,2,0.115010879865948,0.808158060425893,0,"interior","upper",2313.32846571942,0,1,1,0.5,FALSE,0.324519442617224,0,TRUE,9,0.0720000000000027,"96, 161",1,1,0.5,FALSE,0.314320562116324,0.0231761268595198,TRUE,2,0.00399999999999956
0.01,206,3,3,100019,"joint_lambda_profiled_eta0",0.01,231.108442555016,231.108442555016,1,0.115010879865948,0.115010879865948,0,"interior","upper",2317.38448666573,0,1,1,0.5,FALSE,0.324519442617224,0,TRUE,17,0.0610000000000355,"96, 161",1,1,0.5,FALSE,0.297558562636585,0.0114177400027859,TRUE,2,0.00399999999999956
0.01,206,3,3,100019,"oracle_lambda_2x_eta0",0.01,231.108442555016,462.216885110031,2,0.115010879865948,0.808158060425893,0,"interior","upper",2313.32846571942,0,1,1,0.5,FALSE,0.324519442617224,0,TRUE,9,0.0720000000000027,"96, 161",1,1,0.5,FALSE,0.314320562116324,0.0231761268595198,TRUE,2,0.00399999999999956
0.01,206,3,3,100019,"oracle_lambda_profiled_eta0",0.01,231.108442555016,231.108442555016,1,0.115010879865948,0.115010879865948,0,"interior","upper",2317.38448666573,0,1,1,0.5,FALSE,0.324519442617224,0,TRUE,17,0.0610000000000355,"96, 161",1,1,0.5,FALSE,0.297558562636585,0.0114177400027859,TRUE,2,0.00399999999999956
0.01,206,3,4,100020,"joint_lambda_2x_eta0",0.01,122.733984089212,245.467968178425,2,-0.517856886479296,0.175290294080649,0,"interior","upper",2262.42392027815,0,1,1,0.5,FALSE,0.49999999999987,0,TRUE,39,0.112999999999943,"62, 367",1,1,0.5,FALSE,0.697741594569826,0.395483191500997,TRUE,1,0.00399999999999956
0.01,206,3,4,100020,"joint_lambda_profiled_eta0",0.01,122.733984089212,122.733984089212,1,-0.517856886479296,-0.517856886479296,0,"interior","upper",2265.91072172555,0,1,1,0.5,FALSE,0.49999999999987,0,TRUE,19,0.06899999999996,"62, 367",1,1,0.5,FALSE,0.509221207608145,0.0184425526643885,TRUE,1,0.00399999999999956
0.01,206,3,4,100020,"oracle_lambda_2x_eta0",0.01,122.733984089212,245.467968178425,2,-0.517856886479296,0.175290294080649,0,"interior","upper",2262.42392027815,0,1,1,0.5,FALSE,0.49999999999987,0,TRUE,39,0.112999999999943,"62, 367",1,1,0.5,FALSE,0.697741594569826,0.395483191500997,TRUE,1,0.00399999999999956
0.01,206,3,4,100020,"oracle_lambda_profiled_eta0",0.01,122.733984089212,122.733984089212,1,-0.517856886479296,-0.517856886479296,0,"interior","upper",2265.91072172555,0,1,1,0.5,FALSE,0.49999999999987,0,TRUE,19,0.06899999999996,"62, 367",1,1,0.5,FALSE,0.509221207608145,0.0184425526643885,TRUE,1,0.00399999999999956
0.01,206,3,5,100021,"joint_lambda_2x_eta0",0.01,259.008231820831,518.016463641663,2,0.228983675496898,0.922130856056843,0,"interior","upper",2336.08428502829,0,2,1,1,TRUE,0.668645344630696,0.337303409735957,TRUE,13,0.231999999999971,"111, 336",2,1,1,TRUE,0.668645344630696,0.337303409735957,FALSE,5,0.00399999999999956
0.01,206,3,5,100021,"joint_lambda_profiled_eta0",0.01,259.008231820831,259.008231820831,1,0.228983675496898,0.228983675496898,0,"interior","upper",2339.22853561277,0,2,1,1,TRUE,0.653453183175028,0.307011792229918,TRUE,58,0.216999999999985,"111, 336",2,1,1,TRUE,0.653453183175028,0.307011792229918,FALSE,5,0.00399999999999956
0.01,206,3,5,100021,"oracle_lambda_2x_eta0",0.01,259.008231820831,518.016463641663,2,0.228983675496898,0.922130856056843,0,"interior","upper",2336.08428502829,0,2,1,1,TRUE,0.668645344630696,0.337303409735957,TRUE,13,0.231999999999971,"111, 336",2,1,1,TRUE,0.668645344630696,0.337303409735957,FALSE,5,0.00399999999999956
0.01,206,3,5,100021,"oracle_lambda_profiled_eta0",0.01,259.008231820831,259.008231820831,1,0.228983675496898,0.228983675496898,0,"interior","upper",2339.22853561277,0,2,1,1,TRUE,0.653453183175028,0.307011792229918,TRUE,58,0.216999999999985,"111, 336",2,1,1,TRUE,0.653453183175028,0.307011792229918,FALSE,5,0.00399999999999956
0.01,447,3,1,100022,"joint_lambda_2x_eta0",0.01,413.179722988468,826.359445976936,2,-0.0786759316882124,0.614471248871733,0,"interior","upper",2373.88900788225,0,2,1,1,TRUE,0.999496848554496,0.999474072945341,TRUE,75,0.392999999999972,"111, 195",2,1,1,TRUE,0.999496848554496,0.999474072945341,FALSE,1,0.00400000000000134
0.01,447,3,1,100022,"joint_lambda_profiled_eta0",0.01,413.179722988468,413.179722988468,1,-0.0786759316882124,-0.0786759316882124,0,"interior","upper",2376.06576868213,0,2,1,1,TRUE,0.998052633864901,0.997490720232812,TRUE,81,0.310000000000002,"111, 195",2,1,1,TRUE,0.998052633864901,0.997490720232812,FALSE,1,0.00400000000000134
0.01,447,3,1,100022,"oracle_lambda_2x_eta0",0.01,413.179722988468,826.359445976936,2,-0.0786759316882124,0.614471248871733,0,"interior","upper",2373.88900788225,0,2,1,1,TRUE,0.999496848554496,0.999474072945341,TRUE,75,0.392999999999972,"111, 195",2,1,1,TRUE,0.999496848554496,0.999474072945341,FALSE,1,0.00400000000000134
0.01,447,3,1,100022,"oracle_lambda_profiled_eta0",0.01,413.179722988468,413.179722988468,1,-0.0786759316882124,-0.0786759316882124,0,"interior","upper",2376.06576868213,0,2,1,1,TRUE,0.998052633864901,0.997490720232812,TRUE,81,0.310000000000002,"111, 195",2,1,1,TRUE,0.998052633864901,0.997490720232812,FALSE,1,0.00400000000000134
0.01,447,3,2,100023,"joint_lambda_2x_eta0",0.01,295.94269422205,591.8853884441,2,-0.412392759633707,0.280754420926239,0,"interior","upper",2349.30948163,0,2,1,1,TRUE,0.873606380630545,0.759343949758207,TRUE,58,0.20799999999997,"93, 374",2,1,1,TRUE,0.873606380630545,0.759343949758207,FALSE,3,0.00399999999999956
0.01,447,3,2,100023,"joint_lambda_profiled_eta0",0.01,295.94269422205,295.94269422205,1,-0.412392759633707,-0.412392759633707,0,"interior","upper",2351.86725233575,0,2,1,1,TRUE,0.818319545241074,0.676340782022113,TRUE,39,0.144000000000005,"93, 374",2,1,1,TRUE,0.818319545241074,0.676340782022113,FALSE,3,0.00399999999999956
0.01,447,3,2,100023,"oracle_lambda_2x_eta0",0.01,295.94269422205,591.8853884441,2,-0.412392759633707,0.280754420926239,0,"interior","upper",2349.30948163,0,2,1,1,TRUE,0.873606380630545,0.759343949758207,TRUE,58,0.20799999999997,"93, 374",2,1,1,TRUE,0.873606380630545,0.759343949758207,FALSE,3,0.00399999999999956
0.01,447,3,2,100023,"oracle_lambda_profiled_eta0",0.01,295.94269422205,295.94269422205,1,-0.412392759633707,-0.412392759633707,0,"interior","upper",2351.86725233575,0,2,1,1,TRUE,0.818319545241074,0.676340782022113,TRUE,39,0.144000000000005,"93, 374",2,1,1,TRUE,0.818319545241074,0.676340782022113,FALSE,3,0.00399999999999956
0.01,447,3,3,100024,"joint_lambda_2x_eta0",0.01,402.549231996234,805.098463992467,2,-0.104741189716291,0.588405990843654,0,"interior","upper",2346.50204790775,0,2,1,1,TRUE,0.999704339676282,0.999408679378639,TRUE,63,0.418999999999983,"54, 321",2,1,1,TRUE,0.999704339676282,0.999408679378639,FALSE,1,0.00399999999999956
0.01,447,3,3,100024,"joint_lambda_profiled_eta0",0.01,402.549231996234,402.549231996234,1,-0.104741189716291,-0.104741189716291,0,"interior","upper",2349.88015065685,0,2,1,1,TRUE,0.997622297420673,0.995244596122236,TRUE,92,0.347999999999956,"54, 321",2,1,1,TRUE,0.997622297420673,0.995244596122236,FALSE,1,0.00399999999999956
0.01,447,3,3,100024,"oracle_lambda_2x_eta0",0.01,402.549231996234,805.098463992467,2,-0.104741189716291,0.588405990843654,0,"interior","upper",2346.50204790775,0,2,1,1,TRUE,0.999704339676282,0.999408679378639,TRUE,63,0.418999999999983,"54, 321",2,1,1,TRUE,0.999704339676282,0.999408679378639,FALSE,1,0.00399999999999956
0.01,447,3,3,100024,"oracle_lambda_profiled_eta0",0.01,402.549231996234,402.549231996234,1,-0.104741189716291,-0.104741189716291,0,"interior","upper",2349.88015065685,0,2,1,1,TRUE,0.997622297420673,0.995244596122236,TRUE,92,0.347999999999956,"54, 321",2,1,1,TRUE,0.997622297420673,0.995244596122236,FALSE,1,0.00399999999999956
0.01,447,3,4,100025,"joint_lambda_2x_eta0",0.01,358.165892280186,716.331784560373,2,-0.221562329285621,0.471584851274324,0,"interior","upper",2361.68096418024,0,1,1,0.5,FALSE,0.499999999632446,0,TRUE,29,0.309000000000026,"167, 351",1,1,0.5,FALSE,0.96184554893768,0.923691103925184,TRUE,1,0.00399999999999956
0.01,447,3,4,100025,"joint_lambda_profiled_eta0",0.01,358.165892280186,358.165892280186,1,-0.221562329285621,-0.221562329285621,0,"interior","upper",2364.20112274437,0,1,1,0.5,FALSE,0.499999999632446,0,TRUE,71,0.277000000000044,"167, 351",1,1,0.5,FALSE,0.906152750227084,0.812305597958466,TRUE,1,0.00399999999999956
0.01,447,3,4,100025,"oracle_lambda_2x_eta0",0.01,358.165892280186,716.331784560373,2,-0.221562329285621,0.471584851274324,0,"interior","upper",2361.68096418024,0,1,1,0.5,FALSE,0.499999999632446,0,TRUE,29,0.309000000000026,"167, 351",1,1,0.5,FALSE,0.96184554893768,0.923691103925184,TRUE,1,0.00399999999999956
0.01,447,3,4,100025,"oracle_lambda_profiled_eta0",0.01,358.165892280186,358.165892280186,1,-0.221562329285621,-0.221562329285621,0,"interior","upper",2364.20112274437,0,1,1,0.5,FALSE,0.499999999632446,0,TRUE,71,0.277000000000044,"167, 351",1,1,0.5,FALSE,0.906152750227084,0.812305597958466,TRUE,1,0.00399999999999956
0.01,447,3,5,100026,"joint_lambda_2x_eta0",0.01,355.528500423158,711.057000846316,2,-0.228953178617024,0.464194001942921,0,"interior","upper",2368.23156086366,0,2,1,1,TRUE,0.709873561056667,0.553711923846888,TRUE,63,0.390999999999963,"201, 385",2,1,1,TRUE,0.709873561056667,0.553711923846888,FALSE,3,0.00300000000000011
0.01,447,3,5,100026,"joint_lambda_profiled_eta0",0.01,355.528500423158,355.528500423158,1,-0.228953178617024,-0.228953178617024,0,"interior","upper",2370.30202445056,0,2,1,1,TRUE,0.618068724465115,0.422437400283476,TRUE,82,0.319999999999993,"201, 385",2,1,1,TRUE,0.618068724465115,0.422437400283476,FALSE,3,0.00300000000000011
0.01,447,3,5,100026,"oracle_lambda_2x_eta0",0.01,355.528500423158,711.057000846316,2,-0.228953178617024,0.464194001942921,0,"interior","upper",2368.23156086366,0,2,1,1,TRUE,0.709873561056667,0.553711923846888,TRUE,63,0.390999999999963,"201, 385",2,1,1,TRUE,0.709873561056667,0.553711923846888,FALSE,3,0.00300000000000011
0.01,447,3,5,100026,"oracle_lambda_profiled_eta0",0.01,355.528500423158,355.528500423158,1,-0.228953178617024,-0.228953178617024,0,"interior","upper",2370.30202445056,0,2,1,1,TRUE,0.618068724465115,0.422437400283476,TRUE,82,0.319999999999993,"201, 385",2,1,1,TRUE,0.618068724465115,0.422437400283476,FALSE,3,0.00300000000000011
0.01,972,3,1,100027,"joint_lambda_2x_eta0",0.01,860.886958672165,1721.77391734433,2,-0.121392599392899,0.571754581167046,0,"interior","upper",2413.14727147169,0,2,1,1,TRUE,0.611678104010969,0.223356304187913,TRUE,75,0.448999999999955,"88, 133",2,1,1,TRUE,0.611678104010969,0.223356304187913,FALSE,2,0.00399999999999956
0.01,972,3,1,100027,"joint_lambda_profiled_eta0",0.01,860.886958672165,860.886958672165,1,-0.121392599392899,-0.121392599392899,0,"interior","upper",2414.16830036231,0,2,1,1,TRUE,0.622437091457121,0.244874540553469,TRUE,74,0.323999999999955,"88, 133",2,1,1,TRUE,0.622437091457121,0.244874540553469,FALSE,2,0.00399999999999956
0.01,972,3,1,100027,"oracle_lambda_2x_eta0",0.01,860.886958672165,1721.77391734433,2,-0.121392599392899,0.571754581167046,0,"interior","upper",2413.14727147169,0,2,1,1,TRUE,0.611678104010969,0.223356304187913,TRUE,75,0.448999999999955,"88, 133",2,1,1,TRUE,0.611678104010969,0.223356304187913,FALSE,2,0.00399999999999956
0.01,972,3,1,100027,"oracle_lambda_profiled_eta0",0.01,860.886958672165,860.886958672165,1,-0.121392599392899,-0.121392599392899,0,"interior","upper",2414.16830036231,0,2,1,1,TRUE,0.622437091457121,0.244874540553469,TRUE,74,0.323999999999955,"88, 133",2,1,1,TRUE,0.622437091457121,0.244874540553469,FALSE,2,0.00399999999999956
0.01,972,3,2,100028,"joint_lambda_2x_eta0",0.01,1101.39595798117,2202.79191596234,2,0.124977902469408,0.818125083029353,0,"interior","upper",2439.26515887966,0,1,1,0.5,FALSE,0.499999999999784,0,TRUE,25,0.161000000000001,"143, 494",1,1,0.5,FALSE,0.50774607121836,0.0154921424385769,TRUE,1,0.00400000000000134
0.01,972,3,2,100028,"joint_lambda_profiled_eta0",0.01,1101.39595798117,1101.39595798117,1,0.124977902469408,0.124977902469408,0,"interior","upper",2439.7378574619,0,1,1,0.5,FALSE,0.499999999999784,0,TRUE,31,0.124000000000024,"143, 494",1,1,0.5,FALSE,0.506481481313521,0.0129629626330651,TRUE,1,0.00400000000000134
0.01,972,3,2,100028,"oracle_lambda_2x_eta0",0.01,1101.39595798117,2202.79191596234,2,0.124977902469408,0.818125083029353,0,"interior","upper",2439.26515887966,0,1,1,0.5,FALSE,0.499999999999784,0,TRUE,25,0.161000000000001,"143, 494",1,1,0.5,FALSE,0.50774607121836,0.0154921424385769,TRUE,1,0.00400000000000134
0.01,972,3,2,100028,"oracle_lambda_profiled_eta0",0.01,1101.39595798117,1101.39595798117,1,0.124977902469408,0.124977902469408,0,"interior","upper",2439.7378574619,0,1,1,0.5,FALSE,0.499999999999784,0,TRUE,31,0.124000000000024,"143, 494",1,1,0.5,FALSE,0.506481481313521,0.0129629626330651,TRUE,1,0.00400000000000134
0.01,972,3,3,100029,"joint_lambda_2x_eta0",0.01,779.499718619094,1558.99943723819,2,-0.220703476938819,0.472443703621126,0,"interior","upper",2413.57677570242,0,2,1,1,TRUE,0.688497986896853,0.404640913305187,TRUE,66,0.337999999999965,"67, 239",2,1,1,TRUE,0.688497986896853,0.404640913305187,FALSE,2,0.00300000000000011
0.01,972,3,3,100029,"joint_lambda_profiled_eta0",0.01,779.499718619094,779.499718619094,1,-0.220703476938819,-0.220703476938819,0,"interior","upper",2414.58922304297,0,2,1,1,TRUE,0.672295178299039,0.386447875682968,TRUE,69,0.262999999999977,"67, 239",2,1,1,TRUE,0.672295178299039,0.386447875682968,FALSE,2,0.00300000000000011
0.01,972,3,3,100029,"oracle_lambda_2x_eta0",0.01,779.499718619094,1558.99943723819,2,-0.220703476938819,0.472443703621126,0,"interior","upper",2413.57677570242,0,2,1,1,TRUE,0.688497986896853,0.404640913305187,TRUE,66,0.337999999999965,"67, 239",2,1,1,TRUE,0.688497986896853,0.404640913305187,FALSE,2,0.00300000000000011
0.01,972,3,3,100029,"oracle_lambda_profiled_eta0",0.01,779.499718619094,779.499718619094,1,-0.220703476938819,-0.220703476938819,0,"interior","upper",2414.58922304297,0,2,1,1,TRUE,0.672295178299039,0.386447875682968,TRUE,69,0.262999999999977,"67, 239",2,1,1,TRUE,0.672295178299039,0.386447875682968,FALSE,2,0.00300000000000011
0.01,972,3,4,100030,"joint_lambda_2x_eta0",0.01,1480.25296570416,2960.50593140832,2,0.42061247046517,1.11375965102512,0,"interior","upper",2436.2463218025,0,2,1,1,TRUE,0.278309165478995,0.078534760602552,TRUE,76,0.416999999999973,"102, 347",2,1,1,TRUE,0.278309165478995,0.078534760602552,FALSE,2,0.00399999999999778
0.01,972,3,4,100030,"joint_lambda_profiled_eta0",0.01,1480.25296570416,1480.25296570416,1,0.42061247046517,0.42061247046517,0,"interior","upper",2436.68486691131,0,2,1,1,TRUE,0.282046086600891,0.0844829950036897,TRUE,76,0.303999999999974,"102, 347",2,1,1,TRUE,0.282046086600891,0.0844829950036897,FALSE,2,0.00399999999999778
0.01,972,3,4,100030,"oracle_lambda_2x_eta0",0.01,1480.25296570416,2960.50593140832,2,0.42061247046517,1.11375965102512,0,"interior","upper",2436.2463218025,0,2,1,1,TRUE,0.278309165478995,0.078534760602552,TRUE,76,0.416999999999973,"102, 347",2,1,1,TRUE,0.278309165478995,0.078534760602552,FALSE,2,0.00399999999999778
0.01,972,3,4,100030,"oracle_lambda_profiled_eta0",0.01,1480.25296570416,1480.25296570416,1,0.42061247046517,0.42061247046517,0,"interior","upper",2436.68486691131,0,2,1,1,TRUE,0.282046086600891,0.0844829950036897,TRUE,76,0.303999999999974,"102, 347",2,1,1,TRUE,0.282046086600891,0.0844829950036897,FALSE,2,0.00399999999999778
0.01,972,3,5,100031,"joint_lambda_2x_eta0",0.01,989.417758526857,1978.83551705371,2,0.0177608429560587,0.710908023516004,0,"interior","upper",2414.68841251984,0,2,1,1,TRUE,0.785683772423872,0.57136754494759,TRUE,18,0.143000000000029,"162, 275",2,1,1,TRUE,0.785683772423872,0.57136754494759,FALSE,1,0.00400000000000134
0.01,972,3,5,100031,"joint_lambda_profiled_eta0",0.01,989.417758526857,989.417758526857,1,0.0177608429560587,0.0177608429560587,0,"interior","upper",2415.66947050066,0,2,1,1,TRUE,0.778338332275356,0.556676665140597,TRUE,31,0.122000000000014,"162, 275",2,1,1,TRUE,0.778338332275356,0.556676665140597,FALSE,1,0.00400000000000134
0.01,972,3,5,100031,"oracle_lambda_2x_eta0",0.01,989.417758526857,1978.83551705371,2,0.0177608429560587,0.710908023516004,0,"interior","upper",2414.68841251984,0,2,1,1,TRUE,0.785683772423872,0.57136754494759,TRUE,18,0.143000000000029,"162, 275",2,1,1,TRUE,0.785683772423872,0.57136754494759,FALSE,1,0.00400000000000134
0.01,972,3,5,100031,"oracle_lambda_profiled_eta0",0.01,989.417758526857,989.417758526857,1,0.0177608429560587,0.0177608429560587,0,"interior","upper",2415.66947050066,0,2,1,1,TRUE,0.778338332275356,0.556676665140597,TRUE,31,0.122000000000014,"162, 275",2,1,1,TRUE,0.778338332275356,0.556676665140597,FALSE,1,0.00400000000000134
0.01,2115,3,1,100032,"joint_lambda_2x_eta0",0.01,1871.88005184732,3743.76010369465,2,-0.122111511363605,0.57103566919634,0,"interior","upper",2442.95309208809,0,2,1,1,TRUE,0.981200449938181,0.978287501253757,TRUE,72,0.440999999999974,"163, 461",2,1,1,TRUE,0.981200449938181,0.978287501253757,FALSE,1,0.00399999999999778
0.01,2115,3,1,100032,"joint_lambda_profiled_eta0",0.01,1871.88005184732,1871.88005184732,1,-0.122111511363605,-0.122111511363605,0,"interior","upper",2443.20751900373,0,2,1,1,TRUE,0.976664467476487,0.97238705689951,TRUE,73,0.331000000000017,"163, 461",2,1,1,TRUE,0.976664467476487,0.97238705689951,FALSE,1,0.00399999999999778
0.01,2115,3,1,100032,"oracle_lambda_2x_eta0",0.01,1871.88005184732,3743.76010369465,2,-0.122111511363605,0.57103566919634,0,"interior","upper",2442.95309208809,0,2,1,1,TRUE,0.981200449938181,0.978287501253757,TRUE,72,0.440999999999974,"163, 461",2,1,1,TRUE,0.981200449938181,0.978287501253757,FALSE,1,0.00399999999999778
0.01,2115,3,1,100032,"oracle_lambda_profiled_eta0",0.01,1871.88005184732,1871.88005184732,1,-0.122111511363605,-0.122111511363605,0,"interior","upper",2443.20751900373,0,2,1,1,TRUE,0.976664467476487,0.97238705689951,TRUE,73,0.331000000000017,"163, 461",2,1,1,TRUE,0.976664467476487,0.97238705689951,FALSE,1,0.00399999999999778
0.01,2115,3,2,100033,"joint_lambda_2x_eta0",0.01,6478.0706802683,12956.1413605366,2,1.11936791900772,1.81251509956767,0,"interior","upper",2461.50673857491,0,2,1,1,TRUE,0.627679893027541,0.255367690369208,TRUE,52,0.573000000000036,"269, 446",2,1,1,TRUE,0.627679893027541,0.255367690369208,FALSE,1,0.00399999999999778
0.01,2115,3,2,100033,"joint_lambda_profiled_eta0",0.01,6478.0706802683,6478.0706802683,1,1.11936791900772,1.11936791900772,0,"interior","upper",2461.5351455567,0,2,1,1,TRUE,0.627391999016863,0.254793232486858,TRUE,54,0.485000000000014,"269, 446",2,1,1,TRUE,0.627391999016863,0.254793232486858,FALSE,1,0.00399999999999778
0.01,2115,3,2,100033,"oracle_lambda_2x_eta0",0.01,6478.0706802683,12956.1413605366,2,1.11936791900772,1.81251509956767,0,"interior","upper",2461.50673857491,0,2,1,1,TRUE,0.627679893027541,0.255367690369208,TRUE,52,0.573000000000036,"269, 446",2,1,1,TRUE,0.627679893027541,0.255367690369208,FALSE,1,0.00399999999999778
0.01,2115,3,2,100033,"oracle_lambda_profiled_eta0",0.01,6478.0706802683,6478.0706802683,1,1.11936791900772,1.11936791900772,0,"interior","upper",2461.5351455567,0,2,1,1,TRUE,0.627391999016863,0.254793232486858,TRUE,54,0.485000000000014,"269, 446",2,1,1,TRUE,0.627391999016863,0.254793232486858,FALSE,1,0.00399999999999778
0.01,2115,3,3,100034,"joint_lambda_2x_eta0",0.01,764.559139289039,1529.11827857808,2,-1.01751071228295,-0.324363531723005,0,"interior","upper",2418.52181011044,0,2,0.5,0.5,FALSE,0.512370528145936,0.0254028364401218,TRUE,60,0.34600000000006,"126, 313",2,0.5,0.5,FALSE,0.512370528145936,0.0254028364401218,FALSE,1,0.00400000000000134
0.01,2115,3,3,100034,"joint_lambda_profiled_eta0",0.01,764.559139289039,764.559139289039,1,-1.01751071228295,-1.01751071228295,0,"interior","upper",2419.34980965608,0,2,0.5,0.5,FALSE,0.515223523741196,0.0316643841421916,TRUE,67,0.275000000000034,"126, 313",2,0.5,0.5,FALSE,0.515223523741196,0.0316643841421916,FALSE,1,0.00400000000000134
0.01,2115,3,3,100034,"oracle_lambda_2x_eta0",0.01,764.559139289039,1529.11827857808,2,-1.01751071228295,-0.324363531723005,0,"interior","upper",2418.52181011044,0,2,0.5,0.5,FALSE,0.512370528145936,0.0254028364401218,TRUE,60,0.34600000000006,"126, 313",2,0.5,0.5,FALSE,0.512370528145936,0.0254028364401218,FALSE,1,0.00400000000000134
0.01,2115,3,3,100034,"oracle_lambda_profiled_eta0",0.01,764.559139289039,764.559139289039,1,-1.01751071228295,-1.01751071228295,0,"interior","upper",2419.34980965608,0,2,0.5,0.5,FALSE,0.515223523741196,0.0316643841421916,TRUE,67,0.275000000000034,"126, 313",2,0.5,0.5,FALSE,0.515223523741196,0.0316643841421916,FALSE,1,0.00400000000000134
0.01,2115,3,4,100035,"joint_lambda_2x_eta0",0.01,2209.79769815314,4419.59539630629,2,0.0438461595442234,0.736993340104168,0,"interior","upper",2444.74056514118,0,2,1,1,TRUE,0.873757069435996,0.784381323347721,TRUE,79,0.753999999999962,"256, 307",2,1,1,TRUE,0.873757069435996,0.784381323347721,FALSE,2,0.00400000000000134
0.01,2115,3,4,100035,"joint_lambda_profiled_eta0",0.01,2209.79769815314,2209.79769815314,1,0.0438461595442234,0.0438461595442234,0,"interior","upper",2444.97361052084,0,2,1,1,TRUE,0.865337491659289,0.773387390212602,TRUE,79,0.618999999999971,"256, 307",2,1,1,TRUE,0.865337491659289,0.773387390212602,FALSE,2,0.00400000000000134
0.01,2115,3,4,100035,"oracle_lambda_2x_eta0",0.01,2209.79769815314,4419.59539630629,2,0.0438461595442234,0.736993340104168,0,"interior","upper",2444.74056514118,0,2,1,1,TRUE,0.873757069435996,0.784381323347721,TRUE,79,0.753999999999962,"256, 307",2,1,1,TRUE,0.873757069435996,0.784381323347721,FALSE,2,0.00400000000000134
0.01,2115,3,4,100035,"oracle_lambda_profiled_eta0",0.01,2209.79769815314,2209.79769815314,1,0.0438461595442234,0.0438461595442234,0,"interior","upper",2444.97361052084,0,2,1,1,TRUE,0.865337491659289,0.773387390212602,TRUE,79,0.618999999999971,"256, 307",2,1,1,TRUE,0.865337491659289,0.773387390212602,FALSE,2,0.00400000000000134
0.01,2115,3,5,100036,"joint_lambda_2x_eta0",0.01,1445.86445585813,2891.72891171626,2,-0.38034743045948,0.312799750100465,0,"interior","upper",2441.41703277993,0,1,1,0.5,FALSE,0.497259662041144,0,TRUE,75,0.463000000000022,"289, 413",1,1,0.5,FALSE,0.809742942314017,0.625576298651341,TRUE,1,0.00400000000000134
0.01,2115,3,5,100036,"joint_lambda_profiled_eta0",0.01,1445.86445585813,1445.86445585813,1,-0.38034743045948,-0.38034743045948,0,"interior","upper",2441.72174838294,0,1,1,0.5,FALSE,0.497259662041144,0,TRUE,83,0.350000000000023,"289, 413",1,1,0.5,FALSE,0.791469020177504,0.59079459924235,TRUE,1,0.00400000000000134
0.01,2115,3,5,100036,"oracle_lambda_2x_eta0",0.01,1445.86445585813,2891.72891171626,2,-0.38034743045948,0.312799750100465,0,"interior","upper",2441.41703277993,0,1,1,0.5,FALSE,0.497259662041144,0,TRUE,75,0.463000000000022,"289, 413",1,1,0.5,FALSE,0.809742942314017,0.625576298651341,TRUE,1,0.00400000000000134
0.01,2115,3,5,100036,"oracle_lambda_profiled_eta0",0.01,1445.86445585813,1445.86445585813,1,-0.38034743045948,-0.38034743045948,0,"interior","upper",2441.72174838294,0,1,1,0.5,FALSE,0.497259662041144,0,TRUE,83,0.350000000000023,"289, 413",1,1,0.5,FALSE,0.791469020177504,0.59079459924235,TRUE,1,0.00400000000000134
0.01,4599,3,1,100037,"joint_lambda_2x_eta0",0.01,1745.33667519545,3490.67335039089,2,-0.968891414438606,-0.275744233878662,0,"interior","upper",2448.20261088856,0,2,1,1,TRUE,0.600115239864313,0.22204308821298,TRUE,31,0.211000000000013,"76, 336",2,1,1,TRUE,0.600115239864313,0.22204308821298,FALSE,4,0.00400000000000134
0.01,4599,3,1,100037,"joint_lambda_profiled_eta0",0.01,1745.33667519545,1745.33667519545,1,-0.968891414438606,-0.968891414438606,0,"interior","upper",2448.3772586342,0,2,1,1,TRUE,0.598845377474991,0.222840920851292,TRUE,38,0.163000000000011,"76, 336",2,1,1,TRUE,0.598845377474991,0.222840920851292,FALSE,4,0.00400000000000134
0.01,4599,3,1,100037,"oracle_lambda_2x_eta0",0.01,1745.33667519545,3490.67335039089,2,-0.968891414438606,-0.275744233878662,0,"interior","upper",2448.20261088856,0,2,1,1,TRUE,0.600115239864313,0.22204308821298,TRUE,31,0.211000000000013,"76, 336",2,1,1,TRUE,0.600115239864313,0.22204308821298,FALSE,4,0.00400000000000134
0.01,4599,3,1,100037,"oracle_lambda_profiled_eta0",0.01,1745.33667519545,1745.33667519545,1,-0.968891414438606,-0.968891414438606,0,"interior","upper",2448.3772586342,0,2,1,1,TRUE,0.598845377474991,0.222840920851292,TRUE,38,0.163000000000011,"76, 336",2,1,1,TRUE,0.598845377474991,0.222840920851292,FALSE,4,0.00400000000000134
0.01,4599,3,2,100038,"joint_lambda_2x_eta0",0.01,1881.6833226218,3763.3666452436,2,-0.893672127960099,-0.200524947400154,0,"interior","upper",2445.94507309047,0,2,1,1,TRUE,0.62246583255163,0.25695131346799,TRUE,36,0.233000000000004,"165, 336",2,1,1,TRUE,0.62246583255163,0.25695131346799,FALSE,5,0.00300000000000011
0.01,4599,3,2,100038,"joint_lambda_profiled_eta0",0.01,1881.6833226218,1881.6833226218,1,-0.893672127960099,-0.893672127960099,0,"interior","upper",2446.16431524525,0,2,1,1,TRUE,0.621182483382905,0.257449319194034,TRUE,44,0.17900000000003,"165, 336",2,1,1,TRUE,0.621182483382905,0.257449319194034,FALSE,5,0.00300000000000011
0.01,4599,3,2,100038,"oracle_lambda_2x_eta0",0.01,1881.6833226218,3763.3666452436,2,-0.893672127960099,-0.200524947400154,0,"interior","upper",2445.94507309047,0,2,1,1,TRUE,0.62246583255163,0.25695131346799,TRUE,36,0.233000000000004,"165, 336",2,1,1,TRUE,0.62246583255163,0.25695131346799,FALSE,5,0.00300000000000011
0.01,4599,3,2,100038,"oracle_lambda_profiled_eta0",0.01,1881.6833226218,1881.6833226218,1,-0.893672127960099,-0.893672127960099,0,"interior","upper",2446.16431524525,0,2,1,1,TRUE,0.621182483382905,0.257449319194034,TRUE,44,0.17900000000003,"165, 336",2,1,1,TRUE,0.621182483382905,0.257449319194034,FALSE,5,0.00300000000000011
0.01,4599,3,3,100039,"joint_lambda_2x_eta0",0.01,2783.83535461457,5567.67070922914,2,-0.5020092876999,0.191137892860045,0,"interior","upper",2446.61863674002,0,2,0.5,0.5,FALSE,0.369279890484354,0.00660415057413666,TRUE,44,0.425999999999988,"288, 366",2,0.5,0.5,FALSE,0.369279890484354,0.00660415057413666,FALSE,2,0.00300000000000011
0.01,4599,3,3,100039,"joint_lambda_profiled_eta0",0.01,2783.83535461457,2783.83535461457,1,-0.5020092876999,-0.5020092876999,0,"interior","upper",2446.81917446564,0,2,0.5,0.5,FALSE,0.364885651782097,0.0071119545028373,TRUE,48,0.353000000000009,"288, 366",2,0.5,0.5,FALSE,0.364885651782097,0.0071119545028373,FALSE,2,0.00300000000000011
0.01,4599,3,3,100039,"oracle_lambda_2x_eta0",0.01,2783.83535461457,5567.67070922914,2,-0.5020092876999,0.191137892860045,0,"interior","upper",2446.61863674002,0,2,0.5,0.5,FALSE,0.369279890484354,0.00660415057413666,TRUE,44,0.425999999999988,"288, 366",2,0.5,0.5,FALSE,0.369279890484354,0.00660415057413666,FALSE,2,0.00300000000000011
0.01,4599,3,3,100039,"oracle_lambda_profiled_eta0",0.01,2783.83535461457,2783.83535461457,1,-0.5020092876999,-0.5020092876999,0,"interior","upper",2446.81917446564,0,2,0.5,0.5,FALSE,0.364885651782097,0.0071119545028373,TRUE,48,0.353000000000009,"288, 366",2,0.5,0.5,FALSE,0.364885651782097,0.0071119545028373,FALSE,2,0.00300000000000011
0.01,4599,3,4,100040,"joint_lambda_2x_eta0",0.01,20000,20000,2,1.4698933849962,1.4698933849962,0,"upper","upper",2485.03632098379,0,2,1,1,TRUE,0.244886886425949,0.216595463210219,TRUE,65,1.25300000000004,"77, 379",2,1,1,TRUE,0.244886886425949,0.216595463210219,FALSE,2,0.00399999999999778
0.01,4599,3,4,100040,"joint_lambda_profiled_eta0",0.01,20000,20000,1,1.4698933849962,1.4698933849962,0,"upper","upper",2485.03622239909,0,2,1,1,TRUE,0.244884212257282,0.216597336546785,TRUE,63,1.13100000000003,"77, 379",2,1,1,TRUE,0.244884212257282,0.216597336546785,FALSE,2,0.00399999999999778
0.01,4599,3,4,100040,"oracle_lambda_2x_eta0",0.01,20000,20000,2,1.4698933849962,1.4698933849962,0,"upper","upper",2485.03632098379,0,2,1,1,TRUE,0.244886886425949,0.216595463210219,TRUE,65,1.25300000000004,"77, 379",2,1,1,TRUE,0.244886886425949,0.216595463210219,FALSE,2,0.00399999999999778
0.01,4599,3,4,100040,"oracle_lambda_profiled_eta0",0.01,20000,20000,1,1.4698933849962,1.4698933849962,0,"upper","upper",2485.03622239909,0,2,1,1,TRUE,0.244884212257282,0.216597336546785,TRUE,63,1.13100000000003,"77, 379",2,1,1,TRUE,0.244884212257282,0.216597336546785,FALSE,2,0.00399999999999778
0.01,4599,3,5,100041,"joint_lambda_2x_eta0",0.008,553.375900736985,1106.75180147397,2,-2.11755664877359,-1.42440946821364,-0.223143551314211,"interior","interior",2423.78272299356,0.398470458916563,2,1,1,TRUE,0.532468964582496,0.4364383694161,TRUE,8,0.063000000000045,"5, 318",2,1,1,TRUE,0.532468964582496,0.4364383694161,FALSE,5,0.00300000000000011
0.01,4599,3,5,100041,"joint_lambda_profiled_eta0",0.008,553.375900736985,553.375900736985,1,-2.11755664877359,-2.11755664877359,-0.223143551314211,"interior","interior",2425.16773936731,1.12219715382025,2,1,1,TRUE,0.507324485774947,0.442258121782257,TRUE,15,0.0540000000000305,"5, 318",2,1,1,TRUE,0.507324485774947,0.442258121782257,FALSE,5,0.00300000000000011
0.01,4599,3,5,100041,"oracle_lambda_2x_eta0",0.01,946.319655843845,1892.63931168769,2,-1.58101375298092,-0.887866572420976,0,"interior","upper",2423.38425253465,0,2,1,1,TRUE,0.544235657102101,0.433127043600386,TRUE,8,0.0570000000000164,"5, 318",2,1,1,TRUE,0.544235657102101,0.433127043600386,FALSE,5,0.00300000000000011
0.01,4599,3,5,100041,"oracle_lambda_profiled_eta0",0.01,946.319655843845,946.319655843845,1,-1.58101375298092,-1.58101375298092,0,"interior","upper",2424.04554221349,0,2,1,1,TRUE,0.52784131096082,0.437663193327047,TRUE,13,0.0470000000000255,"5, 318",2,1,1,TRUE,0.52784131096082,0.437663193327047,FALSE,5,0.00300000000000011
0.01,10000,3,1,100042,"joint_lambda_2x_eta0",0.008,493.412536141375,986.825072282749,2,-3.00899476053978,-2.31584757997984,-0.223143551314211,"interior","interior",2421.50909442083,0.341601805188475,2,1,1,TRUE,0.979718379008177,0.978658695544373,TRUE,58,0.387000000000057,"179, 393",2,1,1,TRUE,0.979718379008177,0.978658695544373,FALSE,1,0.00300000000000011
0.01,10000,3,1,100042,"joint_lambda_profiled_eta0",0.008,493.412536141375,493.412536141375,1,-3.00899476053978,-3.00899476053978,-0.223143551314211,"interior","interior",2422.97238475507,1.06607835526256,2,1,1,TRUE,0.967325396712033,0.966474467346713,TRUE,69,0.317000000000007,"179, 393",2,1,1,TRUE,0.967325396712033,0.966474467346713,FALSE,1,0.00300000000000011
0.01,10000,3,1,100042,"oracle_lambda_2x_eta0",0.01,813.752865738812,1627.50573147762,2,-2.50868365681437,-1.81553647625442,0,"interior","upper",2421.16749261564,0,2,1,1,TRUE,0.983791854993139,0.982691976269881,TRUE,47,0.305999999999926,"179, 393",2,1,1,TRUE,0.983791854993139,0.982691976269881,FALSE,1,0.00300000000000011
0.01,10000,3,1,100042,"oracle_lambda_profiled_eta0",0.01,813.752865738812,813.752865738812,1,-2.50868365681437,-2.50868365681437,0,"interior","upper",2421.9063063998,0,2,1,1,TRUE,0.977450772059154,0.97628890374486,TRUE,60,0.252999999999929,"179, 393",2,1,1,TRUE,0.977450772059154,0.97628890374486,FALSE,1,0.00300000000000011
0.01,10000,3,2,100043,"joint_lambda_2x_eta0",0.008,2760.06063630636,5520.12127261273,2,-1.2873324438301,-0.594185263270154,-0.223143551314211,"interior","interior",2475.9891103611,0.053271236737146,2,1,1,TRUE,0.93528853815154,0.87057707630308,TRUE,28,0.275000000000091,"487, 494",2,1,1,TRUE,0.93528853815154,0.87057707630308,FALSE,1,0.00400000000000134
0.01,10000,3,2,100043,"joint_lambda_profiled_eta0",0.008,2760.06063630636,2760.06063630636,1,-1.2873324438301,-1.2873324438301,-0.223143551314211,"interior","interior",2476.12016344068,0.184213297380666,2,1,1,TRUE,0.930301254478382,0.860602508956763,TRUE,34,0.228000000000065,"487, 494",2,1,1,TRUE,0.930301254478382,0.860602508956763,FALSE,1,0.00400000000000134
0.01,10000,3,2,100043,"oracle_lambda_2x_eta0",0.01,20000,20000,2,0.693147180559944,0.693147180559944,0,"upper","upper",2475.93583912436,0,2,1,1,TRUE,0.937762833734828,0.875525667469655,TRUE,24,0.460000000000036,"487, 494",2,1,1,TRUE,0.937762833734828,0.875525667469655,FALSE,1,0.00400000000000134
0.01,10000,3,2,100043,"oracle_lambda_profiled_eta0",0.01,20000,20000,1,0.693147180559944,0.693147180559944,0,"upper","upper",2475.9359501433,0,2,1,1,TRUE,0.937761460406821,0.875522920813642,TRUE,25,0.415000000000077,"487, 494",2,1,1,TRUE,0.937761460406821,0.875522920813642,FALSE,1,0.00400000000000134
0.01,10000,3,3,100044,"joint_lambda_2x_eta0",0.01,20000,20000,2,0.693147180559944,0.693147180559944,0,"upper","upper",2466.83342551412,0,2,1,1,TRUE,0.65608050432843,0.637137995353656,TRUE,9,0.175999999999931,"346, 431",2,1,1,TRUE,0.65608050432843,0.637137995353656,FALSE,2,0.00399999999999778
0.01,10000,3,3,100044,"joint_lambda_profiled_eta0",0.01,20000,20000,1,0.693147180559944,0.693147180559944,0,"upper","upper",2466.83272340857,0,2,1,1,TRUE,0.656076053163204,0.637059042347323,TRUE,10,0.158000000000015,"346, 431",2,1,1,TRUE,0.656076053163204,0.637059042347323,FALSE,2,0.00399999999999778
0.01,10000,3,3,100044,"oracle_lambda_2x_eta0",0.01,20000,20000,2,0.693147180559944,0.693147180559944,0,"upper","upper",2466.83342551412,0,2,1,1,TRUE,0.65608050432843,0.637137995353656,TRUE,9,0.175999999999931,"346, 431",2,1,1,TRUE,0.65608050432843,0.637137995353656,FALSE,2,0.00399999999999778
0.01,10000,3,3,100044,"oracle_lambda_profiled_eta0",0.01,20000,20000,1,0.693147180559944,0.693147180559944,0,"upper","upper",2466.83272340857,0,2,1,1,TRUE,0.656076053163204,0.637059042347323,TRUE,10,0.158000000000015,"346, 431",2,1,1,TRUE,0.656076053163204,0.637059042347323,FALSE,2,0.00399999999999778
0.01,10000,3,4,100045,"joint_lambda_2x_eta0",0.01,2242.40944049319,4484.81888098638,2,-1.49503416213929,-0.801886981579342,0,"interior","upper",2445.89339085231,0,2,1,1,TRUE,0.990900326388712,0.981800652777423,TRUE,76,0.879000000000019,"214, 324",2,1,1,TRUE,0.990900326388712,0.981800652777423,FALSE,1,0.00300000000000011
0.01,10000,3,4,100045,"joint_lambda_profiled_eta0",0.01,2242.40944049319,2242.40944049319,1,-1.49503416213929,-1.49503416213929,0,"interior","upper",2446.09545712953,0,2,1,1,TRUE,0.989191214510585,0.978382429021171,TRUE,77,0.755999999999972,"214, 324",2,1,1,TRUE,0.989191214510585,0.978382429021171,FALSE,1,0.00300000000000011
0.01,10000,3,4,100045,"oracle_lambda_2x_eta0",0.01,2242.40944049319,4484.81888098638,2,-1.49503416213929,-0.801886981579342,0,"interior","upper",2445.89339085231,0,2,1,1,TRUE,0.990900326388712,0.981800652777423,TRUE,76,0.879000000000019,"214, 324",2,1,1,TRUE,0.990900326388712,0.981800652777423,FALSE,1,0.00300000000000011
0.01,10000,3,4,100045,"oracle_lambda_profiled_eta0",0.01,2242.40944049319,2242.40944049319,1,-1.49503416213929,-1.49503416213929,0,"interior","upper",2446.09545712953,0,2,1,1,TRUE,0.989191214510585,0.978382429021171,TRUE,77,0.755999999999972,"214, 324",2,1,1,TRUE,0.989191214510585,0.978382429021171,FALSE,1,0.00300000000000011
0.01,10000,3,5,100046,"joint_lambda_2x_eta0",0.01,20000,20000,2,0.693147180559944,0.693147180559944,0,"upper","upper",2484.79454663816,0,1,1,0.5,FALSE,0.463479105364595,0,TRUE,72,0.341000000000008,"311, 457",1,1,0.5,FALSE,0.585883720767534,0.249223220050492,TRUE,2,0.00400000000000134
0.01,10000,3,5,100046,"joint_lambda_profiled_eta0",0.01,20000,20000,1,0.693147180559944,0.693147180559944,0,"upper","upper",2484.67613625229,0,1,1,0.5,FALSE,0.463479105364595,0,TRUE,11,0.187999999999988,"311, 457",1,1,0.5,FALSE,0.519970418801539,0.116692955348532,TRUE,2,0.00400000000000134
0.01,10000,3,5,100046,"oracle_lambda_2x_eta0",0.01,20000,20000,2,0.693147180559944,0.693147180559944,0,"upper","upper",2484.79454663816,0,1,1,0.5,FALSE,0.463479105364595,0,TRUE,72,0.341000000000008,"311, 457",1,1,0.5,FALSE,0.585883720767534,0.249223220050492,TRUE,2,0.00400000000000134
0.01,10000,3,5,100046,"oracle_lambda_profiled_eta0",0.01,20000,20000,1,0.693147180559944,0.693147180559944,0,"upper","upper",2484.67613625229,0,1,1,0.5,FALSE,0.463479105364595,0,TRUE,11,0.187999999999988,"311, 457",1,1,0.5,FALSE,0.519970418801539,0.116692955348532,TRUE,2,0.00400000000000134
0.01,20,4,1,100047,"joint_lambda_2x_eta0",0.01,24.1902839152732,48.3805678305465,2,0.190218787885105,0.88336596844505,0,"interior","upper",2011.77246034629,0,1,1,0.5,FALSE,0.458649172319731,0,TRUE,38,0.391000000000076,"331, 385",1,1,0.5,FALSE,0.289057720738234,0.00786967528234872,TRUE,2,0.00400000000000134
0.01,20,4,1,100047,"joint_lambda_profiled_eta0",0.01,24.1902839152732,24.1902839152732,1,0.190218787885105,0.190218787885105,0,"interior","upper",2014.31575413185,0,1,1,0.5,FALSE,0.458649172319731,0,TRUE,81,0.34800000000007,"331, 385",1,1,0.5,FALSE,0.181033973147482,0.00797615825957998,TRUE,2,0.00400000000000134
0.01,20,4,1,100047,"oracle_lambda_2x_eta0",0.01,24.1902839152732,48.3805678305465,2,0.190218787885105,0.88336596844505,0,"interior","upper",2011.77246034629,0,1,1,0.5,FALSE,0.458649172319731,0,TRUE,38,0.391000000000076,"331, 385",1,1,0.5,FALSE,0.289057720738234,0.00786967528234872,TRUE,2,0.00400000000000134
0.01,20,4,1,100047,"oracle_lambda_profiled_eta0",0.01,24.1902839152732,24.1902839152732,1,0.190218787885105,0.190218787885105,0,"interior","upper",2014.31575413185,0,1,1,0.5,FALSE,0.458649172319731,0,TRUE,81,0.34800000000007,"331, 385",1,1,0.5,FALSE,0.181033973147482,0.00797615825957998,TRUE,2,0.00400000000000134
0.01,20,4,2,100048,"joint_lambda_2x_eta0",0.01,16.0435139454296,32.0870278908591,2,-0.22042762120422,0.472719559355726,0,"interior","upper",1868.53155351309,0,1,1,0.5,FALSE,0.5,0,TRUE,54,0.441999999999894,"69, 437",1,1,0.5,FALSE,0.5044246082063,0.00884932971454644,TRUE,1,0.00400000000000134
0.01,20,4,2,100048,"joint_lambda_profiled_eta0",0.01,16.0435139454296,16.0435139454296,1,-0.22042762120422,-0.22042762120422,0,"interior","upper",1870.78018418309,0,1,1,0.5,FALSE,0.5,0,TRUE,92,0.379999999999995,"69, 437",1,1,0.5,FALSE,0.503962373273767,0.00801103690314597,TRUE,1,0.00400000000000134
0.01,20,4,2,100048,"oracle_lambda_2x_eta0",0.01,16.0435139454296,32.0870278908591,2,-0.22042762120422,0.472719559355726,0,"interior","upper",1868.53155351309,0,1,1,0.5,FALSE,0.5,0,TRUE,54,0.441999999999894,"69, 437",1,1,0.5,FALSE,0.5044246082063,0.00884932971454644,TRUE,1,0.00400000000000134
0.01,20,4,2,100048,"oracle_lambda_profiled_eta0",0.01,16.0435139454296,16.0435139454296,1,-0.22042762120422,-0.22042762120422,0,"interior","upper",1870.78018418309,0,1,1,0.5,FALSE,0.5,0,TRUE,92,0.379999999999995,"69, 437",1,1,0.5,FALSE,0.503962373273767,0.00801103690314597,TRUE,1,0.00400000000000134
0.01,20,4,3,100049,"joint_lambda_2x_eta0",0.01,2,4,2,-2.30258509299405,-1.6094379124341,0,"lower","upper",1700.77385085768,0,1,0,0,FALSE,0.000688553009776827,5.81222473483578e-08,TRUE,146,0.689999999999827,"92, 109",0,0,0,FALSE,0.0348334302653557,0.031713183418661,TRUE,2,0.00300000000000011
0.01,20,4,3,100049,"joint_lambda_profiled_eta0",0.01,2,2,1,-2.30258509299405,-2.30258509299405,0,"lower","upper",1701.026506589,0,1,0,0,FALSE,0.000688553009776827,5.81222473483578e-08,TRUE,116,0.521999999999935,"92, 109",0,0,0,FALSE,0.0207011310265893,0.0202594463285968,TRUE,2,0.00300000000000011
0.01,20,4,3,100049,"oracle_lambda_2x_eta0",0.01,2,4,2,-2.30258509299405,-1.6094379124341,0,"lower","upper",1700.77385085768,0,1,0,0,FALSE,0.000688553009776827,5.81222473483578e-08,TRUE,146,0.689999999999827,"92, 109",0,0,0,FALSE,0.0348334302653557,0.031713183418661,TRUE,2,0.00300000000000011
0.01,20,4,3,100049,"oracle_lambda_profiled_eta0",0.01,2,2,1,-2.30258509299405,-2.30258509299405,0,"lower","upper",1701.026506589,0,1,0,0,FALSE,0.000688553009776827,5.81222473483578e-08,TRUE,116,0.521999999999935,"92, 109",0,0,0,FALSE,0.0207011310265893,0.0202594463285968,TRUE,2,0.00300000000000011
0.01,20,4,4,100050,"joint_lambda_2x_eta0",0.01,2.42428825652275,4.8485765130455,2,-2.11019429470967,-1.41704711414972,0,"interior","upper",1860.292749488,0,1,1,0.5,FALSE,0.499999918195854,8.88178419700125e-16,TRUE,117,0.677000000000021,"194, 481",0,0,0,FALSE,0.0605072513530613,0.0330152243458315,TRUE,1,0.00399999999999778
0.01,20,4,4,100050,"joint_lambda_profiled_eta0",0.01,2.42428825652275,2.42428825652275,1,-2.11019429470967,-2.11019429470967,0,"interior","upper",1860.4411051308,0,1,1,0.5,FALSE,0.499999918195854,8.88178419700125e-16,TRUE,128,0.544999999999959,"194, 481",0,0,0,FALSE,0.0256187035037642,0.0228232649567399,TRUE,1,0.00399999999999778
0.01,20,4,4,100050,"oracle_lambda_2x_eta0",0.01,2.42428825652275,4.8485765130455,2,-2.11019429470967,-1.41704711414972,0,"interior","upper",1860.292749488,0,1,1,0.5,FALSE,0.499999918195854,8.88178419700125e-16,TRUE,117,0.677000000000021,"194, 481",0,0,0,FALSE,0.0605072513530613,0.0330152243458315,TRUE,1,0.00399999999999778
0.01,20,4,4,100050,"oracle_lambda_profiled_eta0",0.01,2.42428825652275,2.42428825652275,1,-2.11019429470967,-2.11019429470967,0,"interior","upper",1860.4411051308,0,1,1,0.5,FALSE,0.499999918195854,8.88178419700125e-16,TRUE,128,0.544999999999959,"194, 481",0,0,0,FALSE,0.0256187035037642,0.0228232649567399,TRUE,1,0.00399999999999778
0.01,20,4,5,100051,"joint_lambda_2x_eta0",0.01,11.9295296549713,23.8590593099427,2,-0.516715463621927,0.176431716938018,0,"interior","upper",1871.48112286117,0,1,1,0.5,FALSE,0.418100923806223,1.30275790155565e-11,TRUE,53,0.535000000000082,"192, 333",1,1,0.5,FALSE,0.179558254565492,0.0109747595094875,TRUE,3,0.00400000000000134
0.01,20,4,5,100051,"joint_lambda_profiled_eta0",0.01,11.9295296549713,11.9295296549713,1,-0.516715463621927,-0.516715463621927,0,"interior","upper",1873.03667512033,0,1,1,0.5,FALSE,0.418100923806223,1.30275790155565e-11,TRUE,105,0.471000000000004,"192, 333",0,0,0,FALSE,0.154067718436926,0.0246860489728551,TRUE,3,0.00400000000000134
0.01,20,4,5,100051,"oracle_lambda_2x_eta0",0.01,11.9295296549713,23.8590593099427,2,-0.516715463621927,0.176431716938018,0,"interior","upper",1871.48112286117,0,1,1,0.5,FALSE,0.418100923806223,1.30275790155565e-11,TRUE,53,0.535000000000082,"192, 333",1,1,0.5,FALSE,0.179558254565492,0.0109747595094875,TRUE,3,0.00400000000000134
0.01,20,4,5,100051,"oracle_lambda_profiled_eta0",0.01,11.9295296549713,11.9295296549713,1,-0.516715463621927,-0.516715463621927,0,"interior","upper",1873.03667512033,0,1,1,0.5,FALSE,0.418100923806223,1.30275790155565e-11,TRUE,105,0.471000000000004,"192, 333",0,0,0,FALSE,0.154067718436926,0.0246860489728551,TRUE,3,0.00400000000000134
0.01,43,4,1,100052,"joint_lambda_2x_eta0",0.01,23.0607887880176,46.1215775760351,2,-0.623066395539238,0.0700807850207075,0,"interior","upper",2041.11123669423,0,1,1,0.5,FALSE,0.499993760626977,3.69184538495659e-09,TRUE,49,0.347999999999956,"112, 361",1,1,0.5,FALSE,0.518755264867462,0.0402396862582306,TRUE,1,0.004999999999999
0.01,43,4,1,100052,"joint_lambda_profiled_eta0",0.01,23.0607887880176,23.0607887880176,1,-0.623066395539238,-0.623066395539238,0,"interior","upper",2043.19725393746,0,1,1,0.5,FALSE,0.499993760626977,3.69184538495659e-09,TRUE,65,0.29200000000003,"112, 361",0,0,0,FALSE,0.449881369184986,0.0186839808654512,TRUE,1,0.004999999999999
0.01,43,4,1,100052,"oracle_lambda_2x_eta0",0.01,23.0607887880176,46.1215775760351,2,-0.623066395539238,0.0700807850207075,0,"interior","upper",2041.11123669423,0,1,1,0.5,FALSE,0.499993760626977,3.69184538495659e-09,TRUE,49,0.347999999999956,"112, 361",1,1,0.5,FALSE,0.518755264867462,0.0402396862582306,TRUE,1,0.004999999999999
0.01,43,4,1,100052,"oracle_lambda_profiled_eta0",0.01,23.0607887880176,23.0607887880176,1,-0.623066395539238,-0.623066395539238,0,"interior","upper",2043.19725393746,0,1,1,0.5,FALSE,0.499993760626977,3.69184538495659e-09,TRUE,65,0.29200000000003,"112, 361",0,0,0,FALSE,0.449881369184986,0.0186839808654512,TRUE,1,0.004999999999999
0.01,43,4,2,100053,"joint_lambda_2x_eta0",0.01,22.9556163211511,45.9112326423022,2,-0.627637489250169,0.0655096913097766,0,"interior","upper",1987.97490685453,0,1,1,0.5,FALSE,0.0786639700215045,0,TRUE,60,0.369000000000028,"68, 403",1,1,0.5,FALSE,0.187306683887198,0.0246545671428783,TRUE,2,0.00399999999999778
0.01,43,4,2,100053,"joint_lambda_profiled_eta0",0.01,22.9556163211511,22.9556163211511,1,-0.627637489250169,-0.627637489250169,0,"interior","upper",1990.43414274458,0,1,1,0.5,FALSE,0.0786639700215045,0,TRUE,67,0.302000000000021,"68, 403",1,1,0.5,FALSE,0.180145159331997,0.00831846087875121,TRUE,2,0.00399999999999778
0.01,43,4,2,100053,"oracle_lambda_2x_eta0",0.01,22.9556163211511,45.9112326423022,2,-0.627637489250169,0.0655096913097766,0,"interior","upper",1987.97490685453,0,1,1,0.5,FALSE,0.0786639700215045,0,TRUE,60,0.369000000000028,"68, 403",1,1,0.5,FALSE,0.187306683887198,0.0246545671428783,TRUE,2,0.00399999999999778
0.01,43,4,2,100053,"oracle_lambda_profiled_eta0",0.01,22.9556163211511,22.9556163211511,1,-0.627637489250169,-0.627637489250169,0,"interior","upper",1990.43414274458,0,1,1,0.5,FALSE,0.0786639700215045,0,TRUE,67,0.302000000000021,"68, 403",1,1,0.5,FALSE,0.180145159331997,0.00831846087875121,TRUE,2,0.00399999999999778
0.01,43,4,3,100054,"joint_lambda_2x_eta0",0.01,25.4906593964274,50.9813187928548,2,-0.522888028812066,0.17025915174788,0,"interior","upper",2012.50115055467,0,2,1,1,TRUE,0.328880440369572,0.320093127881314,TRUE,107,0.361000000000104,"152, 333",2,1,1,TRUE,0.328880440369572,0.320093127881314,FALSE,3,0.00399999999999778
0.01,43,4,3,100054,"joint_lambda_profiled_eta0",0.01,25.4906593964274,25.4906593964274,1,-0.522888028812066,-0.522888028812066,0,"interior","upper",2012.66361412886,0,1,1,0.5,FALSE,0.257970613288221,2.20468088230064e-12,TRUE,58,0.242000000000075,"152, 333",1,1,0.5,FALSE,0.172163708341608,0.0102649426053609,TRUE,3,0.00399999999999778
0.01,43,4,3,100054,"oracle_lambda_2x_eta0",0.01,25.4906593964274,50.9813187928548,2,-0.522888028812066,0.17025915174788,0,"interior","upper",2012.50115055467,0,2,1,1,TRUE,0.328880440369572,0.320093127881314,TRUE,107,0.361000000000104,"152, 333",2,1,1,TRUE,0.328880440369572,0.320093127881314,FALSE,3,0.00399999999999778
0.01,43,4,3,100054,"oracle_lambda_profiled_eta0",0.01,25.4906593964274,25.4906593964274,1,-0.522888028812066,-0.522888028812066,0,"interior","upper",2012.66361412886,0,1,1,0.5,FALSE,0.257970613288221,2.20468088230064e-12,TRUE,58,0.242000000000075,"152, 333",1,1,0.5,FALSE,0.172163708341608,0.0102649426053609,TRUE,3,0.00399999999999778
0.01,43,4,4,100055,"joint_lambda_2x_eta0",0.01,23.3034094584586,46.6068189169172,2,-0.612600437137695,0.0805467434222504,0,"interior","upper",2001.77519682434,0,1,1,0.5,FALSE,0.499999999999992,0,TRUE,88,0.423000000000002,"109, 421",1,1,0.5,FALSE,0.510301712645546,0.0206087897893914,TRUE,1,0.00399999999999778
0.01,43,4,4,100055,"joint_lambda_profiled_eta0",0.01,23.3034094584586,23.3034094584586,1,-0.612600437137695,-0.612600437137695,0,"interior","upper",2004.47395021109,0,1,1,0.5,FALSE,0.499999999999992,0,TRUE,73,0.322000000000003,"109, 421",1,1,0.5,FALSE,0.504021303032228,0.00846081417046374,TRUE,1,0.00399999999999778
0.01,43,4,4,100055,"oracle_lambda_2x_eta0",0.01,23.3034094584586,46.6068189169172,2,-0.612600437137695,0.0805467434222504,0,"interior","upper",2001.77519682434,0,1,1,0.5,FALSE,0.499999999999992,0,TRUE,88,0.423000000000002,"109, 421",1,1,0.5,FALSE,0.510301712645546,0.0206087897893914,TRUE,1,0.00399999999999778
0.01,43,4,4,100055,"oracle_lambda_profiled_eta0",0.01,23.3034094584586,23.3034094584586,1,-0.612600437137695,-0.612600437137695,0,"interior","upper",2004.47395021109,0,1,1,0.5,FALSE,0.499999999999992,0,TRUE,73,0.322000000000003,"109, 421",1,1,0.5,FALSE,0.504021303032228,0.00846081417046374,TRUE,1,0.00399999999999778
0.01,43,4,5,100056,"joint_lambda_2x_eta0",0.01,18.0562271079008,36.1124542158015,2,-0.867709498283307,-0.174562317723361,0,"interior","upper",1965.2428822926,0,1,1,0.5,FALSE,0.0440969830408631,0,TRUE,146,0.416000000000054,"29, 79",1,1,0.5,FALSE,0.251524156858022,0.21990645112765,TRUE,2,0.00300000000000011
0.01,43,4,5,100056,"joint_lambda_profiled_eta0",0.01,18.0562271079008,18.0562271079008,1,-0.867709498283307,-0.867709498283307,0,"interior","upper",1966.19307856661,0,1,1,0.5,FALSE,0.0440969830408631,0,TRUE,62,0.254999999999995,"29, 79",1,1,0.5,FALSE,0.168912473160022,0.00881245357996019,TRUE,2,0.00300000000000011
0.01,43,4,5,100056,"oracle_lambda_2x_eta0",0.01,18.0562271079008,36.1124542158015,2,-0.867709498283307,-0.174562317723361,0,"interior","upper",1965.2428822926,0,1,1,0.5,FALSE,0.0440969830408631,0,TRUE,146,0.416000000000054,"29, 79",1,1,0.5,FALSE,0.251524156858022,0.21990645112765,TRUE,2,0.00300000000000011
0.01,43,4,5,100056,"oracle_lambda_profiled_eta0",0.01,18.0562271079008,18.0562271079008,1,-0.867709498283307,-0.867709498283307,0,"interior","upper",1966.19307856661,0,1,1,0.5,FALSE,0.0440969830408631,0,TRUE,62,0.254999999999995,"29, 79",1,1,0.5,FALSE,0.168912473160022,0.00881245357996019,TRUE,2,0.00300000000000011
0.01,95,4,1,100057,"joint_lambda_2x_eta0",0.01,99.5074364856346,199.014872971269,2,0.0463554883203114,0.739502668880257,0,"interior","upper",2194.09606400437,0,2,1,1,TRUE,0.559848826190452,0.120160344545865,TRUE,23,0.329000000000178,"36, 205",2,1,1,TRUE,0.559848826190452,0.120160344545865,FALSE,1,0.00400000000000134
0.01,95,4,1,100057,"joint_lambda_profiled_eta0",0.01,99.5074364856346,99.5074364856346,1,0.0463554883203114,0.0463554883203114,0,"interior","upper",2199.40067381299,0,2,1,1,TRUE,0.597972059946918,0.203673437164214,TRUE,70,0.303000000000111,"36, 205",2,1,1,TRUE,0.597972059946918,0.203673437164214,FALSE,1,0.00400000000000134
0.01,95,4,1,100057,"oracle_lambda_2x_eta0",0.01,99.5074364856346,199.014872971269,2,0.0463554883203114,0.739502668880257,0,"interior","upper",2194.09606400437,0,2,1,1,TRUE,0.559848826190452,0.120160344545865,TRUE,23,0.329000000000178,"36, 205",2,1,1,TRUE,0.559848826190452,0.120160344545865,FALSE,1,0.00400000000000134
0.01,95,4,1,100057,"oracle_lambda_profiled_eta0",0.01,99.5074364856346,99.5074364856346,1,0.0463554883203114,0.0463554883203114,0,"interior","upper",2199.40067381299,0,2,1,1,TRUE,0.597972059946918,0.203673437164214,TRUE,70,0.303000000000111,"36, 205",2,1,1,TRUE,0.597972059946918,0.203673437164214,FALSE,1,0.00400000000000134
0.01,95,4,2,100058,"joint_lambda_2x_eta0",0.01,40.7680165398679,81.5360330797359,2,-0.845979025943803,-0.152831845383858,0,"interior","upper",2103.71649931995,0,1,1,0.5,FALSE,0.0398533100815783,0,TRUE,103,0.406999999999925,"60, 87",1,1,0.5,FALSE,0.527139388089286,0.222253746752008,TRUE,3,0.00300000000000011
0.01,95,4,2,100058,"joint_lambda_profiled_eta0",0.01,40.7680165398679,40.7680165398679,1,-0.845979025943803,-0.845979025943803,0,"interior","upper",2106.50654122342,0,1,1,0.5,FALSE,0.0398533100815783,0,TRUE,64,0.292999999999893,"60, 87",1,1,0.5,FALSE,0.12406071792711,0.00952882941501643,TRUE,3,0.00300000000000011
0.01,95,4,2,100058,"oracle_lambda_2x_eta0",0.01,40.7680165398679,81.5360330797359,2,-0.845979025943803,-0.152831845383858,0,"interior","upper",2103.71649931995,0,1,1,0.5,FALSE,0.0398533100815783,0,TRUE,103,0.406999999999925,"60, 87",1,1,0.5,FALSE,0.527139388089286,0.222253746752008,TRUE,3,0.00300000000000011
0.01,95,4,2,100058,"oracle_lambda_profiled_eta0",0.01,40.7680165398679,40.7680165398679,1,-0.845979025943803,-0.845979025943803,0,"interior","upper",2106.50654122342,0,1,1,0.5,FALSE,0.0398533100815783,0,TRUE,64,0.292999999999893,"60, 87",1,1,0.5,FALSE,0.12406071792711,0.00952882941501643,TRUE,3,0.00300000000000011
0.01,95,4,3,100059,"joint_lambda_2x_eta0",0.01,66.7245542608435,133.449108521687,2,-0.353303876574402,0.339843303985544,0,"interior","upper",2169.46442986153,0,1,1,0.5,FALSE,0.5,0,TRUE,27,0.129999999999882,"171, 339",1,1,0.5,FALSE,0.532300334118951,0.064600668238985,TRUE,1,0.00400000000000134
0.01,95,4,3,100059,"joint_lambda_profiled_eta0",0.01,66.7245542608435,66.7245542608435,1,-0.353303876574402,-0.353303876574402,0,"interior","upper",2173.28563318279,0,1,1,0.5,FALSE,0.5,0,TRUE,27,0.0989999999999327,"171, 339",1,1,0.5,FALSE,0.505931921968347,0.0118638444237635,TRUE,1,0.00400000000000134
0.01,95,4,3,100059,"oracle_lambda_2x_eta0",0.01,66.7245542608435,133.449108521687,2,-0.353303876574402,0.339843303985544,0,"interior","upper",2169.46442986153,0,1,1,0.5,FALSE,0.5,0,TRUE,27,0.129999999999882,"171, 339",1,1,0.5,FALSE,0.532300334118951,0.064600668238985,TRUE,1,0.00400000000000134
0.01,95,4,3,100059,"oracle_lambda_profiled_eta0",0.01,66.7245542608435,66.7245542608435,1,-0.353303876574402,-0.353303876574402,0,"interior","upper",2173.28563318279,0,1,1,0.5,FALSE,0.5,0,TRUE,27,0.0989999999999327,"171, 339",1,1,0.5,FALSE,0.505931921968347,0.0118638444237635,TRUE,1,0.00400000000000134
0.01,95,4,4,100060,"joint_lambda_2x_eta0",0.01,55.0379075601584,110.075815120317,2,-0.545854715410344,0.147292465149602,0,"interior","upper",2205.47400835124,0,1,1,0.5,FALSE,0.499720395209075,5.80646641878957e-13,TRUE,20,0.129000000000133,"270, 365",1,1,0.5,FALSE,0.513980378562347,0.0576306123166433,TRUE,1,0.00400000000000134
0.01,95,4,4,100060,"joint_lambda_profiled_eta0",0.01,55.0379075601584,55.0379075601584,1,-0.545854715410344,-0.545854715410344,0,"interior","upper",2208.20069006399,0,1,1,0.5,FALSE,0.499720395209075,5.80646641878957e-13,TRUE,27,0.105999999999995,"270, 365",1,1,0.5,FALSE,0.462455993891972,0.0124605368294877,TRUE,1,0.00400000000000134
0.01,95,4,4,100060,"oracle_lambda_2x_eta0",0.01,55.0379075601584,110.075815120317,2,-0.545854715410344,0.147292465149602,0,"interior","upper",2205.47400835124,0,1,1,0.5,FALSE,0.499720395209075,5.80646641878957e-13,TRUE,20,0.129000000000133,"270, 365",1,1,0.5,FALSE,0.513980378562347,0.0576306123166433,TRUE,1,0.00400000000000134
0.01,95,4,4,100060,"oracle_lambda_profiled_eta0",0.01,55.0379075601584,55.0379075601584,1,-0.545854715410344,-0.545854715410344,0,"interior","upper",2208.20069006399,0,1,1,0.5,FALSE,0.499720395209075,5.80646641878957e-13,TRUE,27,0.105999999999995,"270, 365",1,1,0.5,FALSE,0.462455993891972,0.0124605368294877,TRUE,1,0.00400000000000134
0.01,95,4,5,100061,"joint_lambda_2x_eta0",0.01,106.474391042476,212.948782084953,2,0.114027604938814,0.807174785498759,0,"interior","upper",2227.35429084423,0,1,1,0.5,FALSE,0.450946409380443,0,TRUE,21,0.278999999999996,"40, 391",1,1,0.5,FALSE,0.422264464449776,0.0712836130311433,TRUE,2,0.00300000000000011
0.01,95,4,5,100061,"joint_lambda_profiled_eta0",0.01,106.474391042476,106.474391042476,1,0.114027604938814,0.114027604938814,0,"interior","upper",2232.25421357552,0,1,1,0.5,FALSE,0.450946409380443,0,TRUE,63,0.251999999999953,"40, 391",1,1,0.5,FALSE,0.353122992623844,0.00990640447280777,TRUE,2,0.00300000000000011
0.01,95,4,5,100061,"oracle_lambda_2x_eta0",0.01,106.474391042476,212.948782084953,2,0.114027604938814,0.807174785498759,0,"interior","upper",2227.35429084423,0,1,1,0.5,FALSE,0.450946409380443,0,TRUE,21,0.278999999999996,"40, 391",1,1,0.5,FALSE,0.422264464449776,0.0712836130311433,TRUE,2,0.00300000000000011
0.01,95,4,5,100061,"oracle_lambda_profiled_eta0",0.01,106.474391042476,106.474391042476,1,0.114027604938814,0.114027604938814,0,"interior","upper",2232.25421357552,0,1,1,0.5,FALSE,0.450946409380443,0,TRUE,63,0.251999999999953,"40, 391",1,1,0.5,FALSE,0.353122992623844,0.00990640447280777,TRUE,2,0.00300000000000011
0.01,206,4,1,100062,"joint_lambda_2x_eta0",0.01,133.334119341296,266.668238682592,2,-0.435018015307365,0.258129165252581,0,"interior","upper",2281.91570092843,0,1,1,0.5,FALSE,0.499999999998194,0,TRUE,14,0.08199999999988,"251, 474",1,1,0.5,FALSE,0.511773175008925,0.0235463570274915,TRUE,1,0.00399999999999778
0.01,206,4,1,100062,"joint_lambda_profiled_eta0",0.01,133.334119341296,133.334119341296,1,-0.435018015307365,-0.435018015307365,0,"interior","upper",2285.79280279982,0,1,1,0.5,FALSE,0.499999999998194,0,TRUE,18,0.0660000000000309,"251, 474",1,1,0.5,FALSE,0.505678237351826,0.01135690315183,TRUE,1,0.00399999999999778
0.01,206,4,1,100062,"oracle_lambda_2x_eta0",0.01,133.334119341296,266.668238682592,2,-0.435018015307365,0.258129165252581,0,"interior","upper",2281.91570092843,0,1,1,0.5,FALSE,0.499999999998194,0,TRUE,14,0.08199999999988,"251, 474",1,1,0.5,FALSE,0.511773175008925,0.0235463570274915,TRUE,1,0.00399999999999778
0.01,206,4,1,100062,"oracle_lambda_profiled_eta0",0.01,133.334119341296,133.334119341296,1,-0.435018015307365,-0.435018015307365,0,"interior","upper",2285.79280279982,0,1,1,0.5,FALSE,0.499999999998194,0,TRUE,18,0.0660000000000309,"251, 474",1,1,0.5,FALSE,0.505678237351826,0.01135690315183,TRUE,1,0.00399999999999778
0.01,206,4,2,100063,"joint_lambda_2x_eta0",0.01,121.063482598082,242.126965196165,2,-0.531561111202378,0.161586069357567,0,"interior","upper",2202.54097279471,0,2,1,1,TRUE,0.612257985663684,0.224636528235508,TRUE,12,0.404999999999973,"325, 412",2,1,1,TRUE,0.612257985663684,0.224636528235508,FALSE,1,0.00300000000000011
0.01,206,4,2,100063,"joint_lambda_profiled_eta0",0.01,121.063482598082,121.063482598082,1,-0.531561111202378,-0.531561111202378,0,"interior","upper",2208.57373272163,0,2,1,1,TRUE,0.605894189123153,0.213365768198277,TRUE,95,0.391000000000076,"325, 412",2,1,1,TRUE,0.605894189123153,0.213365768198277,FALSE,1,0.00300000000000011
0.01,206,4,2,100063,"oracle_lambda_2x_eta0",0.01,121.063482598082,242.126965196165,2,-0.531561111202378,0.161586069357567,0,"interior","upper",2202.54097279471,0,2,1,1,TRUE,0.612257985663684,0.224636528235508,TRUE,12,0.404999999999973,"325, 412",2,1,1,TRUE,0.612257985663684,0.224636528235508,FALSE,1,0.00300000000000011
0.01,206,4,2,100063,"oracle_lambda_profiled_eta0",0.01,121.063482598082,121.063482598082,1,-0.531561111202378,-0.531561111202378,0,"interior","upper",2208.57373272163,0,2,1,1,TRUE,0.605894189123153,0.213365768198277,TRUE,95,0.391000000000076,"325, 412",2,1,1,TRUE,0.605894189123153,0.213365768198277,FALSE,1,0.00300000000000011
0.01,206,4,3,100064,"joint_lambda_2x_eta0",0.01,165.573846159049,331.147692318098,2,-0.218458873133449,0.474688307426496,0,"interior","upper",2281.28147220582,0,1,1,0.5,FALSE,0.5,0,TRUE,54,0.298000000000002,"187, 203",1,1,0.5,FALSE,0.622632748209542,0.245265496419083,TRUE,1,0.00300000000000011
0.01,206,4,3,100064,"joint_lambda_profiled_eta0",0.01,165.573846159049,165.573846159049,1,-0.218458873133449,-0.218458873133449,0,"interior","upper",2285.29320544748,0,1,1,0.5,FALSE,0.5,0,TRUE,58,0.238000000000056,"187, 203",1,1,0.5,FALSE,0.505699299070864,0.0113985981418274,TRUE,1,0.00300000000000011
0.01,206,4,3,100064,"oracle_lambda_2x_eta0",0.01,165.573846159049,331.147692318098,2,-0.218458873133449,0.474688307426496,0,"interior","upper",2281.28147220582,0,1,1,0.5,FALSE,0.5,0,TRUE,54,0.298000000000002,"187, 203",1,1,0.5,FALSE,0.622632748209542,0.245265496419083,TRUE,1,0.00300000000000011
0.01,206,4,3,100064,"oracle_lambda_profiled_eta0",0.01,165.573846159049,165.573846159049,1,-0.218458873133449,-0.218458873133449,0,"interior","upper",2285.29320544748,0,1,1,0.5,FALSE,0.5,0,TRUE,58,0.238000000000056,"187, 203",1,1,0.5,FALSE,0.505699299070864,0.0113985981418274,TRUE,1,0.00300000000000011
0.01,206,4,4,100065,"joint_lambda_2x_eta0",0.01,143.161914347029,286.323828694058,2,-0.363899910900771,0.329247269659175,0,"interior","upper",2238.62717325746,0,2,0.5,0.5,FALSE,0.519042563311231,0.0380851269353376,TRUE,15,0.193000000000211,"38, 362",2,0.5,0.5,FALSE,0.519042563311231,0.0380851269353376,FALSE,1,0.00400000000000134
0.01,206,4,4,100065,"joint_lambda_profiled_eta0",0.01,143.161914347029,143.161914347029,1,-0.363899910900771,-0.363899910900771,0,"interior","upper",2243.84213579345,0,2,1,1,TRUE,0.545932325685832,0.091864707948538,TRUE,41,0.176000000000158,"38, 362",2,1,1,TRUE,0.545932325685832,0.091864707948538,FALSE,1,0.00400000000000134
0.01,206,4,4,100065,"oracle_lambda_2x_eta0",0.01,143.161914347029,286.323828694058,2,-0.363899910900771,0.329247269659175,0,"interior","upper",2238.62717325746,0,2,0.5,0.5,FALSE,0.519042563311231,0.0380851269353376,TRUE,15,0.193000000000211,"38, 362",2,0.5,0.5,FALSE,0.519042563311231,0.0380851269353376,FALSE,1,0.00400000000000134
0.01,206,4,4,100065,"oracle_lambda_profiled_eta0",0.01,143.161914347029,143.161914347029,1,-0.363899910900771,-0.363899910900771,0,"interior","upper",2243.84213579345,0,2,1,1,TRUE,0.545932325685832,0.091864707948538,TRUE,41,0.176000000000158,"38, 362",2,1,1,TRUE,0.545932325685832,0.091864707948538,FALSE,1,0.00400000000000134
0.01,206,4,5,100066,"joint_lambda_2x_eta0",0.008,136.120854728742,272.241709457484,2,-0.414333039946926,0.27881414061302,-0.223143551314211,"interior","interior",2304.24770000761,0.13799905816677,2,1,1,TRUE,0.340378858851713,0.103005707903036,TRUE,14,0.173999999999978,"260, 478",2,1,1,TRUE,0.340378858851713,0.103005707903036,FALSE,3,0.00400000000000134
0.01,206,4,5,100066,"joint_lambda_profiled_eta0",0.01,189.634945331689,189.634945331689,1,-0.08277528513067,-0.08277528513067,0,"interior","upper",2308.06706430472,0,1,1,0.5,FALSE,0.384350852372319,0,TRUE,53,0.220000000000027,"260, 478",1,1,0.5,FALSE,0.314241356484901,0.0959198790781821,TRUE,3,0.00400000000000134
0.01,206,4,5,100066,"oracle_lambda_2x_eta0",0.01,189.634945331689,379.269890663377,2,-0.08277528513067,0.610371895429275,0,"interior","upper",2304.10970094945,0,2,1,1,TRUE,0.361498448860701,0.106657157744382,TRUE,10,0.231999999999971,"260, 478",2,1,1,TRUE,0.361498448860701,0.106657157744382,FALSE,3,0.00400000000000134
0.01,206,4,5,100066,"oracle_lambda_profiled_eta0",0.01,189.634945331689,189.634945331689,1,-0.08277528513067,-0.08277528513067,0,"interior","upper",2308.06706430472,0,1,1,0.5,FALSE,0.384350852372319,0,TRUE,53,0.220000000000027,"260, 478",1,1,0.5,FALSE,0.314241356484901,0.0959198790781821,TRUE,3,0.00400000000000134
0.01,447,4,1,100067,"joint_lambda_2x_eta0",0.01,271.328453924149,542.656907848298,2,-0.499228500521368,0.193918680038577,0,"interior","upper",2330.68657123545,0,2,1,1,TRUE,0.661030071158421,0.322060142316843,TRUE,8,0.0579999999999927,"310, 411",2,1,1,TRUE,0.661030071158421,0.322060142316843,FALSE,1,0.00399999999999778
0.01,447,4,1,100067,"joint_lambda_profiled_eta0",0.01,271.328453924149,271.328453924149,1,-0.499228500521368,-0.499228500521368,0,"interior","upper",2334.40083944513,0,2,1,1,TRUE,0.654068850157697,0.308137700315636,TRUE,14,0.0489999999999782,"310, 411",2,1,1,TRUE,0.654068850157697,0.308137700315636,FALSE,1,0.00399999999999778
0.01,447,4,1,100067,"oracle_lambda_2x_eta0",0.01,271.328453924149,542.656907848298,2,-0.499228500521368,0.193918680038577,0,"interior","upper",2330.68657123545,0,2,1,1,TRUE,0.661030071158421,0.322060142316843,TRUE,8,0.0579999999999927,"310, 411",2,1,1,TRUE,0.661030071158421,0.322060142316843,FALSE,1,0.00399999999999778
0.01,447,4,1,100067,"oracle_lambda_profiled_eta0",0.01,271.328453924149,271.328453924149,1,-0.499228500521368,-0.499228500521368,0,"interior","upper",2334.40083944513,0,2,1,1,TRUE,0.654068850157697,0.308137700315636,TRUE,14,0.0489999999999782,"310, 411",2,1,1,TRUE,0.654068850157697,0.308137700315636,FALSE,1,0.00399999999999778
0.01,447,4,2,100068,"joint_lambda_2x_eta0",0.01,359.146336667709,718.292673335417,2,-0.218828666151159,0.474318514408786,0,"interior","upper",2366.71845387625,0,2,1,1,TRUE,0.791384824137575,0.582769694013314,TRUE,14,0.216999999999871,"38, 75",2,1,1,TRUE,0.791384824137575,0.582769694013314,FALSE,1,0.00300000000000011
0.01,447,4,2,100068,"joint_lambda_profiled_eta0",0.01,359.146336667709,359.146336667709,1,-0.218828666151159,-0.218828666151159,0,"interior","upper",2369.36757831153,0,2,1,1,TRUE,0.776423932228669,0.552848210699109,TRUE,48,0.200000000000045,"38, 75",2,1,1,TRUE,0.776423932228669,0.552848210699109,FALSE,1,0.00300000000000011
0.01,447,4,2,100068,"oracle_lambda_2x_eta0",0.01,359.146336667709,718.292673335417,2,-0.218828666151159,0.474318514408786,0,"interior","upper",2366.71845387625,0,2,1,1,TRUE,0.791384824137575,0.582769694013314,TRUE,14,0.216999999999871,"38, 75",2,1,1,TRUE,0.791384824137575,0.582769694013314,FALSE,1,0.00300000000000011
0.01,447,4,2,100068,"oracle_lambda_profiled_eta0",0.01,359.146336667709,359.146336667709,1,-0.218828666151159,-0.218828666151159,0,"interior","upper",2369.36757831153,0,2,1,1,TRUE,0.776423932228669,0.552848210699109,TRUE,48,0.200000000000045,"38, 75",2,1,1,TRUE,0.776423932228669,0.552848210699109,FALSE,1,0.00300000000000011
0.01,447,4,3,100069,"joint_lambda_2x_eta0",0.01,336.54074181886,673.08148363772,2,-0.283839377616019,0.409307802943927,0,"interior","upper",2321.37728230131,0,2,1,1,TRUE,0.909417656208599,0.819164955929285,TRUE,70,0.47199999999998,"131, 356",2,1,1,TRUE,0.909417656208599,0.819164955929285,FALSE,2,0.00300000000000011
0.01,447,4,3,100069,"joint_lambda_profiled_eta0",0.01,336.54074181886,336.54074181886,1,-0.283839377616019,-0.283839377616019,0,"interior","upper",2326.11151000052,0,2,1,1,TRUE,0.880193878082375,0.763734222549947,TRUE,88,0.394999999999982,"131, 356",2,1,1,TRUE,0.880193878082375,0.763734222549947,FALSE,2,0.00300000000000011
0.01,447,4,3,100069,"oracle_lambda_2x_eta0",0.01,336.54074181886,673.08148363772,2,-0.283839377616019,0.409307802943927,0,"interior","upper",2321.37728230131,0,2,1,1,TRUE,0.909417656208599,0.819164955929285,TRUE,70,0.47199999999998,"131, 356",2,1,1,TRUE,0.909417656208599,0.819164955929285,FALSE,2,0.00300000000000011
0.01,447,4,3,100069,"oracle_lambda_profiled_eta0",0.01,336.54074181886,336.54074181886,1,-0.283839377616019,-0.283839377616019,0,"interior","upper",2326.11151000052,0,2,1,1,TRUE,0.880193878082375,0.763734222549947,TRUE,88,0.394999999999982,"131, 356",2,1,1,TRUE,0.880193878082375,0.763734222549947,FALSE,2,0.00300000000000011
0.01,447,4,4,100070,"joint_lambda_2x_eta0",0.01,541.249787416531,1082.49957483306,2,0.191322291939139,0.884469472499084,0,"interior","upper",2393.69842507139,0,2,1,1,TRUE,0.999999999996322,0.999999999992654,TRUE,10,0.0640000000000782,"203, 416",2,1,1,TRUE,0.999999999996322,0.999999999992654,FALSE,1,0.00400000000000134
0.01,447,4,4,100070,"joint_lambda_profiled_eta0",0.008,376.272861129767,376.272861129767,1,-0.17224401991854,-0.17224401991854,-0.223143551314211,"interior","interior",2395.53327526735,0.0364323380117639,2,1,1,TRUE,0.999999999824211,0.99999999964949,TRUE,11,0.0389999999999873,"203, 416",2,1,1,TRUE,0.999999999824211,0.99999999964949,FALSE,1,0.00400000000000134
0.01,447,4,4,100070,"oracle_lambda_2x_eta0",0.01,541.249787416531,1082.49957483306,2,0.191322291939139,0.884469472499084,0,"interior","upper",2393.69842507139,0,2,1,1,TRUE,0.999999999996322,0.999999999992654,TRUE,10,0.0640000000000782,"203, 416",2,1,1,TRUE,0.999999999996322,0.999999999992654,FALSE,1,0.00400000000000134
0.01,447,4,4,100070,"oracle_lambda_profiled_eta0",0.01,541.249787416531,541.249787416531,1,0.191322291939139,0.191322291939139,0,"interior","upper",2395.49684292934,0,2,1,1,TRUE,0.999999999964697,0.999999999929553,TRUE,15,0.0519999999999072,"203, 416",2,1,1,TRUE,0.999999999964697,0.999999999929553,FALSE,1,0.00400000000000134
0.01,447,4,5,100071,"joint_lambda_2x_eta0",0.01,504.451945805235,1008.90389161047,2,0.120913989514053,0.814061170073998,0,"interior","upper",2379.93279141366,0,2,1,1,TRUE,0.806922630721246,0.715520057169082,TRUE,16,0.251999999999725,"104, 144",2,1,1,TRUE,0.806922630721246,0.715520057169082,FALSE,4,0.00399999999999778
0.01,447,4,5,100071,"joint_lambda_profiled_eta0",0.01,504.451945805235,504.451945805235,1,0.120913989514053,0.120913989514053,0,"interior","upper",2382.06892711109,0,2,1,1,TRUE,0.765021892497502,0.670002685558991,TRUE,57,0.232999999999947,"104, 144",2,1,1,TRUE,0.765021892497502,0.670002685558991,FALSE,4,0.00399999999999778
0.01,447,4,5,100071,"oracle_lambda_2x_eta0",0.01,504.451945805235,1008.90389161047,2,0.120913989514053,0.814061170073998,0,"interior","upper",2379.93279141366,0,2,1,1,TRUE,0.806922630721246,0.715520057169082,TRUE,16,0.251999999999725,"104, 144",2,1,1,TRUE,0.806922630721246,0.715520057169082,FALSE,4,0.00399999999999778
0.01,447,4,5,100071,"oracle_lambda_profiled_eta0",0.01,504.451945805235,504.451945805235,1,0.120913989514053,0.120913989514053,0,"interior","upper",2382.06892711109,0,2,1,1,TRUE,0.765021892497502,0.670002685558991,TRUE,57,0.232999999999947,"104, 144",2,1,1,TRUE,0.765021892497502,0.670002685558991,FALSE,4,0.00399999999999778
0.01,972,4,1,100072,"joint_lambda_2x_eta0",0.01,882.973210353334,1765.94642070667,2,-0.0960609436674238,0.597086236892522,0,"interior","upper",2431.05055676856,0,2,1,1,TRUE,0.875468408925871,0.751182651311647,TRUE,73,0.411000000000058,"103, 422",2,1,1,TRUE,0.875468408925871,0.751182651311647,FALSE,1,0.00300000000000011
0.01,972,4,1,100072,"joint_lambda_profiled_eta0",0.01,882.973210353334,882.973210353334,1,-0.0960609436674238,-0.0960609436674238,0,"interior","upper",2431.7746664448,0,2,1,1,TRUE,0.865825802123567,0.732120234814036,TRUE,75,0.328999999999951,"103, 422",2,1,1,TRUE,0.865825802123567,0.732120234814036,FALSE,1,0.00300000000000011
0.01,972,4,1,100072,"oracle_lambda_2x_eta0",0.01,882.973210353334,1765.94642070667,2,-0.0960609436674238,0.597086236892522,0,"interior","upper",2431.05055676856,0,2,1,1,TRUE,0.875468408925871,0.751182651311647,TRUE,73,0.411000000000058,"103, 422",2,1,1,TRUE,0.875468408925871,0.751182651311647,FALSE,1,0.00300000000000011
0.01,972,4,1,100072,"oracle_lambda_profiled_eta0",0.01,882.973210353334,882.973210353334,1,-0.0960609436674238,-0.0960609436674238,0,"interior","upper",2431.7746664448,0,2,1,1,TRUE,0.865825802123567,0.732120234814036,TRUE,75,0.328999999999951,"103, 422",2,1,1,TRUE,0.865825802123567,0.732120234814036,FALSE,1,0.00300000000000011
0.01,972,4,2,100073,"joint_lambda_2x_eta0",0.01,1423.90812491733,2847.81624983465,2,0.381804766411309,1.07495194697125,0,"interior","upper",2441.68445019529,0,2,1,1,TRUE,0.829610660798185,0.824141795748045,TRUE,70,0.426999999999907,"77, 164",2,1,1,TRUE,0.829610660798185,0.824141795748045,FALSE,2,0.00400000000000134
0.01,972,4,2,100073,"joint_lambda_profiled_eta0",0.008,757.159224486721,757.159224486721,1,-0.249782236962576,-0.249782236962576,-0.223143551314211,"interior","interior",2442.73769846497,0.567329264802083,2,1,1,TRUE,0.783413674913662,0.780837089960065,TRUE,74,0.329999999999927,"77, 164",2,1,1,TRUE,0.783413674913662,0.780837089960065,FALSE,2,0.00400000000000134
0.01,972,4,2,100073,"oracle_lambda_2x_eta0",0.01,1423.90812491733,2847.81624983465,2,0.381804766411309,1.07495194697125,0,"interior","upper",2441.68445019529,0,2,1,1,TRUE,0.829610660798185,0.824141795748045,TRUE,70,0.426999999999907,"77, 164",2,1,1,TRUE,0.829610660798185,0.824141795748045,FALSE,2,0.00400000000000134
0.01,972,4,2,100073,"oracle_lambda_profiled_eta0",0.01,1423.90812491733,1423.90812491733,1,0.381804766411309,0.381804766411309,0,"interior","upper",2442.17036920017,0,2,1,1,TRUE,0.812147910638134,0.809401185144932,TRUE,71,0.322999999999865,"77, 164",2,1,1,TRUE,0.812147910638134,0.809401185144932,FALSE,2,0.00400000000000134
0.01,972,4,3,100074,"joint_lambda_2x_eta0",0.01,1174.49288212376,2348.98576424752,2,0.189235939274282,0.882383119834228,0,"interior","upper",2433.36953917022,0,2,1,1,TRUE,0.599377571389484,0.286723421244921,TRUE,43,0.371999999999844,"9, 377",2,1,1,TRUE,0.599377571389484,0.286723421244921,FALSE,4,0.00300000000000011
0.01,972,4,3,100074,"joint_lambda_profiled_eta0",0.01,1174.49288212376,1174.49288212376,1,0.189235939274282,0.189235939274282,0,"interior","upper",2433.94561350921,0,2,1,1,TRUE,0.590701371724862,0.28708714756534,TRUE,65,0.304999999999836,"9, 377",2,1,1,TRUE,0.590701371724862,0.28708714756534,FALSE,4,0.00300000000000011
0.01,972,4,3,100074,"oracle_lambda_2x_eta0",0.01,1174.49288212376,2348.98576424752,2,0.189235939274282,0.882383119834228,0,"interior","upper",2433.36953917022,0,2,1,1,TRUE,0.599377571389484,0.286723421244921,TRUE,43,0.371999999999844,"9, 377",2,1,1,TRUE,0.599377571389484,0.286723421244921,FALSE,4,0.00300000000000011
0.01,972,4,3,100074,"oracle_lambda_profiled_eta0",0.01,1174.49288212376,1174.49288212376,1,0.189235939274282,0.189235939274282,0,"interior","upper",2433.94561350921,0,2,1,1,TRUE,0.590701371724862,0.28708714756534,TRUE,65,0.304999999999836,"9, 377",2,1,1,TRUE,0.590701371724862,0.28708714756534,FALSE,4,0.00300000000000011
0.01,972,4,4,100075,"joint_lambda_2x_eta0",0.01,623.443943955469,1246.88788791094,2,-0.444096948826401,0.249050231733545,0,"interior","upper",2409.2980166264,0,1,1,0.5,FALSE,0.499999999999738,0,TRUE,40,0.109000000000151,"15, 263",1,1,0.5,FALSE,0.569308788811669,0.138617577626538,TRUE,1,0.00400000000000134
0.01,972,4,4,100075,"joint_lambda_profiled_eta0",0.008,414.814315615003,414.814315615003,1,-0.851524816610423,-0.851524816610423,-0.223143551314211,"interior","interior",2410.79878226773,0.100586064610525,1,1,0.5,FALSE,0.499999999999738,0,TRUE,25,0.0879999999999654,"15, 263",1,1,0.5,FALSE,0.526313043273435,0.0526260870378704,TRUE,1,0.00400000000000134
0.01,972,4,4,100075,"oracle_lambda_2x_eta0",0.01,623.443943955469,1246.88788791094,2,-0.444096948826401,0.249050231733545,0,"interior","upper",2409.2980166264,0,1,1,0.5,FALSE,0.499999999999738,0,TRUE,40,0.109000000000151,"15, 263",1,1,0.5,FALSE,0.569308788811669,0.138617577626538,TRUE,1,0.00400000000000134
0.01,972,4,4,100075,"oracle_lambda_profiled_eta0",0.01,623.443943955469,623.443943955469,1,-0.444096948826401,-0.444096948826401,0,"interior","upper",2410.69819620312,0,1,1,0.5,FALSE,0.499999999999738,0,TRUE,18,0.0630000000001019,"15, 263",1,1,0.5,FALSE,0.542957412590059,0.0859148252381562,TRUE,1,0.00400000000000134
0.01,972,4,5,100076,"joint_lambda_2x_eta0",0.01,759.181531202235,1518.36306240447,2,-0.247114884117316,0.446032296442629,0,"interior","upper",2408.51605086302,0,2,1,1,TRUE,0.999999678528613,0.999999357057226,TRUE,40,0.353999999999814,"118, 328",2,1,1,TRUE,0.999999678528613,0.999999357057226,FALSE,1,0.00300000000000011
0.01,972,4,5,100076,"joint_lambda_profiled_eta0",0.01,759.181531202235,759.181531202235,1,-0.247114884117316,-0.247114884117316,0,"interior","upper",2409.97657623908,0,2,1,1,TRUE,0.9999986033629,0.999997206725802,TRUE,67,0.305999999999813,"118, 328",2,1,1,TRUE,0.9999986033629,0.999997206725802,FALSE,1,0.00300000000000011
0.01,972,4,5,100076,"oracle_lambda_2x_eta0",0.01,759.181531202235,1518.36306240447,2,-0.247114884117316,0.446032296442629,0,"interior","upper",2408.51605086302,0,2,1,1,TRUE,0.999999678528613,0.999999357057226,TRUE,40,0.353999999999814,"118, 328",2,1,1,TRUE,0.999999678528613,0.999999357057226,FALSE,1,0.00300000000000011
0.01,972,4,5,100076,"oracle_lambda_profiled_eta0",0.01,759.181531202235,759.181531202235,1,-0.247114884117316,-0.247114884117316,0,"interior","upper",2409.97657623908,0,2,1,1,TRUE,0.9999986033629,0.999997206725802,TRUE,67,0.305999999999813,"118, 328",2,1,1,TRUE,0.9999986033629,0.999997206725802,FALSE,1,0.00300000000000011
0.01,2115,4,1,100077,"joint_lambda_2x_eta0",0.01,7267.19530578756,14534.3906115751,2,1.23431561448552,1.92746279504547,0,"interior","upper",2471.98997715955,0,1,1,0.5,FALSE,0.499999999999985,0,TRUE,50,0.791000000000167,"15, 227",1,1,0.5,FALSE,0.860532020645572,0.721064041291152,TRUE,1,0.00300000000000011
0.01,2115,4,1,100077,"joint_lambda_profiled_eta0",0.01,7267.19530578756,7267.19530578756,1,1.23431561448552,1.23431561448552,0,"interior","upper",2472.00596188682,0,1,1,0.5,FALSE,0.499999999999985,0,TRUE,56,0.706000000000131,"15, 227",1,1,0.5,FALSE,0.854786288149646,0.709572576299302,TRUE,1,0.00300000000000011
0.01,2115,4,1,100077,"oracle_lambda_2x_eta0",0.01,7267.19530578756,14534.3906115751,2,1.23431561448552,1.92746279504547,0,"interior","upper",2471.98997715955,0,1,1,0.5,FALSE,0.499999999999985,0,TRUE,50,0.791000000000167,"15, 227",1,1,0.5,FALSE,0.860532020645572,0.721064041291152,TRUE,1,0.00300000000000011
0.01,2115,4,1,100077,"oracle_lambda_profiled_eta0",0.01,7267.19530578756,7267.19530578756,1,1.23431561448552,1.23431561448552,0,"interior","upper",2472.00596188682,0,1,1,0.5,FALSE,0.499999999999985,0,TRUE,56,0.706000000000131,"15, 227",1,1,0.5,FALSE,0.854786288149646,0.709572576299302,TRUE,1,0.00300000000000011
0.01,2115,4,2,100078,"joint_lambda_2x_eta0",0.01,8657.66307708568,17315.3261541714,2,1.40939002112883,2.10253720168878,0,"interior","upper",2472.7935034882,0,1,1,0.5,FALSE,0.436283035526076,0,TRUE,49,0.764999999999873,"423, 488",1,1,0.5,FALSE,0.70708460975829,0.548594527762706,TRUE,2,0.00300000000000011
0.01,2115,4,2,100078,"joint_lambda_profiled_eta0",0.01,8657.66307708568,8657.66307708568,1,1.40939002112883,1.40939002112883,0,"interior","upper",2472.8079763076,0,1,1,0.5,FALSE,0.436283035526076,0,TRUE,56,0.676999999999907,"423, 488",1,1,0.5,FALSE,0.702952004016345,0.542508548976821,TRUE,2,0.00300000000000011
0.01,2115,4,2,100078,"oracle_lambda_2x_eta0",0.01,8657.66307708568,17315.3261541714,2,1.40939002112883,2.10253720168878,0,"interior","upper",2472.7935034882,0,1,1,0.5,FALSE,0.436283035526076,0,TRUE,49,0.764999999999873,"423, 488",1,1,0.5,FALSE,0.70708460975829,0.548594527762706,TRUE,2,0.00300000000000011
0.01,2115,4,2,100078,"oracle_lambda_profiled_eta0",0.01,8657.66307708568,8657.66307708568,1,1.40939002112883,1.40939002112883,0,"interior","upper",2472.8079763076,0,1,1,0.5,FALSE,0.436283035526076,0,TRUE,56,0.676999999999907,"423, 488",1,1,0.5,FALSE,0.702952004016345,0.542508548976821,TRUE,2,0.00300000000000011
0.01,2115,4,3,100079,"joint_lambda_2x_eta0",0.01,3393.58431462844,6787.16862925687,2,0.472831870274461,1.16597905083441,0,"interior","upper",2463.17093963306,0,2,1,1,TRUE,0.794049273921356,0.588098547842713,TRUE,78,0.891999999999825,"25, 400",2,1,1,TRUE,0.794049273921356,0.588098547842713,FALSE,1,0.00400000000000134
0.01,2115,4,3,100079,"joint_lambda_profiled_eta0",0.01,3393.58431462844,3393.58431462844,1,0.472831870274461,0.472831870274461,0,"interior","upper",2463.25138342314,0,2,1,1,TRUE,0.79297977264454,0.585959545289081,TRUE,76,0.763999999999896,"25, 400",2,1,1,TRUE,0.79297977264454,0.585959545289081,FALSE,1,0.00400000000000134
0.01,2115,4,3,100079,"oracle_lambda_2x_eta0",0.01,3393.58431462844,6787.16862925687,2,0.472831870274461,1.16597905083441,0,"interior","upper",2463.17093963306,0,2,1,1,TRUE,0.794049273921356,0.588098547842713,TRUE,78,0.891999999999825,"25, 400",2,1,1,TRUE,0.794049273921356,0.588098547842713,FALSE,1,0.00400000000000134
0.01,2115,4,3,100079,"oracle_lambda_profiled_eta0",0.01,3393.58431462844,3393.58431462844,1,0.472831870274461,0.472831870274461,0,"interior","upper",2463.25138342314,0,2,1,1,TRUE,0.79297977264454,0.585959545289081,TRUE,76,0.763999999999896,"25, 400",2,1,1,TRUE,0.79297977264454,0.585959545289081,FALSE,1,0.00400000000000134
0.01,2115,4,4,100080,"joint_lambda_2x_eta0",0.01,4572.61671342449,9145.23342684898,2,0.77103081353805,1.464177994098,0,"interior","upper",2463.91517033499,0,2,1,1,TRUE,0.999969528657096,0.999939057314195,TRUE,11,0.0839999999998327,"21, 49",2,1,1,TRUE,0.999969528657096,0.999939057314195,FALSE,1,0.0069999999999979
0.01,2115,4,4,100080,"joint_lambda_profiled_eta0",0.01,4572.61671342449,4572.61671342449,1,0.77103081353805,0.77103081353805,0,"interior","upper",2463.96704686768,0,2,1,1,TRUE,0.999959289447945,0.999918578895893,TRUE,9,0.0639999999998508,"21, 49",2,1,1,TRUE,0.999959289447945,0.999918578895893,FALSE,1,0.0069999999999979
0.01,2115,4,4,100080,"oracle_lambda_2x_eta0",0.01,4572.61671342449,9145.23342684898,2,0.77103081353805,1.464177994098,0,"interior","upper",2463.91517033499,0,2,1,1,TRUE,0.999969528657096,0.999939057314195,TRUE,11,0.0839999999998327,"21, 49",2,1,1,TRUE,0.999969528657096,0.999939057314195,FALSE,1,0.0069999999999979
0.01,2115,4,4,100080,"oracle_lambda_profiled_eta0",0.01,4572.61671342449,4572.61671342449,1,0.77103081353805,0.77103081353805,0,"interior","upper",2463.96704686768,0,2,1,1,TRUE,0.999959289447945,0.999918578895893,TRUE,9,0.0639999999998508,"21, 49",2,1,1,TRUE,0.999959289447945,0.999918578895893,FALSE,1,0.0069999999999979
0.01,2115,4,5,100081,"joint_lambda_2x_eta0",0.01,1739.13505116034,3478.27010232068,2,-0.195666919899782,0.497480260660162,0,"interior","upper",2444.21018290432,0,2,1,1,TRUE,0.915142234927923,0.83028446986337,TRUE,56,0.335000000000036,"68, 173",2,1,1,TRUE,0.915142234927923,0.83028446986337,FALSE,2,0.00300000000000011
0.01,2115,4,5,100081,"joint_lambda_profiled_eta0",0.008,886.405150531084,886.405150531084,1,-0.869635964887043,-0.869635964887043,-0.223143551314211,"interior","interior",2445.05763433672,0.424367412945685,2,1,1,TRUE,0.887687228572568,0.775374457391289,TRUE,68,0.309999999999945,"68, 173",2,1,1,TRUE,0.887687228572568,0.775374457391289,FALSE,2,0.00300000000000011
0.01,2115,4,5,100081,"oracle_lambda_2x_eta0",0.01,1739.13505116034,3478.27010232068,2,-0.195666919899782,0.497480260660162,0,"interior","upper",2444.21018290432,0,2,1,1,TRUE,0.915142234927923,0.83028446986337,TRUE,56,0.335000000000036,"68, 173",2,1,1,TRUE,0.915142234927923,0.83028446986337,FALSE,2,0.00300000000000011
0.01,2115,4,5,100081,"oracle_lambda_profiled_eta0",0.01,1739.13505116034,1739.13505116034,1,-0.195666919899782,-0.195666919899782,0,"interior","upper",2444.63326692377,0,2,1,1,TRUE,0.90553352991984,0.811067059868278,TRUE,60,0.25,"68, 173",2,1,1,TRUE,0.90553352991984,0.811067059868278,FALSE,2,0.00300000000000011
0.01,4599,4,1,100082,"joint_lambda_2x_eta0",0.01,1638.61168670262,3277.22337340523,2,-1.03198953773106,-0.338842357171117,0,"interior","upper",2451.53620009832,0,2,1,1,TRUE,0.837032879514974,0.674747730909398,TRUE,73,0.47400000000016,"4, 144",2,1,1,TRUE,0.837032879514974,0.674747730909398,FALSE,3,0.00400000000000134
0.01,4599,4,1,100082,"joint_lambda_profiled_eta0",0.01,1638.61168670262,1638.61168670262,1,-1.03198953773106,-1.03198953773106,0,"interior","upper",2451.79982443275,0,2,1,1,TRUE,0.829277700649368,0.659518945681685,TRUE,79,0.361000000000104,"4, 144",2,1,1,TRUE,0.829277700649368,0.659518945681685,FALSE,3,0.00400000000000134
0.01,4599,4,1,100082,"oracle_lambda_2x_eta0",0.01,1638.61168670262,3277.22337340523,2,-1.03198953773106,-0.338842357171117,0,"interior","upper",2451.53620009832,0,2,1,1,TRUE,0.837032879514974,0.674747730909398,TRUE,73,0.47400000000016,"4, 144",2,1,1,TRUE,0.837032879514974,0.674747730909398,FALSE,3,0.00400000000000134
0.01,4599,4,1,100082,"oracle_lambda_profiled_eta0",0.01,1638.61168670262,1638.61168670262,1,-1.03198953773106,-1.03198953773106,0,"interior","upper",2451.79982443275,0,2,1,1,TRUE,0.829277700649368,0.659518945681685,TRUE,79,0.361000000000104,"4, 144",2,1,1,TRUE,0.829277700649368,0.659518945681685,FALSE,3,0.00400000000000134
0.01,4599,4,2,100083,"joint_lambda_2x_eta0",0.01,2461.90910164486,4923.81820328973,2,-0.624901782011279,0.0682453985486653,0,"interior","upper",2452.43111888911,0,2,1,1,TRUE,0.798099879297878,0.598190245876852,TRUE,69,0.733000000000175,"250, 325",2,1,1,TRUE,0.798099879297878,0.598190245876852,FALSE,2,0.00399999999999778
0.01,4599,4,2,100083,"joint_lambda_profiled_eta0",0.01,2461.90910164486,2461.90910164486,1,-0.624901782011279,-0.624901782011279,0,"interior","upper",2452.69249513915,0,2,1,1,TRUE,0.793163218225357,0.589245288557861,TRUE,74,0.621000000000095,"250, 325",2,1,1,TRUE,0.793163218225357,0.589245288557861,FALSE,2,0.00399999999999778
0.01,4599,4,2,100083,"oracle_lambda_2x_eta0",0.01,2461.90910164486,4923.81820328973,2,-0.624901782011279,0.0682453985486653,0,"interior","upper",2452.43111888911,0,2,1,1,TRUE,0.798099879297878,0.598190245876852,TRUE,69,0.733000000000175,"250, 325",2,1,1,TRUE,0.798099879297878,0.598190245876852,FALSE,2,0.00399999999999778
0.01,4599,4,2,100083,"oracle_lambda_profiled_eta0",0.01,2461.90910164486,2461.90910164486,1,-0.624901782011279,-0.624901782011279,0,"interior","upper",2452.69249513915,0,2,1,1,TRUE,0.793163218225357,0.589245288557861,TRUE,74,0.621000000000095,"250, 325",2,1,1,TRUE,0.793163218225357,0.589245288557861,FALSE,2,0.00399999999999778
0.01,4599,4,3,100084,"joint_lambda_2x_eta0",0.01,3033.86923861379,6067.73847722757,2,-0.416000107237286,0.277147073322659,0,"interior","upper",2458.54465458107,0,2,1,1,TRUE,0.969245399103178,0.941476520128484,TRUE,41,0.624000000000024,"98, 123",2,1,1,TRUE,0.969245399103178,0.941476520128484,FALSE,2,0.00300000000000011
0.01,4599,4,3,100084,"joint_lambda_profiled_eta0",0.01,3033.86923861379,3033.86923861379,1,-0.416000107237286,-0.416000107237286,0,"interior","upper",2458.68606033954,0,2,1,1,TRUE,0.966257246077866,0.93632113345585,TRUE,52,0.550999999999931,"98, 123",2,1,1,TRUE,0.966257246077866,0.93632113345585,FALSE,2,0.00300000000000011
0.01,4599,4,3,100084,"oracle_lambda_2x_eta0",0.01,3033.86923861379,6067.73847722757,2,-0.416000107237286,0.277147073322659,0,"interior","upper",2458.54465458107,0,2,1,1,TRUE,0.969245399103178,0.941476520128484,TRUE,41,0.624000000000024,"98, 123",2,1,1,TRUE,0.969245399103178,0.941476520128484,FALSE,2,0.00300000000000011
0.01,4599,4,3,100084,"oracle_lambda_profiled_eta0",0.01,3033.86923861379,3033.86923861379,1,-0.416000107237286,-0.416000107237286,0,"interior","upper",2458.68606033954,0,2,1,1,TRUE,0.966257246077866,0.93632113345585,TRUE,52,0.550999999999931,"98, 123",2,1,1,TRUE,0.966257246077866,0.93632113345585,FALSE,2,0.00300000000000011
0.01,4599,4,4,100085,"joint_lambda_2x_eta0",0.01,20000,20000,2,1.4698933849962,1.4698933849962,0,"upper","upper",2479.54398197315,0,2,1,1,TRUE,0.231447165245391,0.0592298528506376,TRUE,38,0.978000000000065,"111, 480",2,1,1,TRUE,0.231447165245391,0.0592298528506376,FALSE,3,0.00300000000000011
0.01,4599,4,4,100085,"joint_lambda_profiled_eta0",0.01,20000,20000,1,1.4698933849962,1.4698933849962,0,"upper","upper",2479.54406851244,0,2,1,1,TRUE,0.231447995787473,0.0592298366969102,TRUE,38,0.902000000000044,"111, 480",2,1,1,TRUE,0.231447995787473,0.0592298366969102,FALSE,3,0.00300000000000011
0.01,4599,4,4,100085,"oracle_lambda_2x_eta0",0.01,20000,20000,2,1.4698933849962,1.4698933849962,0,"upper","upper",2479.54398197315,0,2,1,1,TRUE,0.231447165245391,0.0592298528506376,TRUE,38,0.978000000000065,"111, 480",2,1,1,TRUE,0.231447165245391,0.0592298528506376,FALSE,3,0.00300000000000011
0.01,4599,4,4,100085,"oracle_lambda_profiled_eta0",0.01,20000,20000,1,1.4698933849962,1.4698933849962,0,"upper","upper",2479.54406851244,0,2,1,1,TRUE,0.231447995787473,0.0592298366969102,TRUE,38,0.902000000000044,"111, 480",2,1,1,TRUE,0.231447995787473,0.0592298366969102,FALSE,3,0.00300000000000011
0.01,4599,4,5,100086,"joint_lambda_2x_eta0",0.01,5767.5779683519,11535.1559367038,2,0.226413340986509,0.919560521546455,0,"interior","upper",2467.17054483562,0,2,1,1,TRUE,0.77925688594081,0.564096588916474,TRUE,40,0.523000000000138,"23, 145",2,1,1,TRUE,0.77925688594081,0.564096588916474,FALSE,2,0.00300000000000011
0.01,4599,4,5,100086,"joint_lambda_profiled_eta0",0.01,5767.5779683519,5767.5779683519,1,0.226413340986509,0.226413340986509,0,"interior","upper",2467.21258600137,0,2,1,1,TRUE,0.777854511085977,0.561829037891377,TRUE,41,0.456000000000131,"23, 145",2,1,1,TRUE,0.777854511085977,0.561829037891377,FALSE,2,0.00300000000000011
0.01,4599,4,5,100086,"oracle_lambda_2x_eta0",0.01,5767.5779683519,11535.1559367038,2,0.226413340986509,0.919560521546455,0,"interior","upper",2467.17054483562,0,2,1,1,TRUE,0.77925688594081,0.564096588916474,TRUE,40,0.523000000000138,"23, 145",2,1,1,TRUE,0.77925688594081,0.564096588916474,FALSE,2,0.00300000000000011
0.01,4599,4,5,100086,"oracle_lambda_profiled_eta0",0.01,5767.5779683519,5767.5779683519,1,0.226413340986509,0.226413340986509,0,"interior","upper",2467.21258600137,0,2,1,1,TRUE,0.777854511085977,0.561829037891377,TRUE,41,0.456000000000131,"23, 145",2,1,1,TRUE,0.777854511085977,0.561829037891377,FALSE,2,0.00300000000000011
0.01,10000,4,1,100087,"joint_lambda_2x_eta0",0.01,1075.0429772759,2150.0859545518,2,-2.23022445335225,-1.53707727279231,0,"interior","upper",2422.23145820002,0,2,1,1,TRUE,0.998822133677054,0.997644267354107,TRUE,57,0.380000000000109,"237, 405",2,1,1,TRUE,0.998822133677054,0.997644267354107,FALSE,1,0.00300000000000011
0.01,10000,4,1,100087,"joint_lambda_profiled_eta0",0.01,1075.0429772759,1075.0429772759,1,-2.23022445335225,-2.23022445335225,0,"interior","upper",2423.26850317952,0,2,1,1,TRUE,0.997692091036685,0.99538418207337,TRUE,67,0.316000000000031,"237, 405",2,1,1,TRUE,0.997692091036685,0.99538418207337,FALSE,1,0.00300000000000011
0.01,10000,4,1,100087,"oracle_lambda_2x_eta0",0.01,1075.0429772759,2150.0859545518,2,-2.23022445335225,-1.53707727279231,0,"interior","upper",2422.23145820002,0,2,1,1,TRUE,0.998822133677054,0.997644267354107,TRUE,57,0.380000000000109,"237, 405",2,1,1,TRUE,0.998822133677054,0.997644267354107,FALSE,1,0.00300000000000011
0.01,10000,4,1,100087,"oracle_lambda_profiled_eta0",0.01,1075.0429772759,1075.0429772759,1,-2.23022445335225,-2.23022445335225,0,"interior","upper",2423.26850317952,0,2,1,1,TRUE,0.997692091036685,0.99538418207337,TRUE,67,0.316000000000031,"237, 405",2,1,1,TRUE,0.997692091036685,0.99538418207337,FALSE,1,0.00300000000000011
0.01,10000,4,2,100088,"joint_lambda_2x_eta0",0.01,4128.0347049124,8256.06940982481,2,-0.884783657652353,-0.191636477092407,0,"interior","upper",2461.62024257526,0,2,1,1,TRUE,0.811930597885066,0.626510574102672,TRUE,53,0.669000000000324,"128, 465",2,1,1,TRUE,0.811930597885066,0.626510574102672,FALSE,1,0.00399999999999778
0.01,10000,4,2,100088,"joint_lambda_profiled_eta0",0.01,4128.0347049124,4128.0347049124,1,-0.884783657652353,-0.884783657652353,0,"interior","upper",2461.72475933784,0,2,1,1,TRUE,0.807822752172113,0.618761689521446,TRUE,54,0.580000000000155,"128, 465",2,1,1,TRUE,0.807822752172113,0.618761689521446,FALSE,1,0.00399999999999778
0.01,10000,4,2,100088,"oracle_lambda_2x_eta0",0.01,4128.0347049124,8256.06940982481,2,-0.884783657652353,-0.191636477092407,0,"interior","upper",2461.62024257526,0,2,1,1,TRUE,0.811930597885066,0.626510574102672,TRUE,53,0.669000000000324,"128, 465",2,1,1,TRUE,0.811930597885066,0.626510574102672,FALSE,1,0.00399999999999778
0.01,10000,4,2,100088,"oracle_lambda_profiled_eta0",0.01,4128.0347049124,4128.0347049124,1,-0.884783657652353,-0.884783657652353,0,"interior","upper",2461.72475933784,0,2,1,1,TRUE,0.807822752172113,0.618761689521446,TRUE,54,0.580000000000155,"128, 465",2,1,1,TRUE,0.807822752172113,0.618761689521446,FALSE,1,0.00399999999999778
0.01,10000,4,3,100089,"joint_lambda_2x_eta0",0.01,8679.74434185433,17359.4886837087,2,-0.141593018458975,0.55155416210097,0,"interior","upper",2470.31864060049,0,2,1,1,TRUE,0.924455646224337,0.857079613157812,TRUE,27,0.625999999999976,"32, 336",2,1,1,TRUE,0.924455646224337,0.857079613157812,FALSE,1,0.00300000000000011
0.01,10000,4,3,100089,"joint_lambda_profiled_eta0",0.01,8679.74434185433,8679.74434185433,1,-0.141593018458975,-0.141593018458975,0,"interior","upper",2470.33425487597,0,2,1,1,TRUE,0.92272131951208,0.854040393814287,TRUE,24,0.575000000000045,"32, 336",2,1,1,TRUE,0.92272131951208,0.854040393814287,FALSE,1,0.00300000000000011
0.01,10000,4,3,100089,"oracle_lambda_2x_eta0",0.01,8679.74434185433,17359.4886837087,2,-0.141593018458975,0.55155416210097,0,"interior","upper",2470.31864060049,0,2,1,1,TRUE,0.924455646224337,0.857079613157812,TRUE,27,0.625999999999976,"32, 336",2,1,1,TRUE,0.924455646224337,0.857079613157812,FALSE,1,0.00300000000000011
0.01,10000,4,3,100089,"oracle_lambda_profiled_eta0",0.01,8679.74434185433,8679.74434185433,1,-0.141593018458975,-0.141593018458975,0,"interior","upper",2470.33425487597,0,2,1,1,TRUE,0.92272131951208,0.854040393814287,TRUE,24,0.575000000000045,"32, 336",2,1,1,TRUE,0.92272131951208,0.854040393814287,FALSE,1,0.00300000000000011
0.01,10000,4,4,100090,"joint_lambda_2x_eta0",0.01,5968.66314829503,11937.3262965901,2,-0.516062118924001,0.177085061635944,0,"interior","upper",2466.22336060802,0,2,1,1,TRUE,0.999998978879854,0.999997958951695,TRUE,70,1.05500000000006,"33, 422",2,1,1,TRUE,0.999998978879854,0.999997958951695,FALSE,1,0.00400000000000134
0.01,10000,4,4,100090,"joint_lambda_profiled_eta0",0.01,5968.66314829503,5968.66314829503,1,-0.516062118924001,-0.516062118924001,0,"interior","upper",2466.26761931111,0,2,1,1,TRUE,0.99999870144387,0.999997404535175,TRUE,69,0.910000000000082,"33, 422",2,1,1,TRUE,0.99999870144387,0.999997404535175,FALSE,1,0.00400000000000134
0.01,10000,4,4,100090,"oracle_lambda_2x_eta0",0.01,5968.66314829503,11937.3262965901,2,-0.516062118924001,0.177085061635944,0,"interior","upper",2466.22336060802,0,2,1,1,TRUE,0.999998978879854,0.999997958951695,TRUE,70,1.05500000000006,"33, 422",2,1,1,TRUE,0.999998978879854,0.999997958951695,FALSE,1,0.00400000000000134
0.01,10000,4,4,100090,"oracle_lambda_profiled_eta0",0.01,5968.66314829503,5968.66314829503,1,-0.516062118924001,-0.516062118924001,0,"interior","upper",2466.26761931111,0,2,1,1,TRUE,0.99999870144387,0.999997404535175,TRUE,69,0.910000000000082,"33, 422",2,1,1,TRUE,0.99999870144387,0.999997404535175,FALSE,1,0.00400000000000134
0.01,10000,4,5,100091,"joint_lambda_2x_eta0",0.008,1556.72467210205,3113.4493442041,2,-1.86000104808326,-1.16685386752332,-0.223143551314211,"interior","interior",2481.2952767917,0.420073613777731,2,1,1,TRUE,0.882031001461695,0.764068678382204,TRUE,78,0.516000000000076,"37, 210",2,1,1,TRUE,0.882031001461695,0.764068678382204,FALSE,2,0.00400000000000134
0.01,10000,4,5,100091,"joint_lambda_profiled_eta0",0.008,1556.72467210205,1556.72467210205,1,-1.86000104808326,-1.86000104808326,-0.223143551314211,"interior","interior",2481.50668509846,0.631387793454451,2,1,1,TRUE,0.87274990521375,0.74551218850496,TRUE,75,0.397000000000162,"37, 210",2,1,1,TRUE,0.87274990521375,0.74551218850496,FALSE,2,0.00400000000000134
0.01,10000,4,5,100091,"oracle_lambda_2x_eta0",0.01,20000,20000,2,0.693147180559944,0.693147180559944,0,"upper","upper",2480.87520317793,0,2,1,1,TRUE,0.889998084344602,0.780000000117138,TRUE,77,2.10699999999997,"37, 210",2,1,1,TRUE,0.889998084344602,0.780000000117138,FALSE,2,0.00400000000000134
0.01,10000,4,5,100091,"oracle_lambda_profiled_eta0",0.01,20000,20000,1,0.693147180559944,0.693147180559944,0,"upper","upper",2480.87529730501,0,2,1,1,TRUE,0.889998232115598,0.780000296943295,TRUE,74,1.91399999999999,"37, 210",2,1,1,TRUE,0.889998232115598,0.780000296943295,FALSE,2,0.00400000000000134
0.01,20,5,1,100092,"joint_lambda_2x_eta0",0.01,14.7394116530972,29.4788233061945,2,-0.305207302576043,0.387939877983902,0,"interior","upper",1967.73285811753,0,1,1,0.5,FALSE,0.0738008369167861,0,TRUE,41,0.518000000000029,"4, 190",1,1,0.5,FALSE,0.0979285752538359,0.0101417880133176,TRUE,3,0.00300000000000011
0.01,20,5,1,100092,"joint_lambda_profiled_eta0",0.01,14.7394116530972,14.7394116530972,1,-0.305207302576043,-0.305207302576043,0,"interior","upper",1969.43285049677,0,1,1,0.5,FALSE,0.0738008369167861,0,TRUE,85,0.470000000000027,"4, 190",1,1,0.5,FALSE,0.0817950455014085,0.00813880982295123,TRUE,3,0.00300000000000011
0.01,20,5,1,100092,"oracle_lambda_2x_eta0",0.01,14.7394116530972,29.4788233061945,2,-0.305207302576043,0.387939877983902,0,"interior","upper",1967.73285811753,0,1,1,0.5,FALSE,0.0738008369167861,0,TRUE,41,0.518000000000029,"4, 190",1,1,0.5,FALSE,0.0979285752538359,0.0101417880133176,TRUE,3,0.00300000000000011
0.01,20,5,1,100092,"oracle_lambda_profiled_eta0",0.01,14.7394116530972,14.7394116530972,1,-0.305207302576043,-0.305207302576043,0,"interior","upper",1969.43285049677,0,1,1,0.5,FALSE,0.0738008369167861,0,TRUE,85,0.470000000000027,"4, 190",1,1,0.5,FALSE,0.0817950455014085,0.00813880982295123,TRUE,3,0.00300000000000011
0.01,20,5,2,100093,"joint_lambda_2x_eta0",0.01,11.8237012681448,23.6474025362896,2,-0.525626174540041,0.167521006019904,0,"interior","upper",1829.497666755,0,1,1,0.5,FALSE,0.488110859563487,0,TRUE,57,0.716000000000122,"62, 283",1,1,0.5,FALSE,0.252298984848458,0.00858479470584872,TRUE,1,0.00399999999999778
0.01,20,5,2,100093,"joint_lambda_profiled_eta0",0.01,11.8237012681448,11.8237012681448,1,-0.525626174540041,-0.525626174540041,0,"interior","upper",1831.18189557145,0,1,1,0.5,FALSE,0.488110859563487,0,TRUE,113,0.649000000000115,"62, 283",1,1,0.5,FALSE,0.215222157889325,0.0080155226295594,TRUE,1,0.00399999999999778
0.01,20,5,2,100093,"oracle_lambda_2x_eta0",0.01,11.8237012681448,23.6474025362896,2,-0.525626174540041,0.167521006019904,0,"interior","upper",1829.497666755,0,1,1,0.5,FALSE,0.488110859563487,0,TRUE,57,0.716000000000122,"62, 283",1,1,0.5,FALSE,0.252298984848458,0.00858479470584872,TRUE,1,0.00399999999999778
0.01,20,5,2,100093,"oracle_lambda_profiled_eta0",0.01,11.8237012681448,11.8237012681448,1,-0.525626174540041,-0.525626174540041,0,"interior","upper",1831.18189557145,0,1,1,0.5,FALSE,0.488110859563487,0,TRUE,113,0.649000000000115,"62, 283",1,1,0.5,FALSE,0.215222157889325,0.0080155226295594,TRUE,1,0.00399999999999778
0.01,20,5,3,100094,"joint_lambda_2x_eta0",0.01,2,4,2,-2.30258509299405,-1.6094379124341,0,"lower","upper",1756.20596130802,0,1,1,0.5,FALSE,0.499732446880216,3.29715144076204e-11,TRUE,135,0.857999999999947,"11, 396",0,0,0,FALSE,0.0423727851735285,0.0295545838522107,TRUE,1,0.00400000000000134
0.01,20,5,3,100094,"joint_lambda_profiled_eta0",0.01,2,2,1,-2.30258509299405,-2.30258509299405,0,"lower","upper",1756.4278720909,0,1,1,0.5,FALSE,0.499732446880216,3.29715144076204e-11,TRUE,121,0.703999999999951,"11, 396",0,0,0,FALSE,0.0229053041553407,0.0213428073723264,TRUE,1,0.00400000000000134
0.01,20,5,3,100094,"oracle_lambda_2x_eta0",0.01,2,4,2,-2.30258509299405,-1.6094379124341,0,"lower","upper",1756.20596130802,0,1,1,0.5,FALSE,0.499732446880216,3.29715144076204e-11,TRUE,135,0.857999999999947,"11, 396",0,0,0,FALSE,0.0423727851735285,0.0295545838522107,TRUE,1,0.00400000000000134
0.01,20,5,3,100094,"oracle_lambda_profiled_eta0",0.01,2,2,1,-2.30258509299405,-2.30258509299405,0,"lower","upper",1756.4278720909,0,1,1,0.5,FALSE,0.499732446880216,3.29715144076204e-11,TRUE,121,0.703999999999951,"11, 396",0,0,0,FALSE,0.0229053041553407,0.0213428073723264,TRUE,1,0.00400000000000134
0.01,20,5,4,100095,"joint_lambda_2x_eta0",0.01,2,4,2,-2.30258509299405,-1.6094379124341,0,"lower","upper",1640.68693236971,0,1,1,0.5,FALSE,0.467491776563736,0,TRUE,147,0.868000000000166,"188, 443",0,0,0,FALSE,0.0272179954825586,0.00818259587646419,TRUE,2,0.00400000000000134
0.01,20,5,4,100095,"joint_lambda_profiled_eta0",0.01,2,2,1,-2.30258509299405,-2.30258509299405,0,"lower","upper",1641.19720411324,0,1,1,0.5,FALSE,0.467491776563736,0,TRUE,120,0.698000000000093,"188, 443",0,0,0,FALSE,0.0149318315406792,0.00931301081503599,TRUE,2,0.00400000000000134
0.01,20,5,4,100095,"oracle_lambda_2x_eta0",0.01,2,4,2,-2.30258509299405,-1.6094379124341,0,"lower","upper",1640.68693236971,0,1,1,0.5,FALSE,0.467491776563736,0,TRUE,147,0.868000000000166,"188, 443",0,0,0,FALSE,0.0272179954825586,0.00818259587646419,TRUE,2,0.00400000000000134
0.01,20,5,4,100095,"oracle_lambda_profiled_eta0",0.01,2,2,1,-2.30258509299405,-2.30258509299405,0,"lower","upper",1641.19720411324,0,1,1,0.5,FALSE,0.467491776563736,0,TRUE,120,0.698000000000093,"188, 443",0,0,0,FALSE,0.0149318315406792,0.00931301081503599,TRUE,2,0.00400000000000134
0.01,20,5,5,100096,"joint_lambda_2x_eta0",0.01,2.29114645659286,4.58229291318572,2,-2.16667994519752,-1.47353276463757,0,"interior","upper",1779.50318184063,0,1,1,0.5,FALSE,0.499999999902944,0,TRUE,135,0.838000000000193,"344, 442",0,0,0,FALSE,0.0576079398500453,0.0218955503997306,TRUE,1,0.00399999999999778
0.01,20,5,5,100096,"joint_lambda_profiled_eta0",0.01,2.29114645659286,2.29114645659286,1,-2.16667994519752,-2.16667994519752,0,"interior","upper",1779.66316860673,0,1,1,0.5,FALSE,0.499999999902944,0,TRUE,121,0.682000000000016,"344, 442",0,0,0,FALSE,0.0258620203221194,0.0207883490201221,TRUE,1,0.00399999999999778
0.01,20,5,5,100096,"oracle_lambda_2x_eta0",0.01,2.29114645659286,4.58229291318572,2,-2.16667994519752,-1.47353276463757,0,"interior","upper",1779.50318184063,0,1,1,0.5,FALSE,0.499999999902944,0,TRUE,135,0.838000000000193,"344, 442",0,0,0,FALSE,0.0576079398500453,0.0218955503997306,TRUE,1,0.00399999999999778
0.01,20,5,5,100096,"oracle_lambda_profiled_eta0",0.01,2.29114645659286,2.29114645659286,1,-2.16667994519752,-2.16667994519752,0,"interior","upper",1779.66316860673,0,1,1,0.5,FALSE,0.499999999902944,0,TRUE,121,0.682000000000016,"344, 442",0,0,0,FALSE,0.0258620203221194,0.0207883490201221,TRUE,1,0.00399999999999778
0.01,43,5,1,100097,"joint_lambda_2x_eta0",0.01,13.0316483455582,26.0632966911164,2,-1.19381922867761,-0.500672048117665,0,"interior","upper",1930.38851919019,0,1,1,0.5,FALSE,0.404876383878101,3.54081874931467e-10,TRUE,41,0.569999999999936,"34, 225",1,1,0.5,FALSE,0.19412642036806,0.0119598404899994,TRUE,2,0.00300000000000011
0.01,43,5,1,100097,"joint_lambda_profiled_eta0",0.01,13.0316483455582,13.0316483455582,1,-1.19381922867761,-1.19381922867761,0,"interior","upper",1931.91220025077,0,1,1,0.5,FALSE,0.404876383878101,3.54081874931467e-10,TRUE,98,0.520999999999958,"34, 225",0,0,0,FALSE,0.159435724977341,0.0183659603492644,TRUE,2,0.00300000000000011
0.01,43,5,1,100097,"oracle_lambda_2x_eta0",0.01,13.0316483455582,26.0632966911164,2,-1.19381922867761,-0.500672048117665,0,"interior","upper",1930.38851919019,0,1,1,0.5,FALSE,0.404876383878101,3.54081874931467e-10,TRUE,41,0.569999999999936,"34, 225",1,1,0.5,FALSE,0.19412642036806,0.0119598404899994,TRUE,2,0.00300000000000011
0.01,43,5,1,100097,"oracle_lambda_profiled_eta0",0.01,13.0316483455582,13.0316483455582,1,-1.19381922867761,-1.19381922867761,0,"interior","upper",1931.91220025077,0,1,1,0.5,FALSE,0.404876383878101,3.54081874931467e-10,TRUE,98,0.520999999999958,"34, 225",0,0,0,FALSE,0.159435724977341,0.0183659603492644,TRUE,2,0.00300000000000011
0.01,43,5,2,100098,"joint_lambda_2x_eta0",0.01,25.8759033609474,51.7518067218947,2,-0.507887952217076,0.18525922834287,0,"interior","upper",1992.32121465197,0,1,1,0.5,FALSE,0.440629195686552,0,TRUE,52,0.397999999999911,"253, 297",1,1,0.5,FALSE,0.315811560046059,0.0133437696738014,TRUE,2,0.00400000000000134
0.01,43,5,2,100098,"joint_lambda_profiled_eta0",0.01,25.8759033609474,25.8759033609474,1,-0.507887952217076,-0.507887952217076,0,"interior","upper",1994.93134871499,0,1,1,0.5,FALSE,0.440629195686552,0,TRUE,67,0.337999999999965,"253, 297",1,1,0.5,FALSE,0.282058019126196,0.00810102586022032,TRUE,2,0.00400000000000134
0.01,43,5,2,100098,"oracle_lambda_2x_eta0",0.01,25.8759033609474,51.7518067218947,2,-0.507887952217076,0.18525922834287,0,"interior","upper",1992.32121465197,0,1,1,0.5,FALSE,0.440629195686552,0,TRUE,52,0.397999999999911,"253, 297",1,1,0.5,FALSE,0.315811560046059,0.0133437696738014,TRUE,2,0.00400000000000134
0.01,43,5,2,100098,"oracle_lambda_profiled_eta0",0.01,25.8759033609474,25.8759033609474,1,-0.507887952217076,-0.507887952217076,0,"interior","upper",1994.93134871499,0,1,1,0.5,FALSE,0.440629195686552,0,TRUE,67,0.337999999999965,"253, 297",1,1,0.5,FALSE,0.282058019126196,0.00810102586022032,TRUE,2,0.00400000000000134
0.01,43,5,3,100099,"joint_lambda_2x_eta0",0.01,32.1610164527064,64.3220329054128,2,-0.290445065765767,0.402702114794179,0,"interior","upper",2009.15791307211,0,1,1,0.5,FALSE,0.5,0,TRUE,95,0.389999999999873,"287, 378",1,1,0.5,FALSE,0.717805903247418,0.435611806495143,TRUE,1,0.00300000000000011
0.01,43,5,3,100099,"joint_lambda_profiled_eta0",0.01,32.1610164527064,32.1610164527064,1,-0.290445065765767,-0.290445065765767,0,"interior","upper",2010.54016642634,0,1,1,0.5,FALSE,0.5,0,TRUE,54,0.280999999999949,"287, 378",1,1,0.5,FALSE,0.504749332933116,0.00949866609971006,TRUE,1,0.00300000000000011
0.01,43,5,3,100099,"oracle_lambda_2x_eta0",0.01,32.1610164527064,64.3220329054128,2,-0.290445065765767,0.402702114794179,0,"interior","upper",2009.15791307211,0,1,1,0.5,FALSE,0.5,0,TRUE,95,0.389999999999873,"287, 378",1,1,0.5,FALSE,0.717805903247418,0.435611806495143,TRUE,1,0.00300000000000011
0.01,43,5,3,100099,"oracle_lambda_profiled_eta0",0.01,32.1610164527064,32.1610164527064,1,-0.290445065765767,-0.290445065765767,0,"interior","upper",2010.54016642634,0,1,1,0.5,FALSE,0.5,0,TRUE,54,0.280999999999949,"287, 378",1,1,0.5,FALSE,0.504749332933116,0.00949866609971006,TRUE,1,0.00300000000000011
0.01,43,5,4,100100,"joint_lambda_2x_eta0",0.01,22.1336515823141,44.2673031646282,2,-0.664100969263647,0.0290462112962988,0,"interior","upper",1961.0331110093,0,1,1,0.5,FALSE,0.273950742105826,0,TRUE,112,0.560000000000173,"428, 432",1,1,0.5,FALSE,0.261240364490104,0.0173639513302457,TRUE,2,0.00400000000000134
0.01,43,5,4,100100,"joint_lambda_profiled_eta0",0.01,22.1336515823141,22.1336515823141,1,-0.664100969263647,-0.664100969263647,0,"interior","upper",1963.64834256091,0,1,1,0.5,FALSE,0.273950742105826,0,TRUE,74,0.432999999999993,"428, 432",0,0,0,FALSE,0.239161455219972,0.00821211319322412,TRUE,2,0.00400000000000134
0.01,43,5,4,100100,"oracle_lambda_2x_eta0",0.01,22.1336515823141,44.2673031646282,2,-0.664100969263647,0.0290462112962988,0,"interior","upper",1961.0331110093,0,1,1,0.5,FALSE,0.273950742105826,0,TRUE,112,0.560000000000173,"428, 432",1,1,0.5,FALSE,0.261240364490104,0.0173639513302457,TRUE,2,0.00400000000000134
0.01,43,5,4,100100,"oracle_lambda_profiled_eta0",0.01,22.1336515823141,22.1336515823141,1,-0.664100969263647,-0.664100969263647,0,"interior","upper",1963.64834256091,0,1,1,0.5,FALSE,0.273950742105826,0,TRUE,74,0.432999999999993,"428, 432",0,0,0,FALSE,0.239161455219972,0.00821211319322412,TRUE,2,0.00400000000000134
0.01,43,5,5,100101,"joint_lambda_2x_eta0",0.01,19.339683685903,38.679367371806,2,-0.799040981236345,-0.105893800676399,0,"interior","upper",1934.51083658197,0,1,1,0.5,FALSE,0.492094807443254,0,TRUE,38,0.494000000000142,"3, 218",1,1,0.5,FALSE,0.358296419579519,0.00927980908537707,TRUE,1,0.00400000000000134
0.01,43,5,5,100101,"joint_lambda_profiled_eta0",0.01,19.339683685903,19.339683685903,1,-0.799040981236345,-0.799040981236345,0,"interior","upper",1936.94234013609,0,1,1,0.5,FALSE,0.492094807443254,0,TRUE,79,0.450000000000045,"3, 218",1,1,0.5,FALSE,0.313647807354922,0.0081154458750462,TRUE,1,0.00400000000000134
0.01,43,5,5,100101,"oracle_lambda_2x_eta0",0.01,19.339683685903,38.679367371806,2,-0.799040981236345,-0.105893800676399,0,"interior","upper",1934.51083658197,0,1,1,0.5,FALSE,0.492094807443254,0,TRUE,38,0.494000000000142,"3, 218",1,1,0.5,FALSE,0.358296419579519,0.00927980908537707,TRUE,1,0.00400000000000134
0.01,43,5,5,100101,"oracle_lambda_profiled_eta0",0.01,19.339683685903,19.339683685903,1,-0.799040981236345,-0.799040981236345,0,"interior","upper",1936.94234013609,0,1,1,0.5,FALSE,0.492094807443254,0,TRUE,79,0.450000000000045,"3, 218",1,1,0.5,FALSE,0.313647807354922,0.0081154458750462,TRUE,1,0.00400000000000134
0.01,95,5,1,100102,"joint_lambda_2x_eta0",0.01,69.5143347083083,139.028669416617,2,-0.312343905501587,0.380803275058359,0,"interior","upper",2156.08738696137,0,1,0,0,FALSE,0.00211009876722529,0,TRUE,43,0.386999999999716,"142, 214",1,1,0.5,FALSE,0.0596930547178072,0.0314108292116867,TRUE,1,0.00400000000000134
0.01,95,5,1,100102,"joint_lambda_profiled_eta0",0.01,69.5143347083083,69.5143347083083,1,-0.312343905501587,-0.312343905501587,0,"interior","upper",2159.72617635041,0,1,0,0,FALSE,0.00211009876722529,0,TRUE,67,0.335999999999785,"142, 214",1,1,0.5,FALSE,0.0732667348536518,0.0156242070348815,TRUE,1,0.00400000000000134
0.01,95,5,1,100102,"oracle_lambda_2x_eta0",0.01,69.5143347083083,139.028669416617,2,-0.312343905501587,0.380803275058359,0,"interior","upper",2156.08738696137,0,1,0,0,FALSE,0.00211009876722529,0,TRUE,43,0.386999999999716,"142, 214",1,1,0.5,FALSE,0.0596930547178072,0.0314108292116867,TRUE,1,0.00400000000000134
0.01,95,5,1,100102,"oracle_lambda_profiled_eta0",0.01,69.5143347083083,69.5143347083083,1,-0.312343905501587,-0.312343905501587,0,"interior","upper",2159.72617635041,0,1,0,0,FALSE,0.00211009876722529,0,TRUE,67,0.335999999999785,"142, 214",1,1,0.5,FALSE,0.0732667348536518,0.0156242070348815,TRUE,1,0.00400000000000134
0.01,95,5,2,100103,"joint_lambda_2x_eta0",0.01,86.3460852865654,172.692170573131,2,-0.0955134234545802,0.597633757105365,0,"interior","upper",2189.95936735937,0,1,1,0.5,FALSE,0.49995286272527,0,TRUE,21,0.253000000000156,"228, 326",1,1,0.5,FALSE,0.520667224804195,0.0617898745867014,TRUE,1,0.00400000000000134
0.01,95,5,2,100103,"joint_lambda_profiled_eta0",0.01,86.3460852865654,86.3460852865654,1,-0.0955134234545802,-0.0955134234545802,0,"interior","upper",2194.24987903642,0,1,1,0.5,FALSE,0.49995286272527,0,TRUE,40,0.227000000000317,"228, 326",1,1,0.5,FALSE,0.463721577077596,0.0105298205547348,TRUE,1,0.00400000000000134
0.01,95,5,2,100103,"oracle_lambda_2x_eta0",0.01,86.3460852865654,172.692170573131,2,-0.0955134234545802,0.597633757105365,0,"interior","upper",2189.95936735937,0,1,1,0.5,FALSE,0.49995286272527,0,TRUE,21,0.253000000000156,"228, 326",1,1,0.5,FALSE,0.520667224804195,0.0617898745867014,TRUE,1,0.00400000000000134
0.01,95,5,2,100103,"oracle_lambda_profiled_eta0",0.01,86.3460852865654,86.3460852865654,1,-0.0955134234545802,-0.0955134234545802,0,"interior","upper",2194.24987903642,0,1,1,0.5,FALSE,0.49995286272527,0,TRUE,40,0.227000000000317,"228, 326",1,1,0.5,FALSE,0.463721577077596,0.0105298205547348,TRUE,1,0.00400000000000134
0.01,95,5,3,100104,"joint_lambda_2x_eta0",0.01,77.2793928345728,154.558785669146,2,-0.206449558422629,0.486697622137316,0,"interior","upper",2203.66754979215,0,1,1,0.5,FALSE,0.499981813775194,0,TRUE,23,0.117000000000189,"179, 428",1,1,0.5,FALSE,0.559633383627695,0.122616231594282,TRUE,1,0.00400000000000134
0.01,95,5,3,100104,"joint_lambda_profiled_eta0",0.01,77.2793928345728,77.2793928345728,1,-0.206449558422629,-0.206449558422629,0,"interior","upper",2207.08476905906,0,1,1,0.5,FALSE,0.499981813775194,0,TRUE,22,0.0889999999999418,"179, 428",1,1,0.5,FALSE,0.499606821940693,0.0167329885815894,TRUE,1,0.00400000000000134
0.01,95,5,3,100104,"oracle_lambda_2x_eta0",0.01,77.2793928345728,154.558785669146,2,-0.206449558422629,0.486697622137316,0,"interior","upper",2203.66754979215,0,1,1,0.5,FALSE,0.499981813775194,0,TRUE,23,0.117000000000189,"179, 428",1,1,0.5,FALSE,0.559633383627695,0.122616231594282,TRUE,1,0.00400000000000134
0.01,95,5,3,100104,"oracle_lambda_profiled_eta0",0.01,77.2793928345728,77.2793928345728,1,-0.206449558422629,-0.206449558422629,0,"interior","upper",2207.08476905906,0,1,1,0.5,FALSE,0.499981813775194,0,TRUE,22,0.0889999999999418,"179, 428",1,1,0.5,FALSE,0.499606821940693,0.0167329885815894,TRUE,1,0.00400000000000134
0.01,95,5,4,100105,"joint_lambda_2x_eta0",0.01,32.8456139624741,65.6912279249483,2,-1.0620586727082,-0.368911492148256,0,"interior","upper",2098.98299420361,0,2,1,1,TRUE,0.99850082609888,0.99700190927834,TRUE,62,0.353999999999814,"68, 427",2,1,1,TRUE,0.99850082609888,0.99700190927834,FALSE,1,0.00300000000000011
0.01,95,5,4,100105,"joint_lambda_profiled_eta0",0.01,32.8456139624741,32.8456139624741,1,-1.0620586727082,-1.0620586727082,0,"interior","upper",2097.76462368985,0,1,1,0.5,FALSE,0.49999999999989,8.35997937542743e-14,TRUE,53,0.280999999999949,"68, 427",1,1,0.5,FALSE,0.506180259936003,0.0123802871933463,TRUE,1,0.00300000000000011
0.01,95,5,4,100105,"oracle_lambda_2x_eta0",0.01,32.8456139624741,65.6912279249483,2,-1.0620586727082,-0.368911492148256,0,"interior","upper",2098.98299420361,0,2,1,1,TRUE,0.99850082609888,0.99700190927834,TRUE,62,0.353999999999814,"68, 427",2,1,1,TRUE,0.99850082609888,0.99700190927834,FALSE,1,0.00300000000000011
0.01,95,5,4,100105,"oracle_lambda_profiled_eta0",0.01,32.8456139624741,32.8456139624741,1,-1.0620586727082,-1.0620586727082,0,"interior","upper",2097.76462368985,0,1,1,0.5,FALSE,0.49999999999989,8.35997937542743e-14,TRUE,53,0.280999999999949,"68, 427",1,1,0.5,FALSE,0.506180259936003,0.0123802871933463,TRUE,1,0.00300000000000011
0.01,95,5,5,100106,"joint_lambda_2x_eta0",0.008,42.3438972243859,84.6877944487718,2,-0.808052584206644,-0.114905403646699,-0.223143551314211,"interior","interior",2124.50714852826,1.21102348325303,2,1,1,TRUE,0.5856213739699,0.303462948986729,TRUE,76,0.298000000000229,"342, 450",2,1,1,TRUE,0.5856213739699,0.303462948986729,FALSE,1,0.00399999999999778
0.01,95,5,5,100106,"joint_lambda_profiled_eta0",0.01,74.3639124532952,74.3639124532952,1,-0.244906115105932,-0.244906115105932,0,"interior","upper",2128.51416881573,0,2,1,1,TRUE,0.579991249946753,0.311105638245298,TRUE,146,0.832999999999629,"342, 450",2,1,1,TRUE,0.579991249946753,0.311105638245298,FALSE,1,0.00399999999999778
0.01,95,5,5,100106,"oracle_lambda_2x_eta0",0.01,74.3639124532952,148.72782490659,2,-0.244906115105932,0.448241065454013,0,"interior","upper",2123.29612504501,0,2,1,1,TRUE,0.585794421445829,0.23859094057786,TRUE,23,0.860999999999876,"342, 450",2,1,1,TRUE,0.585794421445829,0.23859094057786,FALSE,1,0.00399999999999778
0.01,95,5,5,100106,"oracle_lambda_profiled_eta0",0.01,74.3639124532952,74.3639124532952,1,-0.244906115105932,-0.244906115105932,0,"interior","upper",2128.51416881573,0,2,1,1,TRUE,0.579991249946753,0.311105638245298,TRUE,146,0.832999999999629,"342, 450",2,1,1,TRUE,0.579991249946753,0.311105638245298,FALSE,1,0.00399999999999778
0.01,206,5,1,100107,"joint_lambda_2x_eta0",0.01,202.526258534215,405.052517068429,2,-0.0170066188757456,0.6761405616842,0,"interior","upper",2286.69461271549,0,2,1,1,TRUE,0.252674597213738,0.119133529494601,TRUE,12,0.104000000000269,"32, 329",2,1,1,TRUE,0.252674597213738,0.119133529494601,FALSE,4,0.00300000000000011
0.01,206,5,1,100107,"joint_lambda_profiled_eta0",0.01,202.526258534215,202.526258534215,1,-0.0170066188757456,-0.0170066188757456,0,"interior","upper",2290.68502239462,0,2,1,1,TRUE,0.253918090047789,0.17099552784183,TRUE,22,0.0880000000001928,"32, 329",2,1,1,TRUE,0.253918090047789,0.17099552784183,FALSE,4,0.00300000000000011
0.01,206,5,1,100107,"oracle_lambda_2x_eta0",0.01,202.526258534215,405.052517068429,2,-0.0170066188757456,0.6761405616842,0,"interior","upper",2286.69461271549,0,2,1,1,TRUE,0.252674597213738,0.119133529494601,TRUE,12,0.104000000000269,"32, 329",2,1,1,TRUE,0.252674597213738,0.119133529494601,FALSE,4,0.00300000000000011
0.01,206,5,1,100107,"oracle_lambda_profiled_eta0",0.01,202.526258534215,202.526258534215,1,-0.0170066188757456,-0.0170066188757456,0,"interior","upper",2290.68502239462,0,2,1,1,TRUE,0.253918090047789,0.17099552784183,TRUE,22,0.0880000000001928,"32, 329",2,1,1,TRUE,0.253918090047789,0.17099552784183,FALSE,4,0.00300000000000011
0.01,206,5,2,100108,"joint_lambda_2x_eta0",0.01,98.6550482332036,197.310096466407,2,-0.73624676446043,-0.0430995839004851,0,"interior","upper",2210.65803590512,0,1,1,0.5,FALSE,0.491363683106198,0,TRUE,81,0.412000000000262,"130, 131",1,1,0.5,FALSE,0.4310054864305,0.00594802347778889,TRUE,1,0.00400000000000134
0.01,206,5,2,100108,"joint_lambda_profiled_eta0",0.01,98.6550482332036,98.6550482332036,1,-0.73624676446043,-0.73624676446043,0,"interior","upper",2213.13259184098,0,1,1,0.5,FALSE,0.491363683106198,0,TRUE,65,0.31899999999996,"130, 131",1,1,0.5,FALSE,0.408690142196372,0.00840640948544713,TRUE,1,0.00400000000000134
0.01,206,5,2,100108,"oracle_lambda_2x_eta0",0.01,98.6550482332036,197.310096466407,2,-0.73624676446043,-0.0430995839004851,0,"interior","upper",2210.65803590512,0,1,1,0.5,FALSE,0.491363683106198,0,TRUE,81,0.412000000000262,"130, 131",1,1,0.5,FALSE,0.4310054864305,0.00594802347778889,TRUE,1,0.00400000000000134
0.01,206,5,2,100108,"oracle_lambda_profiled_eta0",0.01,98.6550482332036,98.6550482332036,1,-0.73624676446043,-0.73624676446043,0,"interior","upper",2213.13259184098,0,1,1,0.5,FALSE,0.491363683106198,0,TRUE,65,0.31899999999996,"130, 131",1,1,0.5,FALSE,0.408690142196372,0.00840640948544713,TRUE,1,0.00400000000000134
0.01,206,5,3,100109,"joint_lambda_2x_eta0",0.01,151.981440724051,303.962881448102,2,-0.304117755897843,0.389029424662103,0,"interior","upper",2223.92879142594,0,2,1,1,TRUE,0.803365318000467,0.778733137609985,TRUE,17,0.143999999999778,"115, 205",2,1,1,TRUE,0.803365318000467,0.778733137609985,FALSE,2,0.00400000000000134
0.01,206,5,3,100109,"joint_lambda_profiled_eta0",0.01,151.981440724051,151.981440724051,1,-0.304117755897843,-0.304117755897843,0,"interior","upper",2229.16949244184,0,2,1,1,TRUE,0.692493952675337,0.667705988056104,TRUE,31,0.123000000000047,"115, 205",2,1,1,TRUE,0.692493952675337,0.667705988056104,FALSE,2,0.00400000000000134
0.01,206,5,3,100109,"oracle_lambda_2x_eta0",0.01,151.981440724051,303.962881448102,2,-0.304117755897843,0.389029424662103,0,"interior","upper",2223.92879142594,0,2,1,1,TRUE,0.803365318000467,0.778733137609985,TRUE,17,0.143999999999778,"115, 205",2,1,1,TRUE,0.803365318000467,0.778733137609985,FALSE,2,0.00400000000000134
0.01,206,5,3,100109,"oracle_lambda_profiled_eta0",0.01,151.981440724051,151.981440724051,1,-0.304117755897843,-0.304117755897843,0,"interior","upper",2229.16949244184,0,2,1,1,TRUE,0.692493952675337,0.667705988056104,TRUE,31,0.123000000000047,"115, 205",2,1,1,TRUE,0.692493952675337,0.667705988056104,FALSE,2,0.00400000000000134
0.01,206,5,4,100110,"joint_lambda_2x_eta0",0.01,71.7089428790487,143.417885758097,2,-1.05526070261513,-0.36211352205518,0,"interior","upper",2180.45777840212,0,2,1,1,TRUE,0.827767351929479,0.655561239265542,TRUE,75,0.206000000000131,"201, 442",2,1,1,TRUE,0.827767351929479,0.655561239265542,FALSE,1,0.00399999999999778
0.01,206,5,4,100110,"joint_lambda_profiled_eta0",0.01,71.7089428790487,71.7089428790487,1,-1.05526070261513,-1.05526070261513,0,"interior","upper",2180.69113370775,0,1,1,0.5,FALSE,0.49999999999903,3.52668894088026e-10,TRUE,26,0.119000000000142,"201, 442",1,1,0.5,FALSE,0.509030481907987,0.018190125092404,TRUE,1,0.00399999999999778
0.01,206,5,4,100110,"oracle_lambda_2x_eta0",0.01,71.7089428790487,143.417885758097,2,-1.05526070261513,-0.36211352205518,0,"interior","upper",2180.45777840212,0,2,1,1,TRUE,0.827767351929479,0.655561239265542,TRUE,75,0.206000000000131,"201, 442",2,1,1,TRUE,0.827767351929479,0.655561239265542,FALSE,1,0.00399999999999778
0.01,206,5,4,100110,"oracle_lambda_profiled_eta0",0.01,71.7089428790487,71.7089428790487,1,-1.05526070261513,-1.05526070261513,0,"interior","upper",2180.69113370775,0,1,1,0.5,FALSE,0.49999999999903,3.52668894088026e-10,TRUE,26,0.119000000000142,"201, 442",1,1,0.5,FALSE,0.509030481907987,0.018190125092404,TRUE,1,0.00399999999999778
0.01,206,5,5,100111,"joint_lambda_2x_eta0",0.01,192.71680848034,385.43361696068,2,-0.0666543710168304,0.626492809543115,0,"interior","upper",2281.29400053308,0,2,1,1,TRUE,0.674602902656076,0.39674583928575,TRUE,80,0.585999999999785,"122, 211",2,1,1,TRUE,0.674602902656076,0.39674583928575,FALSE,3,0.00300000000000011
0.01,206,5,5,100111,"joint_lambda_profiled_eta0",0.01,192.71680848034,192.71680848034,1,-0.0666543710168304,-0.0666543710168304,0,"interior","upper",2285.73344812022,0,2,1,1,TRUE,0.607044905022132,0.325078304435426,TRUE,93,0.494999999999891,"122, 211",2,1,1,TRUE,0.607044905022132,0.325078304435426,FALSE,3,0.00300000000000011
0.01,206,5,5,100111,"oracle_lambda_2x_eta0",0.01,192.71680848034,385.43361696068,2,-0.0666543710168304,0.626492809543115,0,"interior","upper",2281.29400053308,0,2,1,1,TRUE,0.674602902656076,0.39674583928575,TRUE,80,0.585999999999785,"122, 211",2,1,1,TRUE,0.674602902656076,0.39674583928575,FALSE,3,0.00300000000000011
0.01,206,5,5,100111,"oracle_lambda_profiled_eta0",0.01,192.71680848034,192.71680848034,1,-0.0666543710168304,-0.0666543710168304,0,"interior","upper",2285.73344812022,0,2,1,1,TRUE,0.607044905022132,0.325078304435426,TRUE,93,0.494999999999891,"122, 211",2,1,1,TRUE,0.607044905022132,0.325078304435426,FALSE,3,0.00300000000000011
0.01,447,5,1,100112,"joint_lambda_2x_eta0",0.01,291.697568278613,583.395136557226,2,-0.426841054152382,0.266306126407564,0,"interior","upper",2312.47788970543,0,2,1,1,TRUE,0.850063723980375,0.700127447978484,TRUE,77,0.561999999999898,"230, 363",2,1,1,TRUE,0.850063723980375,0.700127447978484,FALSE,1,0.00399999999999778
0.01,447,5,1,100112,"joint_lambda_profiled_eta0",0.01,291.697568278613,291.697568278613,1,-0.426841054152382,-0.426841054152382,0,"interior","upper",2316.54816901167,0,2,1,1,TRUE,0.826191657574226,0.652383317037879,TRUE,88,0.472999999999956,"230, 363",2,1,1,TRUE,0.826191657574226,0.652383317037879,FALSE,1,0.00399999999999778
0.01,447,5,1,100112,"oracle_lambda_2x_eta0",0.01,291.697568278613,583.395136557226,2,-0.426841054152382,0.266306126407564,0,"interior","upper",2312.47788970543,0,2,1,1,TRUE,0.850063723980375,0.700127447978484,TRUE,77,0.561999999999898,"230, 363",2,1,1,TRUE,0.850063723980375,0.700127447978484,FALSE,1,0.00399999999999778
0.01,447,5,1,100112,"oracle_lambda_profiled_eta0",0.01,291.697568278613,291.697568278613,1,-0.426841054152382,-0.426841054152382,0,"interior","upper",2316.54816901167,0,2,1,1,TRUE,0.826191657574226,0.652383317037879,TRUE,88,0.472999999999956,"230, 363",2,1,1,TRUE,0.826191657574226,0.652383317037879,FALSE,1,0.00399999999999778
0.01,447,5,2,100113,"joint_lambda_2x_eta0",0.01,237.477614501368,474.955229002736,2,-0.632485230312212,0.0606619502477335,0,"interior","upper",2320.30438665633,0,2,1,1,TRUE,0.874054609910116,0.773910632998557,TRUE,19,0.458999999999833,"31, 277",2,1,1,TRUE,0.874054609910116,0.773910632998557,FALSE,1,0.00300000000000011
0.01,447,5,2,100113,"joint_lambda_profiled_eta0",0.01,237.477614501368,237.477614501368,1,-0.632485230312212,-0.632485230312212,0,"interior","upper",2323.62427615565,0,2,1,1,TRUE,0.826483267732334,0.713857647760204,TRUE,77,0.434999999999945,"31, 277",2,1,1,TRUE,0.826483267732334,0.713857647760204,FALSE,1,0.00300000000000011
0.01,447,5,2,100113,"oracle_lambda_2x_eta0",0.01,237.477614501368,474.955229002736,2,-0.632485230312212,0.0606619502477335,0,"interior","upper",2320.30438665633,0,2,1,1,TRUE,0.874054609910116,0.773910632998557,TRUE,19,0.458999999999833,"31, 277",2,1,1,TRUE,0.874054609910116,0.773910632998557,FALSE,1,0.00300000000000011
0.01,447,5,2,100113,"oracle_lambda_profiled_eta0",0.01,237.477614501368,237.477614501368,1,-0.632485230312212,-0.632485230312212,0,"interior","upper",2323.62427615565,0,2,1,1,TRUE,0.826483267732334,0.713857647760204,TRUE,77,0.434999999999945,"31, 277",2,1,1,TRUE,0.826483267732334,0.713857647760204,FALSE,1,0.00300000000000011
0.01,447,5,3,100114,"joint_lambda_2x_eta0",0.01,269.530699601375,539.06139920275,2,-0.505876297574487,0.187270882985459,0,"interior","upper",2313.81790857176,0,2,1,1,TRUE,0.648148893263047,0.335468337013731,TRUE,8,0.630999999999858,"325, 443",2,1,1,TRUE,0.648148893263047,0.335468337013731,FALSE,3,0.00300000000000011
0.01,447,5,3,100114,"joint_lambda_profiled_eta0",0.01,269.530699601375,269.530699601375,1,-0.505876297574487,-0.505876297574487,0,"interior","upper",2317.38304844989,0,1,1,0.5,FALSE,0.165571162896936,0,TRUE,111,0.619999999999891,"325, 443",1,1,0.5,FALSE,0.512164373678918,0.341965739813276,TRUE,3,0.00300000000000011
0.01,447,5,3,100114,"oracle_lambda_2x_eta0",0.01,269.530699601375,539.06139920275,2,-0.505876297574487,0.187270882985459,0,"interior","upper",2313.81790857176,0,2,1,1,TRUE,0.648148893263047,0.335468337013731,TRUE,8,0.630999999999858,"325, 443",2,1,1,TRUE,0.648148893263047,0.335468337013731,FALSE,3,0.00300000000000011
0.01,447,5,3,100114,"oracle_lambda_profiled_eta0",0.01,269.530699601375,269.530699601375,1,-0.505876297574487,-0.505876297574487,0,"interior","upper",2317.38304844989,0,1,1,0.5,FALSE,0.165571162896936,0,TRUE,111,0.619999999999891,"325, 443",1,1,0.5,FALSE,0.512164373678918,0.341965739813276,TRUE,3,0.00300000000000011
0.01,447,5,4,100115,"joint_lambda_2x_eta0",0.01,364.329800481265,728.65960096253,2,-0.20449909190989,0.488648088650056,0,"interior","upper",2325.08831368952,0,2,1,1,TRUE,0.706991275386772,0.414216966037253,TRUE,64,0.501999999999498,"59, 170",2,1,1,TRUE,0.706991275386772,0.414216966037253,FALSE,1,0.00400000000000134
0.01,447,5,4,100115,"joint_lambda_profiled_eta0",0.01,364.329800481265,364.329800481265,1,-0.20449909190989,-0.20449909190989,0,"interior","upper",2328.74588058314,0,2,1,1,TRUE,0.677339327161084,0.357189583520591,TRUE,78,0.42699999999968,"59, 170",2,1,1,TRUE,0.677339327161084,0.357189583520591,FALSE,1,0.00400000000000134
0.01,447,5,4,100115,"oracle_lambda_2x_eta0",0.01,364.329800481265,728.65960096253,2,-0.20449909190989,0.488648088650056,0,"interior","upper",2325.08831368952,0,2,1,1,TRUE,0.706991275386772,0.414216966037253,TRUE,64,0.501999999999498,"59, 170",2,1,1,TRUE,0.706991275386772,0.414216966037253,FALSE,1,0.00400000000000134
0.01,447,5,4,100115,"oracle_lambda_profiled_eta0",0.01,364.329800481265,364.329800481265,1,-0.20449909190989,-0.20449909190989,0,"interior","upper",2328.74588058314,0,2,1,1,TRUE,0.677339327161084,0.357189583520591,TRUE,78,0.42699999999968,"59, 170",2,1,1,TRUE,0.677339327161084,0.357189583520591,FALSE,1,0.00400000000000134
0.01,447,5,5,100116,"joint_lambda_2x_eta0",0.01,340.742484848743,681.484969697486,2,-0.271431579016033,0.421715601543912,0,"interior","upper",2359.28534684572,0,2,1,1,TRUE,0.938186502252417,0.876413065152469,TRUE,39,0.463000000000193,"127, 464",2,1,1,TRUE,0.938186502252417,0.876413065152469,FALSE,1,0.00300000000000011
0.01,447,5,5,100116,"joint_lambda_profiled_eta0",0.01,340.742484848743,340.742484848743,1,-0.271431579016033,-0.271431579016033,0,"interior","upper",2361.54487123442,0,2,1,1,TRUE,0.918306698174985,0.836770534298686,TRUE,69,0.416000000000167,"127, 464",2,1,1,TRUE,0.918306698174985,0.836770534298686,FALSE,1,0.00300000000000011
0.01,447,5,5,100116,"oracle_lambda_2x_eta0",0.01,340.742484848743,681.484969697486,2,-0.271431579016033,0.421715601543912,0,"interior","upper",2359.28534684572,0,2,1,1,TRUE,0.938186502252417,0.876413065152469,TRUE,39,0.463000000000193,"127, 464",2,1,1,TRUE,0.938186502252417,0.876413065152469,FALSE,1,0.00300000000000011
0.01,447,5,5,100116,"oracle_lambda_profiled_eta0",0.01,340.742484848743,340.742484848743,1,-0.271431579016033,-0.271431579016033,0,"interior","upper",2361.54487123442,0,2,1,1,TRUE,0.918306698174985,0.836770534298686,TRUE,69,0.416000000000167,"127, 464",2,1,1,TRUE,0.918306698174985,0.836770534298686,FALSE,1,0.00300000000000011
0.01,972,5,1,100117,"joint_lambda_2x_eta0",0.01,1041.11600855058,2082.23201710116,2,0.0686926974754609,0.761839878035406,0,"interior","upper",2410.99258540584,0,2,1,1,TRUE,0.822930703599835,0.647235164992003,TRUE,10,0.0670000000000073,"236, 258",2,1,1,TRUE,0.822930703599835,0.647235164992003,FALSE,3,0.00399999999999778
0.01,972,5,1,100117,"joint_lambda_profiled_eta0",0.01,1041.11600855058,1041.11600855058,1,0.0686926974754609,0.0686926974754609,0,"interior","upper",2411.77238556306,0,2,1,1,TRUE,0.810408268875572,0.623658498277014,TRUE,14,0.0540000000000873,"236, 258",2,1,1,TRUE,0.810408268875572,0.623658498277014,FALSE,3,0.00399999999999778
0.01,972,5,1,100117,"oracle_lambda_2x_eta0",0.01,1041.11600855058,2082.23201710116,2,0.0686926974754609,0.761839878035406,0,"interior","upper",2410.99258540584,0,2,1,1,TRUE,0.822930703599835,0.647235164992003,TRUE,10,0.0670000000000073,"236, 258",2,1,1,TRUE,0.822930703599835,0.647235164992003,FALSE,3,0.00399999999999778
0.01,972,5,1,100117,"oracle_lambda_profiled_eta0",0.01,1041.11600855058,1041.11600855058,1,0.0686926974754609,0.0686926974754609,0,"interior","upper",2411.77238556306,0,2,1,1,TRUE,0.810408268875572,0.623658498277014,TRUE,14,0.0540000000000873,"236, 258",2,1,1,TRUE,0.810408268875572,0.623658498277014,FALSE,3,0.00399999999999778
0.01,972,5,2,100118,"joint_lambda_2x_eta0",0.01,727.73625512779,1455.47251025558,2,-0.289417108817887,0.403730071742058,0,"interior","upper",2403.14439880905,0,2,1,1,TRUE,0.766369404604312,0.533274173220865,TRUE,76,0.528999999999542,"9, 227",2,1,1,TRUE,0.766369404604312,0.533274173220865,FALSE,2,0.00400000000000134
0.01,972,5,2,100118,"joint_lambda_profiled_eta0",0.01,727.73625512779,727.73625512779,1,-0.289417108817887,-0.289417108817887,0,"interior","upper",2404.19345874846,0,2,1,1,TRUE,0.764527284010686,0.530312800831006,TRUE,77,0.438999999999851,"9, 227",2,1,1,TRUE,0.764527284010686,0.530312800831006,FALSE,2,0.00400000000000134
0.01,972,5,2,100118,"oracle_lambda_2x_eta0",0.01,727.73625512779,1455.47251025558,2,-0.289417108817887,0.403730071742058,0,"interior","upper",2403.14439880905,0,2,1,1,TRUE,0.766369404604312,0.533274173220865,TRUE,76,0.528999999999542,"9, 227",2,1,1,TRUE,0.766369404604312,0.533274173220865,FALSE,2,0.00400000000000134
0.01,972,5,2,100118,"oracle_lambda_profiled_eta0",0.01,727.73625512779,727.73625512779,1,-0.289417108817887,-0.289417108817887,0,"interior","upper",2404.19345874846,0,2,1,1,TRUE,0.764527284010686,0.530312800831006,TRUE,77,0.438999999999851,"9, 227",2,1,1,TRUE,0.764527284010686,0.530312800831006,FALSE,2,0.00400000000000134
0.01,972,5,3,100119,"joint_lambda_2x_eta0",0.01,629.381426679546,1258.76285335909,2,-0.434618329830935,0.258528850729011,0,"interior","upper",2368.03139574687,0,2,1,1,TRUE,0.97918739703716,0.958383640712473,TRUE,59,0.51299999999992,"12, 237",2,1,1,TRUE,0.97918739703716,0.958383640712473,FALSE,1,0.00400000000000134
0.01,972,5,3,100119,"joint_lambda_profiled_eta0",0.01,629.381426679546,629.381426679546,1,-0.434618329830935,-0.434618329830935,0,"interior","upper",2370.08222972692,0,2,1,1,TRUE,0.968049470001185,0.936141004979175,TRUE,76,0.442999999999756,"12, 237",2,1,1,TRUE,0.968049470001185,0.936141004979175,FALSE,1,0.00400000000000134
0.01,972,5,3,100119,"oracle_lambda_2x_eta0",0.01,629.381426679546,1258.76285335909,2,-0.434618329830935,0.258528850729011,0,"interior","upper",2368.03139574687,0,2,1,1,TRUE,0.97918739703716,0.958383640712473,TRUE,59,0.51299999999992,"12, 237",2,1,1,TRUE,0.97918739703716,0.958383640712473,FALSE,1,0.00400000000000134
0.01,972,5,3,100119,"oracle_lambda_profiled_eta0",0.01,629.381426679546,629.381426679546,1,-0.434618329830935,-0.434618329830935,0,"interior","upper",2370.08222972692,0,2,1,1,TRUE,0.968049470001185,0.936141004979175,TRUE,76,0.442999999999756,"12, 237",2,1,1,TRUE,0.968049470001185,0.936141004979175,FALSE,1,0.00400000000000134
0.01,972,5,4,100120,"joint_lambda_2x_eta0",0.01,732.097775318667,1464.19555063733,2,-0.283441726579476,0.409705453980469,0,"interior","upper",2400.46382153355,0,2,1,1,TRUE,0.997669581242576,0.995339177898336,TRUE,74,0.546000000000276,"57, 352",2,1,1,TRUE,0.997669581242576,0.995339177898336,FALSE,2,0.00300000000000011
0.01,972,5,4,100120,"joint_lambda_profiled_eta0",0.01,732.097775318667,732.097775318667,1,-0.283441726579476,-0.283441726579476,0,"interior","upper",2401.57567900075,0,2,1,1,TRUE,0.996119203465279,0.992238481653335,TRUE,73,0.459000000000287,"57, 352",2,1,1,TRUE,0.996119203465279,0.992238481653335,FALSE,2,0.00300000000000011
0.01,972,5,4,100120,"oracle_lambda_2x_eta0",0.01,732.097775318667,1464.19555063733,2,-0.283441726579476,0.409705453980469,0,"interior","upper",2400.46382153355,0,2,1,1,TRUE,0.997669581242576,0.995339177898336,TRUE,74,0.546000000000276,"57, 352",2,1,1,TRUE,0.997669581242576,0.995339177898336,FALSE,2,0.00300000000000011
0.01,972,5,4,100120,"oracle_lambda_profiled_eta0",0.01,732.097775318667,732.097775318667,1,-0.283441726579476,-0.283441726579476,0,"interior","upper",2401.57567900075,0,2,1,1,TRUE,0.996119203465279,0.992238481653335,TRUE,73,0.459000000000287,"57, 352",2,1,1,TRUE,0.996119203465279,0.992238481653335,FALSE,2,0.00300000000000011
0.01,972,5,5,100121,"joint_lambda_2x_eta0",0.008,778.268420824816,1556.53684164963,2,-0.222284325872017,0.470862854687929,-0.223143551314211,"interior","interior",2410.70451061031,0.134062568661648,2,1,1,TRUE,0.965086104906087,0.932371258007876,TRUE,55,0.514999999999418,"175, 198",2,1,1,TRUE,0.965086104906087,0.932371258007876,FALSE,3,0.00400000000000134
0.01,972,5,5,100121,"joint_lambda_profiled_eta0",0.008,778.268420824816,778.268420824816,1,-0.222284325872017,-0.222284325872017,-0.223143551314211,"interior","interior",2412.49861809729,1.03558727121208,2,1,1,TRUE,0.943012753381177,0.893255713622108,TRUE,78,0.448999999999614,"175, 198",2,1,1,TRUE,0.943012753381177,0.893255713622108,FALSE,3,0.00400000000000134
0.01,972,5,5,100121,"oracle_lambda_2x_eta0",0.01,1260.53896698917,2521.07793397834,2,0.259938855604164,0.953086036164109,0,"interior","upper",2410.57044804165,0,2,1,1,TRUE,0.972092263636668,0.945495349423092,TRUE,38,0.389000000000124,"175, 198",2,1,1,TRUE,0.972092263636668,0.945495349423092,FALSE,3,0.00400000000000134
0.01,972,5,5,100121,"oracle_lambda_profiled_eta0",0.01,1260.53896698917,1260.53896698917,1,0.259938855604164,0.259938855604164,0,"interior","upper",2411.46303082608,0,2,1,1,TRUE,0.960287707641228,0.923541050592455,TRUE,64,0.327999999999975,"175, 198",2,1,1,TRUE,0.960287707641228,0.923541050592455,FALSE,3,0.00400000000000134
0.01,2115,5,1,100122,"joint_lambda_2x_eta0",0.01,2882.79232824339,5765.58465648679,2,0.309704570349284,1.00285175090923,0,"interior","upper",2446.06271791592,0,2,1,1,TRUE,0.62952808474054,0.259688110372238,TRUE,73,1.12100000000009,"390, 402",2,1,1,TRUE,0.62952808474054,0.259688110372238,FALSE,1,0.00400000000000134
0.01,2115,5,1,100122,"joint_lambda_profiled_eta0",0.01,2882.79232824339,2882.79232824339,1,0.309704570349284,0.309704570349284,0,"interior","upper",2446.15043641169,0,2,1,1,TRUE,0.630995969562079,0.262749604030609,TRUE,73,0.998000000000047,"390, 402",2,1,1,TRUE,0.630995969562079,0.262749604030609,FALSE,1,0.00400000000000134
0.01,2115,5,1,100122,"oracle_lambda_2x_eta0",0.01,2882.79232824339,5765.58465648679,2,0.309704570349284,1.00285175090923,0,"interior","upper",2446.06271791592,0,2,1,1,TRUE,0.62952808474054,0.259688110372238,TRUE,73,1.12100000000009,"390, 402",2,1,1,TRUE,0.62952808474054,0.259688110372238,FALSE,1,0.00400000000000134
0.01,2115,5,1,100122,"oracle_lambda_profiled_eta0",0.01,2882.79232824339,2882.79232824339,1,0.309704570349284,0.309704570349284,0,"interior","upper",2446.15043641169,0,2,1,1,TRUE,0.630995969562079,0.262749604030609,TRUE,73,0.998000000000047,"390, 402",2,1,1,TRUE,0.630995969562079,0.262749604030609,FALSE,1,0.00400000000000134
0.01,2115,5,2,100123,"joint_lambda_2x_eta0",0.01,2389.24186922776,4778.48373845552,2,0.121921293595459,0.815068474155404,0,"interior","upper",2441.15939679294,0,2,1,1,TRUE,0.878903289382497,0.757988348582011,TRUE,67,0.952000000000226,"203, 382",2,1,1,TRUE,0.878903289382497,0.757988348582011,FALSE,1,0.00300000000000011
0.01,2115,5,2,100123,"joint_lambda_profiled_eta0",0.01,2389.24186922776,2389.24186922776,1,0.121921293595459,0.121921293595459,0,"interior","upper",2441.31351249535,0,2,1,1,TRUE,0.869793587469097,0.739829312843055,TRUE,68,0.838000000000193,"203, 382",2,1,1,TRUE,0.869793587469097,0.739829312843055,FALSE,1,0.00300000000000011
0.01,2115,5,2,100123,"oracle_lambda_2x_eta0",0.01,2389.24186922776,4778.48373845552,2,0.121921293595459,0.815068474155404,0,"interior","upper",2441.15939679294,0,2,1,1,TRUE,0.878903289382497,0.757988348582011,TRUE,67,0.952000000000226,"203, 382",2,1,1,TRUE,0.878903289382497,0.757988348582011,FALSE,1,0.00300000000000011
0.01,2115,5,2,100123,"oracle_lambda_profiled_eta0",0.01,2389.24186922776,2389.24186922776,1,0.121921293595459,0.121921293595459,0,"interior","upper",2441.31351249535,0,2,1,1,TRUE,0.869793587469097,0.739829312843055,TRUE,68,0.838000000000193,"203, 382",2,1,1,TRUE,0.869793587469097,0.739829312843055,FALSE,1,0.00300000000000011
0.01,2115,5,3,100124,"joint_lambda_2x_eta0",0.01,20000,20000,2,2.24667746105575,2.24667746105575,0,"upper","upper",2457.94302394097,0,2,1,1,TRUE,0.992740303934273,0.985480607868547,TRUE,77,2.38999999999987,"24, 200",2,1,1,TRUE,0.992740303934273,0.985480607868547,FALSE,1,0.00399999999999778
0.01,2115,5,3,100124,"joint_lambda_profiled_eta0",0.01,20000,20000,1,2.24667746105575,2.24667746105575,0,"upper","upper",2457.94302580192,0,2,1,1,TRUE,0.992740298174156,0.985480596348313,TRUE,77,2.23599999999988,"24, 200",2,1,1,TRUE,0.992740298174156,0.985480596348313,FALSE,1,0.00399999999999778
0.01,2115,5,3,100124,"oracle_lambda_2x_eta0",0.01,20000,20000,2,2.24667746105575,2.24667746105575,0,"upper","upper",2457.94302394097,0,2,1,1,TRUE,0.992740303934273,0.985480607868547,TRUE,77,2.38999999999987,"24, 200",2,1,1,TRUE,0.992740303934273,0.985480607868547,FALSE,1,0.00399999999999778
0.01,2115,5,3,100124,"oracle_lambda_profiled_eta0",0.01,20000,20000,1,2.24667746105575,2.24667746105575,0,"upper","upper",2457.94302580192,0,2,1,1,TRUE,0.992740298174156,0.985480596348313,TRUE,77,2.23599999999988,"24, 200",2,1,1,TRUE,0.992740298174156,0.985480596348313,FALSE,1,0.00399999999999778
0.01,2115,5,4,100125,"joint_lambda_2x_eta0",0.01,1020.69118779107,2041.38237558213,2,-0.728574779603769,-0.0354275990438238,0,"interior","upper",2414.91064310004,0,2,1,1,TRUE,0.999826160365559,0.999652320731118,TRUE,78,0.541999999999916,"327, 344",2,1,1,TRUE,0.999826160365559,0.999652320731118,FALSE,1,0.00399999999999778
0.01,2115,5,4,100125,"joint_lambda_profiled_eta0",0.01,1020.69118779107,1020.69118779107,1,-0.728574779603769,-0.728574779603769,0,"interior","upper",2415.61947586002,0,2,1,1,TRUE,0.999641294776878,0.999282589553756,TRUE,79,0.449000000000069,"327, 344",2,1,1,TRUE,0.999641294776878,0.999282589553756,FALSE,1,0.00399999999999778
0.01,2115,5,4,100125,"oracle_lambda_2x_eta0",0.01,1020.69118779107,2041.38237558213,2,-0.728574779603769,-0.0354275990438238,0,"interior","upper",2414.91064310004,0,2,1,1,TRUE,0.999826160365559,0.999652320731118,TRUE,78,0.541999999999916,"327, 344",2,1,1,TRUE,0.999826160365559,0.999652320731118,FALSE,1,0.00399999999999778
0.01,2115,5,4,100125,"oracle_lambda_profiled_eta0",0.01,1020.69118779107,1020.69118779107,1,-0.728574779603769,-0.728574779603769,0,"interior","upper",2415.61947586002,0,2,1,1,TRUE,0.999641294776878,0.999282589553756,TRUE,79,0.449000000000069,"327, 344",2,1,1,TRUE,0.999641294776878,0.999282589553756,FALSE,1,0.00399999999999778
0.01,2115,5,5,100126,"joint_lambda_2x_eta0",0.01,1275.64723408647,2551.29446817294,2,-0.505601128113071,0.187546052446875,0,"interior","upper",2421.77328369184,0,2,1,1,TRUE,0.636730097453923,0.274811152119513,TRUE,79,0.597000000000207,"50, 190",2,1,1,TRUE,0.636730097453923,0.274811152119513,FALSE,4,0.00300000000000011
0.01,2115,5,5,100126,"joint_lambda_profiled_eta0",0.01,1275.64723408647,1275.64723408647,1,-0.505601128113071,-0.505601128113071,0,"interior","upper",2422.34845094765,0,2,1,1,TRUE,0.635275810868987,0.272793550261574,TRUE,79,0.469000000000051,"50, 190",2,1,1,TRUE,0.635275810868987,0.272793550261574,FALSE,4,0.00300000000000011
0.01,2115,5,5,100126,"oracle_lambda_2x_eta0",0.01,1275.64723408647,2551.29446817294,2,-0.505601128113071,0.187546052446875,0,"interior","upper",2421.77328369184,0,2,1,1,TRUE,0.636730097453923,0.274811152119513,TRUE,79,0.597000000000207,"50, 190",2,1,1,TRUE,0.636730097453923,0.274811152119513,FALSE,4,0.00300000000000011
0.01,2115,5,5,100126,"oracle_lambda_profiled_eta0",0.01,1275.64723408647,1275.64723408647,1,-0.505601128113071,-0.505601128113071,0,"interior","upper",2422.34845094765,0,2,1,1,TRUE,0.635275810868987,0.272793550261574,TRUE,79,0.469000000000051,"50, 190",2,1,1,TRUE,0.635275810868987,0.272793550261574,FALSE,4,0.00300000000000011
0.01,4599,5,1,100127,"joint_lambda_2x_eta0",0.01,2529.48965806504,5058.97931613008,2,-0.59782132234563,0.0953258582143146,0,"interior","upper",2438.33338896465,0,2,1,1,TRUE,0.565231005528012,0.131038599912961,TRUE,78,1.1279999999997,"330, 485",2,1,1,TRUE,0.565231005528012,0.131038599912961,FALSE,1,0.00400000000000134
0.01,4599,5,1,100127,"joint_lambda_profiled_eta0",0.01,2529.48965806504,2529.48965806504,1,-0.59782132234563,-0.59782132234563,0,"interior","upper",2438.55923472232,0,2,1,1,TRUE,0.565807494163004,0.132397623746459,TRUE,79,0.996999999999844,"330, 485",2,1,1,TRUE,0.565807494163004,0.132397623746459,FALSE,1,0.00400000000000134
0.01,4599,5,1,100127,"oracle_lambda_2x_eta0",0.01,2529.48965806504,5058.97931613008,2,-0.59782132234563,0.0953258582143146,0,"interior","upper",2438.33338896465,0,2,1,1,TRUE,0.565231005528012,0.131038599912961,TRUE,78,1.1279999999997,"330, 485",2,1,1,TRUE,0.565231005528012,0.131038599912961,FALSE,1,0.00400000000000134
0.01,4599,5,1,100127,"oracle_lambda_profiled_eta0",0.01,2529.48965806504,2529.48965806504,1,-0.59782132234563,-0.59782132234563,0,"interior","upper",2438.55923472232,0,2,1,1,TRUE,0.565807494163004,0.132397623746459,TRUE,79,0.996999999999844,"330, 485",2,1,1,TRUE,0.565807494163004,0.132397623746459,FALSE,1,0.00400000000000134
0.01,4599,5,2,100128,"joint_lambda_2x_eta0",0.01,9040.11493515911,18080.2298703182,2,0.675832999831748,1.36898018039169,0,"interior","upper",2456.74120413246,0,1,1,0.5,FALSE,0.49643356924454,0,TRUE,72,1.16400000000021,"152, 402",1,1,0.5,FALSE,0.690174499289286,0.384550458115526,TRUE,1,0.00300000000000011
0.01,4599,5,2,100128,"joint_lambda_profiled_eta0",0.01,9040.11493515911,9040.11493515911,1,0.675832999831748,0.675832999831748,0,"interior","upper",2456.75142951936,0,1,1,0.5,FALSE,0.49643356924454,0,TRUE,78,1.029,"152, 402",1,1,0.5,FALSE,0.688281091880436,0.380981279275462,TRUE,1,0.00300000000000011
0.01,4599,5,2,100128,"oracle_lambda_2x_eta0",0.01,9040.11493515911,18080.2298703182,2,0.675832999831748,1.36898018039169,0,"interior","upper",2456.74120413246,0,1,1,0.5,FALSE,0.49643356924454,0,TRUE,72,1.16400000000021,"152, 402",1,1,0.5,FALSE,0.690174499289286,0.384550458115526,TRUE,1,0.00300000000000011
0.01,4599,5,2,100128,"oracle_lambda_profiled_eta0",0.01,9040.11493515911,9040.11493515911,1,0.675832999831748,0.675832999831748,0,"interior","upper",2456.75142951936,0,1,1,0.5,FALSE,0.49643356924454,0,TRUE,78,1.029,"152, 402",1,1,0.5,FALSE,0.688281091880436,0.380981279275462,TRUE,1,0.00300000000000011
0.01,4599,5,3,100129,"joint_lambda_2x_eta0",0.01,1639.24883157999,3278.49766315999,2,-1.03160078117364,-0.338453600613693,0,"interior","upper",2434.13122894111,0,2,1,1,TRUE,0.895025002062456,0.80195648193964,TRUE,13,0.08199999999988,"278, 485",2,1,1,TRUE,0.895025002062456,0.80195648193964,FALSE,2,0.00400000000000134
0.01,4599,5,3,100129,"joint_lambda_profiled_eta0",0.01,1639.24883157999,1639.24883157999,1,-1.03160078117364,-1.03160078117364,0,"interior","upper",2434.36884350641,0,2,1,1,TRUE,0.88867186020255,0.794282420199496,TRUE,14,0.0599999999999454,"278, 485",2,1,1,TRUE,0.88867186020255,0.794282420199496,FALSE,2,0.00400000000000134
0.01,4599,5,3,100129,"oracle_lambda_2x_eta0",0.01,1639.24883157999,3278.49766315999,2,-1.03160078117364,-0.338453600613693,0,"interior","upper",2434.13122894111,0,2,1,1,TRUE,0.895025002062456,0.80195648193964,TRUE,13,0.08199999999988,"278, 485",2,1,1,TRUE,0.895025002062456,0.80195648193964,FALSE,2,0.00400000000000134
0.01,4599,5,3,100129,"oracle_lambda_profiled_eta0",0.01,1639.24883157999,1639.24883157999,1,-1.03160078117364,-1.03160078117364,0,"interior","upper",2434.36884350641,0,2,1,1,TRUE,0.88867186020255,0.794282420199496,TRUE,14,0.0599999999999454,"278, 485",2,1,1,TRUE,0.88867186020255,0.794282420199496,FALSE,2,0.00400000000000134
0.01,4599,5,4,100130,"joint_lambda_2x_eta0",0.01,2087.5415446805,4175.08308936101,2,-0.789851809369593,-0.0967046288096487,0,"interior","upper",2439.12259664773,0,2,1,1,TRUE,0.471737443719906,0.218669303543034,TRUE,78,0.893000000000029,"5, 482",2,1,1,TRUE,0.471737443719906,0.218669303543034,FALSE,2,0.00300000000000011
0.01,4599,5,4,100130,"joint_lambda_profiled_eta0",0.01,2087.5415446805,2087.5415446805,1,-0.789851809369593,-0.789851809369593,0,"interior","upper",2439.32946225904,0,2,1,1,TRUE,0.467360039247591,0.217942279105773,TRUE,76,0.760999999999967,"5, 482",2,1,1,TRUE,0.467360039247591,0.217942279105773,FALSE,2,0.00300000000000011
0.01,4599,5,4,100130,"oracle_lambda_2x_eta0",0.01,2087.5415446805,4175.08308936101,2,-0.789851809369593,-0.0967046288096487,0,"interior","upper",2439.12259664773,0,2,1,1,TRUE,0.471737443719906,0.218669303543034,TRUE,78,0.893000000000029,"5, 482",2,1,1,TRUE,0.471737443719906,0.218669303543034,FALSE,2,0.00300000000000011
0.01,4599,5,4,100130,"oracle_lambda_profiled_eta0",0.01,2087.5415446805,2087.5415446805,1,-0.789851809369593,-0.789851809369593,0,"interior","upper",2439.32946225904,0,2,1,1,TRUE,0.467360039247591,0.217942279105773,TRUE,76,0.760999999999967,"5, 482",2,1,1,TRUE,0.467360039247591,0.217942279105773,FALSE,2,0.00300000000000011
0.01,4599,5,5,100131,"joint_lambda_2x_eta0",0.01,14075.6170622623,20000,2,1.11860512552028,1.4698933849962,0,"interior","upper",2454.95852653792,0,2,1,1,TRUE,0.649816562145398,0.299633124290796,TRUE,64,1.37000000000035,"83, 463",2,1,1,TRUE,0.649816562145398,0.299633124290796,FALSE,1,0.00400000000000134
0.01,4599,5,5,100131,"joint_lambda_profiled_eta0",0.01,14075.6170622623,14075.6170622623,1,1.11860512552028,1.11860512552028,0,"interior","upper",2454.96020759305,0,2,1,1,TRUE,0.650099437006102,0.300198874012204,TRUE,88,1.24500000000035,"83, 463",2,1,1,TRUE,0.650099437006102,0.300198874012204,FALSE,1,0.00400000000000134
0.01,4599,5,5,100131,"oracle_lambda_2x_eta0",0.01,14075.6170622623,20000,2,1.11860512552028,1.4698933849962,0,"interior","upper",2454.95852653792,0,2,1,1,TRUE,0.649816562145398,0.299633124290796,TRUE,64,1.37000000000035,"83, 463",2,1,1,TRUE,0.649816562145398,0.299633124290796,FALSE,1,0.00400000000000134
0.01,4599,5,5,100131,"oracle_lambda_profiled_eta0",0.01,14075.6170622623,14075.6170622623,1,1.11860512552028,1.11860512552028,0,"interior","upper",2454.96020759305,0,2,1,1,TRUE,0.650099437006102,0.300198874012204,TRUE,88,1.24500000000035,"83, 463",2,1,1,TRUE,0.650099437006102,0.300198874012204,FALSE,1,0.00400000000000134
0.01,10000,5,1,100132,"joint_lambda_2x_eta0",0.01,20000,20000,2,0.693147180559944,0.693147180559944,0,"upper","upper",2467.33397616207,0,1,1,0.5,FALSE,0.499999971858991,0,TRUE,12,0.300999999999931,"19, 242",1,1,0.5,FALSE,0.886216493125529,0.77243300897329,TRUE,1,0.00400000000000134
0.01,10000,5,1,100132,"joint_lambda_profiled_eta0",0.01,20000,20000,1,0.693147180559944,0.693147180559944,0,"upper","upper",2467.33389288719,0,1,1,0.5,FALSE,0.499999971858991,0,TRUE,13,0.275000000000091,"19, 242",1,1,0.5,FALSE,0.88604478459337,0.772089591996063,TRUE,1,0.00400000000000134
0.01,10000,5,1,100132,"oracle_lambda_2x_eta0",0.01,20000,20000,2,0.693147180559944,0.693147180559944,0,"upper","upper",2467.33397616207,0,1,1,0.5,FALSE,0.499999971858991,0,TRUE,12,0.300999999999931,"19, 242",1,1,0.5,FALSE,0.886216493125529,0.77243300897329,TRUE,1,0.00400000000000134
0.01,10000,5,1,100132,"oracle_lambda_profiled_eta0",0.01,20000,20000,1,0.693147180559944,0.693147180559944,0,"upper","upper",2467.33389288719,0,1,1,0.5,FALSE,0.499999971858991,0,TRUE,13,0.275000000000091,"19, 242",1,1,0.5,FALSE,0.88604478459337,0.772089591996063,TRUE,1,0.00400000000000134
0.01,10000,5,2,100133,"joint_lambda_2x_eta0",0.01,1183.23189909488,2366.46379818976,2,-2.13433550092367,-1.44118832036372,0,"interior","upper",2414.52841182088,0,2,1,1,TRUE,0.842890781971826,0.685781563943651,TRUE,77,0.75,"390, 393",2,1,1,TRUE,0.842890781971826,0.685781563943651,FALSE,1,0.00399999999999778
0.01,10000,5,2,100133,"joint_lambda_profiled_eta0",0.01,1183.23189909488,1183.23189909488,1,-2.13433550092367,-2.13433550092367,0,"interior","upper",2415.29321566794,0,2,1,1,TRUE,0.829204131400578,0.658408262801157,TRUE,100,0.632000000000062,"390, 393",2,1,1,TRUE,0.829204131400578,0.658408262801157,FALSE,1,0.00399999999999778
0.01,10000,5,2,100133,"oracle_lambda_2x_eta0",0.01,1183.23189909488,2366.46379818976,2,-2.13433550092367,-1.44118832036372,0,"interior","upper",2414.52841182088,0,2,1,1,TRUE,0.842890781971826,0.685781563943651,TRUE,77,0.75,"390, 393",2,1,1,TRUE,0.842890781971826,0.685781563943651,FALSE,1,0.00399999999999778
0.01,10000,5,2,100133,"oracle_lambda_profiled_eta0",0.01,1183.23189909488,1183.23189909488,1,-2.13433550092367,-2.13433550092367,0,"interior","upper",2415.29321566794,0,2,1,1,TRUE,0.829204131400578,0.658408262801157,TRUE,100,0.632000000000062,"390, 393",2,1,1,TRUE,0.829204131400578,0.658408262801157,FALSE,1,0.00399999999999778
0.01,10000,5,3,100134,"joint_lambda_2x_eta0",0.008,20000,20000,2,0.693147180559944,0.693147180559944,-0.223143551314211,"upper","interior",2494.12036340565,1.79409918200372,2,1,1,TRUE,0.645870856342218,0.291741713734856,TRUE,68,1.73900000000003,"220, 284",2,1,1,TRUE,0.645870856342218,0.291741713734856,FALSE,1,0.00300000000000011
0.01,10000,5,3,100134,"joint_lambda_profiled_eta0",0.008,20000,20000,1,0.693147180559944,0.693147180559944,-0.223143551314211,"upper","interior",2494.12035412007,1.79417077265953,2,1,1,TRUE,0.645870818036209,0.291741637122843,TRUE,67,1.60699999999997,"220, 284",2,1,1,TRUE,0.645870818036209,0.291741637122843,FALSE,1,0.00300000000000011
0.01,10000,5,3,100134,"oracle_lambda_2x_eta0",0.01,20000,20000,2,0.693147180559944,0.693147180559944,0,"upper","upper",2492.32626422364,0,2,1,1,TRUE,0.646088030580219,0.292176062229493,TRUE,68,1.75199999999995,"220, 284",2,1,1,TRUE,0.646088030580219,0.292176062229493,FALSE,1,0.00300000000000011
0.01,10000,5,3,100134,"oracle_lambda_profiled_eta0",0.01,20000,20000,1,0.693147180559944,0.693147180559944,0,"upper","upper",2492.32618334741,0,2,1,1,TRUE,0.64608768480885,0.292175370686789,TRUE,67,1.61599999999999,"220, 284",2,1,1,TRUE,0.64608768480885,0.292175370686789,FALSE,1,0.00300000000000011
0.01,10000,5,4,100135,"joint_lambda_2x_eta0",0.01,20000,20000,2,0.693147180559944,0.693147180559944,0,"upper","upper",2471.96784846774,0,1,1,0.5,FALSE,0.499999999993821,0,TRUE,60,1.66900000000032,"130, 246",1,1,0.5,FALSE,0.743527560896146,0.487055121900761,TRUE,1,0.00400000000000134
0.01,10000,5,4,100135,"joint_lambda_profiled_eta0",0.01,20000,20000,1,0.693147180559944,0.693147180559944,0,"upper","upper",2471.96782930498,0,1,1,0.5,FALSE,0.499999999993821,0,TRUE,63,1.55000000000018,"130, 246",1,1,0.5,FALSE,0.743516755235837,0.48703351058014,TRUE,1,0.00400000000000134
0.01,10000,5,4,100135,"oracle_lambda_2x_eta0",0.01,20000,20000,2,0.693147180559944,0.693147180559944,0,"upper","upper",2471.96784846774,0,1,1,0.5,FALSE,0.499999999993821,0,TRUE,60,1.66900000000032,"130, 246",1,1,0.5,FALSE,0.743527560896146,0.487055121900761,TRUE,1,0.00400000000000134
0.01,10000,5,4,100135,"oracle_lambda_profiled_eta0",0.01,20000,20000,1,0.693147180559944,0.693147180559944,0,"upper","upper",2471.96782930498,0,1,1,0.5,FALSE,0.499999999993821,0,TRUE,63,1.55000000000018,"130, 246",1,1,0.5,FALSE,0.743516755235837,0.48703351058014,TRUE,1,0.00400000000000134
0.01,10000,5,5,100136,"joint_lambda_2x_eta0",0.01,4109.95124096579,8219.90248193157,2,-0.889173928068249,-0.196026747508304,0,"interior","upper",2445.88703239677,0,2,1,1,TRUE,0.861962880624055,0.723925761248111,TRUE,71,1.02899999999954,"23, 376",2,1,1,TRUE,0.861962880624055,0.723925761248111,FALSE,1,0.00400000000000134
0.01,10000,5,5,100136,"joint_lambda_profiled_eta0",0.01,4109.95124096579,4109.95124096579,1,-0.889173928068249,-0.889173928068249,0,"interior","upper",2445.97970091855,0,2,1,1,TRUE,0.859065188543911,0.718130377087822,TRUE,74,0.906999999999698,"23, 376",2,1,1,TRUE,0.859065188543911,0.718130377087822,FALSE,1,0.00400000000000134
0.01,10000,5,5,100136,"oracle_lambda_2x_eta0",0.01,4109.95124096579,8219.90248193157,2,-0.889173928068249,-0.196026747508304,0,"interior","upper",2445.88703239677,0,2,1,1,TRUE,0.861962880624055,0.723925761248111,TRUE,71,1.02899999999954,"23, 376",2,1,1,TRUE,0.861962880624055,0.723925761248111,FALSE,1,0.00400000000000134
0.01,10000,5,5,100136,"oracle_lambda_profiled_eta0",0.01,4109.95124096579,4109.95124096579,1,-0.889173928068249,-0.889173928068249,0,"interior","upper",2445.97970091855,0,2,1,1,TRUE,0.859065188543911,0.718130377087822,TRUE,74,0.906999999999698,"23, 376",2,1,1,TRUE,0.859065188543911,0.718130377087822,FALSE,1,0.00400000000000134
