"true_lambda","true_eta0","r0_seed","replicate","seed","candidate_lambda","eta0_hat","log_eta0_error","log_lambda_error","eta0_boundary","lower_bound","elbo_below_best","selected_L","coverage","power","all_causal_covered","mean_causal_pip","minimum_causal_pip","converged","iterations","fit_seconds","causal"
0.001,20,3,1,100002,1e-05,2,-2.30258509299405,-4.60517018598809,"lower",1258.38387238251,-690.150234344941,0,0,0,FALSE,0.020664776345493,0.0190008284035104,TRUE,150,0.645,"222, 230"
0.001,20,3,1,100002,1e-04,2,-2.30258509299405,-2.30258509299405,"lower",1651.98226205434,-296.551844673103,0,0,0,FALSE,0.0207740678687657,0.0190634165640762,TRUE,133,0.496,"222, 230"
0.001,20,3,1,100002,0.001,2,-2.30258509299405,0,"lower",1868.76447494845,-79.769631778998,0,0,0,FALSE,0.0208401697191358,0.0191008101608966,TRUE,126,0.48,"222, 230"
0.001,20,3,1,100002,0.003,2.14767438087276,-2.23134670017102,1.09861228866811,"interior",1921.78180955859,-26.7522971688531,0,0,0,FALSE,0.0221778230345789,0.0197845301752311,TRUE,130,0.473,"222, 230"
0.001,20,3,1,100002,0.005,13.8638811415851,-0.366445294346425,1.6094379124341,"interior",1937.78623178288,-10.7478749445627,1,1,0.5,FALSE,0.151656774356821,0.00795173377325109,TRUE,94,0.349,"222, 230"
0.001,20,3,1,100002,0.008,18.5102124777273,-0.0774096679568199,2.07944154167984,"interior",1946.14728623051,-2.38682049693671,1,1,0.5,FALSE,0.162966112496464,0.00797057500272802,TRUE,77,0.274,"222, 230"
0.001,20,3,1,100002,0.01,21.2723899320671,0.0616777109853222,2.30258509299405,"interior",1948.1672571974,-0.366849530048057,1,1,0.5,FALSE,0.16880937793881,0.00800410564380116,TRUE,68,0.248,"222, 230"
0.001,20,3,1,100002,0.015,27.6137915000637,0.32258306639592,2.70805020110221,"interior",1948.53410672745,0,1,1,0.5,FALSE,0.180086034293669,0.00819665964547722,TRUE,51,0.185,"222, 230"
0.001,20,3,1,100002,0.02,35.8768877892052,0.584361020443231,2.99573227355399,"interior",1946.17009390683,-2.36401282061979,1,1,0.5,FALSE,0.189695349885626,0.00972046408164928,TRUE,100,0.354,"222, 230"
0.001,20,3,1,100002,0.025,45.5661491928139,0.823432825031041,3.2188758248682,"interior",1942.84387197498,-5.69023475246377,1,1,0.5,FALSE,0.197757285046795,0.0122828537752651,TRUE,68,0.244,"222, 230"
0.001,20,3,1,100002,0.03,55.2268091556602,1.01571623493783,3.40119738166216,"interior",1939.11915046724,-9.4149562602031,1,1,0.5,FALSE,0.204800827210277,0.0150387766591479,TRUE,62,0.219,"222, 230"
0.001,20,3,2,100003,1e-05,2,-2.30258509299405,-4.60517018598809,"lower",1245.96859383,-590.702746005772,0,0,0,FALSE,0.0269602947286049,0.0267799133462654,TRUE,144,0.542,"262, 268"
0.001,20,3,2,100003,1e-04,2,-2.30258509299405,-2.30258509299405,"lower",1624.94924272346,-211.722097112306,0,0,0,FALSE,0.026687657474922,0.0265228185038591,TRUE,127,0.472,"262, 268"
0.001,20,3,2,100003,0.001,2,-2.30258509299405,0,"lower",1804.74893991919,-31.9223999165781,0,0,0,FALSE,0.0266278523829948,0.0264666591660772,TRUE,121,0.454000000000001,"262, 268"
0.001,20,3,2,100003,0.003,7.44682196097931,-0.987944914593571,1.09861228866811,"interior",1834.20472315267,-2.46661668309639,0,0,0,FALSE,0.132136794569279,0.0934580926069442,TRUE,220,0.765000000000001,"262, 268"
0.001,20,3,2,100003,0.005,10.0917000779082,-0.684018962013048,1.6094379124341,"interior",1836.67133983577,0,0,0,0,FALSE,0.15229385817739,0.09119587743884,TRUE,149,0.521000000000001,"262, 268"
0.001,20,3,2,100003,0.008,13.0199367756316,-0.429250492727632,2.07944154167984,"interior",1832.47463699826,-4.1967028375077,0,0,0,FALSE,0.168362044699076,0.0834673973852759,TRUE,123,0.411000000000001,"262, 268"
0.001,20,3,2,100003,0.01,14.6268086290804,-0.312876221136531,2.30258509299405,"interior",1828.31745912404,-8.35388071172588,0,0,0,FALSE,0.17546430907182,0.078285175132529,TRUE,114,0.375,"262, 268"
0.001,20,3,2,100003,0.015,17.9739910993293,-0.106806499514922,2.70805020110221,"interior",1817.23147667564,-19.439863160128,0,0,0,FALSE,0.187443626997725,0.0670933832113163,TRUE,99,0.385,"262, 268"
0.001,20,3,2,100003,0.02,20.7322925134137,0.0359602359452857,2.99573227355399,"interior",1806.62650451523,-30.0448353205411,0,0,0,FALSE,0.195168572359529,0.0583105424927043,TRUE,90,0.298,"262, 268"
0.001,20,3,2,100003,0.025,23.1205747839669,0.144990630839383,3.2188758248682,"interior",1796.840781013,-39.8305588227684,0,0,0,FALSE,0.200577387561321,0.051487357831408,TRUE,82,0.268000000000001,"262, 268"
0.001,20,3,2,100003,0.03,25.2521186289255,0.233177784743516,3.40119738166216,"interior",1787.83020606873,-48.841133767037,0,0,0,FALSE,0.204641512706015,0.0460430959505073,TRUE,76,0.250999999999999,"262, 268"
0.001,20,3,3,100004,1e-05,2,-2.30258509299405,-4.60517018598809,"lower",1385.91788353537,-482.180594965582,0,0,0,FALSE,0.0204478463919162,0.0201960541931224,TRUE,129,0.449,"231, 273"
0.001,20,3,3,100004,1e-04,2,-2.30258509299405,-2.30258509299405,"lower",1696.01753721887,-172.08094128208,0,0,0,FALSE,0.0204431629167153,0.0201920636487897,TRUE,117,0.413,"231, 273"
0.001,20,3,3,100004,0.001,2,-2.30258509299405,0,"lower",1824.54996192632,-43.5485165746293,0,0,0,FALSE,0.0204323198356143,0.020182157646224,TRUE,113,0.405999999999999,"231, 273"
0.001,20,3,3,100004,0.003,2,-2.30258509299405,1.09861228866811,"lower",1857.61651147303,-10.4819670279217,0,0,0,FALSE,0.0204267953776675,0.0201770864099662,TRUE,112,0.398,"231, 273"
0.001,20,3,3,100004,0.005,2.41946125629304,-2.11218737953572,1.6094379124341,"interior",1865.75974932015,-2.33872918080419,0,0,0,FALSE,0.0234161897342161,0.0229003383311968,TRUE,112,0.382999999999999,"231, 273"
0.001,20,3,3,100004,0.008,3.94005284447122,-1.62453813803175,2.07944154167984,"interior",1868.09847850095,0,0,0,0,FALSE,0.0388362753313611,0.036138376540129,TRUE,109,0.375,"231, 273"
0.001,20,3,3,100004,0.01,5.48642211541637,-1.29345593988336,2.30258509299405,"interior",1867.30676196072,-0.791716540232756,0,0,0,FALSE,0.0635906821000393,0.0551049636761869,TRUE,113,0.382,"231, 273"
0.001,20,3,3,100004,0.015,10.1828698251188,-0.675025393995338,2.70805020110221,"interior",1862.62054084869,-5.4779376522672,0,0,0,FALSE,0.170437602131199,0.108579788979705,TRUE,109,0.363999999999999,"231, 273"
0.001,20,3,3,100004,0.02,13.014636149739,-0.429657691722678,2.99573227355399,"interior",1856.58052741341,-11.5179510875425,0,0,0,FALSE,0.222543465702012,0.116880725049779,TRUE,91,0.311999999999998,"231, 273"
0.001,20,3,3,100004,0.025,15.3704648717603,-0.263284471063322,3.2188758248682,"interior",1850.25899112028,-17.8394873806744,0,0,0,FALSE,0.257644977908635,0.115916923593437,TRUE,78,0.262,"231, 273"
0.001,20,3,3,100004,0.03,17.5636814315464,-0.12989905859892,3.40119738166216,"interior",1843.99833922636,-24.1001392745957,0,0,0,FALSE,0.284974718352272,0.111677129485159,TRUE,64,0.218999999999998,"231, 273"
0.001,20,3,4,100005,1e-05,2,-2.30258509299405,-4.60517018598809,"lower",1332.71925062483,-494.837740091063,0,0,0,FALSE,0.0217636972834365,0.0180127232897794,TRUE,128,0.452999999999999,"238, 307"
0.001,20,3,4,100005,1e-04,2,-2.30258509299405,-2.30258509299405,"lower",1635.75649222024,-191.800498495654,0,0,0,FALSE,0.0217301976665099,0.0180021132988952,TRUE,116,0.404999999999998,"238, 307"
0.001,20,3,4,100005,0.001,2,-2.30258509299405,0,"lower",1765.11872200519,-62.4382687107043,0,0,0,FALSE,0.0217131111859392,0.0179970626658642,TRUE,112,0.394000000000002,"238, 307"
0.001,20,3,4,100005,0.003,2,-2.30258509299405,1.09861228866811,"lower",1804.69110928263,-22.8658814332632,0,0,0,FALSE,0.0217140739237563,0.0179969843240626,TRUE,111,0.391999999999999,"238, 307"
0.001,20,3,4,100005,0.005,2.33416805909799,-2.14807673752692,1.6094379124341,"interior",1817.64085164252,-9.91613907336773,0,0,0,FALSE,0.0239685200897827,0.0183522597557125,TRUE,110,0.373000000000001,"238, 307"
0.001,20,3,4,100005,0.008,3.94820208023592,-1.6224719678226,2.07944154167984,"interior",1825.13202500758,-2.42496570830758,0,0,0,FALSE,0.0382836932149397,0.0179244791299626,TRUE,110,0.375,"238, 307"
0.001,20,3,4,100005,0.01,11.655842744437,-0.539924696135333,2.30258509299405,"interior",1827.26022292068,-0.296767795215374,1,1,0.5,FALSE,0.222978640824237,0.00801893945630072,TRUE,300,1.018,"238, 307"
0.001,20,3,4,100005,0.015,15.0970699290478,-0.28123159299609,2.70805020110221,"interior",1827.55699071589,0,1,1,0.5,FALSE,0.242416226118727,0.00808329508345673,TRUE,104,0.355,"238, 307"
0.001,20,3,4,100005,0.02,17.9472097369753,-0.10829761711081,2.99573227355399,"interior",1824.65922599563,-2.89776472025937,1,1,0.5,FALSE,0.254830238012525,0.00821522592168511,TRUE,83,0.280999999999999,"238, 307"
0.001,20,3,4,100005,0.025,20.4660346663064,0.023034392957785,3.2188758248682,"interior",1820.41586700073,-7.14112371515762,1,1,0.5,FALSE,0.264495265275993,0.00840940463427586,TRUE,72,0.246000000000002,"238, 307"
0.001,20,3,4,100005,0.03,22.7651863387004,0.129500180514451,3.40119738166216,"interior",1815.55600677469,-12.000983941206,1,1,0.5,FALSE,0.272546602617089,0.00870146088278501,TRUE,63,0.213999999999999,"238, 307"
0.001,20,3,5,100006,1e-05,2,-2.30258509299405,-4.60517018598809,"lower",1200.66887425303,-670.908632502591,0,0,0,FALSE,0.0198331670584568,0.0161769577443799,TRUE,137,0.486000000000001,"189, 233"
0.001,20,3,5,100006,1e-04,2,-2.30258509299405,-2.30258509299405,"lower",1594.3634562497,-277.214050505926,0,0,0,FALSE,0.019831599986909,0.0161727655084878,TRUE,119,0.420000000000002,"189, 233"
0.001,20,3,5,100006,0.001,2,-2.30258509299405,0,"lower",1804.92517056583,-66.6523361897905,0,0,0,FALSE,0.0198400169379985,0.0161720138915854,TRUE,112,0.395,"189, 233"
0.001,20,3,5,100006,0.003,2.02390957037911,-2.29070120179334,1.09861228866811,"interior",1850.71442586715,-20.863080888478,0,0,0,FALSE,0.0201088561485135,0.0162040690929985,TRUE,112,0.387,"189, 233"
0.001,20,3,5,100006,0.005,12.9896372348742,-0.43158036975303,1.6094379124341,"interior",1863.94834596545,-7.62916079017555,1,1,0.5,FALSE,0.142396627488664,0.0079500677069424,TRUE,133,0.443999999999999,"189, 233"
0.001,20,3,5,100006,0.008,16.9747005150738,-0.164008242970388,2.07944154167984,"interior",1870.3337122034,-1.24379455222061,1,1,0.5,FALSE,0.152936412423671,0.00794059928530544,TRUE,100,0.335000000000001,"189, 233"
0.001,20,3,5,100006,0.01,19.2937780860799,-0.0359496085780107,2.30258509299405,"interior",1871.57750675562,0,1,1,0.5,FALSE,0.158862325491274,0.00793704994476241,TRUE,90,0.300999999999998,"189, 233"
0.001,20,3,5,100006,0.015,24.408415101245,0.199195680485879,2.70805020110221,"interior",1870.68131800804,-0.896188747585711,1,1,0.5,FALSE,0.171607376917956,0.00792961110844015,TRUE,74,0.245000000000001,"189, 233"
0.001,20,3,5,100006,0.02,28.9319615676688,0.369214647064569,2.99573227355399,"interior",1867.39027278943,-4.18723396619453,1,1,0.5,FALSE,0.182416627127689,0.00792304284872658,TRUE,63,0.210000000000001,"189, 233"
0.001,20,3,5,100006,0.025,33.1756373495892,0.506083518223193,3.2188758248682,"interior",1863.20357337677,-8.3739333788526,1,1,0.5,FALSE,0.192484048367566,0.00791733556033203,TRUE,60,0.201,"189, 233"
0.001,20,3,5,100006,0.03,40.7161460054205,0.710892447976734,3.40119738166216,"interior",1858.76603809587,-12.8114686597578,1,1,0.5,FALSE,0.209715062276586,0.00774852244644231,TRUE,115,0.375999999999998,"189, 233"
0.001,43,3,1,100007,1e-05,2,-3.06805293513362,-4.60517018598809,"lower",1632.73098727769,-425.020109157104,0,0,0,FALSE,0.0278881145716632,0.0278376432847524,TRUE,151,0.533000000000001,"97, 283"
0.001,43,3,1,100007,1e-04,2,-3.06805293513362,-2.30258509299405,"lower",1938.20158403707,-119.549512397721,0,0,0,FALSE,0.0281760078583973,0.02813592456866,TRUE,140,0.562999999999999,"97, 283"
0.001,43,3,1,100007,0.001,2,-3.06805293513362,0,"lower",2045.921636372,-11.8294600627869,0,0,0,FALSE,0.0283603209786523,0.0283282918624034,TRUE,141,0.499000000000002,"97, 283"
0.001,43,3,1,100007,0.003,14.8644095189646,-1.06223038294101,1.09861228866811,"interior",2057.75109643479,0,0,0,0,FALSE,0.493153610139998,0.118920351497014,TRUE,84,0.283000000000001,"97, 283"
0.001,43,3,1,100007,0.005,19.1386792527993,-0.809488736605616,1.6094379124341,"interior",2054.16099368057,-3.5901027542227,0,0,0,FALSE,0.500650699628764,0.0780004906486674,TRUE,68,0.231999999999999,"97, 283"
0.001,43,3,1,100007,0.008,23.998249864427,-0.583219210320121,2.07944154167984,"interior",2044.89267320066,-12.8584232341291,1,1,0.5,FALSE,0.503387513886433,0.0514748102789483,TRUE,51,0.170999999999999,"97, 283"
0.001,43,3,1,100007,0.01,26.7431633987051,-0.4749212488963,2.30258509299405,"interior",2038.32363064036,-19.4274657944325,1,1,0.5,FALSE,0.504336270527158,0.0424031692623212,TRUE,43,0.147000000000002,"97, 283"
0.001,43,3,1,100007,0.015,33.6720839468501,-0.244530991152549,2.70805020110221,"interior",2022.64877521679,-35.102321217996,1,1,0.5,FALSE,0.508885682136909,0.0323809075047061,TRUE,78,0.266000000000002,"97, 283"
0.001,43,3,1,100007,0.02,42.8314427484194,-0.00392763916971139,2.99573227355399,"interior",2008.614515199,-49.1365812357919,1,1,0.5,FALSE,0.524462524767772,0.0524637802862372,TRUE,66,0.226000000000003,"97, 283"
0.001,43,3,1,100007,0.025,53.4633310322822,0.217795901947815,3.2188758248682,"interior",1996.10513534781,-61.645961086979,1,1,0.5,FALSE,0.556369443389965,0.113211962479313,TRUE,57,0.196999999999999,"97, 283"
0.001,43,3,1,100007,0.03,81.0480119685869,0.633841603730625,3.40119738166216,"interior",1987.21832599645,-70.5327704383367,1,1,0.5,FALSE,0.966986947556828,0.933977526744577,TRUE,60,0.205000000000002,"97, 283"
0.001,43,3,2,100008,1e-05,2,-3.06805293513362,-4.60517018598809,"lower",1598.27443115884,-520.55876190229,0,0,0,FALSE,0.0225152940614018,0.0082227485277564,TRUE,117,0.418000000000003,"53, 496"
0.001,43,3,2,100008,1e-04,2,-3.06805293513362,-2.30258509299405,"lower",1945.33274578103,-173.500447280102,0,0,0,FALSE,0.0224999863298566,0.00822243987060922,TRUE,106,0.375999999999998,"53, 496"
0.001,43,3,2,100008,0.001,16.2053786576542,-0.975856912655726,0,"interior",2094.71386225075,-24.1193308103784,1,1,0.5,FALSE,0.240363576600386,0.00802839856949011,TRUE,94,0.316000000000003,"53, 496"
0.001,43,3,2,100008,0.003,28.3803827268507,-0.415501958258,1.09861228866811,"interior",2118.5069368542,-0.326256206933067,1,1,0.5,FALSE,0.251692069055043,0.00822871226961175,TRUE,62,0.207999999999998,"53, 496"
0.001,43,3,2,100008,0.005,36.766751774694,-0.156606163290009,1.6094379124341,"interior",2118.83319306113,0,1,1,0.5,FALSE,0.253170708193491,0.00865345933845652,TRUE,45,0.150000000000006,"53, 496"
0.001,43,3,2,100008,0.008,61.2403037038072,0.353605414322801,2.07944154167984,"interior",2113.11076110497,-5.72243195615647,1,1,0.5,FALSE,0.250494336976706,0.00795177222965526,TRUE,141,0.463999999999999,"53, 496"
0.001,43,3,2,100008,0.01,69.6439140401553,0.482195201535076,2.30258509299405,"interior",2108.14679536389,-10.6863976972436,1,1,0.5,FALSE,0.249991992564948,0.00818651866032372,TRUE,86,0.285000000000004,"53, 496"
0.001,43,3,2,100008,0.015,91.9678090040542,0.760238497995599,2.70805020110221,"interior",2095.22876109554,-23.6044319655866,1,1,0.5,FALSE,0.250601441426526,0.0128889295744249,TRUE,55,0.178999999999995,"53, 496"
0.001,43,3,2,100008,0.02,118.617597177541,1.01470473404195,2.99573227355399,"interior",2083.26552000237,-35.5676730587561,2,0.5,0.5,FALSE,0.245324739997347,0.008388769179971,TRUE,78,0.256,"53, 496"
0.001,43,3,2,100008,0.025,136.402679966692,1.15441127737243,3.2188758248682,"interior",2072.16424053496,-46.668952526175,2,0.5,0.5,FALSE,0.244112756122905,0.00880067482856306,TRUE,43,0.141999999999996,"53, 496"
0.001,43,3,2,100008,0.03,177.202430800248,1.41609264021769,3.40119738166216,"interior",2062.50520198626,-56.3279910748706,2,0.5,0.5,FALSE,0.23846305908337,0.00302813825665915,TRUE,95,0.311999999999998,"53, 496"
0.001,43,3,3,100009,1e-05,2,-3.06805293513362,-4.60517018598809,"lower",1599.95079654559,-533.659355385128,0,0,0,FALSE,0.0157510491358449,0.0096448089567932,TRUE,171,0.606999999999999,"472, 498"
0.001,43,3,3,100009,1e-04,2,-3.06805293513362,-2.30258509299405,"lower",1963.09114246076,-170.519009469956,0,0,0,FALSE,0.015887515533246,0.00960405728952252,TRUE,161,0.572000000000003,"472, 498"
0.001,43,3,3,100009,0.001,17.7374465324588,-0.88552208759059,0,"interior",2116.37900573437,-17.2311461963427,1,1,0.5,FALSE,0.504028019959128,0.00805849116019652,TRUE,82,0.274000000000001,"472, 498"
0.001,43,3,3,100009,0.003,29.6475292858169,-0.371821323036684,1.09861228866811,"interior",2133.61015193071,0,1,1,0.5,FALSE,0.504133675780923,0.0082673623706826,TRUE,61,0.207999999999998,"472, 498"
0.001,43,3,3,100009,0.005,37.4422360525373,-0.138400742242094,1.6094379124341,"interior",2129.54747260377,-4.06267932694846,1,1,0.5,FALSE,0.504292385723599,0.00858477214136633,TRUE,48,0.162000000000006,"472, 498"
0.001,43,3,3,100009,0.008,46.4922314048406,0.078085116380008,2.07944154167984,"interior",2118.86674384132,-14.7434080893945,1,1,0.5,FALSE,0.504654440861284,0.00930888177522593,TRUE,36,0.122999999999998,"472, 498"
0.001,43,3,3,100009,0.01,51.6653133823365,0.183586519614603,2.30258509299405,"interior",2111.51214598013,-22.0980059505882,1,1,0.5,FALSE,0.505003791722519,0.0100075834589194,TRUE,35,0.120000000000005,"472, 498"
0.001,43,3,3,100009,0.015,66.3214608670793,0.433313422440321,2.70805020110221,"interior",2094.63390247769,-38.9762494530282,1,1,0.5,FALSE,0.509688330850652,0.0193766617023456,TRUE,63,0.211999999999996,"472, 498"
0.001,43,3,3,100009,0.02,79.4576323789392,0.614023837860084,2.99573227355399,"interior",2080.05137745504,-53.558774475679,1,1,0.5,FALSE,0.513394898032012,0.0267897960641982,TRUE,45,0.149000000000001,"472, 498"
0.001,43,3,3,100009,0.025,91.6555960844383,0.756837916023672,3.2188758248682,"interior",2067.342708987,-66.2674429437102,1,1,0.5,FALSE,0.516284000186691,0.0325680003734236,TRUE,38,0.128999999999998,"472, 498"
0.001,43,3,3,100009,0.03,103.037243712644,0.873890396621514,3.40119738166216,"interior",2056.08887253173,-77.5212793989804,1,1,0.5,FALSE,0.518467174718014,0.036934349436042,TRUE,34,0.113999999999997,"472, 498"
0.001,43,3,4,100010,1e-05,2,-3.06805293513362,-4.60517018598809,"lower",1567.83989437278,-569.626365381428,0,0,0,FALSE,0.0277444223464534,0.0260435099906035,TRUE,123,0.448,"110, 251"
0.001,43,3,4,100010,1e-04,2,-3.06805293513362,-2.30258509299405,"lower",1931.48446528135,-205.981794472859,0,0,0,FALSE,0.0277971682928012,0.0260823295631413,TRUE,110,0.395000000000003,"110, 251"
0.001,43,3,4,100010,0.001,12.4380329291489,-1.24044116555204,0,"interior",2097.97142554555,-39.4948342086641,1,1,0.5,FALSE,0.275458859213333,0.0126561926799688,TRUE,128,0.442,"110, 251"
0.001,43,3,4,100010,0.003,23.2641486041634,-0.614286626632309,1.09861228866811,"interior",2130.30180643516,-7.16445331905197,1,1,0.5,FALSE,0.319021922098351,0.00841295668675002,TRUE,78,0.269999999999996,"110, 251"
0.001,43,3,4,100010,0.005,31.0769590226333,-0.324733438525725,1.6094379124341,"interior",2136.61943694041,-0.846822813801737,1,1,0.5,FALSE,0.337181053038291,0.00853401492599504,TRUE,75,0.259,"110, 251"
0.001,43,3,4,100010,0.008,41.110633025388,-0.0449333165713148,2.07944154167984,"interior",2137.46625975421,0,1,1,0.5,FALSE,0.355998501337254,0.00940714997205105,TRUE,62,0.216000000000001,"110, 251"
0.001,43,3,4,100010,0.01,47.4069778353483,0.0975693138890965,2.30258509299405,"interior",2136.09299088846,-1.37326886575693,1,1,0.5,FALSE,0.366507126222762,0.0111275785535214,TRUE,38,0.131,"110, 251"
0.001,43,3,4,100010,0.015,67.9565049193178,0.457667751290294,2.70805020110221,"interior",2130.51576312863,-6.95049662558495,1,1,0.5,FALSE,0.409281409555449,0.0452288877904059,TRUE,70,0.241999999999997,"110, 251"
0.001,43,3,4,100010,0.02,99.9927207695843,0.843897275340884,2.99573227355399,"interior",2124.61925353496,-12.8470062192546,1,1,0.5,FALSE,0.69128452745171,0.556342594726753,TRUE,98,0.329000000000001,"110, 251"
0.001,43,3,4,100010,0.025,122.388237047221,1.04599814721113,3.2188758248682,"interior",2118.35966702064,-19.1065927335744,1,1,0.5,FALSE,0.804629117542358,0.746240798307325,TRUE,56,0.186,"110, 251"
0.001,43,3,4,100010,0.03,160.363793256589,1.31624482643174,3.40119738166216,"interior",2112.33847306816,-25.1277866860491,1,1,0.5,FALSE,0.836466231452638,0.776047194838931,TRUE,96,0.32,"110, 251"
0.001,43,3,5,100011,1e-05,2,-3.06805293513362,-4.60517018598809,"lower",1687.3353704667,-478.402494853852,0,0,0,FALSE,0.0348272418840898,0.0324196145305952,TRUE,112,0.403000000000006,"252, 404"
0.001,43,3,5,100011,1e-04,2,-3.06805293513362,-2.30258509299405,"lower",2012.02647367211,-153.711391648449,0,0,0,FALSE,0.0347332834092864,0.0323522016076287,TRUE,103,0.374000000000002,"252, 404"
0.001,43,3,5,100011,0.001,14.3446913809567,-1.09782018054139,0,"interior",2136.11008813598,-29.6277771845707,1,1,0.5,FALSE,0.209749912226535,0.0156794877912066,TRUE,93,0.320999999999998,"252, 404"
0.001,43,3,5,100011,0.003,26.5572740651166,-0.481896429442955,1.09861228866811,"interior",2161.3518198046,-4.38604551595836,1,1,0.5,FALSE,0.233613366643856,0.00893044940776533,TRUE,79,0.274000000000001,"252, 404"
0.001,43,3,5,100011,0.005,35.471130826628,-0.192480966203145,1.6094379124341,"interior",2165.73786532055,0,1,1,0.5,FALSE,0.236156635149031,0.0089155449777244,TRUE,75,0.258000000000003,"252, 404"
0.001,43,3,5,100011,0.008,46.8749893036736,0.08628414040869,2.07944154167984,"interior",2164.7246366085,-1.01322871205775,1,1,0.5,FALSE,0.235894547588913,0.0102324506832756,TRUE,61,0.210999999999999,"252, 404"
0.001,43,3,5,100011,0.01,54.0030421379598,0.22784026517205,2.30258509299405,"interior",2162.33038740121,-3.407477919347,1,1,0.5,FALSE,0.236040791496434,0.0130985116910206,TRUE,35,0.121000000000002,"252, 404"
0.001,43,3,5,100011,0.015,73.6917675737422,0.538690975413795,2.70805020110221,"interior",2154.58015570882,-11.1577096117326,1,1,0.5,FALSE,0.252020526298141,0.0525946743190377,TRUE,62,0.215000000000003,"252, 404"
0.001,43,3,5,100011,0.02,124.730022132838,1.06495146289003,2.99573227355399,"interior",2148.499060183,-17.2388051375538,2,1,1,TRUE,0.71687848783076,0.446734429763356,TRUE,95,0.320999999999998,"252, 404"
0.001,43,3,5,100011,0.025,148.60046209038,1.24006112621097,3.2188758248682,"interior",2141.1166943039,-24.6211710166576,2,1,1,TRUE,0.717208724289545,0.442403004678419,TRUE,46,0.152000000000001,"252, 404"
0.001,43,3,5,100011,0.03,173.606794749909,1.39559282603118,3.40119738166216,"interior",2133.95430769862,-31.7835576219372,2,1,1,TRUE,0.716399921729748,0.438017376412776,TRUE,21,0.068000000000005,"252, 404"
0.001,95,3,1,100012,1e-05,2,-3.8607297110406,-4.60517018598809,"lower",1701.32605777313,-570.727828241604,0,0,0,FALSE,0.024539157970747,0.0239977379217168,TRUE,143,0.576,"311, 321"
0.001,95,3,1,100012,1e-04,2,-3.8607297110406,-2.30258509299405,"lower",2076.66887482472,-195.385011190011,0,0,0,FALSE,0.0247740191402238,0.0242002743324086,TRUE,132,0.473999999999997,"311, 321"
0.001,95,3,1,100012,0.001,18.7436393436001,-1.62302243174533,0,"interior",2251.26138689909,-20.792499115646,0,0,0,FALSE,0.256985737715109,0.0149601610700687,TRUE,77,0.262999999999998,"311, 321"
0.001,95,3,1,100012,0.003,36.3775107605357,-0.959926144146331,1.09861228866811,"interior",2272.05388601473,0,1,1,0.5,FALSE,0.334943122199576,0.0150616545351256,TRUE,26,0.0869999999999962,"311, 321"
0.001,95,3,1,100012,0.005,71.6095708242499,-0.28264815583733,1.6094379124341,"interior",2269.61564532234,-2.43824069239872,1,1,0.5,FALSE,0.589444702488931,0.293612244951809,TRUE,103,0.354999999999997,"311, 321"
0.001,95,3,1,100012,0.008,98.335534460046,0.034508560160095,2.07944154167984,"interior",2260.14943077237,-11.9044552423625,2,1,1,TRUE,0.63711738529643,0.343479219901926,TRUE,23,0.0760000000000005,"311, 321"
0.001,95,3,1,100012,0.01,116.350715011084,0.202732143475541,2.30258509299405,"interior",2253.17496458764,-18.8789214270937,2,1,1,TRUE,0.659746303843732,0.368399653464175,TRUE,33,0.114999999999995,"311, 321"
0.001,95,3,1,100012,0.015,159.819359398321,0.520167282067948,2.70805020110221,"interior",2236.42313781812,-35.6307481966192,2,1,1,TRUE,0.691989525018528,0.406318521672312,TRUE,23,0.0760000000000005,"311, 321"
0.001,95,3,1,100012,0.02,200.942227909764,0.749140551810022,2.99573227355399,"interior",2221.34642454638,-50.7074614683552,2,1,1,TRUE,0.709657915674946,0.43147713455337,TRUE,18,0.0600000000000023,"311, 321"
0.001,95,3,1,100012,0.025,247.615960601319,0.958002108365479,3.2188758248682,"interior",2207.87928803395,-64.1745979807811,2,1,1,TRUE,0.725527437365121,0.457223881162896,TRUE,27,0.0870000000000033,"311, 321"
0.001,95,3,1,100012,0.03,299.03333357909,1.14667815911842,3.40119738166216,"interior",2195.76999374011,-76.283892274625,2,1,1,TRUE,0.741193154812331,0.485599146807958,TRUE,20,0.0649999999999977,"311, 321"
0.001,95,3,2,100013,1e-05,2,-3.8607297110406,-4.60517018598809,"lower",1656.78170857859,-612.024696494576,0,0,0,FALSE,0.0300983850264697,0.0247530245196608,TRUE,132,0.476999999999997,"215, 319"
0.001,95,3,2,100013,1e-04,2,-3.8607297110406,-2.30258509299405,"lower",2043.92366321324,-224.882741859921,0,0,0,FALSE,0.0307140740160953,0.0249334114122877,TRUE,122,0.437999999999995,"215, 319"
0.001,95,3,2,100013,0.001,29.9858977055474,-1.15314969694072,0,"interior",2232.95857129712,-35.8478337760484,1,1,0.5,FALSE,0.120046719344939,0.00853100313158217,TRUE,69,0.234000000000002,"215, 319"
0.001,95,3,2,100013,0.003,57.2033835234074,-0.507263842457107,1.09861228866811,"interior",2264.03469076999,-4.77171430317821,1,1,0.5,FALSE,0.150535755591467,0.0151186582528289,TRUE,31,0.106999999999999,"215, 319"
0.001,95,3,2,100013,0.005,107.758529740645,0.126015996576316,1.6094379124341,"interior",2268.80640507316,0,1,1,0.5,FALSE,0.553281067387057,0.302491843004919,TRUE,87,0.291999999999994,"215, 319"
0.001,95,3,2,100013,0.008,156.44497522704,0.498827460561946,2.07944154167984,"interior",2267.05037955094,-1.75602552222563,1,1,0.5,FALSE,0.631442709561017,0.330356332255542,TRUE,31,0.106000000000002,"215, 319"
0.001,95,3,2,100013,0.01,189.492171539219,0.690470820929926,2.30258509299405,"interior",2264.16627740167,-4.6401276714987,2,1,1,TRUE,0.658919444669428,0.348801042544298,TRUE,26,0.0839999999999961,"215, 319"
0.001,95,3,2,100013,0.015,276.77990996611,1.06934574990674,2.70805020110221,"interior",2255.38138042537,-13.4250246477918,2,1,1,TRUE,0.694745444422368,0.395511445488304,TRUE,37,0.123999999999995,"215, 319"
0.001,95,3,2,100013,0.02,371.619255195736,1.36399293099275,2.99573227355399,"interior",2246.11494014837,-22.6914649247919,2,1,1,TRUE,0.715379529004628,0.432574777760148,TRUE,20,0.0640000000000001,"215, 319"
0.001,95,3,2,100013,0.025,481.764441934429,1.62357839331295,3.2188758248682,"interior",2237.088345026,-31.7180600471679,2,1,1,TRUE,0.731937898671094,0.464573330121694,TRUE,14,0.0450000000000017,"215, 319"
0.001,95,3,2,100013,0.03,616.369042935013,1.86996898822053,3.40119738166216,"interior",2228.46567470477,-40.3407303683962,2,1,1,TRUE,0.746833731195069,0.493937427243934,TRUE,16,0.0519999999999996,"215, 319"
0.001,95,3,3,100014,1e-05,2,-3.8607297110406,-4.60517018598809,"lower",1626.96925039388,-552.262766184044,0,0,0,FALSE,0.0276116072862772,0.0240806053796778,TRUE,127,0.459999999999994,"330, 497"
0.001,95,3,3,100014,1e-04,2,-3.8607297110406,-2.30258509299405,"lower",1989.91587376779,-189.316142810135,0,0,0,FALSE,0.0274602440082907,0.0240097852766388,TRUE,115,0.411000000000001,"330, 497"
0.001,95,3,3,100014,0.001,22.1968163996369,-1.45392801842761,0,"interior",2148.95692753397,-30.2750890439597,1,1,0.5,FALSE,0.270859209389877,0.00806058055011927,TRUE,83,0.288000000000004,"330, 497"
0.001,95,3,3,100014,0.003,40.246071577019,-0.85886449307017,1.09861228866811,"interior",2177.30124946446,-1.93076711346794,1,1,0.5,FALSE,0.297690785259943,0.00887271824305369,TRUE,48,0.161000000000001,"330, 497"
0.001,95,3,3,100014,0.005,53.4398913799277,-0.575319394935449,1.6094379124341,"interior",2179.23201657793,0,1,1,0.5,FALSE,0.30938695772802,0.011253401590255,TRUE,40,0.134,"330, 497"
0.001,95,3,3,100014,0.008,76.0847143055486,-0.22202951017343,2.07944154167984,"interior",2173.91107743565,-5.32093914227926,1,1,0.5,FALSE,0.333000760291591,0.0374891934399484,TRUE,50,0.167000000000002,"330, 497"
0.001,95,3,3,100014,0.01,89.5342951840853,-0.0592551533025345,2.30258509299405,"interior",2168.86648227451,-10.3655343034156,1,1,0.5,FALSE,0.347063868502924,0.0552714192639752,TRUE,42,0.141999999999996,"330, 497"
0.001,95,3,3,100014,0.015,124.597256561298,0.271209696543306,2.70805020110221,"interior",2155.58394655493,-23.6480700229977,1,1,0.5,FALSE,0.445737831386647,0.240833122429257,TRUE,41,0.140000000000001,"330, 497"
0.001,95,3,3,100014,0.02,152.970736022716,0.476369743672485,2.99573227355399,"interior",2142.70743599048,-36.5245805874511,1,1,0.5,FALSE,0.500331539524097,0.339924980799143,TRUE,33,0.112000000000002,"330, 497"
0.001,95,3,3,100014,0.025,183.761117936789,0.65975975044045,3.2188758248682,"interior",2130.7859422173,-48.446074360631,1,1,0.5,FALSE,0.54056687394751,0.412228244529643,TRUE,28,0.0899999999999963,"330, 497"
0.001,95,3,3,100014,0.03,227.036496312686,0.871233889665538,3.40119738166216,"interior",2120.20648147918,-59.0255350987527,1,1,0.5,FALSE,0.531675547398516,0.383660716637044,TRUE,31,0.104999999999997,"330, 497"
0.001,95,3,4,100015,1e-05,2,-3.8607297110406,-4.60517018598809,"lower",1709.38468034609,-537.650521686824,0,0,0,FALSE,0.0271586663802459,0.0251797414708647,TRUE,154,0.560000000000002,"265, 292"
0.001,95,3,4,100015,1e-04,2,-3.8607297110406,-2.30258509299405,"lower",2087.37402513867,-159.66117689424,0,0,0,FALSE,0.0276702261150072,0.0255086245601479,TRUE,143,0.512,"265, 292"
0.001,95,3,4,100015,0.001,25.7035797425092,-1.30724661980746,0,"interior",2239.7161953735,-7.31900665941384,1,1,0.5,FALSE,0.186345805038946,0.00896347606938375,TRUE,65,0.225999999999999,"265, 292"
0.001,95,3,4,100015,0.003,68.3834504413682,-0.328746048858867,1.09861228866811,"interior",2247.03520203291,0,1,1,0.5,FALSE,0.411096644655349,0.368391839487867,TRUE,127,0.433,"265, 292"
0.001,95,3,4,100015,0.005,87.2501301600605,-0.0850978387132661,1.6094379124341,"interior",2238.40035015924,-8.63485187367405,2,1,1,TRUE,0.423669900106656,0.373406980016451,TRUE,66,0.223999999999997,"265, 292"
0.001,95,3,4,100015,0.008,110.52684127096,0.151381507289535,2.07944154167984,"interior",2223.9792043279,-23.055997705017,2,1,1,TRUE,0.431462741545333,0.378386898008101,TRUE,27,0.088000000000001,"265, 292"
0.001,95,3,4,100015,0.01,128.641673033655,0.303153919293233,2.30258509299405,"interior",2215.11560925717,-31.9195927757414,2,1,1,TRUE,0.437101123036027,0.380849309180631,TRUE,49,0.162999999999997,"265, 292"
0.001,95,3,4,100015,0.015,175.282585228884,0.612522552715762,2.70805020110221,"interior",2195.92703089316,-51.1081711397487,2,1,1,TRUE,0.465925788413466,0.386110757249543,TRUE,51,0.168999999999997,"265, 292"
0.001,95,3,4,100015,0.02,211.735691225965,0.801461865745049,2.99573227355399,"interior",2179.83476266854,-67.2004393643683,2,1,1,TRUE,0.475124271006997,0.390395383644203,TRUE,26,0.0850000000000009,"265, 292"
0.001,95,3,4,100015,0.025,246.007936886135,0.951486907576133,3.2188758248682,"interior",2165.9050531924,-81.1301488405138,2,1,1,TRUE,0.481664917280103,0.394471888764923,TRUE,24,0.078000000000003,"265, 292"
0.001,95,3,4,100015,0.03,279.282916847992,1.0783484153124,3.40119738166216,"interior",2153.55780771288,-93.4773943200357,3,0.666666666666667,1,TRUE,0.486536118291187,0.398189367854277,TRUE,22,0.0700000000000003,"265, 292"
0.001,95,3,5,100016,1e-05,2,-3.8607297110406,-4.60517018598809,"lower",1705.44618049083,-547.031432718713,0,0,0,FALSE,0.0235704239217939,0.0229046814650223,TRUE,152,0.550999999999995,"71, 260"
0.001,95,3,5,100016,1e-04,2,-3.8607297110406,-2.30258509299405,"lower",2075.41485032807,-177.06276288147,0,0,0,FALSE,0.0237978717902742,0.0230742888165035,TRUE,144,0.518000000000001,"71, 260"
0.001,95,3,5,100016,0.001,25.3656552413556,-1.32048078841581,0,"interior",2233.56982840354,-18.9077848059974,1,1,0.5,FALSE,0.346360394108331,0.00879522855841441,TRUE,60,0.211999999999996,"71, 260"
0.001,95,3,5,100016,0.003,51.4107169656878,-0.61403023959482,1.09861228866811,"interior",2252.47761320954,0,1,1,0.5,FALSE,0.415998422420835,0.0472672318088104,TRUE,60,0.213999999999999,"71, 260"
0.001,95,3,5,100016,0.005,85.7741718072895,-0.102158958311682,1.6094379124341,"interior",2250.55893011114,-1.91868309839492,1,1,0.5,FALSE,0.5810594553461,0.359818990770407,TRUE,51,0.170999999999999,"71, 260"
0.001,95,3,5,100016,0.008,119.151010996054,0.226514796977904,2.07944154167984,"interior",2241.52434178158,-10.9532714279558,2,1,1,TRUE,0.636437360253703,0.432657170244358,TRUE,36,0.122,"71, 260"
0.001,95,3,5,100016,0.01,139.918884216273,0.387185964637426,2.30258509299405,"interior",2234.93911931686,-17.5384938926813,2,1,1,TRUE,0.65658707498854,0.454880148465818,TRUE,28,0.0959999999999965,"71, 260"
0.001,95,3,5,100016,0.015,196.000123055585,0.724238395464397,2.70805020110221,"interior",2219.40548709142,-33.0721261181143,2,1,1,TRUE,0.688569729414407,0.486915476117249,TRUE,46,0.154999999999994,"71, 260"
0.001,95,3,5,100016,0.02,245.755299616497,0.950459432266429,2.99573227355399,"interior",2205.44038919955,-47.0372240099923,2,1,1,TRUE,0.708769199250038,0.507614628774955,TRUE,21,0.0679999999999978,"71, 260"
0.001,95,3,5,100016,0.025,296.359739891034,1.13769716226847,3.2188758248682,"interior",2192.98397750964,-59.4936356999024,2,1,1,TRUE,0.723785504832545,0.5237384706511,TRUE,19,0.0609999999999999,"71, 260"
0.001,95,3,5,100016,0.03,349.358070528946,1.30222049468811,3.40119738166216,"interior",2181.7633042441,-70.7143089654392,2,1,1,TRUE,0.735318763412097,0.536451138358847,TRUE,19,0.0609999999999999,"71, 260"
0.001,206,3,1,100017,1e-05,2,-4.63472898822964,-4.60517018598809,"lower",1678.53398750784,-721.295512173524,0,0,0,FALSE,0.0263479511363431,0.0256935456835866,TRUE,164,0.595000000000006,"72, 351"
0.001,206,3,1,100017,1e-04,2,-4.63472898822964,-2.30258509299405,"lower",2099.65315253179,-300.176347149577,0,0,0,FALSE,0.0267836539702627,0.0260032182829527,TRUE,157,0.564999999999998,"72, 351"
0.001,206,3,1,100017,0.001,59.3315202605564,-1.24473546503885,0,"interior",2345.27464643857,-54.5548532427961,1,1,0.5,FALSE,0.503872774483752,0.00898809067093542,TRUE,70,0.236000000000004,"72, 351"
0.001,206,3,1,100017,0.003,176.738537387712,-0.153204718236332,1.09861228866811,"interior",2392.63880778941,-7.19069189195943,2,1,1,TRUE,0.766471074886071,0.532948319625519,TRUE,108,0.362000000000002,"72, 351"
0.001,206,3,1,100017,0.005,282.631229962027,0.316266804774901,1.6094379124341,"interior",2399.82949968137,0,2,1,1,TRUE,0.778253191973691,0.556506800777504,TRUE,82,0.271999999999998,"72, 351"
0.001,206,3,1,100017,0.008,478.630062801062,0.843051818755144,2.07944154167984,"interior",2397.74208039513,-2.08741928624022,2,1,1,TRUE,0.785938665327684,0.571877358326673,TRUE,69,0.231999999999999,"72, 351"
0.001,206,3,1,100017,0.01,656.455613652687,1.15897891208522,2.30258509299405,"interior",2393.88358686687,-5.94591281449311,2,1,1,TRUE,0.7895663513024,0.579132709631578,TRUE,56,0.186999999999998,"72, 351"
0.001,206,3,1,100017,0.015,1554.73744231088,2.02118579417893,2.70805020110221,"interior",2382.31715496185,-17.5123447195156,2,1,1,TRUE,0.798128705806945,0.5962574121026,TRUE,18,0.0600000000000023,"72, 351"
0.001,206,3,1,100017,0.02,8089.87647530913,3.67049257233417,2.99573227355399,"interior",2370.70610953625,-29.1233901451137,2,1,1,TRUE,0.805647168173228,0.611294336413154,TRUE,7,0.0480000000000018,"72, 351"
0.001,206,3,1,100017,0.025,20000,4.57561138374655,3.2188758248682,"upper",2359.30939503896,-40.5201046424099,2,1,1,TRUE,0.806635163707116,0.613270327463505,TRUE,7,0.0810000000000031,"72, 351"
0.001,206,3,1,100017,0.03,20000,4.57561138374655,3.40119738166216,"upper",2347.73326229945,-52.0962373819134,2,1,1,TRUE,0.806063397086461,0.612126794223137,TRUE,6,0.0729999999999933,"72, 351"
0.001,206,3,2,100018,1e-05,2,-4.63472898822964,-4.60517018598809,"lower",2050.21570829572,-403.946281241092,0,0,0,FALSE,0.051940037119527,0.0409750326274543,TRUE,129,0.474999999999994,"45, 145"
0.001,206,3,2,100018,1e-04,28.9799706946382,-1.96127124312467,-2.30258509299405,"interior",2374.43587069584,-79.726118840977,1,1,0.5,FALSE,0.335141437576834,0.0081313653139905,TRUE,76,0.263999999999996,"45, 145"
0.001,206,3,2,100018,0.001,96.6656530354324,-0.756618020372502,0,"interior",2454.16198953682,0,1,1,0.5,FALSE,0.47701632340825,0.0104056892180394,TRUE,62,0.218000000000004,"45, 145"
0.001,206,3,2,100018,0.003,175.72209790514,-0.15897241084398,1.09861228866811,"interior",2438.04223469054,-16.1197548462751,1,1,0.5,FALSE,0.52532631425665,0.0683071240831509,TRUE,44,0.153999999999996,"45, 145"
0.001,206,3,2,100018,0.005,296.238990535796,0.36329036022084,1.6094379124341,"interior",2423.27342183605,-30.8885677007643,2,1,1,TRUE,0.809993722539171,0.629517357029685,TRUE,78,0.260000000000005,"45, 145"
0.001,206,3,2,100018,0.008,441.671527955918,0.762690287594703,2.07944154167984,"interior",2404.2159279079,-49.9460616289211,2,1,1,TRUE,0.82483008490737,0.65442285177402,TRUE,34,0.185000000000002,"45, 145"
0.001,206,3,2,100018,0.01,562.857478028574,1.00515027992915,2.30258509299405,"interior",2393.59149217786,-60.5704973589554,2,1,1,TRUE,0.83108281827372,0.665340211585904,TRUE,19,0.0630000000000024,"45, 145"
0.001,206,3,2,100018,0.015,1022.19134106661,1.60182780662886,2.70805020110221,"interior",2371.71879811964,-82.4431914171751,2,1,1,TRUE,0.842467172090925,0.686356120640627,TRUE,12,0.0390000000000015,"45, 145"
0.001,206,3,2,100018,0.02,2130.06642923538,2.33603227686202,2.99573227355399,"interior",2354.1767795117,-99.9852100251155,2,1,1,TRUE,0.85087154687791,0.702474435508218,TRUE,13,0.0689999999999884,"45, 145"
0.001,206,3,2,100018,0.025,9122.97886037098,3.79067549037366,3.2188758248682,"interior",2339.38865188365,-114.773337653168,2,1,1,TRUE,0.857749435163368,0.715922558804387,TRUE,13,0.092000000000013,"45, 145"
0.001,206,3,2,100018,0.03,20000,4.57561138374655,3.40119738166216,"upper",2326.29854050556,-127.863449031252,2,1,1,TRUE,0.859237833359352,0.71886464708832,TRUE,12,0.149000000000001,"45, 145"
0.001,206,3,3,100019,1e-05,3.2508583798877,-4.14895709043214,-4.60517018598809,"interior",1994.07452900896,-484.644164110265,0,0,0,FALSE,0.107200856829046,0.00797132815855883,TRUE,317,1.124,"96, 161"
0.001,206,3,3,100019,1e-04,32.6250772949163,-1.84279493395669,-2.30258509299405,"interior",2351.79171004871,-126.926983070512,1,1,0.5,FALSE,0.231267454363554,0.00801820988982271,TRUE,74,0.254999999999995,"96, 161"
0.001,206,3,3,100019,0.001,138.52123051688,-0.396852565979194,0,"interior",2478.71869311923,0,1,1,0.5,FALSE,0.257255753535376,0.00912774492970292,TRUE,45,0.150999999999996,"96, 161"
0.001,206,3,3,100019,0.003,294.976626895906,0.359019953549971,1.09861228866811,"interior",2475.50319598855,-3.21549713067316,1,1,0.5,FALSE,0.262635209535352,0.0181078629451733,TRUE,28,0.097999999999999,"96, 161"
0.001,206,3,3,100019,0.005,468.690958871001,0.822067446153586,1.6094379124341,"interior",2462.19738227923,-16.5213108399994,1,1,0.5,FALSE,0.265860872771033,0.0241362830551534,TRUE,19,0.0609999999999928,"96, 161"
0.001,206,3,3,100019,0.008,829.970157757136,1.39351357684521,2.07944154167984,"interior",2443.32680692636,-35.3918861928692,1,1,0.5,FALSE,0.267983964908279,0.027909234675949,TRUE,16,0.0520000000000067,"96, 161"
0.001,206,3,3,100019,0.01,1209.54491663068,1.77012329709901,2.30258509299405,"interior",2432.13858558665,-46.5801075325762,1,1,0.5,FALSE,0.268700111130845,0.0290845523446869,TRUE,16,0.0520000000000067,"96, 161"
0.001,206,3,3,100019,0.015,4420.03845905345,3.06602750738762,2.70805020110221,"interior",2408.13222381122,-70.586469308002,1,1,0.5,FALSE,0.269628836454404,0.0304241928547712,TRUE,16,0.108000000000004,"96, 161"
0.001,206,3,3,100019,0.02,20000,4.57561138374655,2.99573227355399,"upper",2388.0270400044,-90.6916531148213,1,1,0.5,FALSE,0.269897643202422,0.0307803478289393,TRUE,16,0.205999999999989,"96, 161"
0.001,206,3,3,100019,0.025,20000,4.57561138374655,3.2188758248682,"upper",2370.01642394065,-108.702269178573,1,1,0.5,FALSE,0.2699786131746,0.0309456446817356,TRUE,17,0.224000000000004,"96, 161"
0.001,206,3,3,100019,0.03,20000,4.57561138374655,3.40119738166216,"upper",2353.72673952382,-124.99195359541,1,1,0.5,FALSE,0.270060946336405,0.0311127305282023,TRUE,17,0.225000000000009,"96, 161"
0.001,206,3,4,100020,1e-05,2,-4.63472898822964,-4.60517018598809,"lower",1971.5428849352,-458.313769468926,0,0,0,FALSE,0.0235820586209566,0.0161674370528262,TRUE,149,0.542999999999992,"62, 367"
0.001,206,3,4,100020,1e-04,24.142206206069,-2.1439145651641,-2.30258509299405,"interior",2319.09746702311,-110.759187381014,1,1,0.5,FALSE,0.502836811272141,0.00810324280145269,TRUE,76,0.262,"62, 367"
0.001,206,3,4,100020,0.001,86.1218653498911,-0.872112836636084,0,"interior",2429.85665440412,0,1,1,0.5,FALSE,0.504834338471593,0.00966939930359345,TRUE,67,0.234999999999999,"62, 367"
0.001,206,3,4,100020,0.003,175.600484701542,-0.159664727333026,1.09861228866811,"interior",2423.21233256701,-6.64432183711597,1,1,0.5,FALSE,0.598652528308146,0.197305061351805,TRUE,107,0.361000000000004,"62, 367"
0.001,206,3,4,100020,0.005,253.414816134099,0.207151566741384,1.6094379124341,"interior",2410.98695335024,-18.8697010538813,1,1,0.5,FALSE,0.641563634324736,0.283127268983191,TRUE,71,0.238,"62, 367"
0.001,206,3,4,100020,0.008,383.861392288097,0.622405361054196,2.07944154167984,"interior",2394.56852528191,-35.2881291222093,1,1,0.5,FALSE,0.68422693071295,0.368453861456247,TRUE,28,0.0990000000000038,"62, 367"
0.001,206,3,4,100020,0.01,493.315195556444,0.873272142860627,2.30258509299405,"interior",2385.00146215579,-44.855192248338,1,1,0.5,FALSE,0.716012036050897,0.432024072112443,TRUE,13,0.0430000000000064,"62, 367"
0.001,206,3,4,100020,0.015,1191.56921342102,1.75515021537894,2.70805020110221,"interior",2364.972456874,-64.8841975301275,1,1,0.5,FALSE,0.919843610292202,0.83968722059737,TRUE,51,0.170000000000002,"62, 367"
0.001,206,3,4,100020,0.02,3177.73503377791,2.73604779968263,2.99573227355399,"interior",2348.77462363998,-81.0820307641393,2,0.5,0.5,FALSE,0.962706811600429,0.92541362320625,TRUE,20,0.102999999999994,"62, 367"
0.001,206,3,4,100020,0.025,20000,4.57561138374655,3.2188758248682,"upper",2334.73776612407,-95.118888280057,3,0.666666666666667,1,TRUE,0.976079593633857,0.952159187270322,TRUE,16,0.161999999999992,"62, 367"
0.001,206,3,4,100020,0.03,20000,4.57561138374655,3.40119738166216,"upper",2321.68099005801,-108.175664346112,3,0.666666666666667,1,TRUE,0.975078104139685,0.950156208281966,TRUE,14,0.168999999999997,"62, 367"
0.001,206,3,5,100021,1e-05,2,-4.63472898822964,-4.60517018598809,"lower",1970.13712065169,-492.707180356013,0,0,0,FALSE,0.0263237229068731,0.0233649697456704,TRUE,107,0.391999999999996,"111, 336"
0.001,206,3,5,100021,1e-04,18.1872352795916,-2.4271561790378,-2.30258509299405,"interior",2313.32437508641,-149.519925921289,1,1,0.5,FALSE,0.0930208914172465,0.00815176177711674,TRUE,80,0.281000000000006,"111, 336"
0.001,206,3,5,100021,0.001,75.8714461772007,-0.99883575836911,0,"interior",2444.75947134903,-18.0848296586682,1,1,0.5,FALSE,0.128729277655848,0.0260586222798943,TRUE,21,0.0690000000000026,"111, 336"
0.001,206,3,5,100021,0.003,252.601391664184,0.203936550471032,1.09861228866811,"interior",2462.8443010077,0,2,1,1,TRUE,0.636573074254939,0.273667752075585,TRUE,67,0.225999999999999,"111, 336"
0.001,206,3,5,100021,0.005,444.250930032135,0.768513391731193,1.6094379124341,"interior",2460.33009441717,-2.51420659053201,2,1,1,TRUE,0.646497001127152,0.29309218986318,TRUE,24,0.078000000000003,"111, 336"
0.001,206,3,5,100021,0.008,1004.80975202023,1.5846773323114,2.07944154167984,"interior",2451.35854965032,-11.4857513573857,2,1,1,TRUE,0.65537097094847,0.310761792580106,TRUE,11,0.0360000000000014,"111, 336"
0.001,206,3,5,100021,0.01,2020.04897554119,2.28300086662918,2.30258509299405,"interior",2444.66747386809,-18.1768271396149,2,1,1,TRUE,0.659381495635049,0.318772312489524,TRUE,12,0.046999999999997,"111, 336"
0.001,206,3,5,100021,0.015,20000,4.57561138374655,2.70805020110221,"upper",2427.78686007558,-35.0574409321198,2,1,1,TRUE,0.663191571277474,0.326387467423227,TRUE,10,0.131,"111, 336"
0.001,206,3,5,100021,0.02,20000,4.57561138374655,2.99573227355399,"upper",2410.29793542945,-52.5463655782469,2,1,1,TRUE,0.663136103987113,0.326276506055747,TRUE,9,0.119,"111, 336"
0.001,206,3,5,100021,0.025,20000,4.57561138374655,3.2188758248682,"upper",2393.56095564482,-69.2833453628832,2,1,1,TRUE,0.663075689969481,0.326155665331103,TRUE,8,0.103999999999999,"111, 336"
0.001,206,3,5,100021,0.03,20000,4.57561138374655,3.40119738166216,"upper",2377.96143961941,-84.882861388292,2,1,1,TRUE,0.663024380490536,0.326053010528666,TRUE,8,0.109000000000009,"111, 336"
0.001,447,3,1,100022,1e-05,2,-5.40941141405362,-4.60517018598809,"lower",2071.93244690751,-494.338416685795,0,0,0,FALSE,0.0272096524530872,0.0235456817057151,TRUE,174,0.632999999999996,"111, 195"
0.001,447,3,1,100022,1e-04,37.2358290002696,-2.48528715169263,-2.30258509299405,"interior",2429.07419173366,-137.196671859649,1,1,0.5,FALSE,0.45152959945607,0.00845574457848663,TRUE,77,0.269999999999996,"111, 195"
0.001,447,3,1,100022,0.001,283.920489028444,-0.453864363860483,0,"interior",2561.06026155928,-5.2106020340234,2,1,1,TRUE,0.99329120491482,0.991219379935296,TRUE,84,0.284000000000006,"111, 195"
0.001,447,3,1,100022,0.003,1470.30386598433,1.19066577535129,1.09861228866811,"interior",2566.27086359331,0,2,1,1,TRUE,0.999617208506872,0.999510580210358,TRUE,69,0.236999999999995,"111, 195"
0.001,447,3,1,100022,0.005,20000,3.80092895792256,1.6094379124341,"upper",2557.67686397075,-8.59399962255566,2,1,1,TRUE,0.999847219530048,0.999782723304326,TRUE,58,0.801999999999992,"111, 195"
0.001,447,3,1,100022,0.008,20000,3.80092895792256,2.07944154167984,"upper",2539.36503283409,-26.9058307592195,2,1,1,TRUE,0.999846228353756,0.999783520939184,TRUE,58,0.808999999999997,"111, 195"
0.001,447,3,1,100022,0.01,20000,3.80092895792256,2.30258509299405,"upper",2526.97536383648,-39.2954997568249,2,1,1,TRUE,0.999845538986046,0.999784047389555,TRUE,58,0.884999999999991,"111, 195"
0.001,447,3,1,100022,0.015,20000,3.80092895792256,2.70805020110221,"upper",2498.73307257977,-67.5377910135344,2,1,1,TRUE,0.999843686677531,0.999785282925276,TRUE,59,0.825000000000003,"111, 195"
0.001,447,3,1,100022,0.02,20000,3.80092895792256,2.99573227355399,"upper",2474.42692406952,-91.8439395237874,2,1,1,TRUE,0.999841718698599,0.99978657921526,TRUE,59,0.823999999999998,"111, 195"
0.001,447,3,1,100022,0.025,20000,3.80092895792256,3.2188758248682,"upper",2453.24828756176,-113.022576031542,2,1,1,TRUE,0.999839598626747,0.999787870944018,TRUE,59,0.826999999999998,"111, 195"
0.001,447,3,1,100022,0.03,20000,3.80092895792256,3.40119738166216,"upper",2434.48751945318,-131.783344140128,2,1,1,TRUE,0.99983731760443,0.999789157709658,TRUE,59,0.821000000000012,"111, 195"
0.001,447,3,2,100023,1e-05,2,-5.40941141405362,-4.60517018598809,"lower",1934.2722195187,-576.14439892665,0,0,0,FALSE,0.0294309535940741,0.0240941279889333,TRUE,112,0.411000000000001,"93, 374"
0.001,447,3,2,100023,1e-04,19.7812433387922,-3.1178244120127,-2.30258509299405,"interior",2316.75927989872,-193.657338546635,1,1,0.5,FALSE,0.142486386864919,0.00809567398213007,TRUE,78,0.278999999999996,"93, 374"
0.001,447,3,2,100023,0.001,136.591533269716,-1.18556363131793,0,"interior",2491.28137721421,-19.1352412311467,1,1,0.5,FALSE,0.497124976589493,0.33965743013966,TRUE,126,0.445999999999998,"93, 374"
0.001,447,3,2,100023,0.003,454.986415064865,0.0177089668913544,1.09861228866811,"interior",2510.41661844535,0,2,1,1,TRUE,0.68338958322475,0.395249848772231,TRUE,78,0.260000000000005,"93, 374"
0.001,447,3,2,100023,0.005,1253.66890299232,1.03127105901502,1.6094379124341,"interior",2506.99325506481,-3.42336338054156,2,1,1,TRUE,0.710554753703593,0.429995827690764,TRUE,52,0.174999999999997,"93, 374"
0.001,447,3,2,100023,0.008,20000,3.80092895792256,2.07944154167984,"upper",2497.05190436898,-13.3647140763751,2,1,1,TRUE,0.726515454088212,0.456649525814418,TRUE,19,0.248000000000005,"93, 374"
0.001,447,3,2,100023,0.01,20000,3.80092895792256,2.30258509299405,"upper",2488.75529369257,-21.6613247527821,2,1,1,TRUE,0.726482323222619,0.45657921977583,TRUE,18,0.241,"93, 374"
0.001,447,3,2,100023,0.015,20000,3.80092895792256,2.70805020110221,"upper",2466.88914935962,-43.52746908573,2,1,1,TRUE,0.726388550316295,0.456381448287132,TRUE,18,0.25200000000001,"93, 374"
0.001,447,3,2,100023,0.02,20000,3.80092895792256,2.99573227355399,"upper",2446.43525353677,-63.9813649085809,2,1,1,TRUE,0.726300080695698,0.456194767138326,TRUE,18,0.283999999999992,"93, 374"
0.001,447,3,2,100023,0.025,20000,3.80092895792256,3.2188758248682,"upper",2427.91578843468,-82.5008300106697,2,1,1,TRUE,0.726215988691043,0.456017691106587,TRUE,17,0.254000000000005,"93, 374"
0.001,447,3,2,100023,0.03,20000,3.80092895792256,3.40119738166216,"upper",2411.13035131495,-99.2862671303997,2,1,1,TRUE,0.726129544708784,0.455835968865731,TRUE,17,0.24199999999999,"93, 374"
0.001,447,3,3,100024,1e-05,2,-5.40941141405362,-4.60517018598809,"lower",1922.20559641332,-580.992250295461,0,0,0,FALSE,0.0464122194630432,0.0349393726660907,TRUE,138,0.501999999999995,"54, 321"
0.001,447,3,3,100024,1e-04,31.1926467587002,-2.66237620838611,-2.30258509299405,"interior",2323.57009233109,-179.627754377689,1,1,0.5,FALSE,0.484133224680296,0.00817184688049943,TRUE,76,0.268000000000001,"54, 321"
0.001,447,3,3,100024,0.001,170.117153259154,-0.966071258090495,0,"interior",2495.34963146182,-7.84821524696099,1,1,0.5,FALSE,0.509968939825113,0.0199486201947063,TRUE,36,0.122,"54, 321"
0.001,447,3,3,100024,0.003,551.479995300832,0.210046970168846,1.09861228866811,"interior",2503.19784670878,0,2,1,1,TRUE,0.999771483959741,0.999542972351741,TRUE,69,0.234000000000009,"54, 321"
0.001,447,3,3,100024,0.005,1088.36870161614,0.889876655557297,1.6094379124341,"interior",2493.75116768895,-9.44667901983348,2,1,1,TRUE,0.999965178142026,0.99993035649486,TRUE,42,0.140000000000001,"54, 321"
0.001,447,3,3,100024,0.008,4454.43426197715,2.29909674777231,2.07944154167984,"interior",2479.3910550718,-23.8067916369796,2,1,1,TRUE,0.999995443562494,0.999990887132984,TRUE,16,0.10199999999999,"54, 321"
0.001,447,3,3,100024,0.01,20000,3.80092895792256,2.30258509299405,"upper",2470.72820650267,-32.4696402061109,2,1,1,TRUE,0.999997534901969,0.999995069806947,TRUE,13,0.162999999999997,"54, 321"
0.001,447,3,3,100024,0.015,20000,3.80092895792256,2.70805020110221,"upper",2449.52544433489,-53.6724023738898,2,1,1,TRUE,0.99999753823033,0.999995076463792,TRUE,14,0.189999999999998,"54, 321"
0.001,447,3,3,100024,0.02,20000,3.80092895792256,2.99573227355399,"upper",2430.08495765752,-73.1128890512573,2,1,1,TRUE,0.999997545034082,0.999995090071414,TRUE,13,0.176000000000002,"54, 321"
0.001,447,3,3,100024,0.025,20000,3.80092895792256,3.2188758248682,"upper",2412.57436431952,-90.6234823892592,2,1,1,TRUE,0.999997543257281,0.999995086517947,TRUE,15,0.201999999999998,"54, 321"
0.001,447,3,3,100024,0.03,20000,3.80092895792256,3.40119738166216,"upper",2396.72118268795,-106.476664020832,2,1,1,TRUE,0.999997547575445,0.999995095154399,TRUE,16,0.228999999999999,"54, 321"
0.001,447,3,4,100025,1e-05,2,-5.40941141405362,-4.60517018598809,"lower",1923.35234304022,-573.130095965625,0,0,0,FALSE,0.024969411248111,0.0120129572404722,TRUE,179,0.72999999999999,"167, 351"
0.001,447,3,4,100025,1e-04,22.0900016065654,-3.00743350445337,-2.30258509299405,"interior",2304.10822921051,-192.374209795335,1,1,0.5,FALSE,0.486435235035852,0.00811145563841298,TRUE,78,0.277000000000001,"167, 351"
0.001,447,3,4,100025,0.001,115.383242695464,-1.35429946169488,0,"interior",2473.94336731258,-22.5390716932579,1,1,0.5,FALSE,0.509280387864042,0.0185982859314656,TRUE,19,0.0640000000000072,"167, 351"
0.001,447,3,4,100025,0.003,383.012814584892,-0.154490147546452,1.09861228866811,"interior",2496.48243900584,0,1,1,0.5,FALSE,0.906652915116271,0.813305924507576,TRUE,45,0.149999999999991,"167, 351"
0.001,447,3,4,100025,0.005,893.619916366976,0.692721940680626,1.6094379124341,"interior",2495.57782318425,-0.904615821593779,2,1,1,TRUE,0.968651291753671,0.93730258727923,TRUE,15,0.0490000000000066,"167, 351"
0.001,447,3,4,100025,0.008,11982.6940872789,3.28866013385039,2.07944154167984,"interior",2487.66693701548,-8.81550199036565,2,1,1,TRUE,0.990083659007883,0.980167318164328,TRUE,10,0.0739999999999981,"167, 351"
0.001,447,3,4,100025,0.01,20000,3.80092895792256,2.30258509299405,"upper",2480.72381586961,-15.7586231362357,2,1,1,TRUE,0.990442191996673,0.980884384125467,TRUE,9,0.119,"167, 351"
0.001,447,3,4,100025,0.015,20000,3.80092895792256,2.70805020110221,"upper",2460.2566748936,-36.225764112246,2,1,1,TRUE,0.990135413838487,0.980270827813137,TRUE,8,0.10199999999999,"167, 351"
0.001,447,3,4,100025,0.02,20000,3.80092895792256,2.99573227355399,"upper",2440.07822362202,-56.4042153838204,2,1,1,TRUE,0.989854530350393,0.979709060840647,TRUE,8,0.114000000000004,"167, 351"
0.001,447,3,4,100025,0.025,20000,3.80092895792256,3.2188758248682,"upper",2421.44305788015,-75.039381125695,2,1,1,TRUE,0.989543325900142,0.979086651944174,TRUE,8,0.114999999999995,"167, 351"
0.001,447,3,4,100025,0.03,20000,3.80092895792256,3.40119738166216,"upper",2404.39040679412,-92.0920322117204,2,1,1,TRUE,0.98922106918694,0.978442138521899,TRUE,8,0.116,"167, 351"
0.001,447,3,5,100026,1e-05,2,-5.40941141405362,-4.60517018598809,"lower",2031.24010762861,-491.530704594016,0,0,0,FALSE,0.0335145329080234,0.0252780597843749,TRUE,104,0.385999999999996,"201, 385"
0.001,447,3,5,100026,1e-04,27.4737945907017,-2.78932596823622,-2.30258509299405,"interior",2389.19203547051,-133.578776752115,1,1,0.5,FALSE,0.171972071175534,0.00823920794547872,TRUE,80,0.286000000000001,"201, 385"
0.001,447,3,5,100026,0.001,181.954044725161,-0.898804440930753,0,"interior",2520.71673922497,-2.05407299766057,2,1,1,TRUE,0.567192408511068,0.528709187328136,TRUE,89,0.304000000000002,"201, 385"
0.001,447,3,5,100026,0.003,506.90858715739,0.125772091256636,1.09861228866811,"interior",2522.77081222263,0,2,1,1,TRUE,0.664569010021236,0.621335451741944,TRUE,61,0.207999999999998,"201, 385"
0.001,447,3,5,100026,0.005,1394.66358945822,1.13784991604923,1.6094379124341,"interior",2512.71018312528,-10.0606290973478,2,1,1,TRUE,0.760696303875513,0.759214648423701,TRUE,68,0.233000000000004,"201, 385"
0.001,447,3,5,100026,0.008,20000,3.80092895792256,2.07944154167984,"upper",2497.26430761741,-25.50650460522,2,1,1,TRUE,0.814562056756232,0.798841772874415,TRUE,48,0.664000000000001,"201, 385"
0.001,447,3,5,100026,0.01,20000,3.80092895792256,2.30258509299405,"upper",2486.74461226866,-36.0261999539739,2,1,1,TRUE,0.813919807507748,0.798190792009184,TRUE,47,0.653000000000006,"201, 385"
0.001,447,3,5,100026,0.015,20000,3.80092895792256,2.70805020110221,"upper",2461.54236833932,-61.2284438833049,2,1,1,TRUE,0.812309372093878,0.796567951789352,TRUE,46,0.647000000000006,"201, 385"
0.001,447,3,5,100026,0.02,20000,3.80092895792256,2.99573227355399,"upper",2439.16269720403,-83.6081150185942,2,1,1,TRUE,0.810655965879375,0.794897467253952,TRUE,46,0.650000000000006,"201, 385"
0.001,447,3,5,100026,0.025,20000,3.80092895792256,3.2188758248682,"upper",2419.37639296174,-103.394419260885,2,1,1,TRUE,0.808933749106801,0.793144403566438,TRUE,45,0.643999999999991,"201, 385"
0.001,447,3,5,100026,0.03,20000,3.80092895792256,3.40119738166216,"upper",2401.70101247087,-121.069799751763,2,1,1,TRUE,0.807181214344444,0.791363332608034,TRUE,45,0.63900000000001,"201, 385"
0.001,972,3,1,100027,1e-05,2,-6.18620862390049,-4.60517018598809,"lower",2073.19824916731,-531.202931842559,0,0,0,FALSE,0.072505815925814,0.057856526639732,TRUE,109,0.402000000000001,"88, 133"
0.001,972,3,1,100027,1e-04,37.78586952994,-3.247420593683,-2.30258509299405,"interior",2454.04479210433,-150.356388905541,1,1,0.5,FALSE,0.240077958378956,0.00931853196858601,TRUE,77,0.27600000000001,"88, 133"
0.001,972,3,1,100027,0.001,527.893727536389,-0.610460814617753,0,"interior",2604.40118100987,0,2,1,1,TRUE,0.697063717305323,0.394128273239392,TRUE,69,0.233999999999995,"88, 133"
0.001,972,3,1,100027,0.003,20000,3.02413174807569,1.09861228866811,"upper",2597.77488441694,-6.62629659293179,2,1,1,TRUE,0.677077054908273,0.354154122206418,TRUE,31,0.422999999999988,"88, 133"
0.001,972,3,1,100027,0.005,20000,3.02413174807569,1.6094379124341,"upper",2578.93022572123,-25.470955288642,2,1,1,TRUE,0.67709598239333,0.354191977190206,TRUE,33,0.459000000000003,"88, 133"
0.001,972,3,1,100027,0.008,20000,3.02413174807569,2.07944154167984,"upper",2551.55189370709,-52.8492873027803,2,1,1,TRUE,0.677125692474184,0.354251397370555,TRUE,35,0.569000000000003,"88, 133"
0.001,972,3,1,100027,0.01,20000,3.02413174807569,2.30258509299405,"upper",2535.46465821678,-68.9365227930844,2,1,1,TRUE,0.677147363142317,0.354294738716724,TRUE,36,0.513000000000005,"88, 133"
0.001,972,3,1,100027,0.015,20000,3.02413174807569,2.70805020110221,"upper",2501.47399225987,-102.92718875,2,1,1,TRUE,0.677195067584044,0.354390147630811,TRUE,37,0.532999999999987,"88, 133"
0.001,972,3,1,100027,0.02,20000,3.02413174807569,2.99573227355399,"upper",2473.82228979244,-130.578891217428,2,1,1,TRUE,0.677241497633281,0.354483007759775,TRUE,38,0.542000000000002,"88, 133"
0.001,972,3,1,100027,0.025,20000,3.02413174807569,3.2188758248682,"upper",2450.44901508463,-153.952165925237,2,1,1,TRUE,0.677286744050498,0.354573500624696,TRUE,39,0.552999999999997,"88, 133"
0.001,972,3,1,100027,0.03,20000,3.02413174807569,3.40119738166216,"upper",2430.14286641857,-174.2583145913,2,1,1,TRUE,0.677330892347952,0.354661797250198,TRUE,40,0.570999999999998,"88, 133"
0.001,972,3,2,100028,1e-05,3.68086806499465,-5.57620719286981,-4.60517018598809,"interior",2112.81861694423,-521.438652844727,0,0,0,FALSE,0.1053874491364,0.00797701380918348,TRUE,160,0.573999999999998,"143, 494"
0.001,972,3,2,100028,1e-04,61.797341579585,-2.7554954574336,-2.30258509299405,"interior",2491.99829660314,-142.258973185819,1,1,0.5,FALSE,0.504006203445036,0.00807301655224157,TRUE,80,0.277000000000001,"143, 494"
0.001,972,3,2,100028,0.001,635.452096962373,-0.425019095173413,0,"interior",2634.25726978896,0,1,1,0.5,FALSE,0.505149340165424,0.0102986803608127,TRUE,53,0.176000000000002,"143, 494"
0.001,972,3,2,100028,0.003,20000,3.02413174807569,1.09861228866811,"upper",2631.22185607715,-3.03541371180518,1,1,0.5,FALSE,0.509481313734042,0.018962627468523,TRUE,16,0.218999999999994,"143, 494"
0.001,972,3,2,100028,0.005,20000,3.02413174807569,1.6094379124341,"upper",2612.42757875778,-21.8296910311778,1,1,0.5,FALSE,0.5094721015323,0.0189442030650392,TRUE,17,0.243000000000009,"143, 494"
0.001,972,3,2,100028,0.008,20000,3.02413174807569,2.07944154167984,"upper",2585.33619829354,-48.9210714954202,1,1,0.5,FALSE,0.509467163270411,0.0189343265412611,TRUE,17,0.241,"143, 494"
0.001,972,3,2,100028,0.01,20000,3.02413174807569,2.30258509299405,"upper",2569.3843466517,-64.8729231372572,1,1,0.5,FALSE,0.509425650903806,0.0188513018080519,TRUE,18,0.256,"143, 494"
0.001,972,3,2,100028,0.015,20000,3.02413174807569,2.70805020110221,"upper",2535.55651577129,-98.7007540176692,1,1,0.5,FALSE,0.509418020536747,0.018836041073935,TRUE,18,0.257000000000005,"143, 494"
0.001,972,3,2,100028,0.02,20000,3.02413174807569,2.99573227355399,"upper",2507.9189043162,-126.338365472754,1,1,0.5,FALSE,0.509411769589056,0.018823539178554,TRUE,18,0.257000000000005,"143, 494"
0.001,972,3,2,100028,0.025,20000,3.02413174807569,3.2188758248682,"upper",2484.48450271657,-149.772767072384,1,1,0.5,FALSE,0.509406973736057,0.0188139474725574,TRUE,18,0.257000000000005,"143, 494"
0.001,972,3,2,100028,0.03,20000,3.02413174807569,3.40119738166216,"upper",2464.07859553768,-170.178674251283,1,1,0.5,FALSE,0.509403710337367,0.018807420675178,TRUE,18,0.256,"143, 494"
0.001,972,3,3,100029,1e-05,4.60157052133597,-5.35295814155341,-4.60517018598809,"interior",2167.66636942186,-434.933262054883,0,0,0,FALSE,0.0824702288406651,0.0160071557537682,TRUE,133,0.470999999999989,"67, 239"
0.001,972,3,3,100029,1e-04,52.3397370679755,-2.92159993090993,-2.30258509299405,"interior",2508.13511131216,-94.4645201645835,1,1,0.5,FALSE,0.250875518553692,0.00939370000209427,TRUE,82,0.292000000000002,"67, 239"
0.001,972,3,3,100029,0.001,489.334293061493,-0.686309922658682,0,"interior",2602.59963147674,0,2,1,1,TRUE,0.64807251434502,0.331205202445847,TRUE,70,0.236999999999995,"67, 239"
0.001,972,3,3,100029,0.003,3436.49322739706,1.26285101531419,1.09861228866811,"interior",2583.17893699186,-19.4206944848834,2,1,1,TRUE,0.673717209367846,0.356831323622773,TRUE,58,0.384,"67, 239"
0.001,972,3,3,100029,0.005,20000,3.02413174807569,1.6094379124341,"upper",2563.76731510331,-38.8323163734362,2,1,1,TRUE,0.67639796426081,0.360096373558142,TRUE,53,0.745000000000005,"67, 239"
0.001,972,3,3,100029,0.008,20000,3.02413174807569,2.07944154167984,"upper",2537.94200869109,-64.6576227856535,2,1,1,TRUE,0.67625111300374,0.359937340383353,TRUE,54,0.835999999999999,"67, 239"
0.001,972,3,3,100029,0.01,20000,3.02413174807569,2.30258509299405,"upper",2523.03050086584,-79.5691306109002,2,1,1,TRUE,0.676153387884724,0.359833532607682,TRUE,55,0.789999999999992,"67, 239"
0.001,972,3,3,100029,0.015,20000,3.02413174807569,2.70805020110221,"upper",2491.64467806386,-110.954953412886,2,1,1,TRUE,0.675901404152496,0.359560775954332,TRUE,55,0.786999999999992,"67, 239"
0.001,972,3,3,100029,0.02,20000,3.02413174807569,2.99573227355399,"upper",2466.03905255525,-136.560578921489,2,1,1,TRUE,0.675644016959587,0.359283512721875,TRUE,55,0.789000000000001,"67, 239"
0.001,972,3,3,100029,0.025,20000,3.02413174807569,3.2188758248682,"upper",2444.27075067703,-158.328880799715,2,1,1,TRUE,0.675381073521466,0.359001593121719,TRUE,55,0.787999999999997,"67, 239"
0.001,972,3,3,100029,0.03,20000,3.02413174807569,3.40119738166216,"upper",2425.24365121295,-177.35598026379,2,1,1,TRUE,0.675112413777089,0.358714854648773,TRUE,55,0.786000000000001,"67, 239"
0.001,972,3,4,100030,1e-05,2,-6.18620862390049,-4.60517018598809,"lower",2017.72846115542,-574.736630403995,0,0,0,FALSE,0.0347592634008458,0.0268544195716014,TRUE,118,0.441999999999993,"102, 347"
0.001,972,3,4,100030,1e-04,36.6680190495145,-3.27745084484772,-2.30258509299405,"interior",2403.23740980262,-189.227681756791,1,1,0.5,FALSE,0.229014151175815,0.00848656615580246,TRUE,74,0.257999999999996,"102, 347"
0.001,972,3,4,100030,0.001,389.558857622695,-0.914340839852758,0,"interior",2577.14225217436,-15.3228393850568,2,1,1,TRUE,0.29869859144962,0.165455866745042,TRUE,75,0.250999999999991,"102, 347"
0.001,972,3,4,100030,0.003,9266.28482580653,2.25478199985298,1.09861228866811,"interior",2592.46509155941,0,2,1,1,TRUE,0.265323480550439,0.135168980146102,TRUE,67,0.519000000000005,"102, 347"
0.001,972,3,4,100030,0.005,20000,3.02413174807569,1.6094379124341,"upper",2583.79309004372,-8.6720015156975,2,1,1,TRUE,0.264096423625993,0.134043284352687,TRUE,67,0.959000000000003,"102, 347"
0.001,972,3,4,100030,0.008,20000,3.02413174807569,2.07944154167984,"upper",2563.30739365037,-29.1576979090469,2,1,1,TRUE,0.264081760855927,0.134014689361021,TRUE,69,1.062,"102, 347"
0.001,972,3,4,100030,0.01,20000,3.02413174807569,2.30258509299405,"upper",2549.7852573424,-42.67983421701,2,1,1,TRUE,0.264071157862089,0.133994619910833,TRUE,69,0.977000000000004,"102, 347"
0.001,972,3,4,100030,0.015,20000,3.02413174807569,2.70805020110221,"upper",2519.42941847372,-73.035673085692,2,1,1,TRUE,0.264044700829487,0.13394447214451,TRUE,69,0.978999999999999,"102, 347"
0.001,972,3,4,100030,0.02,20000,3.02413174807569,2.99573227355399,"upper",2493.61455729097,-98.8505342684425,2,1,1,TRUE,0.264018347291638,0.133894382974027,TRUE,69,0.986000000000004,"102, 347"
0.001,972,3,4,100030,0.025,20000,3.02413174807569,3.2188758248682,"upper",2471.26634104633,-121.198750513082,2,1,1,TRUE,0.263993101278808,0.13384567772351,TRUE,70,0.998999999999995,"102, 347"
0.001,972,3,4,100030,0.03,20000,3.02413174807569,3.40119738166216,"upper",2451.54740032308,-140.917691236339,2,1,1,TRUE,0.263967017906995,0.133795749346318,TRUE,70,0.998000000000005,"102, 347"
0.001,972,3,5,100031,1e-05,7.53620019600511,-4.85963770225193,-4.60517018598809,"interior",2168.99582683251,-441.718886243217,1,1,0.5,FALSE,0.330564855244395,0.00796300324191979,TRUE,144,0.50800000000001,"162, 275"
0.001,972,3,5,100031,1e-04,70.0486058446286,-2.63016643416486,-2.30258509299405,"interior",2508.51730377593,-102.197409299805,1,1,0.5,FALSE,0.504614908456629,0.0100231126852141,TRUE,59,0.204000000000008,"162, 275"
0.001,972,3,5,100031,0.001,603.962124591912,-0.475844316121115,0,"interior",2610.71471307573,0,2,1,1,TRUE,0.717125116637852,0.434250267282615,TRUE,72,0.244,"162, 275"
0.001,972,3,5,100031,0.003,20000,3.02413174807569,1.09861228866811,"upper",2602.16735579382,-8.54735728190872,2,1,1,TRUE,0.733836788915185,0.467673578112337,TRUE,18,0.240000000000009,"162, 275"
0.001,972,3,5,100031,0.005,20000,3.02413174807569,1.6094379124341,"upper",2584.02977078347,-26.6849422922601,2,1,1,TRUE,0.733850199579653,0.467700399442814,TRUE,19,0.259999999999991,"162, 275"
0.001,972,3,5,100031,0.008,20000,3.02413174807569,2.07944154167984,"upper",2557.42452934045,-53.2901837352797,2,1,1,TRUE,0.733868190785303,0.467736381856365,TRUE,21,0.299999999999983,"162, 275"
0.001,972,3,5,100031,0.01,20000,3.02413174807569,2.30258509299405,"upper",2541.66638276248,-69.0483303132496,2,1,1,TRUE,0.733888567608368,0.467777135503955,TRUE,22,0.312999999999988,"162, 275"
0.001,972,3,5,100031,0.015,20000,3.02413174807569,2.70805020110221,"upper",2508.19121839038,-102.523494685357,2,1,1,TRUE,0.733898446329012,0.467796892948919,TRUE,22,0.314999999999998,"162, 275"
0.001,972,3,5,100031,0.02,20000,3.02413174807569,2.99573227355399,"upper",2480.84908276161,-129.865630314117,2,1,1,TRUE,0.733919731681483,0.467839463657399,TRUE,23,0.418999999999983,"162, 275"
0.001,972,3,5,100031,0.025,20000,3.02413174807569,3.2188758248682,"upper",2457.689187384,-153.025525691733,2,1,1,TRUE,0.733937018082318,0.467874036462525,TRUE,24,0.342999999999989,"162, 275"
0.001,972,3,5,100031,0.03,20000,3.02413174807569,3.40119738166216,"upper",2437.54156107107,-173.173152004665,2,1,1,TRUE,0.733936902435364,0.467873805172145,TRUE,24,0.343999999999994,"162, 275"
0.001,2115,3,1,100032,1e-05,2,-6.96366291092043,-4.60517018598809,"lower",2142.0852717863,-511.999452238224,0,0,0,FALSE,0.0327110967875816,0.0281667612604436,TRUE,161,0.596000000000004,"163, 461"
0.001,2115,3,1,100032,1e-04,52.476567317222,-3.69644335833554,-2.30258509299405,"interior",2514.26607401055,-139.818650013967,1,1,0.5,FALSE,0.283076984454158,0.00950136784508526,TRUE,78,0.282000000000011,"163, 461"
0.001,2115,3,1,100032,0.001,1242.98752547682,-0.531537035839154,0,"interior",2654.08472402452,0,2,1,1,TRUE,0.791718576566366,0.675500640521207,TRUE,72,0.247000000000014,"163, 461"
0.001,2115,3,1,100032,0.003,20000,2.24667746105575,1.09861228866811,"upper",2645.05006193325,-9.03466209126782,2,1,1,TRUE,0.820268911000793,0.696985309880991,TRUE,70,1.00400000000002,"163, 461"
0.001,2115,3,1,100032,0.005,20000,2.24667746105575,1.6094379124341,"upper",2622.00654232447,-32.0781817000529,2,1,1,TRUE,0.819750940293671,0.696954300815762,TRUE,70,1.01999999999998,"163, 461"
0.001,2115,3,1,100032,0.008,20000,2.24667746105575,2.07944154167984,"upper",2591.40986455399,-62.6748594705318,2,1,1,TRUE,0.818958365098116,0.696907527873321,TRUE,70,1.00799999999998,"163, 461"
0.001,2115,3,1,100032,0.01,20000,2.24667746105575,2.30258509299405,"upper",2573.94422215861,-80.1405018659107,2,1,1,TRUE,0.818419404485593,0.696876168966954,TRUE,70,1.00400000000002,"163, 461"
0.001,2115,3,1,100032,0.015,20000,2.24667746105575,2.70805020110221,"upper",2537.62669988595,-116.458024138575,2,1,1,TRUE,0.817029290522746,0.696798665548054,TRUE,71,1.018,"163, 461"
0.001,2115,3,1,100032,0.02,20000,2.24667746105575,2.99573227355399,"upper",2508.41818160399,-145.666542420535,2,1,1,TRUE,0.815588258851879,0.696718762637813,TRUE,71,1.125,"163, 461"
0.001,2115,3,1,100032,0.025,20000,2.24667746105575,3.2188758248682,"upper",2483.86415144694,-170.220572577578,2,1,1,TRUE,0.81408991220015,0.696637863124061,TRUE,71,1.03299999999999,"163, 461"
0.001,2115,3,1,100032,0.03,20000,2.24667746105575,3.40119738166216,"upper",2462.59731988401,-191.487404140511,2,1,1,TRUE,0.81253182224723,0.696556111956044,TRUE,71,1.02000000000001,"163, 461"
0.001,2115,3,2,100033,1e-05,2,-6.96366291092043,-4.60517018598809,"lower",2145.53348011039,-515.084744118974,0,0,0,FALSE,0.0423514567080472,0.0301061364224025,TRUE,110,0.403999999999996,"269, 446"
0.001,2115,3,2,100033,1e-04,65.9566728223707,-3.46781203741462,-2.30258509299405,"interior",2523.9113676101,-136.706856619263,1,1,0.5,FALSE,0.485397986065619,0.00846762557974301,TRUE,80,0.287999999999982,"269, 446"
0.001,2115,3,2,100033,0.001,1505.02160499031,-0.340247558925154,0,"interior",2660.61822422937,0,2,1,1,TRUE,0.632677103331669,0.265375812969042,TRUE,70,0.239999999999981,"269, 446"
0.001,2115,3,2,100033,0.003,20000,2.24667746105575,1.09861228866811,"upper",2647.71832530708,-12.8998989222869,2,1,1,TRUE,0.636371051059375,0.272749599129084,TRUE,63,0.906000000000006,"269, 446"
0.001,2115,3,2,100033,0.005,20000,2.24667746105575,1.6094379124341,"upper",2623.30375282816,-37.3144714012046,2,1,1,TRUE,0.636327484653834,0.2726624886781,TRUE,64,0.908000000000015,"269, 446"
0.001,2115,3,2,100033,0.008,20000,2.24667746105575,2.07944154167984,"upper",2591.85975193144,-68.7584722979241,2,1,1,TRUE,0.636261733437681,0.272531020562103,TRUE,64,0.911000000000001,"269, 446"
0.001,2115,3,2,100033,0.01,20000,2.24667746105575,2.30258509299405,"upper",2574.11915279638,-86.499071432982,2,1,1,TRUE,0.636217796384999,0.272443169467711,TRUE,64,0.933999999999997,"269, 446"
0.001,2115,3,2,100033,0.015,20000,2.24667746105575,2.70805020110221,"upper",2537.4958339382,-123.122390291162,2,1,1,TRUE,0.636107758726233,0.272223151742025,TRUE,65,1.012,"269, 446"
0.001,2115,3,2,100033,0.02,20000,2.24667746105575,2.99573227355399,"upper",2508.21710586353,-152.40111836584,2,1,1,TRUE,0.63599704712722,0.272001787212488,TRUE,65,0.929999999999978,"269, 446"
0.001,2115,3,2,100033,0.025,20000,2.24667746105575,3.2188758248682,"upper",2483.69352184811,-176.924702381254,2,1,1,TRUE,0.635885827693256,0.271779407707657,TRUE,65,0.932999999999993,"269, 446"
0.001,2115,3,2,100033,0.03,20000,2.24667746105575,3.40119738166216,"upper",2462.50919754132,-198.109026688045,2,1,1,TRUE,0.635774109122884,0.271556030621704,TRUE,65,0.929000000000002,"269, 446"
0.001,2115,3,3,100034,1e-05,2,-6.96366291092043,-4.60517018598809,"lower",2147.61621422267,-478.62789474507,0,0,0,FALSE,0.0557951749673062,0.0432758788074032,TRUE,98,0.371000000000009,"126, 313"
0.001,2115,3,3,100034,1e-04,40.9390830442732,-3.94472490904879,-2.30258509299405,"interior",2501.09837046285,-125.145738504893,1,1,0.5,FALSE,0.454817598506518,0.00939865108944549,TRUE,76,0.280000000000001,"126, 313"
0.001,2115,3,3,100034,0.001,590.57480354186,-1.27571378555631,0,"interior",2626.24410896774,0,2,1,1,TRUE,0.532734609537014,0.0674294195450827,TRUE,69,0.252999999999986,"126, 313"
0.001,2115,3,3,100034,0.003,20000,2.24667746105575,1.09861228866811,"upper",2614.86727281768,-11.3768361500606,2,0.5,0.5,FALSE,0.519417786047578,0.0392148902564134,TRUE,27,0.379999999999995,"126, 313"
0.001,2115,3,3,100034,0.005,20000,2.24667746105575,1.6094379124341,"upper",2592.29356474263,-33.9505442251102,2,0.5,0.5,FALSE,0.519457015671376,0.0392931104323521,TRUE,28,0.407000000000011,"126, 313"
0.001,2115,3,3,100034,0.008,20000,2.24667746105575,2.07944154167984,"upper",2562.19504115744,-64.049067810307,2,0.5,0.5,FALSE,0.519521712217497,0.0394221805543925,TRUE,28,0.408000000000015,"126, 313"
0.001,2115,3,3,100034,0.01,20000,2.24667746105575,2.30258509299405,"upper",2545.07392674793,-81.1701822198179,2,0.5,0.5,FALSE,0.519565014365145,0.0395085713717896,TRUE,28,0.409999999999997,"126, 313"
0.001,2115,3,3,100034,0.015,20000,2.24667746105575,2.70805020110221,"upper",2509.63521950671,-116.608889461035,2,0.5,0.5,FALSE,0.519673876610634,0.0397257696422655,TRUE,28,0.411000000000001,"126, 313"
0.001,2115,3,3,100034,0.02,20000,2.24667746105575,2.99573227355399,"upper",2481.26874019045,-144.975368777289,2,0.5,0.5,FALSE,0.519778183516491,0.0399338638579096,TRUE,27,0.39500000000001,"126, 313"
0.001,2115,3,3,100034,0.025,20000,2.24667746105575,3.2188758248682,"upper",2457.49387773363,-168.750231234112,2,0.5,0.5,FALSE,0.519889020478496,0.0401550473237151,TRUE,27,0.397999999999996,"126, 313"
0.001,2115,3,3,100034,0.03,20000,2.24667746105575,3.40119738166216,"upper",2436.94157625186,-189.302532715881,2,0.5,0.5,FALSE,0.519995461545738,0.040367467441845,TRUE,26,0.379000000000019,"126, 313"
0.001,2115,3,4,100035,1e-05,2,-6.96366291092043,-4.60517018598809,"lower",2158.02174904328,-481.303540199632,0,0,0,FALSE,0.0237609413453528,0.0180355959848406,TRUE,135,0.513000000000005,"256, 307"
0.001,2115,3,4,100035,1e-04,62.5779618079686,-3.52039692315373,-2.30258509299405,"interior",2511.22932848017,-128.095960762738,1,1,0.5,FALSE,0.191088122163493,0.0092922976373262,TRUE,77,0.365000000000009,"256, 307"
0.001,2115,3,4,100035,0.001,988.636291874858,-0.760483580908216,0,"interior",2639.32528924291,0,2,1,1,TRUE,0.830755737837485,0.671400410909617,TRUE,76,0.263000000000005,"256, 307"
0.001,2115,3,4,100035,0.003,20000,2.24667746105575,1.09861228866811,"upper",2631.88623232382,-7.43905691908776,2,1,1,TRUE,0.850219882278273,0.704304225721617,TRUE,76,1.09399999999999,"256, 307"
0.001,2115,3,4,100035,0.005,20000,2.24667746105575,1.6094379124341,"upper",2609.77853496883,-29.5467542740835,2,1,1,TRUE,0.849377308362221,0.702669747745368,TRUE,76,1.10499999999999,"256, 307"
0.001,2115,3,4,100035,0.008,20000,2.24667746105575,2.07944154167984,"upper",2579.79705610254,-59.5282331403687,2,1,1,TRUE,0.848105831764825,0.700203644240747,TRUE,77,1.12099999999998,"256, 307"
0.001,2115,3,4,100035,0.01,20000,2.24667746105575,2.30258509299405,"upper",2562.59244355337,-76.7328456895448,2,1,1,TRUE,0.847258483158968,0.698560997678611,TRUE,77,1.12,"256, 307"
0.001,2115,3,4,100035,0.015,20000,2.24667746105575,2.70805020110221,"upper",2526.74697720022,-112.578312042695,2,1,1,TRUE,0.845131219194316,0.69443899423642,TRUE,78,1.13,"256, 307"
0.001,2115,3,4,100035,0.02,20000,2.24667746105575,2.99573227355399,"upper",2497.88493847887,-141.440350764043,2,1,1,TRUE,0.842998551606119,0.690310090362131,TRUE,78,1.132,"256, 307"
0.001,2115,3,4,100035,0.025,20000,2.24667746105575,3.2188758248682,"upper",2473.60699931054,-165.718289932376,2,1,1,TRUE,0.840857866801721,0.68616899153421,TRUE,78,1.209,"256, 307"
0.001,2115,3,4,100035,0.03,20000,2.24667746105575,3.40119738166216,"upper",2452.56873707734,-186.756552165571,2,1,1,TRUE,0.838709497408328,0.682016454483661,TRUE,78,1.12200000000001,"256, 307"
0.001,2115,3,5,100036,1e-05,6.73875452558189,-5.74893497212099,-4.60517018598809,"interior",2151.42065299447,-499.4497757842,1,1,0.5,FALSE,0.275735620244509,0.00798837636468885,TRUE,144,0.524000000000001,"289, 413"
0.001,2115,3,5,100036,1e-04,64.7090291422161,-3.48690934573475,-2.30258509299405,"interior",2522.9503552154,-127.920073563278,1,1,0.5,FALSE,0.375977153759747,0.00853100364110015,TRUE,78,0.283999999999992,"289, 413"
0.001,2115,3,5,100036,0.001,1079.93590865007,-0.672153116965553,0,"interior",2650.87042877867,0,1,1,0.5,FALSE,0.794245103504466,0.635046549080945,TRUE,77,0.26600000000002,"289, 413"
0.001,2115,3,5,100036,0.003,20000,2.24667746105575,1.09861228866811,"upper",2635.84093210249,-15.029496676183,2,1,1,TRUE,0.831263445534397,0.692703348182728,TRUE,69,0.994,"289, 413"
0.001,2115,3,5,100036,0.005,20000,2.24667746105575,1.6094379124341,"upper",2610.30542806055,-40.5650007181275,2,1,1,TRUE,0.830431571743889,0.691052402828107,TRUE,69,0.992999999999995,"289, 413"
0.001,2115,3,5,100036,0.008,20000,2.24667746105575,2.07944154167984,"upper",2577.83481179728,-73.0356169813972,2,1,1,TRUE,0.829159771342275,0.68852836471862,TRUE,69,1.00200000000001,"289, 413"
0.001,2115,3,5,100036,0.01,20000,2.24667746105575,2.30258509299405,"upper",2559.68791124932,-91.1825175293543,2,1,1,TRUE,0.828315324801875,0.686850895141438,TRUE,70,1.00800000000001,"289, 413"
0.001,2115,3,5,100036,0.015,20000,2.24667746105575,2.70805020110221,"upper",2522.53150773492,-128.338921043749,2,1,1,TRUE,0.826117235396501,0.682487374490176,TRUE,70,1.09700000000001,"289, 413"
0.001,2115,3,5,100036,0.02,20000,2.24667746105575,2.99573227355399,"upper",2493.05143264647,-157.818996132208,2,1,1,TRUE,0.823873292748191,0.678030625884413,TRUE,71,1.02799999999999,"289, 413"
0.001,2115,3,5,100036,0.025,20000,2.24667746105575,3.2188758248682,"upper",2468.46812372178,-182.402305056894,2,1,1,TRUE,0.821551994114304,0.673420901445479,TRUE,71,1.03700000000001,"289, 413"
0.001,2115,3,5,100036,0.03,20000,2.24667746105575,3.40119738166216,"upper",2447.29097747829,-203.579451300383,1,1,0.5,FALSE,0.819171923716643,0.66869380694641,TRUE,71,1.03500000000003,"289, 413"
0.001,4599,3,1,100037,1e-05,2.86975022973838,-7.37936916952127,-4.60517018598809,"interior",2169.92771132145,-488.191360339038,0,0,0,FALSE,0.0430437083679335,0.0192994178689331,TRUE,220,0.821999999999974,"76, 336"
0.001,4599,3,1,100037,1e-04,48.8888233973473,-4.54404535756445,-2.30258509299405,"interior",2536.16782803183,-121.951243628655,1,1,0.5,FALSE,0.0777416247346605,0.00879050428047223,TRUE,81,0.295000000000016,"76, 336"
0.001,4599,3,1,100037,0.001,1094.50001392732,-1.43554123785218,0,"interior",2658.11907166049,0,2,1,1,TRUE,0.531646163651148,0.0966262680257683,TRUE,57,0.207999999999998,"76, 336"
0.001,4599,3,1,100037,0.003,20000,1.4698933849962,1.09861228866811,"upper",2641.00442436339,-17.1146472970991,2,1,1,TRUE,0.533039414212559,0.0881870801478074,TRUE,35,0.51600000000002,"76, 336"
0.001,4599,3,1,100037,0.005,20000,1.4698933849962,1.6094379124341,"upper",2615.59547937011,-42.5235922903748,2,1,1,TRUE,0.533071842661056,0.0882155164552241,TRUE,35,0.570999999999998,"76, 336"
0.001,4599,3,1,100037,0.008,20000,1.4698933849962,2.07944154167984,"upper",2583.77881161838,-74.3402600421064,2,1,1,TRUE,0.533122134180763,0.0882596559225723,TRUE,34,0.504999999999995,"76, 336"
0.001,4599,3,1,100037,0.01,20000,1.4698933849962,2.30258509299405,"upper",2566.05146446865,-92.0676071918333,2,1,1,TRUE,0.533155148675688,0.0882893895760659,TRUE,34,0.503000000000014,"76, 336"
0.001,4599,3,1,100037,0.015,20000,1.4698933849962,2.70805020110221,"upper",2529.73899173098,-128.380079929506,2,1,1,TRUE,0.533238729477115,0.0883659612934463,TRUE,34,0.509000000000015,"76, 336"
0.001,4599,3,1,100037,0.02,20000,1.4698933849962,2.99573227355399,"upper",2500.86580314483,-157.253268515653,2,1,1,TRUE,0.533325093882274,0.0884470326395523,TRUE,33,0.557999999999993,"76, 336"
0.001,4599,3,1,100037,0.025,20000,1.4698933849962,3.2188758248682,"upper",2476.7321795413,-181.386892119185,2,1,1,TRUE,0.533413712486482,0.0885326878481536,TRUE,32,0.467000000000013,"76, 336"
0.001,4599,3,1,100037,0.03,20000,1.4698933849962,3.40119738166216,"upper",2455.8986990279,-202.220372632587,2,1,1,TRUE,0.533504895724222,0.088623545717954,TRUE,31,0.448999999999984,"76, 336"
0.001,4599,3,2,100038,1e-05,8.80949378635088,-6.25776418822668,-4.60517018598809,"interior",2237.28304492091,-416.221482555352,1,1,0.5,FALSE,0.0853895474957106,0.00797136325141856,TRUE,107,0.391999999999996,"165, 336"
0.001,4599,3,2,100038,1e-04,76.818729190419,-4.09214568745076,-2.30258509299405,"interior",2569.83969470647,-83.6648327697944,1,1,0.5,FALSE,0.11345746191627,0.00887691836497828,TRUE,82,0.299000000000007,"165, 336"
0.001,4599,3,2,100038,0.001,1136.3547728224,-1.39801331699461,0,"interior",2653.50452747626,0,2,1,1,TRUE,0.614619928338134,0.272053163363751,TRUE,62,0.217999999999989,"165, 336"
0.001,4599,3,2,100038,0.003,20000,1.4698933849962,1.09861228866811,"upper",2633.49000855312,-20.0145189231439,2,1,1,TRUE,0.625468144407563,0.277302173428264,TRUE,38,0.551000000000016,"165, 336"
0.001,4599,3,2,100038,0.005,20000,1.4698933849962,1.6094379124341,"upper",2609.52246622913,-43.9820612471303,2,1,1,TRUE,0.625406848277679,0.277303753364297,TRUE,40,0.585000000000008,"165, 336"
0.001,4599,3,2,100038,0.008,20000,1.4698933849962,2.07944154167984,"upper",2579.21400280552,-74.290524670746,2,1,1,TRUE,0.625336876443195,0.277298432440565,TRUE,41,0.605999999999995,"165, 336"
0.001,4599,3,2,100038,0.01,20000,1.4698933849962,2.30258509299405,"upper",2562.10184955526,-91.402677921003,2,1,1,TRUE,0.625287984746746,0.277296201211086,TRUE,42,0.64500000000001,"165, 336"
0.001,4599,3,2,100038,0.015,20000,1.4698933849962,2.70805020110221,"upper",2526.60050614134,-126.904021334923,2,1,1,TRUE,0.625176275900907,0.277287840611739,TRUE,44,0.63900000000001,"165, 336"
0.001,4599,3,2,100038,0.02,20000,1.4698933849962,2.99573227355399,"upper",2498.0281188307,-155.476408645558,2,1,1,TRUE,0.625071203317937,0.277278499860677,TRUE,46,0.665999999999997,"165, 336"
0.001,4599,3,2,100038,0.025,20000,1.4698933849962,3.2188758248682,"upper",2473.97242189367,-179.532105582593,2,1,1,TRUE,0.624972242072152,0.277268058347351,TRUE,48,0.703999999999979,"165, 336"
0.001,4599,3,2,100038,0.03,20000,1.4698933849962,3.40119738166216,"upper",2453.10968895634,-200.394838519917,2,1,1,TRUE,0.624878872464697,0.277256440671902,TRUE,50,0.730999999999995,"165, 336"
0.001,4599,3,3,100039,1e-05,9.6477471327632,-6.16686973718928,-4.60517018598809,"interior",2229.84000866377,-419.263250222344,1,1,0.5,FALSE,0.120844598747337,0.00800004911959495,TRUE,124,0.447999999999979,"288, 366"
0.001,4599,3,3,100039,1e-04,131.269623962801,-3.55634076133752,-2.30258509299405,"interior",2561.17258471354,-87.9306741725704,2,1,1,TRUE,0.256182944948357,0.143358059007385,TRUE,89,0.39500000000001,"288, 366"
0.001,4599,3,3,100039,0.001,1429.23302753523,-1.16870093255103,0,"interior",2649.10325888611,0,2,0.5,0.5,FALSE,0.256637315557784,0.0329625667693487,TRUE,43,0.148999999999972,"288, 366"
0.001,4599,3,3,100039,0.003,20000,1.4698933849962,1.09861228866811,"upper",2626.14791092441,-22.9553479617011,2,0.5,0.5,FALSE,0.260260356322737,0.0210065335720366,TRUE,13,0.181000000000012,"288, 366"
0.001,4599,3,3,100039,0.005,20000,1.4698933849962,1.6094379124341,"upper",2600.47911035389,-48.6241485322203,2,0.5,0.5,FALSE,0.260259603175646,0.0210351005723389,TRUE,16,0.228000000000009,"288, 366"
0.001,4599,3,3,100039,0.008,20000,1.4698933849962,2.07944154167984,"upper",2568.94084061972,-80.1624182663863,2,0.5,0.5,FALSE,0.260260075790448,0.0210806600641638,TRUE,18,0.260999999999996,"288, 366"
0.001,4599,3,3,100039,0.01,20000,1.4698933849962,2.30258509299405,"upper",2551.41379529958,-97.6894635865278,2,0.5,0.5,FALSE,0.260260144388002,0.0211103301694048,TRUE,18,0.260000000000019,"288, 366"
0.001,4599,3,3,100039,0.015,20000,1.4698933849962,2.70805020110221,"upper",2515.43431913794,-133.668939748169,2,0.5,0.5,FALSE,0.260260866983299,0.0211849187388813,TRUE,18,0.26400000000001,"288, 366"
0.001,4599,3,3,100039,0.02,20000,1.4698933849962,2.99573227355399,"upper",2486.696927882,-162.406331004113,2,0.5,0.5,FALSE,0.260262291720664,0.0212601505027696,TRUE,18,0.262,"288, 366"
0.001,4599,3,3,100039,0.025,20000,1.4698933849962,3.2188758248682,"upper",2462.57732027187,-186.525938614242,2,0.5,0.5,FALSE,0.260264322115125,0.0213360995925048,TRUE,18,0.263000000000005,"288, 366"
0.001,4599,3,3,100039,0.03,20000,1.4698933849962,3.40119738166216,"upper",2441.68337661894,-207.419882267167,2,0.5,0.5,FALSE,0.260266872873824,0.0214128501255573,TRUE,18,0.269000000000005,"288, 366"
0.001,4599,3,4,100040,1e-05,2,-7.74044698697998,-4.60517018598809,"lower",2169.612314844,-529.421536096076,0,0,0,FALSE,0.0299229798651605,0.0154911614851522,TRUE,102,0.405000000000001,"77, 379"
0.001,4599,3,4,100040,1e-04,49.064587982194,-4.54045661530399,-2.30258509299405,"interior",2552.5225565069,-146.511294433175,1,1,0.5,FALSE,0.201474052709784,0.00881873623868434,TRUE,84,0.303000000000026,"77, 379"
0.001,4599,3,4,100040,0.001,20000,1.4698933849962,0,"upper",2699.03385094007,0,2,1,1,TRUE,0.331385510156426,0.185210764405294,TRUE,63,0.929999999999978,"77, 379"
0.001,4599,3,4,100040,0.003,20000,1.4698933849962,1.09861228866811,"upper",2674.31432165883,-24.7195292812467,2,1,1,TRUE,0.331677763469376,0.185317442618124,TRUE,64,0.953000000000003,"77, 379"
0.001,4599,3,4,100040,0.005,20000,1.4698933849962,1.6094379124341,"upper",2645.27633055543,-53.7575203846441,2,1,1,TRUE,0.331965398736124,0.185425488357041,TRUE,64,0.954000000000008,"77, 379"
0.001,4599,3,4,100040,0.008,20000,1.4698933849962,2.07944154167984,"upper",2610.56522669862,-88.4686242414559,2,1,1,TRUE,0.332397093375634,0.185586916472459,TRUE,64,0.950999999999993,"77, 379"
0.001,4599,3,4,100040,0.01,20000,1.4698933849962,2.30258509299405,"upper",2591.5839885072,-107.449862432873,2,1,1,TRUE,0.33268430898356,0.185694381823822,TRUE,64,1.02800000000002,"77, 379"
0.001,4599,3,4,100040,0.015,6044.10571357346,0.273244646363786,2.70805020110221,"interior",2553.16792147025,-145.865929469826,2,1,1,TRUE,0.332358996077515,0.185538600380161,TRUE,66,0.539999999999992,"77, 379"
0.001,4599,3,4,100040,0.02,1648.88907146473,-1.02573711742819,2.99573227355399,"interior",2523.2277015469,-175.806149393178,2,1,1,TRUE,0.329016518080104,0.184085414014527,TRUE,69,0.258999999999986,"77, 379"
0.001,4599,3,4,100040,0.025,1033.32206004499,-1.49305997542818,3.2188758248682,"interior",2498.583198727,-200.450652213069,2,1,1,TRUE,0.326354838346309,0.182832596821595,TRUE,71,0.268000000000001,"77, 379"
0.001,4599,3,4,100040,0.03,784.872489221329,-1.76807289706432,3.40119738166216,"interior",2477.51315024256,-221.520700697516,2,1,1,TRUE,0.32417424981153,0.181743605068567,TRUE,72,0.26600000000002,"77, 379"
0.001,4599,3,5,100041,1e-05,7.27853725700428,-6.44866425175539,-4.60517018598809,"interior",2223.3552053508,-412.957651042924,1,1,0.5,FALSE,0.0863882508028083,0.00829469178871345,TRUE,122,0.450999999999993,"5, 318"
0.001,4599,3,5,100041,1e-04,61.8673871649553,-4.30860098993848,-2.30258509299405,"interior",2546.92635680041,-89.3864995933113,1,1,0.5,FALSE,0.120302613088667,0.0150921972738909,TRUE,34,0.12299999999999,"5, 318"
0.001,4599,3,5,100041,0.001,797.147113418922,-1.75255492181972,0,"interior",2636.31285639372,0,2,1,1,TRUE,0.379181572658144,0.305215489740529,TRUE,13,0.0439999999999827,"5, 318"
0.001,4599,3,5,100041,0.003,20000,1.4698933849962,1.09861228866811,"upper",2614.05259955439,-22.2602568393368,2,1,1,TRUE,0.387957742775721,0.33047462850412,TRUE,36,0.526999999999987,"5, 318"
0.001,4599,3,5,100041,0.005,20000,1.4698933849962,1.6094379124341,"upper",2588.85251725563,-47.4603391380938,2,1,1,TRUE,0.387944589523173,0.330435740369229,TRUE,35,0.513000000000005,"5, 318"
0.001,4599,3,5,100041,0.008,20000,1.4698933849962,2.07944154167984,"upper",2557.63627478665,-78.6765816070733,2,1,1,TRUE,0.38792276161993,0.330376521573977,TRUE,35,0.522999999999996,"5, 318"
0.001,4599,3,5,100041,0.01,20000,1.4698933849962,2.30258509299405,"upper",2540.28824331708,-96.0246130766436,2,1,1,TRUE,0.387908023051347,0.330337073770703,TRUE,35,0.542000000000002,"5, 318"
0.001,4599,3,5,100041,0.015,20000,1.4698933849962,2.70805020110221,"upper",2504.75055511692,-131.562301276806,2,1,1,TRUE,0.387871321426343,0.330238877033066,TRUE,35,0.561999999999983,"5, 318"
0.001,4599,3,5,100041,0.02,20000,1.4698933849962,2.99573227355399,"upper",2476.44928349036,-159.863572903363,2,1,1,TRUE,0.387834795457466,0.330141201001529,TRUE,35,0.519000000000005,"5, 318"
0.001,4599,3,5,100041,0.025,20000,1.4698933849962,3.2188758248682,"upper",2452.74826946396,-183.56458692976,2,1,1,TRUE,0.387798400174104,0.3300439376137,TRUE,35,0.531999999999982,"5, 318"
0.001,4599,3,5,100041,0.03,20000,1.4698933849962,3.40119738166216,"upper",2432.25066300042,-204.0621933933,2,1,1,TRUE,0.387762088326967,0.32994698392576,TRUE,35,0.52000000000001,"5, 318"
0.001,10000,3,1,100042,1e-05,8.49959262076572,-7.07032213659719,-4.60517018598809,"interior",2306.93135312925,-335.707536124182,1,1,0.5,FALSE,0.142412175122791,0.0262852809870618,TRUE,96,0.358000000000004,"179, 393"
0.001,10000,3,1,100042,1e-04,76.8597493654429,-4.868358047768,-2.30258509299405,"interior",2594.52471788072,-48.1141713727102,1,1,0.5,FALSE,0.427408320483527,0.0138012238896018,TRUE,73,0.27000000000001,"179, 393"
0.001,10000,3,1,100042,0.001,854.446823595898,-2.45988610237406,0,"interior",2642.63888925343,0,2,1,1,TRUE,0.975751271300403,0.972057361228912,TRUE,63,0.233000000000004,"179, 393"
0.001,10000,3,1,100042,0.003,20000,0.693147180559944,1.09861228866811,"upper",2614.08827939462,-28.5506098588153,2,1,1,TRUE,0.987382488334483,0.984577335242532,TRUE,33,0.483000000000004,"179, 393"
0.001,10000,3,1,100042,0.005,20000,0.693147180559944,1.6094379124341,"upper",2588.59446777026,-54.0444214831696,2,1,1,TRUE,0.987429718029549,0.984567681208808,TRUE,34,0.510999999999996,"179, 393"
0.001,10000,3,1,100042,0.008,20000,0.693147180559944,2.07944154167984,"upper",2557.62473083894,-85.0141584144894,2,1,1,TRUE,0.987502249990787,0.98455610261536,TRUE,34,0.600999999999999,"179, 393"
0.001,10000,3,1,100042,0.01,20000,0.693147180559944,2.30258509299405,"upper",2540.46636940287,-102.172519850561,2,1,1,TRUE,0.987549350262593,0.984547842652272,TRUE,34,0.512,"179, 393"
0.001,10000,3,1,100042,0.015,20000,0.693147180559944,2.70805020110221,"upper",2505.35280256439,-137.28608668904,2,1,1,TRUE,0.987647946342281,0.984509764504595,TRUE,32,0.477000000000004,"179, 393"
0.001,10000,3,1,100042,0.02,20000,0.693147180559944,2.99573227355399,"upper",2477.42659779238,-165.212291461048,2,1,1,TRUE,0.987746842365515,0.984475545080892,TRUE,31,0.468000000000018,"179, 393"
0.001,10000,3,1,100042,0.025,20000,0.693147180559944,3.2188758248682,"upper",2454.07336001889,-188.565529234547,2,1,1,TRUE,0.987838799829252,0.984437498826655,TRUE,30,0.453000000000003,"179, 393"
0.001,10000,3,1,100042,0.03,20000,0.693147180559944,3.40119738166216,"upper",2433.90478082651,-208.734108426924,2,1,1,TRUE,0.987914618007944,0.984385786436029,TRUE,28,0.423000000000002,"179, 393"
0.001,10000,3,2,100043,1e-05,2,-8.51719319141624,-4.60517018598809,"lower",2215.38290145048,-476.954225303133,0,0,0,FALSE,0.0115350995975989,0.0107933328409738,TRUE,304,1.20999999999998,"487, 494"
0.001,10000,3,2,100043,1e-04,82.08046434962,-4.80264033328878,-2.30258509299405,"interior",2573.14870263391,-119.188424119704,1,1,0.5,FALSE,0.504543628242922,0.00908725649399422,TRUE,67,0.24199999999999,"487, 494"
0.001,10000,3,2,100043,0.001,20000,0.693147180559944,0,"upper",2692.33712675361,0,2,1,1,TRUE,0.794286557786172,0.588573115572344,TRUE,28,0.382000000000005,"487, 494"
0.001,10000,3,2,100043,0.003,20000,0.693147180559944,1.09861228866811,"upper",2661.49088648395,-30.8462402696573,2,1,1,TRUE,0.793418384749079,0.586836769498158,TRUE,28,0.417000000000002,"487, 494"
0.001,10000,3,2,100043,0.005,20000,0.693147180559944,1.6094379124341,"upper",2630.81773359539,-61.5193931582257,2,1,1,TRUE,0.7925529093989,0.585105818797801,TRUE,28,0.414999999999992,"487, 494"
0.001,10000,3,2,100043,0.008,20000,0.693147180559944,2.07944154167984,"upper",2595.07512216795,-97.2620045856584,2,1,1,TRUE,0.791253687346934,0.582507374693868,TRUE,29,0.429000000000002,"487, 494"
0.001,10000,3,2,100043,0.01,20000,0.693147180559944,2.30258509299405,"upper",2575.75305014958,-116.584076604035,2,1,1,TRUE,0.79038962899704,0.58077925799408,TRUE,29,0.427999999999997,"487, 494"
0.001,10000,3,2,100043,0.015,20000,0.693147180559944,2.70805020110221,"upper",2536.93077745586,-155.406349297748,2,1,1,TRUE,0.788233306205425,0.57646661241085,TRUE,30,0.450999999999993,"487, 494"
0.001,10000,3,2,100043,0.02,20000,0.693147180559944,2.99573227355399,"upper",2506.54850222925,-185.788624524365,2,1,1,TRUE,0.786085107181925,0.57217021436385,TRUE,31,0.463999999999999,"487, 494"
0.001,10000,3,2,100043,0.025,20000,0.693147180559944,3.2188758248682,"upper",2481.38335040275,-210.953776350859,2,1,1,TRUE,0.783942005139754,0.567884010279508,TRUE,31,0.461999999999989,"487, 494"
0.001,10000,3,2,100043,0.03,20000,0.693147180559944,3.40119738166216,"upper",2459.78995594013,-232.547170813486,2,1,1,TRUE,0.781803903988826,0.563607807977653,TRUE,31,0.548000000000002,"487, 494"
0.001,10000,3,3,100044,1e-05,2.91930763480562,-8.13899389517928,-4.60517018598809,"interior",2149.02005338028,-531.666033766546,0,0,0,FALSE,0.0591605625575062,0.0448534517102938,TRUE,130,0.477000000000004,"346, 431"
0.001,10000,3,3,100044,1e-04,67.0569822747674,-5.00479763232692,-2.30258509299405,"interior",2529.76329598392,-150.92279116291,1,1,0.5,FALSE,0.187213904299849,0.0130458263549815,TRUE,41,0.147999999999996,"346, 431"
0.001,10000,3,3,100044,0.001,8862.33930788947,-0.120774332991074,0,"interior",2680.68608714683,0,2,1,1,TRUE,0.46254050325997,0.406582875275063,TRUE,11,0.0800000000000125,"346, 431"
0.001,10000,3,3,100044,0.003,20000,0.693147180559944,1.09861228866811,"upper",2662.508010109,-18.1780770378282,2,1,1,TRUE,0.462886657678579,0.407085397637985,TRUE,7,0.0989999999999895,"346, 431"
0.001,10000,3,3,100044,0.005,20000,0.693147180559944,1.6094379124341,"upper",2635.25064393387,-45.4354432129585,2,1,1,TRUE,0.462865583778021,0.407041156206365,TRUE,7,0.0999999999999943,"346, 431"
0.001,10000,3,3,100044,0.008,20000,0.693147180559944,2.07944154167984,"upper",2601.4942937664,-79.191793380428,2,1,1,TRUE,0.46283419328513,0.406975219930472,TRUE,7,0.100999999999999,"346, 431"
0.001,10000,3,3,100044,0.01,20000,0.693147180559944,2.30258509299405,"upper",2582.75461873438,-97.9314684124456,2,1,1,TRUE,0.462813410263468,0.406931542118415,TRUE,7,0.100000000000023,"346, 431"
0.001,10000,3,3,100044,0.015,20000,0.693147180559944,2.70805020110221,"upper",2544.44492837201,-136.241158774816,2,1,1,TRUE,0.462761943037657,0.406823307516045,TRUE,7,0.100999999999999,"346, 431"
0.001,10000,3,3,100044,0.02,20000,0.693147180559944,2.99573227355399,"upper",2514.03605652917,-166.650030617655,2,1,1,TRUE,0.462711155294458,0.406716415863233,TRUE,7,0.100999999999999,"346, 431"
0.001,10000,3,3,100044,0.025,20000,0.693147180559944,3.2188758248682,"upper",2488.64859847485,-192.037488671974,2,1,1,TRUE,0.46266102403511,0.406610837726171,TRUE,7,0.0999999999999943,"346, 431"
0.001,10000,3,3,100044,0.03,20000,0.693147180559944,3.40119738166216,"upper",2466.75234661783,-213.933740528994,2,1,1,TRUE,0.462611530082429,0.406506550826508,TRUE,7,0.100999999999999,"346, 431"
0.001,10000,3,4,100045,1e-05,2,-8.51719319141624,-4.60517018598809,"lower",2206.25941555569,-459.028362631104,0,0,0,FALSE,0.0312343802408427,0.0267012627502742,TRUE,151,0.586000000000013,"214, 324"
0.001,10000,3,4,100045,1e-04,83.5801186448712,-4.7845346954208,-2.30258509299405,"interior",2554.96939231274,-110.318385874049,1,1,0.5,FALSE,0.506113597597538,0.012227195195489,TRUE,51,0.191000000000003,"214, 324"
0.001,10000,3,4,100045,0.001,2212.29065412617,-1.50855661917481,0,"interior",2665.28777818679,0,2,1,1,TRUE,0.976213630733895,0.95242726146779,TRUE,73,0.478999999999985,"214, 324"
0.001,10000,3,4,100045,0.003,20000,0.693147180559944,1.09861228866811,"upper",2645.38486354779,-19.9029146389989,2,1,1,TRUE,0.981321050071627,0.962642100143254,TRUE,71,1.06299999999999,"214, 324"
0.001,10000,3,4,100045,0.005,20000,0.693147180559944,1.6094379124341,"upper",2619.48109305476,-45.8066851320282,2,1,1,TRUE,0.981097835164641,0.962195670329282,TRUE,72,1.083,"214, 324"
0.001,10000,3,4,100045,0.008,20000,0.693147180559944,2.07944154167984,"upper",2587.22427233436,-78.063505852434,2,1,1,TRUE,0.980757555928556,0.961515111857111,TRUE,72,1.08300000000003,"214, 324"
0.001,10000,3,4,100045,0.01,20000,0.693147180559944,2.30258509299405,"upper",2569.19682198495,-96.0909562018373,2,1,1,TRUE,0.980527527021737,0.961055054043474,TRUE,72,1.08500000000001,"214, 324"
0.001,10000,3,4,100045,0.015,20000,0.693147180559944,2.70805020110221,"upper",2532.12728707343,-133.160491113359,2,1,1,TRUE,0.979941748132977,0.959883496265953,TRUE,73,1.191,"214, 324"
0.001,10000,3,4,100045,0.02,20000,0.693147180559944,2.99573227355399,"upper",2502.56034375072,-162.727434436072,2,1,1,TRUE,0.979338943678892,0.958677887357783,TRUE,73,1.107,"214, 324"
0.001,10000,3,4,100045,0.025,20000,0.693147180559944,3.2188758248682,"upper",2477.82262179663,-187.465156390158,2,1,1,TRUE,0.978719901679127,0.957439803358253,TRUE,74,1.11199999999999,"214, 324"
0.001,10000,3,4,100045,0.03,20000,0.693147180559944,3.40119738166216,"upper",2456.46853422629,-208.819243960495,2,1,1,TRUE,0.978083002222033,0.956166004444067,TRUE,74,1.11199999999999,"214, 324"
0.001,10000,3,5,100046,1e-05,8.84409589046161,-7.03059026660855,-4.60517018598809,"interior",2211.70564801105,-490.121311062233,1,1,0.5,FALSE,0.169123384854931,0.00795906113150591,TRUE,113,0.422000000000025,"311, 457"
0.001,10000,3,5,100046,1e-04,93.3828152907476,-4.6736330341328,-2.30258509299405,"interior",2581.24435954588,-120.582599527402,1,1,0.5,FALSE,0.218603460246219,0.00841253199444758,TRUE,80,0.295000000000016,"311, 457"
0.001,10000,3,5,100046,0.001,20000,0.693147180559944,0,"upper",2701.82695907328,0,1,1,0.5,FALSE,0.411886779344886,0.260154467956798,TRUE,89,1.33599999999998,"311, 457"
0.001,10000,3,5,100046,0.003,20000,0.693147180559944,1.09861228866811,"upper",2673.11280241594,-28.7141566573414,1,1,0.5,FALSE,0.411945209559205,0.260288202851994,TRUE,86,1.30699999999999,"311, 457"
0.001,10000,3,5,100046,0.005,20000,0.693147180559944,1.6094379124341,"upper",2643.29710420605,-58.5298548672249,1,1,0.5,FALSE,0.412001459204059,0.260417352698797,TRUE,86,1.39400000000001,"311, 457"
0.001,10000,3,5,100046,0.008,20000,0.693147180559944,2.07944154167984,"upper",2608.06064331559,-93.7663157576903,1,1,0.5,FALSE,0.412110030857039,0.26065825331623,TRUE,87,1.33600000000001,"311, 457"
0.001,10000,3,5,100046,0.01,20000,0.693147180559944,2.30258509299405,"upper",2588.8726612468,-112.954297826477,1,1,0.5,FALSE,0.412155450099304,0.260765289074439,TRUE,87,1.333,"311, 457"
0.001,10000,3,5,100046,0.015,20000,0.693147180559944,2.70805020110221,"upper",2550.13497043742,-151.691988635859,1,1,0.5,FALSE,0.412250625409873,0.260995379443593,TRUE,87,1.33699999999999,"311, 457"
0.001,10000,3,5,100046,0.02,20000,0.693147180559944,2.99573227355399,"upper",2519.71412237042,-182.11283670286,1,1,0.5,FALSE,0.412315240208554,0.26116341375554,TRUE,88,1.33799999999999,"311, 457"
0.001,10000,3,5,100046,0.025,20000,0.693147180559944,3.2188758248682,"upper",2494.4821636799,-207.344795393376,1,1,0.5,FALSE,0.412363390321502,0.261297109339235,TRUE,89,1.43099999999998,"311, 457"
0.001,10000,3,5,100046,0.03,20000,0.693147180559944,3.40119738166216,"upper",2472.82013645808,-229.006822615201,1,1,0.5,FALSE,0.412365641350357,0.261338618037008,TRUE,89,1.34,"311, 457"
0.001,20,4,1,100047,1e-05,2,-2.30258509299405,-4.60517018598809,"lower",1577.9310333014,-480.887899219851,1,1,0.5,FALSE,0.0453196997742397,0.00798344091178227,TRUE,299,1.25200000000007,"331, 385"
0.001,20,4,1,100047,1e-04,2.20054718916326,-2.20702622176906,-2.30258509299405,"interior",1907.80730404708,-151.011628474167,1,1,0.5,FALSE,0.04620202565342,0.00798394649629319,TRUE,278,1.29899999999998,"331, 385"
0.001,20,4,1,100047,0.001,8.44633034773342,-0.862000204885815,0,"interior",2031.24528229121,-27.5736502300369,1,1,0.5,FALSE,0.0672230554258359,0.00799402940924709,TRUE,110,0.447000000000003,"331, 385"
0.001,20,4,1,100047,0.003,15.2176030415272,-0.273279420938981,1.09861228866811,"interior",2053.3293379933,-5.48959452794952,1,1,0.5,FALSE,0.0904162584706492,0.00800002593380345,TRUE,86,0.34699999999998,"331, 385"
0.001,20,4,1,100047,0.005,20.4316171003345,0.0213512853655309,1.6094379124341,"interior",2058.22090570647,-0.59802681477322,1,1,0.5,FALSE,0.109141140536335,0.00800460740110875,TRUE,80,0.327999999999975,"331, 385"
0.001,20,4,1,100047,0.008,27.1898000035391,0.307109629548042,2.07944154167984,"interior",2058.81893252125,0,1,1,0.5,FALSE,0.132899692833705,0.00801201891840542,TRUE,75,0.293999999999983,"331, 385"
0.001,20,4,1,100047,0.01,31.3039329339497,0.448011468940302,2.30258509299405,"interior",2057.53929603099,-1.2796364902556,1,1,0.5,FALSE,0.14639690622801,0.00801916263622038,TRUE,69,0.271999999999935,"331, 385"
0.001,20,4,1,100047,0.015,40.8486092191751,0.714140501130217,2.70805020110221,"interior",2052.21458435612,-6.6043481651277,1,1,0.5,FALSE,0.17323216823791,0.00804961702235885,TRUE,44,0.168000000000006,"331, 385"
0.001,20,4,1,100047,0.02,49.8117959433227,0.912519548759998,2.99573227355399,"interior",2045.82221557634,-12.9967169449021,1,1,0.5,FALSE,0.192685664431968,0.0080732418156384,TRUE,33,0.129999999999995,"331, 385"
0.001,20,4,1,100047,0.025,61.248259054971,1.11920315187458,3.2188758248682,"interior",2039.28057289299,-19.5383596282588,1,1,0.5,FALSE,0.215553257631031,0.00808547648761393,TRUE,72,0.283000000000015,"331, 385"
0.001,20,4,1,100047,0.03,72.1403546376207,1.28288131787301,3.40119738166216,"interior",2032.85432090299,-25.964611618261,1,1,0.5,FALSE,0.228520676674843,0.00792726546743872,TRUE,51,0.211000000000013,"331, 385"
0.001,20,4,2,100048,1e-05,2,-2.30258509299405,-4.60517018598809,"lower",1548.42500141545,-449.488364107768,0,0,0,FALSE,0.0207165416125156,0.0205074413234795,TRUE,144,0.622999999999934,"69, 437"
0.001,20,4,2,100048,1e-04,2,-2.30258509299405,-2.30258509299405,"lower",1879.95237158549,-117.960993937729,0,0,0,FALSE,0.0208081866119864,0.0205844683979449,TRUE,134,0.56899999999996,"69, 437"
0.001,20,4,2,100048,0.001,2,-2.30258509299405,0,"lower",1994.05141284483,-3.86195267838752,0,0,0,FALSE,0.0208494156354374,0.0206181432100419,TRUE,132,0.561999999999898,"69, 437"
0.001,20,4,2,100048,0.003,15.1407474163047,-0.27834265976817,1.09861228866811,"interior",1997.91336552322,0,1,1,0.5,FALSE,0.503965313276034,0.00800178085384884,TRUE,95,0.377000000000066,"69, 437"
0.001,20,4,2,100048,0.005,18.8909542799552,-0.057049075584672,1.6094379124341,"interior",1991.54472692214,-6.36863860108656,1,1,0.5,FALSE,0.504024148791976,0.0080587164364917,TRUE,78,0.300000000000068,"69, 437"
0.001,20,4,2,100048,0.008,23.2448544542185,0.150351520188809,2.07944154167984,"interior",1980.97746915242,-16.9358963707994,1,1,0.5,FALSE,0.504111365135174,0.0082241495516352,TRUE,65,0.257000000000062,"69, 437"
0.001,20,4,2,100048,0.01,25.7200356268971,0.251538010997094,2.30258509299405,"interior",1974.40261592553,-23.5107495976874,1,1,0.5,FALSE,0.504193593306853,0.00838769265226058,TRUE,58,0.233000000000061,"69, 437"
0.001,20,4,2,100048,0.015,31.1904934520456,0.444381077782047,2.70805020110221,"interior",1959.9276477969,-37.9857177263179,1,1,0.5,FALSE,0.504545761833492,0.00909158004816657,TRUE,52,0.214000000000055,"69, 437"
0.001,20,4,2,100048,0.02,38.5067833558494,0.65510214328095,2.99573227355399,"interior",1947.7579622497,-50.1554032735198,1,1,0.5,FALSE,0.506839918786887,0.0136798398247283,TRUE,92,0.36099999999999,"69, 437"
0.001,20,4,2,100048,0.025,44.7876604508388,0.806200391562181,3.2188758248682,"interior",1937.20512400056,-60.70824152266,1,1,0.5,FALSE,0.508777299295626,0.0175545987951096,TRUE,68,0.263000000000034,"69, 437"
0.001,20,4,2,100048,0.03,50.6027315704106,0.928273284887319,3.40119738166216,"interior",1927.84216086585,-70.0712046573753,1,1,0.5,FALSE,0.510772437848075,0.0215448757217811,TRUE,58,0.234000000000037,"69, 437"
0.001,20,4,3,100049,1e-05,2,-2.30258509299405,-4.60517018598809,"lower",1098.89610208248,-640.651410021834,0,0,0,FALSE,0.0207721704693106,0.0206422691301666,TRUE,148,0.641000000000076,"92, 109"
0.001,20,4,3,100049,1e-04,2,-2.30258509299405,-2.30258509299405,"lower",1482.71317819238,-256.834333911934,0,0,0,FALSE,0.0206432508190743,0.020517455974434,TRUE,131,0.55499999999995,"92, 109"
0.001,20,4,3,100049,0.001,2,-2.30258509299405,0,"lower",1692.10588485496,-47.441627249347,0,0,0,FALSE,0.0205807333009302,0.0204569151018125,TRUE,124,0.529999999999973,"92, 109"
0.001,20,4,3,100049,0.003,2,-2.30258509299405,1.09861228866811,"lower",1731.4207244396,-8.12678766471504,0,0,0,FALSE,0.0205702652350253,0.0204467780987121,TRUE,123,0.528999999999996,"92, 109"
0.001,20,4,3,100049,0.005,2,-2.30258509299405,1.6094379124341,"lower",1738.86446337558,-0.683048728729091,0,0,0,FALSE,0.0205728469732201,0.020449277922101,TRUE,123,0.52800000000002,"92, 109"
0.001,20,4,3,100049,0.008,2.33948774192523,-2.14580028185665,2.07944154167984,"interior",1739.54751210431,0,0,0,0,FALSE,0.0225742091258905,0.0223782506212078,TRUE,121,0.490999999999985,"92, 109"
0.001,20,4,3,100049,0.01,2.79485787682758,-1.96795101731758,2.30258509299405,"interior",1737.7426214661,-1.80489063820733,0,0,0,FALSE,0.0255293164504105,0.0252054769679434,TRUE,121,0.491999999999962,"92, 109"
0.001,20,4,3,100049,0.015,3.99195568731886,-1.61145101553741,2.70805020110221,"interior",1730.82447217774,-8.72303992656612,0,0,0,FALSE,0.0347185617014605,0.0338481185493553,TRUE,121,0.48700000000008,"92, 109"
0.001,20,4,3,100049,0.02,5.23410692311942,-1.34053604108775,2.99573227355399,"interior",1722.97599709131,-16.571515012997,0,0,0,FALSE,0.0462695889138398,0.0444111888408946,TRUE,122,0.494000000000028,"92, 109"
0.001,20,4,3,100049,0.025,6.45361497687817,-1.13109183821472,3.2188758248682,"interior",1715.15486336111,-24.3926487432041,0,0,0,FALSE,0.0589331710268263,0.0556101969421348,TRUE,121,0.495999999999981,"92, 109"
0.001,20,4,3,100049,0.03,7.59667237677314,-0.968021967305316,3.40119738166216,"interior",1707.61459636856,-31.9329157357492,0,0,0,FALSE,0.0712155910369823,0.0660695506268436,TRUE,118,0.472999999999956,"92, 109"
0.001,20,4,4,100050,1e-05,2,-2.30258509299405,-4.60517018598809,"lower",1444.46362809372,-504.745598505881,0,0,0,FALSE,0.0202203430563286,0.0184514910424566,TRUE,145,0.594000000000051,"194, 481"
0.001,20,4,4,100050,1e-04,2,-2.30258509299405,-2.30258509299405,"lower",1782.46805131899,-166.741175280606,0,0,0,FALSE,0.0203117408600981,0.018501241682235,TRUE,133,0.524999999999977,"194, 481"
0.001,20,4,4,100050,0.001,2,-2.30258509299405,0,"lower",1924.34375416383,-24.865472435765,0,0,0,FALSE,0.0203426103008207,0.0185179631723281,TRUE,129,0.527999999999906,"194, 481"
0.001,20,4,4,100050,0.003,2,-2.30258509299405,1.09861228866811,"lower",1946.97408039861,-2.23514620098308,0,0,0,FALSE,0.0203636533003421,0.0185291580659698,TRUE,129,0.677999999999997,"194, 481"
0.001,20,4,4,100050,0.005,2.6740038586274,-2.0121553518583,1.6094379124341,"interior",1949.2092265996,0,0,0,0,FALSE,0.0259342241759422,0.0207851295169859,TRUE,132,0.512000000000057,"194, 481"
0.001,20,4,4,100050,0.008,11.7525269123813,-0.531663999712255,2.07944154167984,"interior",1946.57707664667,-2.63214995292719,0,0,0,FALSE,0.312410906043592,0.00838445092720908,TRUE,116,0.456000000000017,"194, 481"
0.001,20,4,4,100050,0.01,14.0548261586198,-0.352766437922304,2.30258509299405,"interior",1943.58783405236,-5.62139254724229,0,0,0,FALSE,0.36589189737404,0.00816240929541601,TRUE,95,0.364000000000033,"194, 481"
0.001,20,4,4,100050,0.015,18.3958962040478,-0.0836046662031817,2.70805020110221,"interior",1934.90498389182,-14.3042427077814,1,1,0.5,FALSE,0.424870871757921,0.00826615264208275,TRUE,74,0.292999999999893,"194, 481"
0.001,20,4,4,100050,0.02,21.9111674829451,0.0912641640260579,2.99573227355399,"interior",1926.02422207714,-23.1850045224621,1,1,0.5,FALSE,0.450483921632551,0.00860205279679438,TRUE,58,0.214999999999918,"194, 481"
0.001,20,4,4,100050,0.025,25.0644420891102,0.225717918350423,3.2188758248682,"interior",1917.49858872081,-31.7106378787826,1,1,0.5,FALSE,0.464971269033895,0.0091827913851037,TRUE,47,0.180999999999926,"194, 481"
0.001,20,4,4,100050,0.03,28.0889195319675,0.339642902314284,3.40119738166216,"interior",1909.44392599733,-39.7653006022663,1,1,0.5,FALSE,0.474938542271629,0.0101361996994505,TRUE,43,0.165000000000077,"194, 481"
0.001,20,4,5,100051,1e-05,2,-2.30258509299405,-4.60517018598809,"lower",1488.62321153623,-445.820520188135,0,0,0,FALSE,0.0208072108504007,0.0205363054174503,TRUE,136,0.541999999999916,"192, 333"
0.001,20,4,5,100051,1e-04,2,-2.30258509299405,-2.30258509299405,"lower",1808.48737882451,-125.956352899853,0,0,0,FALSE,0.0208810271687818,0.0206040979992178,TRUE,124,0.500999999999976,"192, 333"
0.001,20,4,5,100051,0.001,2,-2.30258509299405,0,"lower",1920.46997969227,-13.973752032095,0,0,0,FALSE,0.0209119085376053,0.0206323799203861,TRUE,120,0.483000000000061,"192, 333"
0.001,20,4,5,100051,0.003,2,-2.30258509299405,1.09861228866811,"lower",1933.94185528736,-0.501876436998373,0,0,0,FALSE,0.0209848854888057,0.0206978902591834,TRUE,122,0.479999999999905,"192, 333"
0.001,20,4,5,100051,0.005,9.79525296465077,-0.713834396595026,1.6094379124341,"interior",1934.44373172436,0,0,0,0,FALSE,0.13273740727453,0.0451127018632981,TRUE,131,0.503000000000043,"192, 333"
0.001,20,4,5,100051,0.008,12.9976568647031,-0.430963173514533,2.07944154167984,"interior",1931.08837742209,-3.35535430227219,0,0,0,FALSE,0.138936052410306,0.0315621974218316,TRUE,91,0.358999999999924,"192, 333"
0.001,20,4,5,100051,0.01,14.7767838434267,-0.302674983645913,2.30258509299405,"interior",1927.97642027222,-6.46731145213857,0,0,0,FALSE,0.141152072071897,0.0264350159856429,TRUE,82,0.31899999999996,"192, 333"
0.001,20,4,5,100051,0.015,18.6137512611709,-0.0718316508769177,2.70805020110221,"interior",1919.44232714028,-15.0014045840844,1,1,0.5,FALSE,0.14478712903459,0.019324033524036,TRUE,64,0.237999999999943,"192, 333"
0.001,20,4,5,100051,0.02,22.0389241566303,0.0970778963192789,2.99573227355399,"interior",1910.89187232815,-23.5518593962108,1,1,0.5,FALSE,0.147362154983685,0.0161112601920428,TRUE,50,0.189999999999941,"192, 333"
0.001,20,4,5,100051,0.025,27.4198731706724,0.315535775138132,3.2188758248682,"interior",1902.75679231144,-31.6869394129183,1,1,0.5,FALSE,0.151283246437934,0.0165169341797803,TRUE,121,0.473999999999933,"192, 333"
0.001,20,4,5,100051,0.03,34.0877311586643,0.533205255927009,3.40119738166216,"interior",1895.15461673216,-39.2891149922034,1,1,0.5,FALSE,0.156629505284994,0.0233502602579481,TRUE,84,0.330000000000041,"192, 333"
0.001,43,4,1,100052,1e-05,2,-3.06805293513362,-4.60517018598809,"lower",1569.92096355464,-562.424243233696,0,0,0,FALSE,0.0283564678082291,0.028014569689314,TRUE,237,0.970000000000027,"112, 361"
0.001,43,4,1,100052,1e-04,2,-3.06805293513362,-2.30258509299405,"lower",1937.89043219031,-194.454774598027,0,0,0,FALSE,0.0292348709310984,0.0289198930251544,TRUE,222,0.908000000000015,"112, 361"
0.001,43,4,1,100052,0.001,8.73345019098926,-1.59403961303652,0,"interior",2107.77580361223,-24.56940317611,0,0,0,FALSE,0.311364313793983,0.113675004642124,TRUE,107,0.42999999999995,"112, 361"
0.001,43,4,1,100052,0.003,19.2176153183388,-0.805372792776319,1.09861228866811,"interior",2130.94973656895,-1.39547021938688,0,0,0,FALSE,0.454016467090309,0.0324360450442341,TRUE,73,0.293999999999983,"112, 361"
0.001,43,4,1,100052,0.005,26.0192139293733,-0.502364853312532,1.6094379124341,"interior",2132.34520678834,0,0,0,0,FALSE,0.479862289516251,0.0181399369167404,TRUE,54,0.206000000000017,"112, 361"
0.001,43,4,1,100052,0.008,34.5467502261133,-0.218886629929469,2.07944154167984,"interior",2128.11556910967,-4.22963767867213,1,1,0.5,FALSE,0.4955458801986,0.0150557364079378,TRUE,34,0.115000000000009,"112, 361"
0.001,43,4,1,100052,0.01,42.4677657879211,-0.0124547795823786,2.30258509299405,"interior",2124.16583922037,-8.17936756796644,1,1,0.5,FALSE,0.512662019243421,0.0298736396452429,TRUE,82,0.322000000000003,"112, 361"
0.001,43,4,1,100052,0.015,82.2372051308025,0.648407701131368,2.70805020110221,"interior",2115.90470389872,-16.4405028896213,2,1,1,TRUE,0.743200175620023,0.486404736110284,TRUE,53,0.201999999999998,"112, 361"
0.001,43,4,1,100052,0.02,103.930238813869,0.88251977773795,2.99573227355399,"interior",2106.48643889336,-25.858767894978,2,1,1,TRUE,0.759061940408827,0.518124661286768,TRUE,37,0.144000000000005,"112, 361"
0.001,43,4,1,100052,0.025,124.271795850195,1.06127095321647,3.2188758248682,"interior",2097.5224028822,-34.8228039061382,2,1,1,TRUE,0.774572182426244,0.549144549095735,TRUE,33,0.109000000000037,"112, 361"
0.001,43,4,1,100052,0.03,144.208466273294,1.21005981945387,3.40119738166216,"interior",2089.069547208,-43.2756595803367,2,1,1,TRUE,0.792279254469584,0.584558559602817,TRUE,29,0.0949999999999136,"112, 361"
0.001,43,4,2,100053,1e-05,2,-3.06805293513362,-4.60517018598809,"lower",1610.70239891872,-493.988594461976,0,0,0,FALSE,0.0218156100583132,0.0192430016526419,TRUE,175,0.725999999999999,"68, 403"
0.001,43,4,2,100053,1e-04,2,-3.06805293513362,-2.30258509299405,"lower",1954.00665832028,-150.684335060413,0,0,0,FALSE,0.0220543491252319,0.0193366323692347,TRUE,164,0.663000000000011,"68, 403"
0.001,43,4,2,100053,0.001,12.5503768221189,-1.23144942489968,0,"interior",2088.81903589142,-15.8719574892734,1,1,0.5,FALSE,0.16493497871399,0.00800966062175479,TRUE,102,0.391000000000076,"68, 403"
0.001,43,4,2,100053,0.003,21.948423717913,-0.672504791146781,1.09861228866811,"interior",2104.6909933807,0,1,1,0.5,FALSE,0.1621398863959,0.00824997279979711,TRUE,70,0.283999999999992,"68, 403"
0.001,43,4,2,100053,0.005,28.5568148836338,-0.409304508123698,1.6094379124341,"interior",2103.93174956786,-0.759243812831301,1,1,0.5,FALSE,0.158591830363718,0.00871808477478908,TRUE,54,0.203999999999951,"68, 403"
0.001,43,4,2,100053,0.008,36.8440193720685,-0.154506806781464,2.07944154167984,"interior",2097.93046873887,-6.76052464182976,1,1,0.5,FALSE,0.154692902556834,0.0103188994987617,TRUE,40,0.159999999999968,"68, 403"
0.001,43,4,2,100053,0.01,44.7914254170375,0.0408166084675186,2.30258509299405,"interior",2093.20292703512,-11.488066345576,1,1,0.5,FALSE,0.158683862005606,0.0221001514193783,TRUE,91,0.355999999999995,"68, 403"
0.001,43,4,2,100053,0.015,62.2562324952073,0.370058535044478,2.70805020110221,"interior",2081.36748275345,-23.3235106272418,1,1,0.5,FALSE,0.171826271765321,0.0509561548854728,TRUE,51,0.192000000000007,"68, 403"
0.001,43,4,2,100053,0.02,78.0443142709733,0.596076681349472,2.99573227355399,"interior",2070.32560608211,-34.3653872985824,1,1,0.5,FALSE,0.184998353856893,0.0770088730643729,TRUE,44,0.166999999999916,"68, 403"
0.001,43,4,2,100053,0.025,101.646216166319,0.86029819954943,3.2188758248682,"interior",2060.35267682359,-44.3383165571049,1,1,0.5,FALSE,0.21642217538269,0.0768133213482597,TRUE,52,0.192999999999984,"68, 403"
0.001,43,4,2,100053,0.03,123.061967544479,1.05148791398828,3.40119738166216,"interior",2051.30057177755,-53.390421603141,1,1,0.5,FALSE,0.217031603419348,0.0502700743973333,TRUE,40,0.153999999999996,"68, 403"
0.001,43,4,3,100054,1e-05,2,-3.06805293513362,-4.60517018598809,"lower",1639.09272080093,-519.715156358928,0,0,0,FALSE,0.0248701291330387,0.0247925761127114,TRUE,145,0.597999999999956,"152, 333"
0.001,43,4,3,100054,1e-04,2,-3.06805293513362,-2.30258509299405,"lower",1995.5995002454,-163.208376914459,0,0,0,FALSE,0.0250940294852195,0.0250013120853172,TRUE,134,0.535999999999945,"152, 333"
0.001,43,4,3,100054,0.001,14.3532882740543,-1.09722105172061,0,"interior",2146.27851312076,-12.5293640390964,0,0,0,FALSE,0.150094593318909,0.0209153345229192,TRUE,84,0.326999999999998,"152, 333"
0.001,43,4,3,100054,0.003,25.4114588528758,-0.525999907460301,1.09861228866811,"interior",2158.80787715986,0,1,1,0.5,FALSE,0.160393065554976,0.0114856279338292,TRUE,53,0.201000000000022,"152, 333"
0.001,43,4,3,100054,0.005,33.2221059635017,-0.257984619071587,1.6094379124341,"interior",2153.47156324985,-5.33631391001109,1,1,0.5,FALSE,0.166464447481245,0.0138273052412764,TRUE,40,0.160999999999945,"152, 333"
0.001,43,4,3,100054,0.008,70.4237215790045,0.493330044961323,2.07944154167984,"interior",2145.59156759984,-13.2163095600154,2,1,1,TRUE,0.287885395340388,0.255866184540467,TRUE,105,0.415000000000077,"152, 333"
0.001,43,4,3,100054,0.01,78.7110317111664,0.604583204126973,2.30258509299405,"interior",2138.67970742505,-20.1281697348027,2,1,1,TRUE,0.289845588739721,0.255947409652376,TRUE,88,0.33299999999997,"152, 333"
0.001,43,4,3,100054,0.015,96.7931617102519,0.811376232604467,2.70805020110221,"interior",2122.49843063631,-36.3094465235522,2,1,1,TRUE,0.293117184861013,0.255613318260192,TRUE,55,0.201999999999998,"152, 333"
0.001,43,4,3,100054,0.02,112.874734786681,0.965078546421168,2.99573227355399,"interior",2108.20462945635,-50.6032477035064,2,1,1,TRUE,0.295043122846258,0.254832720776609,TRUE,24,0.0769999999999982,"152, 333"
0.001,43,4,3,100054,0.025,129.170318186134,1.09993171386028,3.2188758248682,"interior",2095.53885125355,-63.2690259063061,2,1,1,TRUE,0.295866273772174,0.253166295373291,TRUE,57,0.20799999999997,"152, 333"
0.001,43,4,3,100054,0.03,145.469184162065,1.21876415578616,3.40119738166216,"interior",2084.18317643771,-74.6247007221505,2,1,1,TRUE,0.296435282491314,0.251667832126136,TRUE,45,0.166999999999916,"152, 333"
0.001,43,4,4,100055,1e-05,2,-3.06805293513362,-4.60517018598809,"lower",1588.60540272209,-561.748328486589,0,0,0,FALSE,0.023653740899108,0.0230234193957441,TRUE,149,0.613999999999919,"109, 421"
0.001,43,4,4,100055,1e-04,2,-3.06805293513362,-2.30258509299405,"lower",1951.06623340449,-199.287497804185,0,0,0,FALSE,0.0238326583166623,0.02316198655845,TRUE,138,0.574999999999932,"109, 421"
0.001,43,4,4,100055,0.001,2,-3.06805293513362,0,"lower",2121.1354882882,-29.2182429204772,0,0,0,FALSE,0.0240052667204481,0.0232917258366407,TRUE,137,0.54200000000003,"109, 421"
0.001,43,4,4,100055,0.003,22.5911384527772,-0.643642390167555,1.09861228866811,"interior",2148.31223368891,-2.04149751976956,1,1,0.5,FALSE,0.504028148896398,0.00838589762504427,TRUE,74,0.295999999999935,"109, 421"
0.001,43,4,4,100055,0.005,29.9368535785843,-0.362109833120164,1.6094379124341,"interior",2150.35373120868,0,1,1,0.5,FALSE,0.504424160082329,0.00890872703849122,TRUE,67,0.249000000000024,"109, 421"
0.001,43,4,4,100055,0.008,39.1321481369578,-0.0942557835347135,2.07944154167984,"interior",2146.17599160776,-4.17773960091426,1,1,0.5,FALSE,0.505486933901293,0.0109845913197002,TRUE,41,0.162000000000035,"109, 421"
0.001,43,4,4,100055,0.01,44.7567087235285,0.0400412334006548,2.30258509299405,"interior",2142.06416472197,-8.28956648670919,1,1,0.5,FALSE,0.506885917679893,0.0137764413492943,TRUE,30,0.100999999999999,"109, 421"
0.001,43,4,4,100055,0.015,82.592655153446,0.652720640219233,2.70805020110221,"interior",2132.27267926499,-18.0810519436918,2,1,1,TRUE,0.630487070856379,0.260974487924665,TRUE,55,0.206999999999994,"109, 421"
0.001,43,4,4,100055,0.02,103.576868221287,0.879113909483887,2.99573227355399,"interior",2122.25520799606,-28.0985232126172,2,1,1,TRUE,0.629982576664372,0.259965234472918,TRUE,46,0.173000000000002,"109, 421"
0.001,43,4,4,100055,0.025,123.160315648497,1.05228677027352,3.2188758248682,"interior",2112.76471796399,-37.5890132446852,2,1,1,TRUE,0.626905596878782,0.253811220066205,TRUE,34,0.111999999999966,"109, 421"
0.001,43,4,4,100055,0.03,141.620668847004,1.19195202134764,3.40119738166216,"interior",2103.83775699393,-46.5159742147489,2,1,1,TRUE,0.623639409312549,0.247278828906602,TRUE,28,0.0910000000000082,"109, 421"
0.001,43,4,5,100056,1e-05,2,-3.06805293513362,-4.60517018598809,"lower",1609.22744756155,-477.24417949631,0,0,0,FALSE,0.0267587545567525,0.0247516718841305,TRUE,132,0.533000000000015,"29, 79"
0.001,43,4,5,100056,1e-04,2,-3.06805293513362,-2.30258509299405,"lower",1953.3545179613,-133.117109096566,0,0,0,FALSE,0.0268663428280999,0.02482213941094,TRUE,121,0.663000000000011,"29, 79"
0.001,43,4,5,100056,0.001,9.42644735946459,-1.5176808281586,0,"interior",2078.64097120408,-7.83065585378426,0,0,0,FALSE,0.155914804961347,0.0106638536460584,TRUE,136,0.528999999999996,"29, 79"
0.001,43,4,5,100056,0.003,16.6581281695291,-0.948301840037299,1.09861228866811,"interior",2086.47162705786,0,1,1,0.5,FALSE,0.177167561576154,0.00883288521152081,TRUE,65,0.245000000000005,"29, 79"
0.001,43,4,5,100056,0.005,21.7850698915192,-0.679975247888808,1.6094379124341,"interior",2081.76042393635,-4.71120312151334,1,1,0.5,FALSE,0.185249114469078,0.0108611259775434,TRUE,49,0.189000000000078,"29, 79"
0.001,43,4,5,100056,0.008,49.638520951412,0.143567048699594,2.07944154167984,"interior",2073.91277108362,-12.558855974245,2,1,1,TRUE,0.364832725937123,0.316559594374865,TRUE,90,0.345000000000027,"29, 79"
0.001,43,4,5,100056,0.01,57.8427365148415,0.296527772843475,2.30258509299405,"interior",2068.22291266288,-18.2487143949829,2,1,1,TRUE,0.353861334717763,0.311828917942757,TRUE,77,0.298999999999978,"29, 79"
0.001,43,4,5,100056,0.015,85.8558033798716,0.691469068431855,2.70805020110221,"interior",2055.29020466528,-31.1814223925849,2,1,1,TRUE,0.180366633738721,0.0602297643138877,TRUE,78,0.301000000000045,"29, 79"
0.001,43,4,5,100056,0.02,103.56285875047,0.878978643583494,2.99573227355399,"interior",2043.75793206985,-42.7136949880096,3,0.333333333333333,0.5,FALSE,0.161021962636349,0.0305897798555012,TRUE,51,0.189999999999941,"29, 79"
0.001,43,4,5,100056,0.025,119.784978003547,1.02449816983459,3.2188758248682,"interior",2033.4192939494,-53.0523331084642,3,0.333333333333333,0.5,FALSE,0.150660175664233,0.0174226453972292,TRUE,41,0.158000000000015,"29, 79"
0.001,43,4,5,100056,0.03,134.628107263296,1.14131610039534,3.40119738166216,"interior",2024.04141550202,-62.4302115558469,3,0.333333333333333,0.5,FALSE,0.144350207827294,0.0112975936099309,TRUE,36,0.143000000000029,"29, 79"
0.001,95,4,1,100057,1e-05,2,-3.8607297110406,-4.60517018598809,"lower",1845.15183495843,-502.623796567295,0,0,0,FALSE,0.0261958507270851,0.0261211004882155,TRUE,142,0.593999999999937,"36, 205"
0.001,95,4,1,100057,1e-04,2,-3.8607297110406,-2.30258509299405,"lower",2202.96660926171,-144.809022264016,0,0,0,FALSE,0.026485451498665,0.026389896023496,TRUE,134,0.544999999999959,"36, 205"
0.001,95,4,1,100057,0.001,28.69650183367,-1.1971016635924,0,"interior",2341.03521645573,-6.74041506999356,1,1,0.5,FALSE,0.444047289504915,0.0141730071720816,TRUE,64,0.242999999999938,"36, 205"
0.001,95,4,1,100057,0.003,99.9282273499382,0.05057531019796,1.09861228866811,"interior",2347.77563152573,0,2,1,1,TRUE,0.690379882480689,0.38543914934498,TRUE,63,0.243999999999915,"36, 205"
0.001,95,4,1,100057,0.005,135.452745869686,0.354745948926529,1.6094379124341,"interior",2339.07224038658,-8.70339113914542,2,1,1,TRUE,0.680921560563607,0.363386306719159,TRUE,18,0.0650000000000546,"36, 205"
0.001,95,4,1,100057,0.008,186.576004558029,0.674961795607314,2.07944154167984,"interior",2324.6108630638,-23.1647684619215,2,1,1,TRUE,0.670231013838757,0.340885922998281,TRUE,38,0.158000000000015,"36, 205"
0.001,95,4,1,100057,0.01,220.456285562624,0.841822532215278,2.30258509299405,"interior",2315.56050443347,-32.2151270922536,2,1,1,TRUE,0.665012536029116,0.330234539476095,TRUE,29,0.099999999999909,"36, 205"
0.001,95,4,1,100057,0.015,305.316321774933,1.16747146814244,2.70805020110221,"interior",2295.50666333122,-52.2689681945058,2,1,1,TRUE,0.654866119016401,0.30978819462555,TRUE,20,0.0670000000000073,"36, 205"
0.001,95,4,1,100057,0.02,396.000661028735,1.42753898891703,2.99573227355399,"interior",2278.47475893933,-69.3008725863929,2,1,1,TRUE,0.647173341841743,0.294368081548852,TRUE,17,0.05499999999995,"36, 205"
0.001,95,4,1,100057,0.025,497.399225276512,1.65551608222133,3.2188758248682,"interior",2263.66913266192,-84.1064988638018,2,1,1,TRUE,0.640978151641538,0.28196623970643,TRUE,14,0.0460000000000491,"36, 205"
0.001,95,4,1,100057,0.03,635.017259721762,1.89977528758696,3.40119738166216,"interior",2250.59075096476,-97.1848805609643,2,1,1,TRUE,0.639065612251641,0.278133648150741,TRUE,26,0.0849999999999227,"36, 205"
0.001,95,4,2,100058,1e-05,2,-3.8607297110406,-4.60517018598809,"lower",1885.40153703157,-393.461492397647,0,0,0,FALSE,0.0312492223164423,0.0226606245395176,TRUE,125,0.509999999999991,"60, 87"
0.001,95,4,2,100058,1e-04,9.11027668498672,-2.34447380922163,-2.30258509299405,"interior",2188.78915941535,-90.0738700138654,1,1,0.5,FALSE,0.121143599003125,0.00798949938124516,TRUE,121,0.484000000000037,"60, 87"
0.001,95,4,2,100058,0.001,30.579371228568,-1.13355125283593,0,"interior",2278.86302942922,0,1,1,0.5,FALSE,0.126387862612993,0.00869286346508902,TRUE,70,0.293000000000006,"60, 87"
0.001,95,4,2,100058,0.003,49.6497537990918,-0.648883459850923,1.09861228866811,"interior",2270.77432699226,-8.08870243696083,1,1,0.5,FALSE,0.126239622465413,0.0123422537608827,TRUE,37,0.152999999999906,"60, 87"
0.001,95,4,2,100058,0.005,62.7798693480208,-0.414242421297201,1.6094379124341,"interior",2256.50527690352,-22.3577525256942,1,1,0.5,FALSE,0.129583401397585,0.0221853174282076,TRUE,28,0.0960000000000036,"60, 87"
0.001,95,4,2,100058,0.008,114.110514604604,0.183290513559865,2.07944154167984,"interior",2239.86242246995,-39.0006069592669,2,1,1,TRUE,0.608691384179542,0.229505530729804,TRUE,47,0.182999999999993,"60, 87"
0.001,95,4,2,100058,0.01,128.200707404747,0.299720170848549,2.30258509299405,"interior",2229.63543905313,-49.2275903760878,2,1,1,TRUE,0.60993656087074,0.227264811561458,TRUE,33,0.110000000000014,"60, 87"
0.001,95,4,2,100058,0.015,161.678341704161,0.531731924788099,2.70805020110221,"interior",2208.25375741223,-70.6092720169904,2,1,1,TRUE,0.609863470575974,0.222319231146384,TRUE,32,0.105000000000018,"60, 87"
0.001,95,4,2,100058,0.02,193.183062716922,0.709761359238215,2.99573227355399,"interior",2191.00546663563,-87.8575627935861,2,1,1,TRUE,0.608656289105392,0.218497159743448,TRUE,27,0.0879999999999654,"60, 87"
0.001,95,4,2,100058,0.025,223.684982898983,0.856361844105681,3.2188758248682,"interior",2176.48315931535,-102.379870113868,2,1,1,TRUE,0.607345384946478,0.21531771731681,TRUE,24,0.0780000000000882,"60, 87"
0.001,95,4,2,100058,0.03,253.804386453898,0.982686946642682,3.40119738166216,"interior",2163.8845193919,-114.978510037317,2,1,1,TRUE,0.606106698510334,0.212581849981169,TRUE,21,0.06899999999996,"60, 87"
0.001,95,4,3,100059,1e-05,2,-3.8607297110406,-4.60517018598809,"lower",1881.55907145782,-454.754059779594,0,0,0,FALSE,0.0214579360143768,0.0174619630171498,TRUE,164,0.673000000000002,"171, 339"
0.001,95,4,3,100059,1e-04,2,-3.8607297110406,-2.30258509299405,"lower",2220.04331511653,-116.269816120886,0,0,0,FALSE,0.0217010025040374,0.0174914053050863,TRUE,161,0.661999999999921,"171, 339"
0.001,95,4,3,100059,0.001,42.8510803768782,-0.796146033878603,0,"interior",2336.31313123742,0,1,1,0.5,FALSE,0.50434570751581,0.00869233627716148,TRUE,64,0.242999999999938,"171, 339"
0.001,95,4,3,100059,0.003,73.6931185698425,-0.253967467594394,1.09861228866811,"interior",2331.45327244243,-4.85985879499049,1,1,0.5,FALSE,0.507022534986558,0.0140450781112303,TRUE,25,0.08400000000006,"171, 339"
0.001,95,4,3,100059,0.005,102.253559898823,0.0735787183527288,1.6094379124341,"interior",2319.37002669132,-16.9431045460929,1,1,0.5,FALSE,0.524481381797757,0.0489627642725885,TRUE,40,0.161999999999921,"171, 339"
0.001,95,4,3,100059,0.008,146.686117567295,0.43441815762744,2.07944154167984,"interior",2302.80781027877,-33.505320958644,1,1,0.5,FALSE,0.584448258349135,0.168896516750124,TRUE,54,0.205000000000041,"171, 339"
0.001,95,4,3,100059,0.01,171.871753723867,0.592871689217151,2.30258509299405,"interior",2293.03645463539,-43.2766766020277,1,1,0.5,FALSE,0.596514395612291,0.193028791240617,TRUE,32,0.105000000000018,"171, 339"
0.001,95,4,3,100059,0.015,231.777300561909,0.891900107684725,2.70805020110221,"interior",2272.05591387577,-64.2572173616454,1,1,0.5,FALSE,0.610835916974607,0.221671833951009,TRUE,19,0.0620000000000118,"171, 339"
0.001,95,4,3,100059,0.02,292.065810563523,1.12310226391599,2.99573227355399,"interior",2254.58560641101,-81.727524826405,1,1,0.5,FALSE,0.616924570224305,0.233849140448961,TRUE,18,0.0579999999999927,"171, 339"
0.001,95,4,3,100059,0.025,354.604495265174,1.31712617896196,3.2188758248682,"interior",2239.51564938368,-96.797481853735,2,1,1,TRUE,0.620000064462168,0.240000128924435,TRUE,17,0.05499999999995,"171, 339"
0.001,95,4,3,100059,0.03,420.779312073456,1.48823160529087,3.40119738166216,"interior",2226.19205115424,-110.121080083172,2,1,1,TRUE,0.621801007766114,0.243602015532262,TRUE,17,0.05499999999995,"171, 339"
0.001,95,4,4,100060,1e-05,2,-3.8607297110406,-4.60517018598809,"lower",1926.03423308502,-459.617493240049,0,0,0,FALSE,0.0394026804232255,0.0303945850203343,TRUE,108,0.456000000000017,"270, 365"
0.001,95,4,4,100060,1e-04,5.86959981388109,-2.78409043489185,-2.30258509299405,"interior",2265.28579873074,-120.365927594329,0,0,0,FALSE,0.0894944306877463,0.0212626540844361,TRUE,103,0.402000000000044,"270, 365"
0.001,95,4,4,100060,0.001,37.072814840214,-0.940992944215358,0,"interior",2385.65172632507,0,1,1,0.5,FALSE,0.334648972783963,0.00859898094165856,TRUE,72,0.293000000000006,"270, 365"
0.001,95,4,4,100060,0.003,71.0155401364709,-0.290978163347337,1.09861228866811,"interior",2384.11690756543,-1.53481875963644,1,1,0.5,FALSE,0.406990053936108,0.0167943509212855,TRUE,20,0.0679999999999836,"270, 365"
0.001,95,4,4,100060,0.005,106.776896680591,0.116864688308875,1.6094379124341,"interior",2374.15915427423,-11.49257205084,1,1,0.5,FALSE,0.450729603498409,0.0425724263102008,TRUE,25,0.0839999999999463,"270, 365"
0.001,95,4,4,100060,0.008,159.658373416351,0.519159474768339,2.07944154167984,"interior",2360.01678524553,-25.6349410795401,1,1,0.5,FALSE,0.487045350953437,0.0690305985945379,TRUE,17,0.0570000000000164,"270, 365"
0.001,95,4,4,100060,0.01,204.882673134131,0.768560597521755,2.30258509299405,"interior",2351.76966567579,-33.8820606492786,1,1,0.5,FALSE,0.536940024860529,0.151177600452856,TRUE,36,0.149000000000001,"270, 365"
0.001,95,4,4,100060,0.015,320.613054061358,1.21635806534222,2.70805020110221,"interior",2333.76587750768,-51.885848817386,1,1,0.5,FALSE,0.564040113657197,0.178599993639889,TRUE,16,0.0539999999999736,"270, 365"
0.001,95,4,4,100060,0.02,479.73374376093,1.6193543579001,2.99573227355399,"interior",2318.67185137593,-66.9798749491388,1,1,0.5,FALSE,0.575866104877842,0.18730462503159,TRUE,12,0.0399999999999636,"270, 365"
0.001,95,4,4,100060,0.025,721.100958983073,2.02690226221045,3.2188758248682,"interior",2305.56138221659,-80.0903441084733,1,1,0.5,FALSE,0.579807096745885,0.18591681159094,TRUE,12,0.04099999999994,"270, 365"
0.001,95,4,4,100060,0.03,1139.48012301854,2.4844505133337,3.40119738166216,"interior",2293.88598459684,-91.7657417282262,1,1,0.5,FALSE,0.579328868945571,0.178781570898288,TRUE,13,0.0450000000000728,"270, 365"
0.001,95,4,5,100061,1e-05,2,-3.8607297110406,-4.60517018598809,"lower",1958.67639254629,-419.628636306485,0,0,0,FALSE,0.050362078050841,0.030001262778324,TRUE,127,0.535999999999945,"40, 391"
0.001,95,4,5,100061,1e-04,18.4715452069565,-1.63764544052291,-2.30258509299405,"interior",2280.72322355075,-97.5818053020189,1,1,0.5,FALSE,0.258188271494996,0.00796564256765975,TRUE,94,0.366000000000099,"40, 391"
0.001,95,4,5,100061,0.001,66.5842380567862,-0.355409007877991,0,"interior",2377.83872097433,-0.466307878445605,1,1,0.5,FALSE,0.293609950456139,0.00827412859255205,TRUE,76,0.302000000000021,"40, 391"
0.001,95,4,5,100061,0.003,120.833598964602,0.240537492351407,1.09861228866811,"interior",2378.30502885277,0,1,1,0.5,FALSE,0.3122743222167,0.00914574529453371,TRUE,66,0.245000000000005,"40, 391"
0.001,95,4,5,100061,0.005,169.555816558254,0.579305282240851,1.6094379124341,"interior",2371.97146169544,-6.33356715733225,1,1,0.5,FALSE,0.326239415981118,0.013313337937831,TRUE,20,0.0660000000000309,"40, 391"
0.001,95,4,5,100061,0.008,252.573415197072,0.977825068110069,2.07944154167984,"interior",2361.93165803256,-16.3733708202108,1,1,0.5,FALSE,0.355111717609073,0.0384238122031595,TRUE,38,0.150999999999954,"40, 391"
0.001,95,4,5,100061,0.01,315.830948547294,1.20133020588568,2.30258509299405,"interior",2355.64929094176,-22.6557379110104,1,1,0.5,FALSE,0.373411682768894,0.0569446715175334,TRUE,26,0.0860000000000127,"40, 391"
0.001,95,4,5,100061,0.015,512.995297881927,1.68638978760605,2.70805020110221,"interior",2341.51318382688,-36.7918450258949,1,1,0.5,FALSE,0.40917687335412,0.0940021436854711,TRUE,19,0.0620000000000118,"40, 391"
0.001,95,4,5,100061,0.02,813.404903621532,2.14735213040314,2.99573227355399,"interior",2329.22109418593,-49.0839346668477,1,1,0.5,FALSE,0.436255491737134,0.12257605627111,TRUE,21,0.0699999999999363,"40, 391"
0.001,95,4,5,100061,0.025,1351.17391135097,2.6548521659439,3.2188758248682,"interior",2318.30531975659,-59.9997090961865,1,1,0.5,FALSE,0.458193533649175,0.146140455440943,TRUE,24,0.0810000000000173,"40, 391"
0.001,95,4,5,100061,0.03,4090.70240970069,3.7625950810041,3.40119738166216,"interior",2309.19096937771,-69.1140594750605,1,1,0.5,FALSE,0.673296157483051,0.533111994480097,TRUE,29,0.199999999999932,"40, 391"
0.001,206,4,1,100062,1e-05,2,-4.63472898822964,-4.60517018598809,"lower",1996.44234780589,-472.733636532344,0,0,0,FALSE,0.0136576197101096,0.0101488310810758,TRUE,436,1.87599999999998,"251, 474"
0.001,206,4,1,100062,1e-04,21.3201979529264,-2.26822128468859,-2.30258509299405,"interior",2343.56142041962,-125.614563918612,1,1,0.5,FALSE,0.492248262938631,0.00801867405556067,TRUE,78,0.314000000000078,"251, 474"
0.001,206,4,1,100062,0.001,98.1061525129209,-0.741826087437467,0,"interior",2469.17598433824,0,1,1,0.5,FALSE,0.50439388116962,0.00880721840904697,TRUE,52,0.195999999999913,"251, 474"
0.001,206,4,1,100062,0.003,200.381492283254,-0.0276531577197323,1.09861228866811,"interior",2460.14696800878,-9.02901632945532,1,1,0.5,FALSE,0.508299554154519,0.0165994285024507,TRUE,32,0.105999999999995,"251, 474"
0.001,206,4,1,100062,0.005,300.944533455846,0.379049804745644,1.6094379124341,"interior",2444.85024406065,-24.3257402775826,1,1,0.5,FALSE,0.510374634259537,0.020749305559968,TRUE,20,0.0660000000000309,"251, 474"
0.001,206,4,1,100062,0.008,474.613648866583,0.834624933472354,2.07944154167984,"interior",2424.8694909979,-44.3064933403371,1,1,0.5,FALSE,0.511674220621829,0.0233484457860783,TRUE,17,0.0559999999999263,"251, 474"
0.001,206,4,1,100062,0.01,619.953231366536,1.10176787312454,2.30258509299405,"interior",2413.42596423892,-55.7500200993195,1,1,0.5,FALSE,0.512147372640599,0.0242947469005342,TRUE,16,0.0529999999999973,"251, 474"
0.001,206,4,1,100062,0.015,1210.54394253565,1.77094890807435,2.70805020110221,"interior",2389.46574182743,-79.7102425108078,1,1,0.5,FALSE,0.512828372659909,0.0256567455530714,TRUE,17,0.0570000000000164,"251, 474"
0.001,206,4,1,100062,0.02,4079.83134974052,2.98593476190636,2.99573227355399,"interior",2370.30746999168,-98.8685143465536,1,1,0.5,FALSE,0.512105096920696,0.0242101938885747,TRUE,23,0.165000000000077,"251, 474"
0.001,206,4,1,100062,0.025,20000,4.57561138374655,3.2188758248682,"upper",2354.04029016077,-115.135694177462,1,1,0.5,FALSE,0.512103958999054,0.024207918021974,TRUE,15,0.225999999999999,"251, 474"
0.001,206,4,1,100062,0.03,20000,4.57561138374655,3.40119738166216,"upper",2339.33368083931,-129.842303498925,1,1,0.5,FALSE,0.512099769124866,0.0241995382741671,TRUE,15,0.249000000000024,"251, 474"
0.001,206,4,2,100063,1e-05,2,-4.63472898822964,-4.60517018598809,"lower",1933.22165363172,-452.466582169257,0,0,0,FALSE,0.0461182651138503,0.041416477795814,TRUE,115,0.485000000000014,"325, 412"
0.001,206,4,2,100063,1e-04,15.862011562573,-2.56394912818073,-2.30258509299405,"interior",2274.00735311776,-111.680882683214,1,1,0.5,FALSE,0.450669075981528,0.0088499051293015,TRUE,114,0.460000000000036,"325, 412"
0.001,206,4,2,100063,0.001,87.988384202847,-0.850671360718758,0,"interior",2385.68823580097,0,2,1,1,TRUE,0.603035287129166,0.209510932239761,TRUE,143,0.577999999999975,"325, 412"
0.001,206,4,2,100063,0.003,148.642393851832,-0.326332788822578,1.09861228866811,"interior",2371.43072671595,-14.2575090850232,2,1,1,TRUE,0.612857249681825,0.226230037233926,TRUE,50,0.187999999999988,"325, 412"
0.001,206,4,2,100063,0.005,194.187234458615,-0.0590533490856417,1.6094379124341,"interior",2354.56686956059,-31.1213662403834,2,1,1,TRUE,0.61584891946477,0.231883716002791,TRUE,16,0.0519999999999072,"325, 412"
0.001,206,4,2,100063,0.008,257.097539403728,0.221579374855865,2.07944154167984,"interior",2334.03927882297,-51.6489569779983,2,1,1,TRUE,0.618434413454558,0.2369354204664,TRUE,25,0.0809999999999036,"325, 412"
0.001,206,4,2,100063,0.01,297.957785154806,0.369075647126676,2.30258509299405,"interior",2322.6421010824,-63.0461347185742,2,1,1,TRUE,0.619680992520286,0.239400966283177,TRUE,23,0.0739999999999554,"325, 412"
0.001,206,4,2,100063,0.015,400.98274165127,0.666042219314681,2.70805020110221,"interior",2299.1545596209,-86.5336761800727,2,1,1,TRUE,0.622106175653623,0.244226052518779,TRUE,20,0.0649999999999409,"325, 412"
0.001,206,4,2,100063,0.02,510.628229793336,0.90776562198135,2.99573227355399,"interior",2280.23393050291,-105.454305298064,2,1,1,TRUE,0.623972182711904,0.247950516333618,TRUE,20,0.0639999999999645,"325, 412"
0.001,206,4,2,100063,0.025,631.639979146556,1.1204434097941,3.2188758248682,"interior",2264.19854922227,-121.489686578704,2,1,1,TRUE,0.625508012279744,0.251019219656115,TRUE,22,0.0710000000000264,"325, 412"
0.001,206,4,2,100063,0.03,770.275171741715,1.3188716481165,3.40119738166216,"interior",2250.1642705693,-135.52396523167,2,1,1,TRUE,0.626822148806347,0.253646138751772,TRUE,13,0.0419999999999163,"325, 412"
0.001,206,4,3,100064,1e-05,2,-4.63472898822964,-4.60517018598809,"lower",1973.33566715855,-494.859085487433,0,0,0,FALSE,0.0756633733343948,0.0456106159019616,TRUE,106,0.448999999999955,"187, 203"
0.001,206,4,3,100064,1e-04,25.7997508700288,-2.07751133310907,-2.30258509299405,"interior",2334.01802822404,-134.176724421938,1,1,0.5,FALSE,0.503995716467407,0.00802261121783931,TRUE,80,0.319000000000074,"187, 203"
0.001,206,4,3,100064,0.001,120.934337899881,-0.532628432471601,0,"interior",2468.19475264598,0,1,1,0.5,FALSE,0.504424306532594,0.00884861306602636,TRUE,77,0.301000000000045,"187, 203"
0.001,206,4,3,100064,0.003,226.821587562516,0.0962875817906221,1.09861228866811,"interior",2455.09616174816,-13.0985908978178,1,1,0.5,FALSE,0.505929610832928,0.0118592216658557,TRUE,67,0.242999999999938,"187, 203"
0.001,206,4,3,100064,0.005,372.777669985461,0.593106014120222,1.6094379124341,"interior",2438.12960913374,-30.065143512239,1,1,0.5,FALSE,0.661338379278536,0.322676758557073,TRUE,93,0.354000000000042,"187, 203"
0.001,206,4,3,100064,0.008,577.245074705231,1.03039074706602,2.07944154167984,"interior",2417.24868661945,-50.9460660265249,2,1,1,TRUE,0.691216001782544,0.382432003565088,TRUE,21,0.0679999999999836,"187, 203"
0.001,206,4,3,100064,0.01,836.864081810569,1.40178550119055,2.30258509299405,"interior",2406.11632969525,-62.0784229507262,2,1,1,TRUE,0.750307062866252,0.500614125732505,TRUE,66,0.240999999999985,"187, 203"
0.001,206,4,3,100064,0.015,1744.63181535822,2.13642264952051,2.70805020110221,"interior",2383.21685849443,-84.977894151546,2,1,1,TRUE,0.773459412041592,0.546918824083184,TRUE,26,0.0849999999999227,"187, 203"
0.001,206,4,3,100064,0.02,5217.99492929899,3.23199232513563,2.99573227355399,"interior",2365.12856109757,-103.066191548412,3,0.666666666666667,1,TRUE,0.78531618027804,0.570632360556081,TRUE,13,0.0750000000000455,"187, 203"
0.001,206,4,3,100064,0.025,20000,4.57561138374655,3.2188758248682,"upper",2349.90176455986,-118.292988086117,3,0.666666666666667,1,TRUE,0.789331722933744,0.578663445867488,TRUE,12,0.144999999999982,"187, 203"
0.001,206,4,3,100064,0.03,20000,4.57561138374655,3.40119738166216,"upper",2336.06598665807,-132.128765987913,3,0.666666666666667,1,TRUE,0.7889070779137,0.577814155827401,TRUE,11,0.156000000000063,"187, 203"
0.001,206,4,4,100065,1e-05,2,-4.63472898822964,-4.60517018598809,"lower",1945.11505941162,-470.797286235366,0,0,0,FALSE,0.0217148796211818,0.021668230970688,TRUE,178,0.750999999999976,"38, 362"
0.001,206,4,4,100065,1e-04,15.7497967000549,-2.57104871153427,-2.30258509299405,"interior",2288.30650995589,-127.605835691102,1,1,0.5,FALSE,0.493643411570683,0.00801151817741785,TRUE,96,0.379000000000019,"38, 362"
0.001,206,4,4,100065,0.001,68.7521405387518,-1.09736829761847,0,"interior",2414.32072854889,-1.5916170980995,1,1,0.5,FALSE,0.507392690062298,0.0147875410538232,TRUE,28,0.0960000000000036,"38, 362"
0.001,206,4,4,100065,0.003,182.505288179412,-0.121097019861297,1.09861228866811,"interior",2415.91234564699,0,2,1,1,TRUE,0.527376816000273,0.0547537260033388,TRUE,29,0.0949999999999136,"38, 362"
0.001,206,4,4,100065,0.005,271.362409834727,0.275579064356508,1.6094379124341,"interior",2407.08093996287,-8.83140568412227,2,0.5,0.5,FALSE,0.515640316684176,0.0312806396727051,TRUE,22,0.0710000000000264,"38, 362"
0.001,206,4,4,100065,0.008,425.123642816787,0.724503882099367,2.07944154167984,"interior",2394.10508715409,-21.8072584928959,2,0.5,0.5,FALSE,0.508486954490958,0.0169739093547716,TRUE,18,0.0579999999999927,"38, 362"
0.001,206,4,4,100065,0.01,551.835951657713,0.985374644292222,2.30258509299405,"interior",2386.32894697171,-29.5833986752814,2,0.5,0.5,FALSE,0.506200022034042,0.0124000441568879,TRUE,19,0.0620000000000118,"38, 362"
0.001,206,4,4,100065,0.015,1045.24402139786,1.62412948164873,2.70805020110221,"interior",2369.4563801748,-46.4559654721929,2,0.5,0.5,FALSE,0.503428225191778,0.00685645038912386,TRUE,20,0.0650000000000546,"38, 362"
0.001,206,4,4,100065,0.02,2855.88622562782,2.62926131691133,2.99573227355399,"interior",2355.4886192836,-60.4237263633868,2,0.5,0.5,FALSE,0.502873575658579,0.00574715131741155,TRUE,20,0.135999999999967,"38, 362"
0.001,206,4,4,100065,0.025,20000,4.57561138374655,3.2188758248682,"upper",2343.38536851196,-72.5269771350263,2,0.5,0.5,FALSE,0.502207060297909,0.00441412059587309,TRUE,14,0.164999999999964,"38, 362"
0.001,206,4,4,100065,0.03,20000,4.57561138374655,3.40119738166216,"upper",2331.87102274143,-84.0413229055562,2,0.5,0.5,FALSE,0.502279156812638,0.00455831362533243,TRUE,13,0.18100000000004,"38, 362"
0.001,206,4,5,100066,1e-05,2,-4.63472898822964,-4.60517018598809,"lower",2069.63338522268,-388.273195493588,0,0,0,FALSE,0.04360698488133,0.0337706241664947,TRUE,101,0.426000000000045,"260, 478"
0.001,206,4,5,100066,1e-04,24.5197609929296,-2.12839680520262,-2.30258509299405,"interior",2381.88249425363,-76.0240864626462,1,1,0.5,FALSE,0.139116775069772,0.00805460490772758,TRUE,74,0.302000000000021,"260, 478"
0.001,206,4,5,100066,0.001,87.513385887694,-0.856084405552854,0,"interior",2457.90658071627,0,1,1,0.5,FALSE,0.15195301215193,0.012272741348255,TRUE,23,0.0789999999999509,"260, 478"
0.001,206,4,5,100066,0.003,198.99431255399,-0.034599924604211,1.09861228866811,"interior",2446.5575816701,-11.348999046169,2,1,1,TRUE,0.200620049263555,0.0901366405577054,TRUE,32,0.105999999999995,"260, 478"
0.001,206,4,5,100066,0.005,313.547760581672,0.420075526032889,1.6094379124341,"interior",2435.40962632008,-22.4969543961902,2,1,1,TRUE,0.208529185052799,0.0928545196139504,TRUE,85,0.518000000000029,"260, 478"
0.001,206,4,5,100066,0.008,543.158723895867,0.969525417630836,2.07944154167984,"interior",2421.49414571426,-36.412435002017,2,1,1,TRUE,0.214726040248048,0.0937047974113631,TRUE,56,0.210000000000036,"260, 478"
0.001,206,4,5,100066,0.01,765.353536020375,1.31246169687253,2.30258509299405,"interior",2413.47529250926,-44.431288207014,2,1,1,TRUE,0.217363176192003,0.0938634279165302,TRUE,44,0.173000000000002,"260, 478"
0.001,206,4,5,100066,0.015,2128.15499326131,2.33513451419879,2.70805020110221,"interior",2396.25660887218,-61.6499718440955,2,1,1,TRUE,0.221777873177614,0.0937213528716451,TRUE,22,0.09699999999998,"260, 478"
0.001,206,4,5,100066,0.02,20000,4.57561138374655,2.99573227355399,"upper",2381.72580390469,-76.1807768115873,2,1,1,TRUE,0.224284524748329,0.0934827245033302,TRUE,14,0.180999999999926,"260, 478"
0.001,206,4,5,100066,0.025,20000,4.57561138374655,3.2188758248682,"upper",2368.03098786943,-89.8755928468408,2,1,1,TRUE,0.224269315211973,0.0935035224091312,TRUE,14,0.226999999999975,"260, 478"
0.001,206,4,5,100066,0.03,20000,4.57561138374655,3.40119738166216,"upper",2354.89105558711,-103.015525129164,2,1,1,TRUE,0.224250916723675,0.0935212144015749,TRUE,14,0.225999999999999,"260, 478"
0.001,447,4,1,100067,1e-05,2,-5.40941141405362,-4.60517018598809,"lower",2068.98559126617,-490.263099701919,0,0,0,FALSE,0.0202765189036709,0.0196679604176091,TRUE,171,0.73700000000008,"310, 411"
0.001,447,4,1,100067,1e-04,30.0256797960486,-2.70050558590304,-2.30258509299405,"interior",2425.05211778366,-134.196573184423,1,1,0.5,FALSE,0.504262464238591,0.00853187746556472,TRUE,61,0.232999999999947,"310, 411"
0.001,447,4,1,100067,0.001,242.063714577166,-0.613357619733148,0,"interior",2559.24869096809,0,2,1,1,TRUE,0.614526445735109,0.229052891470246,TRUE,35,0.141000000000076,"310, 411"
0.001,447,4,1,100067,0.003,725.371957706261,0.484125973790543,1.09861228866811,"interior",2546.48339489116,-12.7652960769228,2,1,1,TRUE,0.604356207557861,0.208712415115723,TRUE,13,0.04200000000003,"310, 411"
0.001,447,4,1,100067,0.005,1864.13406933338,1.42799332365348,1.6094379124341,"interior",2527.79101200455,-31.4576789635403,2,1,1,TRUE,0.593460389632976,0.186920779265952,TRUE,37,0.152000000000044,"310, 411"
0.001,447,4,1,100067,0.008,20000,3.80092895792256,2.07944154167984,"upper",2504.4317975808,-54.8168933872857,2,1,1,TRUE,0.585416197213512,0.170832394427025,TRUE,20,0.323999999999955,"310, 411"
0.001,447,4,1,100067,0.01,20000,3.80092895792256,2.30258509299405,"upper",2490.70919818166,-68.5394927864295,2,1,1,TRUE,0.585674716319341,0.171349432638682,TRUE,20,0.330000000000041,"310, 411"
0.001,447,4,1,100067,0.015,20000,3.80092895792256,2.70805020110221,"upper",2460.96921585292,-98.2794751151705,2,1,1,TRUE,0.586368349047302,0.172736698094604,TRUE,19,0.321000000000026,"310, 411"
0.001,447,4,1,100067,0.02,20000,3.80092895792256,2.99573227355399,"upper",2436.29157246113,-122.957118506954,2,1,1,TRUE,0.587038887270647,0.174077774541294,TRUE,19,0.315999999999917,"310, 411"
0.001,447,4,1,100067,0.025,20000,3.80092895792256,3.2188758248682,"upper",2415.16522718807,-144.083463780019,2,1,1,TRUE,0.587745069762549,0.175490139525098,TRUE,19,0.323999999999955,"310, 411"
0.001,447,4,1,100067,0.03,20000,3.80092895792256,3.40119738166216,"upper",2396.62836776282,-162.62032320527,2,1,1,TRUE,0.588443522142936,0.176887044285871,TRUE,20,0.334999999999923,"310, 411"
0.001,447,4,2,100068,1e-05,2,-5.40941141405362,-4.60517018598809,"lower",2108.6645076041,-456.531191261036,0,0,0,FALSE,0.0126142262965692,0.0122518059375103,TRUE,343,1.49400000000003,"38, 75"
0.001,447,4,2,100068,1e-04,34.5322261951935,-2.56066561395497,-2.30258509299405,"interior",2451.28528868332,-113.91041018182,1,1,0.5,FALSE,0.502948504330249,0.0082648991766775,TRUE,76,0.318000000000097,"38, 75"
0.001,447,4,2,100068,0.001,240.35748461549,-0.620431260273786,0,"interior",2565.19569886514,0,2,1,1,TRUE,0.732569082873255,0.465141688523981,TRUE,88,0.341000000000008,"38, 75"
0.001,447,4,2,100068,0.003,779.456847354471,0.556038732960561,1.09861228866811,"interior",2554.61107996151,-10.5846189036347,2,1,1,TRUE,0.746101152641199,0.492202396229348,TRUE,10,0.0330000000000155,"38, 75"
0.001,447,4,2,100068,0.005,2920.2437222021,1.87686376367319,1.6094379124341,"interior",2539.35603966427,-25.8396592008685,2,1,1,TRUE,0.749492711283542,0.498985436746125,TRUE,13,0.0690000000000737,"38, 75"
0.001,447,4,2,100068,0.008,20000,3.80092895792256,2.07944154167984,"upper",2518.77529875579,-46.4204001093503,2,1,1,TRUE,0.75078611831323,0.501572243520674,TRUE,11,0.161000000000058,"38, 75"
0.001,447,4,2,100068,0.01,20000,3.80092895792256,2.30258509299405,"upper",2505.67841263874,-59.5172862264017,2,1,1,TRUE,0.75089655682324,0.501793120479914,TRUE,11,0.163999999999987,"38, 75"
0.001,447,4,2,100068,0.015,20000,3.80092895792256,2.70805020110221,"upper",2476.42218824997,-88.7735106151736,2,1,1,TRUE,0.751205157897741,0.502410322495457,TRUE,10,0.158999999999992,"38, 75"
0.001,447,4,2,100068,0.02,20000,3.80092895792256,2.99573227355399,"upper",2451.57650010516,-113.619198759982,2,1,1,TRUE,0.751506279392528,0.5030125653478,TRUE,10,0.157000000000039,"38, 75"
0.001,447,4,2,100068,0.025,20000,3.80092895792256,3.2188758248682,"upper",2430.06208910549,-135.133609759652,2,1,1,TRUE,0.751807184240931,0.503614374910725,TRUE,10,0.158000000000015,"38, 75"
0.001,447,4,2,100068,0.03,20000,3.80092895792256,3.40119738166216,"upper",2411.07010454804,-154.1255943171,2,1,1,TRUE,0.75210787797415,0.504215762246624,TRUE,10,0.157999999999902,"38, 75"
0.001,447,4,3,100069,1e-05,2,-5.40941141405362,-4.60517018598809,"lower",2068.91289748116,-435.342776423586,0,0,0,FALSE,0.0219883873702688,0.0203449936629791,TRUE,161,0.670999999999935,"131, 356"
0.001,447,4,3,100069,1e-04,37.0592890636364,-2.49003955732848,-2.30258509299405,"interior",2399.62337979506,-104.632294109683,1,1,0.5,FALSE,0.251517171252957,0.00836388402765609,TRUE,71,0.289999999999964,"131, 356"
0.001,447,4,3,100069,0.001,214.398887157267,-0.734720355928212,0,"interior",2504.25567390475,0,2,1,1,TRUE,0.735660769898079,0.475215641383431,TRUE,99,0.372999999999934,"131, 356"
0.001,447,4,3,100069,0.003,473.994822908926,0.0586378048887921,1.09861228866811,"interior",2496.04757608844,-8.20809781630351,2,1,1,TRUE,0.731266356123236,0.462778833029642,TRUE,67,0.243999999999915,"131, 356"
0.001,447,4,3,100069,0.005,807.115605715724,0.590908317071551,1.6094379124341,"interior",2482.30234042868,-21.9533334760658,2,1,1,TRUE,0.727446012874014,0.454949678963634,TRUE,11,0.0360000000000582,"131, 356"
0.001,447,4,3,100069,0.008,1844.9874032086,1.41766913430854,2.07944154167984,"interior",2464.48184817013,-39.7738257346209,2,1,1,TRUE,0.723125038676833,0.446265421281686,TRUE,48,0.191000000000031,"131, 356"
0.001,447,4,3,100069,0.01,3935.39438091938,2.17520778508355,2.30258509299405,"interior",2454.33172727578,-49.923946628966,2,1,1,TRUE,0.720858350650122,0.441724702999488,TRUE,28,0.216999999999985,"131, 356"
0.001,447,4,3,100069,0.015,20000,3.80092895792256,2.70805020110221,"upper",2432.54371999019,-71.711953914561,2,1,1,TRUE,0.718998112959283,0.438001160315597,TRUE,16,0.244000000000028,"131, 356"
0.001,447,4,3,100069,0.02,20000,3.80092895792256,2.99573227355399,"upper",2412.89088325573,-91.3647906490123,2,1,1,TRUE,0.719039668525228,0.438084476692783,TRUE,17,0.259000000000015,"131, 356"
0.001,447,4,3,100069,0.025,20000,3.80092895792256,3.2188758248682,"upper",2395.19044242142,-109.065231483326,2,1,1,TRUE,0.719081816951027,0.438168972970852,TRUE,18,0.280999999999949,"131, 356"
0.001,447,4,3,100069,0.03,20000,3.80092895792256,3.40119738166216,"upper",2379.16109301178,-125.094580892969,2,1,1,TRUE,0.719122341696856,0.438250220490476,TRUE,18,0.278999999999996,"131, 356"
0.001,447,4,4,100070,1e-05,2,-5.40941141405362,-4.60517018598809,"lower",2128.30290793024,-468.313666546784,0,0,0,FALSE,0.0110560758078281,0.0107684924960779,TRUE,284,1.31299999999999,"203, 416"
0.001,447,4,4,100070,1e-04,29.4604180283587,-2.71951099398666,-2.30258509299405,"interior",2474.94571611347,-121.670858363552,1,1,0.5,FALSE,0.504737855874782,0.0474775315264145,TRUE,64,0.246999999999957,"203, 416"
0.001,447,4,4,100070,0.001,381.567354457538,-0.158271207814438,0,"interior",2596.61657447702,0,2,1,1,TRUE,0.999999999965755,0.999999999931783,TRUE,13,0.04200000000003,"203, 416"
0.001,447,4,4,100070,0.003,1600.55482124259,1.27554701678243,1.09861228866811,"interior",2576.00396902903,-20.6126054479946,2,1,1,TRUE,0.999999999999886,0.999999999999772,TRUE,14,0.0470000000000255,"203, 416"
0.001,447,4,4,100070,0.005,20000,3.80092895792256,1.6094379124341,"upper",2554.75237259099,-41.8642018860351,2,1,1,TRUE,0.999999999999992,0.999999999999984,TRUE,11,0.157000000000039,"203, 416"
0.001,447,4,4,100070,0.008,20000,3.80092895792256,2.07944154167984,"upper",2527.76259000299,-68.853984474039,2,1,1,TRUE,0.999999999999992,0.999999999999984,TRUE,10,0.15199999999993,"203, 416"
0.001,447,4,4,100070,0.01,20000,3.80092895792256,2.30258509299405,"upper",2512.18188503669,-84.4346894403343,2,1,1,TRUE,0.999999999999992,0.999999999999984,TRUE,10,0.15199999999993,"203, 416"
0.001,447,4,4,100070,0.015,20000,3.80092895792256,2.70805020110221,"upper",2479.54105979692,-117.075514680106,2,1,1,TRUE,0.999999999999992,0.999999999999983,TRUE,9,0.139999999999986,"203, 416"
0.001,447,4,4,100070,0.02,20000,3.80092895792256,2.99573227355399,"upper",2453.07326297327,-143.543311503759,2,1,1,TRUE,0.999999999999991,0.999999999999983,TRUE,9,0.145999999999958,"203, 416"
0.001,447,4,4,100070,0.025,20000,3.80092895792256,3.2188758248682,"upper",2430.67716692815,-165.93940754887,2,1,1,TRUE,0.999999999999991,0.999999999999982,TRUE,9,0.146999999999935,"203, 416"
0.001,447,4,4,100070,0.03,20000,3.80092895792256,3.40119738166216,"upper",2411.17524414511,-185.441330331917,2,1,1,TRUE,0.999999999999991,0.999999999999981,TRUE,9,0.144000000000005,"203, 416"
0.001,447,4,5,100071,1e-05,2,-5.40941141405362,-4.60517018598809,"lower",2062.20880306962,-492.852708450148,0,0,0,FALSE,0.0464402050441209,0.041102660096608,TRUE,159,0.669000000000096,"104, 144"
0.001,447,4,5,100071,1e-04,25.3492284062256,-2.86981030266385,-2.30258509299405,"interior",2412.10715409529,-142.954357424482,1,1,0.5,FALSE,0.112893060419223,0.00877171360879414,TRUE,70,0.296000000000049,"104, 144"
0.001,447,4,5,100071,0.001,224.029377183808,-0.690781403215694,0,"interior",2551.8257260177,-3.23578550207321,2,1,1,TRUE,0.551798838835929,0.535004150632624,TRUE,66,0.242999999999938,"104, 144"
0.001,447,4,5,100071,0.003,940.537502354881,0.743892928244687,1.09861228866811,"interior",2555.06151151977,0,2,1,1,TRUE,0.667472323836286,0.659119954581703,TRUE,34,0.112999999999943,"104, 144"
0.001,447,4,5,100071,0.005,8769.53749656552,2.97648075236835,1.6094379124341,"interior",2544.21179630963,-10.8497152101427,2,1,1,TRUE,0.714064818068731,0.690746430223088,TRUE,12,0.0779999999999745,"104, 144"
0.001,447,4,5,100071,0.008,20000,3.80092895792256,2.07944154167984,"upper",2524.53544032566,-30.5260711941105,2,1,1,TRUE,0.717629399678685,0.693390764459004,TRUE,11,0.162000000000035,"104, 144"
0.001,447,4,5,100071,0.01,20000,3.80092895792256,2.30258509299405,"upper",2511.05315971014,-44.008351809629,2,1,1,TRUE,0.717508482359549,0.693461620449007,TRUE,10,0.149000000000001,"104, 144"
0.001,447,4,5,100071,0.015,20000,3.80092895792256,2.70805020110221,"upper",2480.4868316444,-74.5746798753685,2,1,1,TRUE,0.717150435806125,0.693613066844607,TRUE,9,0.139999999999986,"104, 144"
0.001,447,4,5,100071,0.02,20000,3.80092895792256,2.99573227355399,"upper",2454.47466730319,-100.58684421658,2,1,1,TRUE,0.716775044282998,0.693761204775277,TRUE,9,0.145999999999958,"104, 144"
0.001,447,4,5,100071,0.025,20000,3.80092895792256,3.2188758248682,"upper",2432.02496496165,-123.036546558122,2,1,1,TRUE,0.71640941940813,0.693912827617784,TRUE,9,0.144999999999982,"104, 144"
0.001,447,4,5,100071,0.03,20000,3.80092895792256,3.40119738166216,"upper",2412.28489236412,-142.776619155653,2,1,1,TRUE,0.716043123041166,0.694063313264532,TRUE,9,0.146999999999935,"104, 144"
0.001,972,4,1,100072,1e-05,2,-6.18620862390049,-4.60517018598809,"lower",2171.86488272431,-484.595133267158,0,0,0,FALSE,0.0185639626247504,0.0178497368630632,TRUE,163,0.699000000000069,"103, 422"
0.001,972,4,1,100072,1e-04,39.7015340196485,-3.1979659772204,-2.30258509299405,"interior",2529.44535171434,-127.014664277129,1,1,0.5,FALSE,0.29754172784629,0.00896963625862301,TRUE,72,0.303999999999974,"103, 422"
0.001,972,4,1,100072,0.001,684.144435652204,-0.35118674589549,0,"interior",2656.46001599147,0,2,1,1,TRUE,0.765532599654261,0.551444780514229,TRUE,72,0.293000000000006,"103, 422"
0.001,972,4,1,100072,0.003,20000,3.02413174807569,1.09861228866811,"upper",2635.32092333,-21.1390926614658,2,1,1,TRUE,0.779135866803474,0.566306831769451,TRUE,64,1.09899999999993,"103, 422"
0.001,972,4,1,100072,0.005,20000,3.02413174807569,1.6094379124341,"upper",2609.32430356519,-47.1357124262781,2,1,1,TRUE,0.779100027931071,0.56629705404697,TRUE,65,1.31200000000001,"103, 422"
0.001,972,4,1,100072,0.008,20000,3.02413174807569,2.07944154167984,"upper",2577.19520088416,-79.2648151073095,2,1,1,TRUE,0.779047095837129,0.566280560078405,TRUE,65,1.12799999999993,"103, 422"
0.001,972,4,1,100072,0.01,20000,3.02413174807569,2.30258509299405,"upper",2559.39881337703,-97.0612026144313,2,1,1,TRUE,0.779011541359889,0.566269489459843,TRUE,65,1.12200000000007,"103, 422"
0.001,972,4,1,100072,0.015,20000,3.02413174807569,2.70805020110221,"upper",2523.04082525112,-133.41919074035,2,1,1,TRUE,0.778921713032989,0.566241538120006,TRUE,65,1.10799999999995,"103, 422"
0.001,972,4,1,100072,0.02,20000,3.02413174807569,2.99573227355399,"upper",2494.15294629905,-162.307069692421,2,1,1,TRUE,0.778830522534851,0.566213169162385,TRUE,65,1.13700000000006,"103, 422"
0.001,972,4,1,100072,0.025,20000,3.02413174807569,3.2188758248682,"upper",2469.99149346545,-186.468522526017,2,1,1,TRUE,0.778737950140171,0.566184348393246,TRUE,65,1.12200000000007,"103, 422"
0.001,972,4,1,100072,0.03,20000,3.02413174807569,3.40119738166216,"upper",2449.11216302513,-207.347852966338,2,1,1,TRUE,0.778645182643264,0.566152916631967,TRUE,64,1.10900000000004,"103, 422"
0.001,972,4,2,100073,1e-05,2,-6.18620862390049,-4.60517018598809,"lower",2192.29832771989,-466.024524867971,0,0,0,FALSE,0.0379483368403875,0.020223453338592,TRUE,97,0.394000000000005,"77, 164"
0.001,972,4,2,100073,1e-04,49.6658257909474,-2.97403871771002,-2.30258509299405,"interior",2537.68005109092,-120.642801496939,1,1,0.5,FALSE,0.260662044912514,0.00938651000806978,TRUE,75,0.313999999999965,"77, 164"
0.001,972,4,2,100073,0.001,864.865473131735,-0.116781832014479,0,"interior",2658.32285258786,0,2,1,1,TRUE,0.621537484187117,0.531766421786629,TRUE,71,0.288999999999987,"77, 164"
0.001,972,4,2,100073,0.003,20000,3.02413174807569,1.09861228866811,"upper",2636.1780504977,-22.1448020901648,2,1,1,TRUE,0.657649567321982,0.53837789329217,TRUE,67,1.15999999999997,"77, 164"
0.001,972,4,2,100073,0.005,20000,3.02413174807569,1.6094379124341,"upper",2609.87434820369,-48.4485043841737,2,1,1,TRUE,0.657938376875706,0.538366965704756,TRUE,68,1.27499999999998,"77, 164"
0.001,972,4,2,100073,0.008,20000,3.02413174807569,2.07944154167984,"upper",2577.53144209804,-80.7914104898205,2,1,1,TRUE,0.65836863674906,0.538350743784358,TRUE,69,1.226,"77, 164"
0.001,972,4,2,100073,0.01,20000,3.02413174807569,2.30258509299405,"upper",2559.6521212753,-98.6707313125571,2,1,1,TRUE,0.65865089843737,0.538339546998339,TRUE,69,1.21499999999992,"77, 164"
0.001,972,4,2,100073,0.015,20000,3.02413174807569,2.70805020110221,"upper",2523.18528658735,-135.137566000514,2,1,1,TRUE,0.65935254369197,0.538312457839051,TRUE,70,1.41899999999998,"77, 164"
0.001,972,4,2,100073,0.02,20000,3.02413174807569,2.99573227355399,"upper",2494.26372067519,-164.059131912675,2,1,1,TRUE,0.660038748080071,0.538284792621911,TRUE,70,1.25800000000004,"77, 164"
0.001,972,4,2,100073,0.025,20000,3.02413174807569,3.2188758248682,"upper",2470.10582040046,-188.217032187401,2,1,1,TRUE,0.660713689143631,0.538257308725147,TRUE,70,1.23199999999997,"77, 164"
0.001,972,4,2,100073,0.03,20000,3.02413174807569,3.40119738166216,"upper",2449.24889429104,-209.073958296816,2,1,1,TRUE,0.661381590149523,0.538230776691599,TRUE,71,1.26400000000001,"77, 164"
0.001,972,4,3,100074,1e-05,3.13015478475133,-5.73827334913386,-4.60517018598809,"interior",2158.42800014835,-490.840684340159,1,1,0.5,FALSE,0.0503853996747735,0.0123006824080267,TRUE,185,0.773000000000025,"9, 377"
0.001,972,4,3,100074,1e-04,38.250484161161,-3.23519958645987,-2.30258509299405,"interior",2514.51280117262,-134.755883315886,1,1,0.5,FALSE,0.0893959677826401,0.00904664582862846,TRUE,78,0.321000000000026,"9, 377"
0.001,972,4,3,100074,0.001,761.246747592888,-0.244398257901436,0,"interior",2649.2686844885,0,2,1,1,TRUE,0.482748431102033,0.18917239851822,TRUE,72,0.289999999999964,"9, 377"
0.001,972,4,3,100074,0.003,20000,3.02413174807569,1.09861228866811,"upper",2633.01859885187,-16.2500856366378,2,1,1,TRUE,0.523494734517353,0.187080754826727,TRUE,28,0.468000000000075,"9, 377"
0.001,972,4,3,100074,0.005,20000,3.02413174807569,1.6094379124341,"upper",2607.62285100777,-41.6458334807371,2,1,1,TRUE,0.523172534107354,0.187154757616627,TRUE,27,0.457000000000107,"9, 377"
0.001,972,4,3,100074,0.008,20000,3.02413174807569,2.07944154167984,"upper",2575.18989029101,-74.078794197495,2,1,1,TRUE,0.522669021950495,0.187268431588385,TRUE,27,0.466999999999985,"9, 377"
0.001,972,4,3,100074,0.01,20000,3.02413174807569,2.30258509299405,"upper",2557.03271667025,-92.2359678182547,2,1,1,TRUE,0.522308609738361,0.187348506786784,TRUE,28,0.473999999999933,"9, 377"
0.001,972,4,3,100074,0.015,20000,3.02413174807569,2.70805020110221,"upper",2519.77601931753,-129.492665170969,2,1,1,TRUE,0.521454842210747,0.187532739282981,TRUE,28,0.480999999999995,"9, 377"
0.001,972,4,3,100074,0.02,20000,3.02413174807569,2.99573227355399,"upper",2490.13081612419,-159.137868364311,2,1,1,TRUE,0.520559314986488,0.187719254070265,TRUE,29,0.48599999999999,"9, 377"
0.001,972,4,3,100074,0.025,20000,3.02413174807569,3.2188758248682,"upper",2465.34684277522,-183.92184171328,2,1,1,TRUE,0.519669589035296,0.187897500483879,TRUE,29,0.490000000000009,"9, 377"
0.001,972,4,3,100074,0.03,20000,3.02413174807569,3.40119738166216,"upper",2443.94832957075,-205.320354917757,2,1,1,TRUE,0.518765322934376,0.18807227121905,TRUE,29,0.489000000000033,"9, 377"
0.001,972,4,4,100075,1e-05,2,-6.18620862390049,-4.60517018598809,"lower",2160.02366690034,-464.144781268478,0,0,0,FALSE,0.0133597935910971,0.00834862964010841,TRUE,158,0.666000000000054,"15, 263"
0.001,972,4,4,100075,1e-04,52.0266258160878,-2.9276001819994,-2.30258509299405,"interior",2508.56668687834,-115.60176129048,1,1,0.5,FALSE,0.503733984071536,0.00819613240006967,TRUE,74,0.299999999999955,"15, 263"
0.001,972,4,4,100075,0.001,414.144287887721,-0.853141369886698,0,"interior",2624.16844816882,0,1,1,0.5,FALSE,0.528934966185044,0.0578699370839384,TRUE,23,0.0739999999999554,"15, 263"
0.001,972,4,4,100075,0.003,5004.02547857065,1.63864215875422,1.09861228866811,"interior",2605.19080550805,-18.9776426607755,1,1,0.5,FALSE,0.585410767245398,0.170821534500378,TRUE,16,0.138000000000034,"15, 263"
0.001,972,4,4,100075,0.005,20000,3.02413174807569,1.6094379124341,"upper",2583.2472756312,-40.9211725376208,1,1,0.5,FALSE,0.590172209265837,0.180344418537071,TRUE,17,0.274000000000001,"15, 263"
0.001,972,4,4,100075,0.008,20000,3.02413174807569,2.07944154167984,"upper",2553.892571347,-70.275876821825,1,1,0.5,FALSE,0.589522549350424,0.179045098706376,TRUE,16,0.262000000000057,"15, 263"
0.001,972,4,4,100075,0.01,20000,3.02413174807569,2.30258509299405,"upper",2537.12113441902,-87.047313749797,1,1,0.5,FALSE,0.589062052888927,0.178124105783472,TRUE,16,0.268000000000029,"15, 263"
0.001,972,4,4,100075,0.015,20000,3.02413174807569,2.70805020110221,"upper",2502.25872560362,-121.9097225652,1,1,0.5,FALSE,0.587930257767977,0.175860515541798,TRUE,16,0.27800000000002,"15, 263"
0.001,972,4,4,100075,0.02,20000,3.02413174807569,2.99573227355399,"upper",2474.2386275781,-149.929820590719,1,1,0.5,FALSE,0.586819733753197,0.173639467512469,TRUE,16,0.267999999999915,"15, 263"
0.001,972,4,4,100075,0.025,20000,3.02413174807569,3.2188758248682,"upper",2450.69982286828,-173.468625300541,1,1,0.5,FALSE,0.585727110567253,0.171454221140818,TRUE,16,0.2650000000001,"15, 263"
0.001,972,4,4,100075,0.03,20000,3.02413174807569,3.40119738166216,"upper",2430.3270870583,-193.841361110527,1,1,0.5,FALSE,0.584650032418335,0.169300064843221,TRUE,16,0.265999999999963,"15, 263"
0.001,972,4,5,100076,1e-05,2,-6.18620862390049,-4.60517018598809,"lower",2095.15846646169,-518.948246576294,0,0,0,FALSE,0.0203862887895545,0.0191862376671847,TRUE,221,0.946000000000026,"118, 328"
0.001,972,4,5,100076,1e-04,38.3239837233305,-3.23327989738408,-2.30258509299405,"interior",2460.67986735759,-153.426845680401,1,1,0.5,FALSE,0.504214885595335,0.00849384843403245,TRUE,76,0.307000000000016,"118, 328"
0.001,972,4,5,100076,0.001,474.587502294432,-0.716909793939861,0,"interior",2614.10671303799,0,2,1,1,TRUE,0.999998913648511,0.999997827297475,TRUE,72,0.293000000000006,"118, 328"
0.001,972,4,5,100076,0.003,18926.9486388894,2.96898623493235,1.09861228866811,"interior",2607.17176975882,-6.93494327916414,2,1,1,TRUE,0.999999994981313,0.999999989962626,TRUE,9,0.0759999999999081,"118, 328"
0.001,972,4,5,100076,0.005,20000,3.02413174807569,1.6094379124341,"upper",2588.21144545903,-25.8952675789587,2,1,1,TRUE,0.999999995357538,0.999999990715076,TRUE,6,0.0699999999999363,"118, 328"
0.001,972,4,5,100076,0.008,20000,3.02413174807569,2.07944154167984,"upper",2560.40985004087,-53.696862997117,2,1,1,TRUE,0.999999995837523,0.999999991675047,TRUE,7,0.114999999999895,"118, 328"
0.001,972,4,5,100076,0.01,20000,3.02413174807569,2.30258509299405,"upper",2544.11374208426,-69.9929709537228,2,1,1,TRUE,0.999999995870326,0.999999991740653,TRUE,11,0.173000000000002,"118, 328"
0.001,972,4,5,100076,0.015,20000,3.02413174807569,2.70805020110221,"upper",2509.80252548257,-104.304187555418,2,1,1,TRUE,0.999999995997769,0.999999991995537,TRUE,12,0.214999999999918,"118, 328"
0.001,972,4,5,100076,0.02,20000,3.02413174807569,2.99573227355399,"upper",2481.98258335592,-132.124129682063,2,1,1,TRUE,0.999999996148522,0.999999992297044,TRUE,12,0.216000000000008,"118, 328"
0.001,972,4,5,100076,0.025,20000,3.02413174807569,3.2188758248682,"upper",2458.50789647976,-155.598816558231,2,1,1,TRUE,0.999999996270383,0.999999992540767,TRUE,13,0.225999999999999,"118, 328"
0.001,972,4,5,100076,0.03,20000,3.02413174807569,3.40119738166216,"upper",2438.13120905233,-175.975503985657,2,1,1,TRUE,0.999999996408511,0.999999992817023,TRUE,13,0.225999999999999,"118, 328"
0.001,2115,4,1,100077,1e-05,2,-6.96366291092043,-4.60517018598809,"lower",2247.0533961657,-456.523939287256,0,0,0,FALSE,0.0147067228379165,0.0139473535982395,TRUE,240,1.04399999999998,"15, 227"
0.001,2115,4,1,100077,1e-04,66.0155917208774,-3.46691913915869,-2.30258509299405,"interior",2592.62293133804,-110.954404114919,1,1,0.5,FALSE,0.504188253783289,0.00838145146645275,TRUE,80,0.528999999999996,"15, 227"
0.001,2115,4,1,100077,0.001,3792.8485479369,0.58406252005116,0,"interior",2703.57733545296,0,1,1,0.5,FALSE,0.807686344591543,0.61537268918333,TRUE,62,0.504999999999995,"15, 227"
0.001,2115,4,1,100077,0.003,20000,2.24667746105575,1.09861228866811,"upper",2673.21456869139,-30.3627667615688,1,1,0.5,FALSE,0.82673625766755,0.653472515335227,TRUE,54,0.980000000000018,"15, 227"
0.001,2115,4,1,100077,0.005,20000,2.24667746105575,1.6094379124341,"upper",2641.62382551713,-61.9535099358254,1,1,0.5,FALSE,0.827110499060919,0.654220998121967,TRUE,54,1.02599999999995,"15, 227"
0.001,2115,4,1,100077,0.008,20000,2.24667746105575,2.07944154167984,"upper",2604.56172144844,-99.0156140045146,1,1,0.5,FALSE,0.827665286531914,0.655330573063957,TRUE,54,0.986999999999966,"15, 227"
0.001,2115,4,1,100077,0.01,20000,2.24667746105575,2.30258509299405,"upper",2584.48288698662,-119.094448466341,1,1,0.5,FALSE,0.828030792427404,0.65606158485494,TRUE,54,1.03199999999993,"15, 227"
0.001,2115,4,1,100077,0.015,20000,2.24667746105575,2.70805020110221,"upper",2544.12509855413,-159.452236898823,1,1,0.5,FALSE,0.828929474805097,0.657858949610328,TRUE,54,0.997999999999934,"15, 227"
0.001,2115,4,1,100077,0.02,20000,2.24667746105575,2.99573227355399,"upper",2512.57192135914,-191.005414093816,1,1,0.5,FALSE,0.829806968807879,0.659613937615894,TRUE,54,1.005,"15, 227"
0.001,2115,4,1,100077,0.025,20000,2.24667746105575,3.2188758248682,"upper",2486.48058566419,-217.096749788773,1,1,0.5,FALSE,0.830670337206035,0.661340674412207,TRUE,54,0.990999999999985,"15, 227"
0.001,2115,4,1,100077,0.03,20000,2.24667746105575,3.40119738166216,"upper",2464.13347914041,-239.443856312551,1,1,0.5,FALSE,0.831525032399178,0.663050064798495,TRUE,53,0.956000000000017,"15, 227"
0.001,2115,4,2,100078,1e-05,2,-6.96366291092043,-4.60517018598809,"lower",2242.91848907766,-457.932625909746,0,0,0,FALSE,0.0389797089649792,0.0234165110598953,TRUE,204,0.909999999999968,"423, 488"
0.001,2115,4,2,100078,1e-04,75.1390198598689,-3.33747009560557,-2.30258509299405,"interior",2592.64355683621,-108.207558151193,1,1,0.5,FALSE,0.281477987906206,0.00844353061524317,TRUE,77,0.333000000000084,"423, 488"
0.001,2115,4,2,100078,0.001,3213.48087329225,0.418299921327018,0,"interior",2700.85111498741,0,1,1,0.5,FALSE,0.611685185253398,0.582438405828707,TRUE,69,0.588999999999942,"423, 488"
0.001,2115,4,2,100078,0.003,20000,2.24667746105575,1.09861228866811,"upper",2670.01034211405,-30.8407728733509,1,1,0.5,FALSE,0.634692457393978,0.62287916804058,TRUE,61,1.101,"423, 488"
0.001,2115,4,2,100078,0.005,20000,2.24667746105575,1.6094379124341,"upper",2638.89858220963,-61.952532777771,1,1,0.5,FALSE,0.634766756048934,0.623009497194432,TRUE,61,1.14599999999996,"423, 488"
0.001,2115,4,2,100078,0.008,20000,2.24667746105575,2.07944154167984,"upper",2602.43786286746,-98.4132521199476,1,1,0.5,FALSE,0.634894480242995,0.623235394865204,TRUE,62,1.14300000000003,"423, 488"
0.001,2115,4,2,100078,0.01,20000,2.24667746105575,2.30258509299405,"upper",2582.66699044425,-118.184124543153,1,1,0.5,FALSE,0.634963888039019,0.62335569314059,TRUE,62,1.35500000000002,"423, 488"
0.001,2115,4,2,100078,0.015,20000,2.24667746105575,2.70805020110221,"upper",2542.87319696831,-157.977918019094,1,1,0.5,FALSE,0.635148330156556,0.623675912482307,TRUE,63,1.17100000000005,"423, 488"
0.001,2115,4,2,100078,0.02,20000,2.24667746105575,2.99573227355399,"upper",2511.704928446,-189.146186541407,1,1,0.5,FALSE,0.635300037970816,0.623932058793847,TRUE,63,1.18399999999997,"423, 488"
0.001,2115,4,2,100078,0.025,20000,2.24667746105575,3.2188758248682,"upper",2485.89265322809,-214.958461759317,1,1,0.5,FALSE,0.635458276406267,0.624198733128557,TRUE,64,1.1880000000001,"423, 488"
0.001,2115,4,2,100078,0.03,20000,2.24667746105575,3.40119738166216,"upper",2463.75421138188,-237.09690360553,1,1,0.5,FALSE,0.635582834494697,0.624399495029498,TRUE,64,1.17399999999998,"423, 488"
0.001,2115,4,3,100079,1e-05,2,-6.96366291092043,-4.60517018598809,"lower",2277.6142480839,-419.478449953321,0,0,0,FALSE,0.0184551698925175,0.0175742896923851,TRUE,168,0.769000000000005,"25, 400"
0.001,2115,4,3,100079,1e-04,59.4869215283691,-3.57105360933562,-2.30258509299405,"interior",2600.57936026512,-96.5133377721049,1,1,0.5,FALSE,0.505434650657318,0.0108693256432576,TRUE,79,0.326999999999998,"25, 400"
0.001,2115,4,3,100079,0.001,3045.97720269592,0.364766957605265,0,"interior",2697.09269803722,0,2,1,1,TRUE,0.766776498527154,0.533552997054308,TRUE,74,0.603999999999928,"25, 400"
0.001,2115,4,3,100079,0.003,20000,2.24667746105575,1.09861228866811,"upper",2665.77554174968,-31.3171562875482,2,1,1,TRUE,0.767516431471745,0.53503286294349,TRUE,75,1.38700000000006,"25, 400"
0.001,2115,4,3,100079,0.005,20000,2.24667746105575,1.6094379124341,"upper",2635.21140158185,-61.8812964553699,2,1,1,TRUE,0.76746466622491,0.534929332449819,TRUE,76,1.43600000000004,"25, 400"
0.001,2115,4,3,100079,0.008,20000,2.24667746105575,2.07944154167984,"upper",2599.244112875,-97.8485851622277,2,1,1,TRUE,0.767383629505757,0.534767259011513,TRUE,76,1.46500000000003,"25, 400"
0.001,2115,4,3,100079,0.01,20000,2.24667746105575,2.30258509299405,"upper",2579.66107856351,-117.431619473716,2,1,1,TRUE,0.767331857890517,0.534663715781034,TRUE,77,1.45600000000002,"25, 400"
0.001,2115,4,3,100079,0.015,20000,2.24667746105575,2.70805020110221,"upper",2540.10410531346,-156.988592723764,2,1,1,TRUE,0.767196947268695,0.534393894537391,TRUE,77,1.41499999999996,"25, 400"
0.001,2115,4,3,100079,0.02,20000,2.24667746105575,2.99573227355399,"upper",2509.0246989633,-188.067999073926,2,1,1,TRUE,0.767064337797519,0.534128675595038,TRUE,78,1.62100000000009,"25, 400"
0.001,2115,4,3,100079,0.025,20000,2.24667746105575,3.2188758248682,"upper",2483.24415726971,-213.848540767516,2,1,1,TRUE,0.766929676205578,0.533859352411156,TRUE,78,1.46799999999996,"25, 400"
0.001,2115,4,3,100079,0.03,20000,2.24667746105575,3.40119738166216,"upper",2461.11561001149,-235.977088025735,2,1,1,TRUE,0.766795135670277,0.533590271340555,TRUE,78,1.471,"25, 400"
0.001,2115,4,4,100080,1e-05,2,-6.96366291092043,-4.60517018598809,"lower",2197.33813091192,-489.106722432775,0,0,0,FALSE,0.0311970153811049,0.0289420442931575,TRUE,132,0.576000000000022,"21, 49"
0.001,2115,4,4,100080,1e-04,59.8021013459615,-3.5657692915766,-2.30258509299405,"interior",2556.35564697702,-130.089206367671,1,1,0.5,FALSE,0.504313108037845,0.00862647565095853,TRUE,77,0.330000000000041,"21, 49"
0.001,2115,4,4,100080,0.001,1963.14531256958,-0.074506874182311,0,"interior",2686.44485334469,0,2,1,1,TRUE,0.999938569040348,0.999877138080702,TRUE,8,0.0300000000000864,"21, 49"
0.001,2115,4,4,100080,0.003,20000,2.24667746105575,1.09861228866811,"upper",2661.02384153252,-25.4210118121709,2,1,1,TRUE,0.999980529813029,0.999961059626058,TRUE,6,0.0789999999999509,"21, 49"
0.001,2115,4,4,100080,0.005,20000,2.24667746105575,1.6094379124341,"upper",2631.09591860776,-55.3489347369382,2,1,1,TRUE,0.999980769664174,0.999961539328349,TRUE,6,0.115000000000009,"21, 49"
0.001,2115,4,4,100080,0.008,20000,2.24667746105575,2.07944154167984,"upper",2595.38744085599,-91.0574124887053,2,1,1,TRUE,0.999981062164196,0.999962124328394,TRUE,6,0.110000000000014,"21, 49"
0.001,2115,4,4,100080,0.01,20000,2.24667746105575,2.30258509299405,"upper",2575.91425842256,-110.530594922138,2,1,1,TRUE,0.999981253137641,0.999962506275282,TRUE,6,0.119000000000028,"21, 49"
0.001,2115,4,4,100080,0.015,20000,2.24667746105575,2.70805020110221,"upper",2536.61386110327,-149.830992241427,2,1,1,TRUE,0.999981716962209,0.99996343392442,TRUE,6,0.120000000000005,"21, 49"
0.001,2115,4,4,100080,0.02,20000,2.24667746105575,2.99573227355399,"upper",2505.78446965108,-180.660383693616,2,1,1,TRUE,0.999982162138081,0.999964324276162,TRUE,6,0.117000000000075,"21, 49"
0.001,2115,4,4,100080,0.025,20000,2.24667746105575,3.2188758248682,"upper",2480.24083459981,-206.204018744888,2,1,1,TRUE,0.999982589606624,0.999965179213249,TRUE,6,0.11099999999999,"21, 49"
0.001,2115,4,4,100080,0.03,20000,2.24667746105575,3.40119738166216,"upper",2458.33116082114,-228.113692523557,2,1,1,TRUE,0.999983000254053,0.999966000508106,TRUE,6,0.115999999999985,"21, 49"
0.001,2115,4,5,100081,1e-05,2,-6.96366291092043,-4.60517018598809,"lower",2215.47135841743,-452.786992388093,0,0,0,FALSE,0.0268656734598899,0.0260756335417857,TRUE,190,0.845000000000027,"68, 173"
0.001,2115,4,5,100081,1e-04,60.3563512737164,-3.55654390881615,-2.30258509299405,"interior",2558.08373137411,-110.174619431416,1,1,0.5,FALSE,0.152287208389748,0.00932910112592444,TRUE,79,0.345000000000027,"68, 173"
0.001,2115,4,5,100081,0.001,1210.30586263025,-0.558181705799567,0,"interior",2668.25835080552,0,2,1,1,TRUE,0.695438365798066,0.390876731706503,TRUE,62,0.246999999999957,"68, 173"
0.001,2115,4,5,100081,0.003,20000,2.24667746105575,1.09861228866811,"upper",2639.56414172785,-28.6942090776715,2,1,1,TRUE,0.707657222328886,0.415314444660799,TRUE,41,0.716000000000008,"68, 173"
0.001,2115,4,5,100081,0.005,20000,2.24667746105575,1.6094379124341,"upper",2610.57970581831,-57.6786449872166,2,1,1,TRUE,0.707657443387624,0.415314886778332,TRUE,42,0.796000000000049,"68, 173"
0.001,2115,4,5,100081,0.008,20000,2.24667746105575,2.07944154167984,"upper",2576.15222824213,-92.1061225633962,2,1,1,TRUE,0.707657823919044,0.41531564784126,TRUE,43,0.81899999999996,"68, 173"
0.001,2115,4,5,100081,0.01,20000,2.24667746105575,2.30258509299405,"upper",2557.38188895855,-110.876461846974,2,1,1,TRUE,0.707658318017955,0.415316636039142,TRUE,43,0.810000000000059,"68, 173"
0.001,2115,4,5,100081,0.015,20000,2.24667746105575,2.70805020110221,"upper",2519.45200739221,-148.806343413315,2,1,1,TRUE,0.707659759967701,0.41531951993879,TRUE,43,0.802000000000021,"68, 173"
0.001,2115,4,5,100081,0.02,20000,2.24667746105575,2.99573227355399,"upper",2489.63407005274,-178.624280752782,2,1,1,TRUE,0.707661489391772,0.415322978787099,TRUE,43,0.798000000000002,"68, 173"
0.001,2115,4,5,100081,0.025,20000,2.24667746105575,3.2188758248682,"upper",2464.88295803585,-203.375392769676,2,1,1,TRUE,0.707663499197963,0.415326998399656,TRUE,43,0.785000000000082,"68, 173"
0.001,2115,4,5,100081,0.03,20000,2.24667746105575,3.40119738166216,"upper",2443.62132073027,-224.63703007525,2,1,1,TRUE,0.707665785542607,0.415331571089127,TRUE,43,0.788999999999987,"68, 173"
0.001,4599,4,1,100082,1e-05,4.13555339245136,-7.01397301671263,-4.60517018598809,"interior",2183.54457635093,-495.555683269823,0,0,0,FALSE,0.111280545648524,0.0537278521540606,TRUE,265,1.14599999999996,"4, 144"
0.001,4599,4,1,100082,1e-04,49.901156652321,-4.52354998564586,-2.30258509299405,"interior",2543.0502792445,-136.049980376247,1,1,0.5,FALSE,0.137842417991802,0.00823145031646355,TRUE,80,0.331999999999994,"4, 144"
0.001,4599,4,1,100082,0.001,1205.43078972694,-1.33900188365565,0,"interior",2679.10025962075,0,2,1,1,TRUE,0.646439393643222,0.295047252675132,TRUE,75,0.307999999999993,"4, 144"
0.001,4599,4,1,100082,0.003,20000,1.4698933849962,1.09861228866811,"upper",2663.5042754133,-15.5959842074512,2,1,1,TRUE,0.645381589073663,0.291637995262806,TRUE,56,1.19399999999996,"4, 144"
0.001,4599,4,1,100082,0.005,20000,1.4698933849962,1.6094379124341,"upper",2637.20648681275,-41.8937728079968,2,1,1,TRUE,0.645394174046679,0.29164125200882,TRUE,57,0.999000000000024,"4, 144"
0.001,4599,4,1,100082,0.008,20000,1.4698933849962,2.07944154167984,"upper",2604.10206229273,-74.9981973280178,2,1,1,TRUE,0.645405742245563,0.29163228720756,TRUE,57,0.994000000000028,"4, 144"
0.001,4599,4,1,100082,0.01,20000,1.4698933849962,2.30258509299405,"upper",2585.62800957607,-93.4722500446801,2,1,1,TRUE,0.645412971206728,0.291626156978815,TRUE,57,1.048,"4, 144"
0.001,4599,4,1,100082,0.015,20000,1.4698933849962,2.70805020110221,"upper",2547.7643140624,-131.335945558344,2,1,1,TRUE,0.645433679012472,0.291619070350091,TRUE,58,1.06100000000004,"4, 144"
0.001,4599,4,1,100082,0.02,20000,1.4698933849962,2.99573227355399,"upper",2517.66786442176,-161.432395198987,2,1,1,TRUE,0.645447960084635,0.291602426153666,TRUE,58,1.04600000000005,"4, 144"
0.001,4599,4,1,100082,0.025,20000,1.4698933849962,3.2188758248682,"upper",2492.53786738144,-186.562392239311,2,1,1,TRUE,0.645459579960475,0.291583726371228,TRUE,58,1.01400000000001,"4, 144"
0.001,4599,4,1,100082,0.03,20000,1.4698933849962,3.40119738166216,"upper",2470.87207787613,-208.228181744617,2,1,1,TRUE,0.64547334968182,0.291572594371497,TRUE,59,1.06200000000001,"4, 144"
0.001,4599,4,2,100083,1e-05,6.63105302283428,-6.54183054898033,-4.60517018598809,"interior",2179.62547160581,-503.985361589065,1,1,0.5,FALSE,0.102391812811466,0.00797254555129834,TRUE,181,0.746999999999957,"250, 325"
0.001,4599,4,2,100083,1e-04,72.9288241986494,-4.14411021300133,-2.30258509299405,"interior",2545.39129815934,-138.21953503554,1,1,0.5,FALSE,0.131564531827245,0.00844602777166703,TRUE,77,0.309000000000083,"250, 325"
0.001,4599,4,2,100083,0.001,1911.03325964188,-0.878194819138243,0,"interior",2683.61083319488,0,2,1,1,TRUE,0.689433834433969,0.381249568949637,TRUE,73,0.300999999999931,"250, 325"
0.001,4599,4,2,100083,0.003,20000,1.4698933849962,1.09861228866811,"upper",2659.24800089418,-24.3628323006956,2,1,1,TRUE,0.700421406544771,0.401765482938821,TRUE,67,1.18700000000001,"250, 325"
0.001,4599,4,2,100083,0.005,20000,1.4698933849962,1.6094379124341,"upper",2629.41445503167,-54.1963781632071,2,1,1,TRUE,0.700425756560099,0.401759519853574,TRUE,67,1.20600000000002,"250, 325"
0.001,4599,4,2,100083,0.008,20000,1.4698933849962,2.07944154167984,"upper",2593.95324568486,-89.6575875100116,2,1,1,TRUE,0.700432034670952,0.401750718171691,TRUE,68,1.21600000000001,"250, 325"
0.001,4599,4,2,100083,0.01,20000,1.4698933849962,2.30258509299405,"upper",2574.70727817775,-108.903555017129,2,1,1,TRUE,0.700436418005343,0.401745212571671,TRUE,68,1.21500000000003,"250, 325"
0.001,4599,4,2,100083,0.015,20000,1.4698933849962,2.70805020110221,"upper",2536.02545527082,-147.585377924056,2,1,1,TRUE,0.700446810065229,0.401731739623599,TRUE,69,1.45899999999995,"250, 325"
0.001,4599,4,2,100083,0.02,20000,1.4698933849962,2.99573227355399,"upper",2505.78103585186,-177.829797343012,2,1,1,TRUE,0.700456921133214,0.401719028903963,TRUE,70,1.29200000000003,"250, 325"
0.001,4599,4,2,100083,0.025,20000,1.4698933849962,3.2188758248682,"upper",2480.75500201634,-202.855831178531,2,1,1,TRUE,0.70046695482455,0.401707073860482,TRUE,70,1.34800000000007,"250, 325"
0.001,4599,4,2,100083,0.03,20000,1.4698933849962,3.40119738166216,"upper",2459.29667193923,-224.314161255646,2,1,1,TRUE,0.700476447736474,0.401695660579423,TRUE,71,1.322,"250, 325"
0.001,4599,4,3,100084,1e-05,2,-7.74044698697998,-4.60517018598809,"lower",2193.78992878122,-481.492885408266,0,0,0,FALSE,0.0201390297516133,0.0197071254468861,TRUE,174,0.76400000000001,"98, 123"
0.001,4599,4,3,100084,1e-04,63.2273190974296,-4.28685769558653,-2.30258509299405,"interior",2546.60619615507,-128.676618034413,1,1,0.5,FALSE,0.287079553778651,0.0086016250053027,TRUE,77,0.311000000000035,"98, 123"
0.001,4599,4,3,100084,0.001,1357.93221844082,-1.21987577344987,0,"interior",2675.28281418948,0,2,1,1,TRUE,0.875206318122391,0.754806480124207,TRUE,71,0.294000000000096,"98, 123"
0.001,4599,4,3,100084,0.003,20000,1.4698933849962,1.09861228866811,"upper",2657.13889582071,-18.1439183687771,2,1,1,TRUE,0.8910406203787,0.783799617331542,TRUE,57,1,"98, 123"
0.001,4599,4,3,100084,0.005,20000,1.4698933849962,1.6094379124341,"upper",2630.11296131665,-45.1698528728307,2,1,1,TRUE,0.891009679483869,0.78374861504381,TRUE,57,1.01499999999999,"98, 123"
0.001,4599,4,3,100084,0.008,20000,1.4698933849962,2.07944154167984,"upper",2596.3337481819,-78.9490660075894,2,1,1,TRUE,0.890963352310408,0.783672516501571,TRUE,57,1.01200000000006,"98, 123"
0.001,4599,4,3,100084,0.01,20000,1.4698933849962,2.30258509299405,"upper",2577.52526196621,-97.7575522232783,2,1,1,TRUE,0.89093233069527,0.783621348964235,TRUE,56,0.997999999999934,"98, 123"
0.001,4599,4,3,100084,0.015,20000,1.4698933849962,2.70805020110221,"upper",2539.01734031707,-136.265473872411,2,1,1,TRUE,0.89085507079119,0.783494695995499,TRUE,55,1.04100000000005,"98, 123"
0.001,4599,4,3,100084,0.02,20000,1.4698933849962,2.99573227355399,"upper",2508.42291808268,-166.859896106801,2,1,1,TRUE,0.890777945061847,0.783368757378403,TRUE,54,0.990000000000009,"98, 123"
0.001,4599,4,3,100084,0.025,20000,1.4698933849962,3.2188758248682,"upper",2482.87319352822,-192.409620661267,2,1,1,TRUE,0.890700868863769,0.783243118259533,TRUE,52,0.94500000000005,"98, 123"
0.001,4599,4,3,100084,0.03,20000,1.4698933849962,3.40119738166216,"upper",2460.83663856045,-214.446175629038,2,1,1,TRUE,0.89062420538043,0.783119032855149,TRUE,51,0.900999999999954,"98, 123"
0.001,4599,4,4,100085,1e-05,2,-7.74044698697998,-4.60517018598809,"lower",2218.12930112187,-492.791752576899,0,0,0,FALSE,0.035366827286406,0.030651242367338,TRUE,167,0.937000000000012,"111, 480"
0.001,4599,4,4,100085,1e-04,61.3388500230384,-4.31718075661615,-2.30258509299405,"interior",2580.782431638,-130.13862206077,1,1,0.5,FALSE,0.153841752310889,0.00883306176639387,TRUE,72,0.30499999999995,"111, 480"
0.001,4599,4,4,100085,0.001,20000,1.4698933849962,0,"upper",2710.92105369877,0,2,1,1,TRUE,0.201054157071781,0.0705424648080983,TRUE,37,0.644000000000005,"111, 480"
0.001,4599,4,4,100085,0.003,20000,1.4698933849962,1.09861228866811,"upper",2678.71464972056,-32.206403978209,2,1,1,TRUE,0.20111146726678,0.07066356521673,TRUE,37,0.657000000000039,"111, 480"
0.001,4599,4,4,100085,0.005,20000,1.4698933849962,1.6094379124341,"upper",2646.70780747243,-64.2132462263357,2,1,1,TRUE,0.201168843971179,0.0707853794912726,TRUE,37,0.663999999999987,"111, 480"
0.001,4599,4,4,100085,0.008,20000,1.4698933849962,2.07944154167984,"upper",2609.56415580786,-101.356897890907,2,1,1,TRUE,0.201255442097638,0.0709691010573756,TRUE,37,0.662000000000035,"111, 480"
0.001,4599,4,4,100085,0.01,20000,1.4698933849962,2.30258509299405,"upper",2589.49970807301,-121.421345625762,2,1,1,TRUE,0.201313534791798,0.0710922580619486,TRUE,37,0.658000000000015,"111, 480"
0.001,4599,4,4,100085,0.015,20000,1.4698933849962,2.70805020110221,"upper",2549.17121670673,-161.749836992035,2,1,1,TRUE,0.201458037852458,0.0714050807009252,TRUE,36,0.644000000000005,"111, 480"
0.001,4599,4,4,100085,0.02,20000,1.4698933849962,2.99573227355399,"upper",2517.59106577742,-193.329987921353,2,1,1,TRUE,0.201606587600029,0.0717190984610452,TRUE,36,0.653999999999996,"111, 480"
0.001,4599,4,4,100085,0.025,20000,1.4698933849962,3.2188758248682,"upper",2491.42747881853,-219.493574880242,2,1,1,TRUE,0.201755318598872,0.0720398147159798,TRUE,35,0.638000000000034,"111, 480"
0.001,4599,4,4,100085,0.03,20000,1.4698933849962,3.40119738166216,"upper",2468.9796668251,-241.941386873666,2,1,1,TRUE,0.20190657520443,0.0723644403390838,TRUE,34,0.588999999999942,"111, 480"
0.001,4599,4,5,100086,1e-05,2.97608526345293,-7.34298540062569,-4.60517018598809,"interior",2225.71563801737,-481.99381870162,0,0,0,FALSE,0.0602385364957939,0.0281690908396559,TRUE,133,0.537000000000035,"23, 145"
0.001,4599,4,5,100086,1e-04,56.2056282964582,-4.40457726803091,-2.30258509299405,"interior",2577.10495178246,-130.604504936529,1,1,0.5,FALSE,0.175084778094991,0.0106653361725989,TRUE,77,0.319999999999936,"23, 145"
0.001,4599,4,5,100086,0.001,10957.1277631168,0.868151293207895,0,"interior",2707.70945671899,0,2,1,1,TRUE,0.664618987142224,0.337269019950516,TRUE,58,0.577999999999975,"23, 145"
0.001,4599,4,5,100086,0.003,20000,1.4698933849962,1.09861228866811,"upper",2677.68985224762,-30.0196044713666,2,1,1,TRUE,0.664700859851383,0.337133424315134,TRUE,59,1.06200000000001,"23, 145"
0.001,4599,4,5,100086,0.005,20000,1.4698933849962,1.6094379124341,"upper",2646.52156034915,-61.1878963698373,2,1,1,TRUE,0.664700762613378,0.337154652855069,TRUE,59,1.06399999999996,"23, 145"
0.001,4599,4,5,100086,0.008,20000,1.4698933849962,2.07944154167984,"upper",2609.924497605,-97.7849591139807,2,1,1,TRUE,0.664700443310905,0.337185409074386,TRUE,58,1.04399999999998,"23, 145"
0.001,4599,4,5,100086,0.01,20000,1.4698933849962,2.30258509299405,"upper",2590.06575760685,-117.64369911214,2,1,1,TRUE,0.664700378385733,0.337206729280595,TRUE,58,1.04700000000003,"23, 145"
0.001,4599,4,5,100086,0.015,20000,1.4698933849962,2.70805020110221,"upper",2550.06993142835,-157.639525290634,2,1,1,TRUE,0.664700107383838,0.337259060313254,TRUE,57,1.02800000000002,"23, 145"
0.001,4599,4,5,100086,0.02,20000,1.4698933849962,2.99573227355399,"upper",2518.71487108176,-188.994585637226,2,1,1,TRUE,0.664699998476148,0.337311718593083,TRUE,56,1.23199999999997,"23, 145"
0.001,4599,4,5,100086,0.025,20000,1.4698933849962,3.2188758248682,"upper",2492.72152558793,-214.987931131053,2,1,1,TRUE,0.664699958608427,0.337363638150232,TRUE,54,0.975000000000023,"23, 145"
0.001,4599,4,5,100086,0.03,20000,1.4698933849962,3.40119738166216,"upper",2470.40491528551,-237.304541433473,2,1,1,TRUE,0.664700382546393,0.337417262236516,TRUE,53,0.97199999999998,"23, 145"
0.001,10000,4,1,100087,1e-05,2,-8.51719319141624,-4.60517018598809,"lower",2131.57492018967,-523.863633561125,0,0,0,FALSE,0.0212056284072314,0.0201339964327306,TRUE,167,0.747999999999934,"237, 405"
0.001,10000,4,1,100087,1e-04,52.1535711705951,-5.25614771405144,-2.30258509299405,"interior",2500.56411687695,-154.87443687384,1,1,0.5,FALSE,0.504429717292496,0.0088594367111805,TRUE,71,0.30600000000004,"237, 405"
0.001,10000,4,1,100087,0.001,966.015189567564,-2.33716081369726,0,"interior",2655.43855375079,0,2,1,1,TRUE,0.995825176695916,0.991650353391832,TRUE,64,0.240000000000009,"237, 405"
0.001,10000,4,1,100087,0.003,20000,0.693147180559944,1.09861228866811,"upper",2643.21434842573,-12.2242053250652,2,1,1,TRUE,0.99903713811219,0.99807427622438,TRUE,31,0.557000000000016,"237, 405"
0.001,10000,4,1,100087,0.005,20000,0.693147180559944,1.6094379124341,"upper",2618.28296775394,-37.1555859968489,2,1,1,TRUE,0.999026451048407,0.998052902096813,TRUE,33,0.581999999999994,"237, 405"
0.001,10000,4,1,100087,0.008,20000,0.693147180559944,2.07944154167984,"upper",2586.05939608229,-69.3791576685016,2,1,1,TRUE,0.999016316459495,0.998032632918989,TRUE,33,0.594000000000051,"237, 405"
0.001,10000,4,1,100087,0.01,20000,0.693147180559944,2.30258509299405,"upper",2567.98338022744,-87.4551735233531,2,1,1,TRUE,0.999004492062542,0.998008984125084,TRUE,34,0.600999999999999,"237, 405"
0.001,10000,4,1,100087,0.015,20000,0.693147180559944,2.70805020110221,"upper",2530.92804417532,-124.510509575467,2,1,1,TRUE,0.998986975364369,0.997973950728737,TRUE,33,0.587999999999965,"237, 405"
0.001,10000,4,1,100087,0.02,20000,0.693147180559944,2.99573227355399,"upper",2501.51859204139,-153.919961709405,2,1,1,TRUE,0.998965735219366,0.997931470438733,TRUE,33,0.591000000000008,"237, 405"
0.001,10000,4,1,100087,0.025,20000,0.693147180559944,3.2188758248682,"upper",2476.99416253091,-178.444391219881,2,1,1,TRUE,0.99894427265876,0.99788854531752,TRUE,33,0.586999999999989,"237, 405"
0.001,10000,4,1,100087,0.03,20000,0.693147180559944,3.40119738166216,"upper",2455.86495072021,-199.57360303058,2,1,1,TRUE,0.998922601352087,0.997845202704174,TRUE,33,0.586999999999989,"237, 405"
0.001,10000,4,2,100088,1e-05,2,-8.51719319141624,-4.60517018598809,"lower",2205.47376034456,-495.367013606655,0,0,0,FALSE,0.0325832414907568,0.0325559203091167,TRUE,169,0.753000000000043,"128, 465"
0.001,10000,4,2,100088,1e-04,104.093167290394,-4.56505403452867,-2.30258509299405,"interior",2564.76279548437,-136.077978466849,2,1,1,TRUE,0.606531641723729,0.454441927491456,TRUE,88,0.352000000000089,"128, 465"
0.001,10000,4,2,100088,0.001,5702.69085546397,-0.561646949642244,0,"interior",2700.84077395122,0,2,1,1,TRUE,0.854555452478402,0.732734225365779,TRUE,33,0.282999999999902,"128, 465"
0.001,10000,4,2,100088,0.003,20000,0.693147180559944,1.09861228866811,"upper",2671.70669764101,-29.1340763102098,2,1,1,TRUE,0.861621891144515,0.744107416570753,TRUE,30,0.54099999999994,"128, 465"
0.001,10000,4,2,100088,0.005,20000,0.693147180559944,1.6094379124341,"upper",2639.97311191182,-60.8676620393935,2,1,1,TRUE,0.861861458290342,0.744508606568471,TRUE,31,0.565000000000055,"128, 465"
0.001,10000,4,2,100088,0.008,20000,0.693147180559944,2.07944154167984,"upper",2602.81766337212,-98.0231105790949,2,1,1,TRUE,0.862218749388437,0.745107898044048,TRUE,31,0.566999999999894,"128, 465"
0.001,10000,4,2,100088,0.01,20000,0.693147180559944,2.30258509299405,"upper",2582.71156354921,-118.129210402005,2,1,1,TRUE,0.862456826381741,0.745507429094549,TRUE,31,0.560000000000059,"128, 465"
0.001,10000,4,2,100088,0.015,20000,0.693147180559944,2.70805020110221,"upper",2542.27174613861,-158.569027812602,2,1,1,TRUE,0.863051788651817,0.74650666874939,TRUE,31,0.562999999999988,"128, 465"
0.001,10000,4,2,100088,0.02,20000,0.693147180559944,2.99573227355399,"upper",2510.56956917116,-190.271204780053,2,1,1,TRUE,0.86364674397959,0.747507205807078,TRUE,31,0.566000000000031,"128, 465"
0.001,10000,4,2,100088,0.025,20000,0.693147180559944,3.2188758248682,"upper",2484.26661534386,-216.574158607358,2,1,1,TRUE,0.864256887920858,0.74853277253326,TRUE,30,0.549999999999955,"128, 465"
0.001,10000,4,2,100088,0.03,20000,0.693147180559944,3.40119738166216,"upper",2461.66174968885,-239.179024262368,2,1,1,TRUE,0.864853547326251,0.749539993883416,TRUE,30,0.55499999999995,"128, 465"
0.001,10000,4,3,100089,1e-05,2,-8.51719319141624,-4.60517018598809,"lower",2194.78666220542,-507.225822548274,0,0,0,FALSE,0.020400321507612,0.0197636238895604,TRUE,147,0.640999999999963,"32, 336"
0.001,10000,4,3,100089,1e-04,54.0606980180906,-5.22023291929687,-2.30258509299405,"interior",2556.65282221488,-145.35966253881,1,1,0.5,FALSE,0.452012238084504,0.00887860165876408,TRUE,77,0.326000000000022,"32, 336"
0.001,10000,4,3,100089,0.001,4792.11693864174,-0.735612829590135,0,"interior",2702.01248475369,0,2,1,1,TRUE,0.90647080874175,0.822634181699675,TRUE,26,0.246999999999957,"32, 336"
0.001,10000,4,3,100089,0.003,20000,0.693147180559944,1.09861228866811,"upper",2675.02109364817,-26.9913911055241,2,1,1,TRUE,0.911733757067999,0.831910138494976,TRUE,24,0.642000000000053,"32, 336"
0.001,10000,4,3,100089,0.005,20000,0.693147180559944,1.6094379124341,"upper",2643.33374929844,-58.6787354552471,2,1,1,TRUE,0.911935648447272,0.832285229422756,TRUE,24,0.436000000000035,"32, 336"
0.001,10000,4,3,100089,0.008,20000,0.693147180559944,2.07944154167984,"upper",2606.13066377708,-95.8818209766077,2,1,1,TRUE,0.912239440422113,0.832855999619781,TRUE,25,0.450000000000045,"32, 336"
0.001,10000,4,3,100089,0.01,20000,0.693147180559944,2.30258509299405,"upper",2586.04327555495,-115.969209198737,2,1,1,TRUE,0.912441711541556,0.833231379063436,TRUE,25,0.450999999999908,"32, 336"
0.001,10000,4,3,100089,0.015,20000,0.693147180559944,2.70805020110221,"upper",2545.80231480571,-156.210169947982,2,1,1,TRUE,0.912949021831248,0.834178403256484,TRUE,26,0.465000000000032,"32, 336"
0.001,10000,4,3,100089,0.02,20000,0.693147180559944,2.99573227355399,"upper",2514.42423970019,-187.588245053503,2,1,1,TRUE,0.913457211265306,0.835125730844175,TRUE,27,0.487999999999943,"32, 336"
0.001,10000,4,3,100089,0.025,20000,0.693147180559944,3.2188758248682,"upper",2488.50410147993,-213.508383273758,2,1,1,TRUE,0.913965935202179,0.836072828373799,TRUE,28,0.493000000000052,"32, 336"
0.001,10000,4,3,100089,0.03,20000,0.693147180559944,3.40119738166216,"upper",2466.30829920889,-235.704185544801,2,1,1,TRUE,0.914472001346552,0.837008820544949,TRUE,28,0.490000000000009,"32, 336"
0.001,10000,4,4,100090,1e-05,2,-8.51719319141624,-4.60517018598809,"lower",2200.0014727504,-496.403686631774,0,0,0,FALSE,0.0304488712060175,0.0301715848425989,TRUE,145,0.658999999999992,"33, 422"
0.001,10000,4,4,100090,1e-04,60.4328947509394,-5.10880680020261,-2.30258509299405,"interior",2556.09508990992,-140.310069472253,1,1,0.5,FALSE,0.504621059608052,0.010008110869303,TRUE,74,0.313999999999965,"33, 422"
0.001,10000,4,4,100090,0.001,3818.34594245148,-0.962767763505106,0,"interior",2696.40515938217,0,2,1,1,TRUE,0.99999844408514,0.99999688909007,TRUE,59,0.497999999999934,"33, 422"
0.001,10000,4,4,100090,0.003,20000,0.693147180559944,1.09861228866811,"upper",2670.35102055827,-26.0541388239003,2,1,1,TRUE,0.999999155347259,0.99999831107795,TRUE,55,0.991999999999962,"33, 422"
0.001,10000,4,4,100090,0.005,20000,0.693147180559944,1.6094379124341,"upper",2639.53339023187,-56.871769150297,2,1,1,TRUE,0.999999144187341,0.999998288759017,TRUE,56,1.00199999999995,"33, 422"
0.001,10000,4,4,100090,0.008,20000,0.693147180559944,2.07944154167984,"upper",2602.90805548025,-93.4971039019233,2,1,1,TRUE,0.99999912727145,0.999998254928234,TRUE,56,1.01299999999992,"33, 422"
0.001,10000,4,4,100090,0.01,20000,0.693147180559944,2.30258509299405,"upper",2582.98835393539,-113.416805446784,2,1,1,TRUE,0.999999115809967,0.999998232005928,TRUE,56,1.00800000000004,"33, 422"
0.001,10000,4,4,100090,0.015,20000,0.693147180559944,2.70805020110221,"upper",2542.86823549503,-153.536923887141,2,1,1,TRUE,0.999999086622609,0.9999981736324,TRUE,55,1.01099999999997,"33, 422"
0.001,10000,4,4,100090,0.02,20000,0.693147180559944,2.99573227355399,"upper",2511.44248352837,-184.962675853799,2,1,1,TRUE,0.999999056342759,0.99999811307431,TRUE,55,1.05700000000002,"33, 422"
0.001,10000,4,4,100090,0.025,20000,0.693147180559944,3.2188758248682,"upper",2485.41710869038,-210.988050691793,2,1,1,TRUE,0.999999025192381,0.999998050774711,TRUE,54,0.993000000000052,"33, 422"
0.001,10000,4,4,100090,0.03,20000,0.693147180559944,3.40119738166216,"upper",2463.09477859121,-233.310380790962,2,1,1,TRUE,0.999998993014375,0.999997986419844,TRUE,53,1.07399999999996,"33, 422"
0.001,10000,4,5,100091,1e-05,4.36890864961173,-7.7358271309891,-4.60517018598809,"interior",2264.59124172726,-452.870293676783,1,1,0.5,FALSE,0.0527507507018541,0.00809011574044516,TRUE,121,0.551000000000045,"37, 210"
0.001,10000,4,5,100091,1e-04,52.8757567223897,-5.24239542317759,-2.30258509299405,"interior",2607.56939131132,-109.89214409272,1,1,0.5,FALSE,0.147870328325438,0.00895355033305334,TRUE,83,0.379999999999995,"37, 210"
0.001,10000,4,5,100091,0.001,20000,0.693147180559944,0,"upper",2717.46153540404,0,2,1,1,TRUE,0.773410139835574,0.546823415224486,TRUE,70,1.79700000000003,"37, 210"
0.001,10000,4,5,100091,0.003,20000,0.693147180559944,1.09861228866811,"upper",2678.16769075031,-39.2938446537291,2,1,1,TRUE,0.77342708443534,0.546857351574209,TRUE,71,1.60199999999998,"37, 210"
0.001,10000,4,5,100091,0.005,20000,0.693147180559944,1.6094379124341,"upper",2644.02631733306,-73.4352180709789,2,1,1,TRUE,0.773444551667819,0.546892336238686,TRUE,72,1.48400000000004,"37, 210"
0.001,10000,4,5,100091,0.008,20000,0.693147180559944,2.07944154167984,"upper",2605.71609351262,-111.745441891418,2,1,1,TRUE,0.773470467603252,0.546944243821097,TRUE,73,1.39699999999993,"37, 210"
0.001,10000,4,5,100091,0.01,20000,0.693147180559944,2.30258509299405,"upper",2585.41216213716,-132.049373266875,2,1,1,TRUE,0.773487327753752,0.546978014210618,TRUE,73,1.37800000000004,"37, 210"
0.001,10000,4,5,100091,0.015,20000,0.693147180559944,2.70805020110221,"upper",2545.20561863247,-172.255916771565,2,1,1,TRUE,0.773529445136309,0.547062378671386,TRUE,73,1.37300000000005,"37, 210"
0.001,10000,4,5,100091,0.02,20000,0.693147180559944,2.99573227355399,"upper",2514.14274906111,-203.318786342924,2,1,1,TRUE,0.773572205578773,0.547148037957765,TRUE,74,1.57900000000006,"37, 210"
0.001,10000,4,5,100091,0.025,20000,0.693147180559944,3.2188758248682,"upper",2488.60732720202,-228.854208202017,2,1,1,TRUE,0.773613981342032,0.547231731767411,TRUE,74,1.38599999999997,"37, 210"
0.001,10000,4,5,100091,0.03,20000,0.693147180559944,3.40119738166216,"upper",2466.80298911044,-250.658546293594,2,1,1,TRUE,0.773655428656202,0.547314775148082,TRUE,74,1.38099999999997,"37, 210"
0.001,20,5,1,100092,1e-05,2,-2.30258509299405,-4.60517018598809,"lower",1675.0799051399,-343.601925161347,0,0,0,FALSE,0.0215809870916484,0.0163137128206106,TRUE,122,0.570999999999913,"4, 190"
0.001,20,5,1,100092,1e-04,2,-2.30258509299405,-2.30258509299405,"lower",1901.31455211983,-117.36727818141,0,0,0,FALSE,0.0215953323412887,0.0163100301967469,TRUE,115,0.499000000000024,"4, 190"
0.001,20,5,1,100092,0.001,2,-2.30258509299405,0,"lower",1996.35475676279,-22.3270735384497,0,0,0,FALSE,0.0216449428037667,0.0163074624393393,TRUE,113,0.501000000000204,"4, 190"
0.001,20,5,1,100092,0.003,9.49347449828971,-0.745127605884769,1.09861228866811,"interior",2016.0017167791,-2.68011352214808,0,0,0,FALSE,0.0732386080662527,0.00806447930749354,TRUE,93,0.413000000000011,"4, 190"
0.001,20,5,1,100092,0.005,12.6574038651952,-0.457489943807204,1.6094379124341,"interior",2018.68183030124,0,1,1,0.5,FALSE,0.0797719071439431,0.00812511422627837,TRUE,85,0.341000000000122,"4, 190"
0.001,20,5,1,100092,0.008,16.4906207618905,-0.192940492943276,2.07944154167984,"interior",2016.53191256121,-2.14991774003306,1,1,0.5,FALSE,0.0853226143270396,0.00836131636051285,TRUE,75,0.305999999999813,"4, 190"
0.001,20,5,1,100092,0.01,18.778676785356,-0.0630102609699459,2.30258509299405,"interior",2013.73526177036,-4.9465685308819,1,1,0.5,FALSE,0.0878733831042126,0.00870123968000192,TRUE,62,0.255999999999858,"4, 190"
0.001,20,5,1,100092,0.015,24.3633180218954,0.197346367807643,2.70805020110221,"interior",2005.38144207197,-13.3003882292787,1,1,0.5,FALSE,0.0926744563185258,0.0108650954712823,TRUE,35,0.118999999999915,"4, 190"
0.001,20,5,1,100092,0.02,33.1271438572703,0.504620728877613,2.99573227355399,"interior",1996.7743988117,-21.907431489544,1,1,0.5,FALSE,0.101258848778534,0.0225437448500492,TRUE,61,0.258000000000038,"4, 190"
0.001,20,5,1,100092,0.025,41.0719278318262,0.719592593459552,3.2188758248682,"interior",1988.47504167477,-30.2067886264704,1,1,0.5,FALSE,0.108238629066053,0.0327981453845347,TRUE,47,0.211000000000013,"4, 190"
0.001,20,5,1,100092,0.03,48.1861060059778,0.879338448811099,3.40119738166216,"interior",1980.57732100825,-38.1045092929962,1,1,0.5,FALSE,0.113448771132444,0.040530970829786,TRUE,41,0.139000000000124,"4, 190"
0.001,20,5,2,100093,1e-05,2,-2.30258509299405,-4.60517018598809,"lower",1473.3203482288,-481.452600440657,0,0,0,FALSE,0.019192115052995,0.0154520081410681,TRUE,159,0.709999999999809,"62, 283"
0.001,20,5,2,100093,1e-04,2,-2.30258509299405,-2.30258509299405,"lower",1761.71377638421,-193.059172285255,0,0,0,FALSE,0.019281489924521,0.0154554102558437,TRUE,150,0.678000000000111,"62, 283"
0.001,20,5,2,100093,0.001,2,-2.30258509299405,0,"lower",1909.75035291414,-45.0225957553212,0,0,0,FALSE,0.0193459754217489,0.0154580767493586,TRUE,147,0.667000000000144,"62, 283"
0.001,20,5,2,100093,0.003,10.7034940924614,-0.625162034694876,1.09861228866811,"interior",1944.30352101759,-10.4694276518737,1,1,0.5,FALSE,0.187798719971875,0.00799820839866416,TRUE,102,0.44600000000014,"62, 283"
0.001,20,5,2,100093,0.005,14.1227482401419,-0.347945425856791,1.6094379124341,"interior",1952.39292985771,-2.38001881174591,1,1,0.5,FALSE,0.192434097317714,0.00804078399538832,TRUE,87,0.350999999999885,"62, 283"
0.001,20,5,2,100093,0.008,18.2576864711898,-0.0911461056918665,2.07944154167984,"interior",1954.77294866946,0,1,1,0.5,FALSE,0.197440611687623,0.0081229420654102,TRUE,76,0.308999999999969,"62, 283"
0.001,20,5,2,100093,0.01,20.6466412437457,0.0318203809892488,2.30258509299405,"interior",1954.06156135415,-0.711387315307775,1,1,0.5,FALSE,0.200159113402416,0.00819539459369445,TRUE,70,0.294999999999845,"62, 283"
0.001,20,5,2,100093,0.015,25.8884857223655,0.25806602959839,2.70805020110221,"interior",1949.48534234868,-5.28760632077842,1,1,0.5,FALSE,0.20577453222501,0.00847562931675683,TRUE,56,0.240000000000009,"62, 283"
0.001,20,5,2,100093,0.02,30.5171092017776,0.422555210216898,2.99573227355399,"interior",1943.50003330227,-11.2729153671869,1,1,0.5,FALSE,0.21034954075285,0.00896557710765256,TRUE,44,0.152000000000044,"62, 283"
0.001,20,5,2,100093,0.025,34.8136607739527,0.554277587174113,3.2188758248682,"interior",1937.20020829153,-17.5727403779329,1,1,0.5,FALSE,0.214493727324101,0.00973731565792535,TRUE,39,0.134999999999991,"62, 283"
0.001,20,5,2,100093,0.03,40.2678958241812,0.699822248247685,3.40119738166216,"interior",1930.96557218495,-23.8073764845062,1,1,0.5,FALSE,0.220164762364544,0.0140293723228998,TRUE,87,0.34900000000016,"62, 283"
0.001,20,5,3,100094,1e-05,2,-2.30258509299405,-4.60517018598809,"lower",1347.65116614673,-506.485330835912,0,0,0,FALSE,0.0226642387382188,0.021489072923724,TRUE,136,0.628999999999905,"11, 396"
0.001,20,5,3,100094,1e-04,2,-2.30258509299405,-2.30258509299405,"lower",1692.53999717419,-161.596499808453,0,0,0,FALSE,0.0227023892140353,0.0215184136477462,TRUE,122,0.533999999999878,"11, 396"
0.001,20,5,3,100094,0.001,2,-2.30258509299405,0,"lower",1838.64328171328,-15.4932152693602,0,0,0,FALSE,0.0227136350210157,0.0215271309372927,TRUE,117,0.517000000000053,"11, 396"
0.001,20,5,3,100094,0.003,2,-2.30258509299405,1.09861228866811,"lower",1854.13649698265,0,0,0,0,FALSE,0.0227360453970057,0.0215438791261674,TRUE,117,0.510999999999967,"11, 396"
0.001,20,5,3,100094,0.005,2,-2.30258509299405,1.6094379124341,"lower",1852.32444038826,-1.81205659438888,0,0,0,FALSE,0.0227935785142809,0.0215867801590246,TRUE,118,0.517000000000053,"11, 396"
0.001,20,5,3,100094,0.008,3.85139376319802,-1.64729717435136,2.07944154167984,"interior",1845.60733837135,-8.52915861129941,0,0,0,FALSE,0.0423544724737387,0.0315256706871393,TRUE,116,0.493999999999915,"11, 396"
0.001,20,5,3,100094,0.01,4.84792334645706,-1.41718183628635,2.30258509299405,"interior",1840.66485688592,-13.471640096725,0,0,0,FALSE,0.052816793143697,0.033452795912376,TRUE,112,0.482999999999947,"11, 396"
0.001,20,5,3,100094,0.015,6.63771932916334,-1.10296384359013,2.70805020110221,"interior",1828.58196890914,-25.5545280735023,0,0,0,FALSE,0.0706014410503005,0.0330871731413125,TRUE,104,0.452999999999975,"11, 396"
0.001,20,5,3,100094,0.02,8.04396160087631,-0.910810575290445,2.99573227355399,"interior",1817.46007249976,-36.6764244828901,0,0,0,FALSE,0.0846321110918342,0.0311933524152859,TRUE,101,0.447999999999865,"11, 396"
0.001,20,5,3,100094,0.025,9.25473488140491,-0.770596973924257,3.2188758248682,"interior",1807.31636700655,-46.8201299760992,0,0,0,FALSE,0.0970509414101716,0.0291426674710358,TRUE,98,0.439999999999827,"11, 396"
0.001,20,5,3,100094,0.03,10.3387991096521,-0.659828551484266,3.40119738166216,"interior",1798.02114106483,-56.115355917811,0,0,0,FALSE,0.108500878728035,0.0272248738724877,TRUE,95,0.423999999999978,"11, 396"
0.001,20,5,4,100095,1e-05,2,-2.30258509299405,-4.60517018598809,"lower",962.308382809785,-722.353794313995,0,0,0,FALSE,0.0149749475111995,0.00976200950067085,TRUE,151,0.682999999999993,"188, 443"
0.001,20,5,4,100095,1e-04,2,-2.30258509299405,-2.30258509299405,"lower",1373.66379586287,-310.998381260905,0,0,0,FALSE,0.0149434176198011,0.00976752872663089,TRUE,128,0.601000000000113,"188, 443"
0.001,20,5,4,100095,0.001,2,-2.30258509299405,0,"lower",1617.94362155805,-66.7185555657252,0,0,0,FALSE,0.0149246663232826,0.00977101876609643,TRUE,118,0.516999999999825,"188, 443"
0.001,20,5,4,100095,0.003,2,-2.30258509299405,1.09861228866811,"lower",1669.6580982054,-15.0040789183788,0,0,0,FALSE,0.0149211738004922,0.00977191709574499,TRUE,117,0.513999999999896,"188, 443"
0.001,20,5,4,100095,0.005,2,-2.30258509299405,1.6094379124341,"lower",1681.05131209159,-3.61086503219258,0,0,0,FALSE,0.0149188459503357,0.00977237209494053,TRUE,116,0.511999999999944,"188, 443"
0.001,20,5,4,100095,0.008,2,-2.30258509299405,2.07944154167984,"lower",1684.66217712378,0,0,0,0,FALSE,0.0149207177868113,0.00977164168719491,TRUE,116,0.507000000000062,"188, 443"
0.001,20,5,4,100095,0.01,2,-2.30258509299405,2.30258509299405,"lower",1684.09093933903,-0.571237784751702,0,0,0,FALSE,0.0149233454035006,0.00977063524182875,TRUE,116,0.512000000000171,"188, 443"
0.001,20,5,4,100095,0.015,2.32189413559921,-2.1533489832215,2.70805020110221,"interior",1679.30825978199,-5.35391734178643,0,0,0,FALSE,0.0160240954432478,0.00943954817059733,TRUE,117,0.508000000000038,"188, 443"
0.001,20,5,4,100095,0.02,3.11431181538544,-1.85972407176231,2.99573227355399,"interior",1673.01798821363,-11.6441889101536,0,0,0,FALSE,0.0196589785934467,0.008781429628406,TRUE,118,0.509000000000015,"188, 443"
0.001,20,5,4,100095,0.025,4.22169004843753,-1.55549674026721,3.2188758248682,"interior",1666.49870139614,-18.1634757276413,0,0,0,FALSE,0.0275485255405449,0.00824731321633687,TRUE,127,0.535000000000082,"188, 443"
0.001,20,5,4,100095,0.03,5.91785903019579,-1.21775754037408,3.40119738166216,"interior",1660.12767102246,-24.5345061013181,0,0,0,FALSE,0.04719641749493,0.00799812498602881,TRUE,156,0.685000000000173,"188, 443"
0.001,20,5,5,100096,1e-05,2,-2.30258509299405,-4.60517018598809,"lower",1265.09832541183,-583.500274583369,0,0,0,FALSE,0.0218265129841046,0.0188361768406883,TRUE,142,0.658000000000129,"344, 442"
0.001,20,5,5,100096,1e-04,2,-2.30258509299405,-2.30258509299405,"lower",1610.09202482693,-238.506575168271,0,0,0,FALSE,0.0218849756563197,0.018856090643188,TRUE,127,0.597999999999956,"344, 442"
0.001,20,5,5,100096,0.001,2,-2.30258509299405,0,"lower",1792.29440640897,-56.3041935862345,0,0,0,FALSE,0.0219068109797935,0.0188633320771512,TRUE,121,0.529999999999973,"344, 442"
0.001,20,5,5,100096,0.003,2,-2.30258509299405,1.09861228866811,"lower",1836.08066087302,-12.5179391221852,0,0,0,FALSE,0.0219241235228178,0.0188693119999568,TRUE,119,0.522999999999911,"344, 442"
0.001,20,5,5,100096,0.005,2.08756858455904,-2.25973224147224,1.6094379124341,"interior",1846.01294794974,-2.58565204546289,0,0,0,FALSE,0.0225412591322814,0.0190674667550663,TRUE,119,0.516000000000076,"344, 442"
0.001,20,5,5,100096,0.008,3.6704807944104,-1.6954096134168,2.07944154167984,"interior",1848.5985999952,0,0,0,0,FALSE,0.0391113796681116,0.0209158523059768,TRUE,110,0.759999999999991,"344, 442"
0.001,20,5,5,100096,0.01,12.6444044130319,-0.458517495131929,2.30258509299405,"interior",1848.23642820377,-0.362171791435458,0,0,0,FALSE,0.332859501192765,0.00801177423515864,TRUE,134,0.615000000000009,"344, 442"
0.001,20,5,5,100096,0.015,16.2472124251524,-0.207810922560983,2.70805020110221,"interior",1843.10358056442,-5.4950194307828,0,0,0,FALSE,0.376823622006,0.00807369897780519,TRUE,94,0.425999999999931,"344, 442"
0.001,20,5,5,100096,0.02,19.1369173731308,-0.0441129572854426,2.99573227355399,"interior",1836.35574329941,-12.2428566957926,0,0,0,FALSE,0.400766888995454,0.00817617574181273,TRUE,82,0.33199999999988,"344, 442"
0.001,20,5,5,100096,0.025,21.624614820637,0.078099967342872,3.2188758248682,"interior",1829.29858820343,-19.3000117917686,0,0,0,FALSE,0.416634729111132,0.0083131818759159,TRUE,74,0.308999999999969,"344, 442"
0.001,20,5,5,100096,0.03,23.8446462901898,0.175827444376377,3.40119738166216,"interior",1822.32942106969,-26.2691789255105,0,0,0,FALSE,0.428167273837099,0.00849694211166063,TRUE,67,0.278999999999996,"344, 442"
0.001,43,5,1,100097,1e-05,2,-3.06805293513362,-4.60517018598809,"lower",1626.51033066829,-431.903908705878,0,0,0,FALSE,0.0256940427581969,0.0239889753537109,TRUE,119,0.524999999999864,"34, 225"
0.001,43,5,1,100097,1e-04,2,-3.06805293513362,-2.30258509299405,"lower",1910.45283789421,-147.961401479958,0,0,0,FALSE,0.0256873346559237,0.0239848009141146,TRUE,110,0.492000000000189,"34, 225"
0.001,43,5,1,100097,0.001,3.11194492533871,-2.62595220704729,0,"interior",2037.6379311987,-20.7763081754681,0,0,0,FALSE,0.0360945210402245,0.0301984207029684,TRUE,104,0.460000000000036,"34, 225"
0.001,43,5,1,100097,0.003,13.8415804135622,-1.13352298029204,1.09861228866811,"interior",2058.41423937417,0,1,1,0.5,FALSE,0.135489333738112,0.012841708033421,TRUE,86,0.348999999999933,"34, 225"
0.001,43,5,1,100097,0.005,17.9429204989797,-0.874004479726922,1.6094379124341,"interior",2057.95597265669,-0.458266717482275,1,1,0.5,FALSE,0.137356903510269,0.0103916385967046,TRUE,77,0.316000000000031,"34, 225"
0.001,43,5,1,100097,0.008,22.6569994194576,-0.640731286361337,2.07944154167984,"interior",2051.12568567355,-7.28855370062183,1,1,0.5,FALSE,0.138926191631701,0.0102025244638921,TRUE,61,0.26299999999992,"34, 225"
0.001,43,5,1,100097,0.01,25.4085589614973,-0.526114031441615,2.30258509299405,"interior",2045.60700413016,-12.8072352440033,1,1,0.5,FALSE,0.140032237067999,0.0112741905567411,TRUE,45,0.208000000000084,"34, 225"
0.001,43,5,1,100097,0.015,34.0712894562475,-0.232745037473963,2.70805020110221,"interior",2031.72899659145,-26.6852427827203,1,1,0.5,FALSE,0.151413284006316,0.0323762921909287,TRUE,96,0.433999999999969,"34, 225"
0.001,43,5,1,100097,0.02,65.3908722357766,0.419182564768738,2.99573227355399,"interior",2020.27599611053,-38.1382432636337,1,1,0.5,FALSE,0.598735877081133,0.265785324154426,TRUE,92,0.416000000000167,"34, 225"
0.001,43,5,1,100097,0.025,78.4526505616373,0.601295149551274,3.2188758248682,"interior",2009.2459038878,-49.1683354863692,2,1,1,TRUE,0.617541584095759,0.26696871134764,TRUE,59,0.250999999999976,"34, 225"
0.001,43,5,1,100097,0.03,95.1706040070908,0.794470996982831,3.40119738166216,"interior",1999.31784898183,-59.0963903923389,2,1,1,TRUE,0.625947279624427,0.27040231263452,TRUE,66,0.272999999999911,"34, 225"
0.001,43,5,2,100098,1e-05,2,-3.06805293513362,-4.60517018598809,"lower",1620.24916208005,-472.938501760957,0,0,0,FALSE,0.0248237292265077,0.0175688677956893,TRUE,129,0.614999999999782,"253, 297"
0.001,43,5,2,100098,1e-04,2,-3.06805293513362,-2.30258509299405,"lower",1928.08818305657,-165.099480784439,0,0,0,FALSE,0.0247198814107544,0.017580810085374,TRUE,119,0.528999999999996,"253, 297"
0.001,43,5,2,100098,0.001,7.75319184155076,-1.71309550659278,0,"interior",2054.71613671007,-38.4715271309387,0,0,0,FALSE,0.0922542695014449,0.00876713793768613,TRUE,115,0.494000000000142,"253, 297"
0.001,43,5,2,100098,0.003,21.288103653606,-0.70305171292039,1.09861228866811,"interior",2084.55515321068,-8.63251063032703,1,1,0.5,FALSE,0.240247180251901,0.00803435643427075,TRUE,79,0.321999999999889,"253, 297"
0.001,43,5,2,100098,0.005,28.7273874180945,-0.403349182510968,1.6094379124341,"interior",2091.82862047101,-1.35904336999602,1,1,0.5,FALSE,0.244336009280202,0.00821565873971875,TRUE,59,0.252999999999929,"253, 297"
0.001,43,5,2,100098,0.008,38.1708986514869,-0.119126705815952,2.07944154167984,"interior",2093.18766384101,0,1,1,0.5,FALSE,0.24437754213158,0.00891232198499514,TRUE,38,0.128999999999905,"253, 297"
0.001,43,5,2,100098,0.01,45.979263632808,0.0669903885677772,2.30258509299405,"interior",2091.79416379364,-1.39350004737162,1,1,0.5,FALSE,0.244723802807546,0.011860127135127,TRUE,88,0.406999999999925,"253, 297"
0.001,43,5,2,100098,0.015,65.0170074163369,0.413448772536043,2.70805020110221,"interior",2085.68785481302,-7.49980902798507,1,1,0.5,FALSE,0.245967833604759,0.0190924062012828,TRUE,45,0.205000000000155,"253, 297"
0.001,43,5,2,100098,0.02,81.9544610791301,0.644963624611731,2.99573227355399,"interior",2078.35768783265,-14.8299760083542,1,1,0.5,FALSE,0.246954687324374,0.0248974099882171,TRUE,37,0.123000000000047,"253, 297"
0.001,43,5,2,100098,0.025,97.7591946235699,0.821307141393516,3.2188758248682,"interior",2070.86151994216,-22.3261438988507,1,1,0.5,FALSE,0.247838940218689,0.0298529998493705,TRUE,34,0.11200000000008,"253, 297"
0.001,43,5,2,100098,0.03,112.831357275898,0.964694174772884,3.40119738166216,"interior",2063.51753413224,-29.6701297087725,1,1,0.5,FALSE,0.248625195260246,0.03416106604219,TRUE,32,0.105999999999995,"253, 297"
0.001,43,5,3,100099,1e-05,2,-3.06805293513362,-4.60517018598809,"lower",1795.77591573069,-346.844012050496,0,0,0,FALSE,0.0180741750448425,0.0159067120561251,TRUE,158,0.712999999999965,"287, 378"
0.001,43,5,3,100099,1e-04,2,-3.06805293513362,-2.30258509299405,"lower",2067.51959450648,-75.1003332747041,0,0,0,FALSE,0.0181722129392911,0.0159251003214391,TRUE,154,0.718000000000075,"287, 378"
0.001,43,5,3,100099,0.001,22.1498266131684,-0.663370447080983,0,"interior",2142.61992778118,0,1,1,0.5,FALSE,0.504138587658567,0.00827718336931271,TRUE,77,0.330999999999904,"287, 378"
0.001,43,5,3,100099,0.003,34.3915508869081,-0.223389195234879,1.09861228866811,"interior",2141.03141864744,-1.58850913374408,1,1,0.5,FALSE,0.504487136759359,0.00897427353914604,TRUE,58,0.25,"287, 378"
0.001,43,5,3,100099,0.005,42.4426012106038,-0.0130475123414877,1.6094379124341,"interior",2131.4491912327,-11.1707365484876,1,1,0.5,FALSE,0.50504884180862,0.0100976836182256,TRUE,45,0.156999999999925,"287, 378"
0.001,43,5,3,100099,0.008,51.8013090567313,0.186215304618029,2.07944154167984,"interior",2116.89425214526,-25.7256756359193,1,1,0.5,FALSE,0.506493212550347,0.0129864251007472,TRUE,36,0.124000000000024,"287, 378"
0.001,43,5,3,100099,0.01,75.0188513121255,0.556539317087761,2.30258509299405,"interior",2108.81073524009,-33.8091925410945,1,1,0.5,FALSE,0.653417615415505,0.30683523083101,TRUE,158,0.691000000000031,"287, 378"
0.001,43,5,3,100099,0.015,90.9178392876324,0.748756118024143,2.70805020110221,"interior",2090.24101072379,-52.3789170573914,1,1,0.5,FALSE,0.67484954582541,0.34969909165082,TRUE,97,0.437999999999874,"287, 378"
0.001,43,5,3,100099,0.02,104.288082613267,0.885956979125926,2.99573227355399,"interior",2074.70281669857,-67.9171110826169,2,1,1,TRUE,0.686461013681421,0.372922027362842,TRUE,70,0.305000000000064,"287, 378"
0.001,43,5,3,100099,0.025,116.884885981972,0.999989454280107,3.2188758248682,"interior",2061.36816592923,-81.2517618519555,2,1,1,TRUE,0.694109035178234,0.388218070356469,TRUE,36,0.119999999999891,"287, 378"
0.001,43,5,3,100099,0.03,136.192723072458,1.1528708483453,3.40119738166216,"interior",2049.7430339729,-92.8768938082808,2,1,1,TRUE,0.703688116386584,0.407376232773169,TRUE,134,0.578999999999951,"287, 378"
0.001,43,5,4,100100,1e-05,2,-3.06805293513362,-4.60517018598809,"lower",1580.09216483857,-505.598570423832,0,0,0,FALSE,0.02231884354226,0.01048094107993,TRUE,154,0.727999999999838,"428, 432"
0.001,43,5,4,100100,1e-04,2,-3.06805293513362,-2.30258509299405,"lower",1920.41699401725,-165.273741245152,0,0,0,FALSE,0.0225813244112611,0.01040969576453,TRUE,139,0.6550000000002,"428, 432"
0.001,43,5,4,100100,0.001,10.9660099525963,-1.36639963112536,0,"interior",2061.84453696759,-23.8461982948152,0,0,0,FALSE,0.207389691688423,0.008002378810121,TRUE,111,0.486000000000104,"428, 432"
0.001,43,5,4,100100,0.003,19.8567959788821,-0.772653800460152,1.09861228866811,"interior",2084.82254323834,-0.868192024058317,0,0,0,FALSE,0.234410405967697,0.00815961085016892,TRUE,77,0.320000000000164,"428, 432"
0.001,43,5,4,100100,0.005,25.7941358099642,-0.511052943788663,1.6094379124341,"interior",2085.6907352624,0,0,0,0,FALSE,0.241596950402742,0.00838129120627695,TRUE,69,0.298000000000002,"428, 432"
0.001,43,5,4,100100,0.008,32.8177291003964,-0.270231224978964,2.07944154167984,"interior",2080.26209989574,-5.42863536665755,1,1,0.5,FALSE,0.246700851058606,0.00900146816981917,TRUE,53,0.235999999999876,"428, 432"
0.001,43,5,4,100100,0.01,36.8827907896503,-0.153455047697602,2.30258509299405,"interior",2075.50889767192,-10.1818375904791,1,1,0.5,FALSE,0.248859370350182,0.00976765740431862,TRUE,41,0.141000000000076,"428, 432"
0.001,43,5,4,100100,0.015,60.4317511848498,0.340314532993272,2.70805020110221,"interior",2063.54325874222,-22.1474765201779,1,1,0.5,FALSE,0.279624953763174,0.0588935782818792,TRUE,229,1.04599999999982,"428, 432"
0.001,43,5,4,100100,0.02,72.7162601192896,0.525364904350552,2.99573227355399,"interior",2052.51446789342,-33.1762673689809,1,1,0.5,FALSE,0.276746779739535,0.0537468865869917,TRUE,77,0.315000000000055,"428, 432"
0.001,43,5,4,100100,0.025,84.5884908376126,0.67659809955545,3.2188758248682,"interior",2042.3695799907,-43.3211552717048,1,1,0.5,FALSE,0.275883866403794,0.0526714488472456,TRUE,38,0.128000000000156,"428, 432"
0.001,43,5,4,100100,0.03,126.804878297538,1.08144939794758,3.40119738166216,"interior",2034.1614913006,-51.5292439617974,2,1,1,TRUE,0.271770409316861,0.0455465765245628,TRUE,55,0.240000000000009,"428, 432"
0.001,43,5,5,100101,1e-05,2,-3.06805293513362,-4.60517018598809,"lower",1549.92419992607,-503.162722731977,0,0,0,FALSE,0.0163618346319311,0.0120523303239999,TRUE,152,0.705999999999904,"3, 218"
0.001,43,5,5,100101,1e-04,2,-3.06805293513362,-2.30258509299405,"lower",1883.78915742174,-169.297765236312,0,0,0,FALSE,0.0164275919625043,0.0120359118207675,TRUE,142,0.669000000000096,"3, 218"
0.001,43,5,5,100101,0.001,10.4608423832826,-1.41356112652483,0,"interior",2033.96315454867,-19.1237681093762,1,1,0.5,FALSE,0.264444448272382,0.00799245082090871,TRUE,127,0.548000000000002,"3, 218"
0.001,43,5,5,100101,0.003,18.4798857333487,-0.84451723275949,1.09861228866811,"interior",2053.08692265805,0,1,1,0.5,FALSE,0.307964908364009,0.00807184312922526,TRUE,79,0.327999999999975,"3, 218"
0.001,43,5,5,100101,0.005,23.5407235937117,-0.602468275433619,1.6094379124341,"interior",2051.06096130207,-2.02596135598105,1,1,0.5,FALSE,0.323645928093126,0.00816792287003387,TRUE,69,0.29099999999994,"3, 218"
0.001,43,5,5,100101,0.008,29.3391624510715,-0.382276889702763,2.07944154167984,"interior",2042.96896787999,-10.1179547780573,1,1,0.5,FALSE,0.33804663762862,0.00838292260581142,TRUE,56,0.25,"3, 218"
0.001,43,5,5,100101,0.01,32.5998179287264,-0.276893412344888,2.30258509299405,"interior",2037.03637425558,-16.0505484024663,1,1,0.5,FALSE,0.345085527833981,0.00859306419424688,TRUE,48,0.224999999999909,"3, 218"
0.001,43,5,5,100101,0.015,39.6595627723859,-0.0808680170604159,2.70805020110221,"interior",2022.84007693601,-30.2468457220414,1,1,0.5,FALSE,0.358761146812735,0.00936802123302116,TRUE,37,0.127999999999929,"3, 218"
0.001,43,5,5,100101,0.02,47.1160396077489,0.0914133710459044,2.99573227355399,"interior",2010.13870116398,-42.9482214940647,1,1,0.5,FALSE,0.373759537375433,0.013083491349506,TRUE,80,0.329999999999927,"3, 218"
0.001,43,5,5,100101,0.025,54.6101955484493,0.239020481281691,3.2188758248682,"interior",1998.8055109957,-54.281411662347,1,1,0.5,FALSE,0.387730900537763,0.0179751845434684,TRUE,61,0.266000000000076,"3, 218"
0.001,43,5,5,100101,0.03,61.4541931962512,0.35709195552094,3.40119738166216,"interior",1988.5693505213,-64.5175721367432,1,1,0.5,FALSE,0.399408619077,0.0218924309453816,TRUE,49,0.225000000000136,"3, 218"
0.001,95,5,1,100102,1e-05,2,-3.8607297110406,-4.60517018598809,"lower",1789.62219281669,-452.785379182537,0,0,0,FALSE,0.0386724359797929,0.028882606489314,TRUE,195,0.907999999999902,"142, 214"
0.001,95,5,1,100102,1e-04,5.64281104059231,-2.82349453880377,-2.30258509299405,"interior",2052.24024347098,-190.167328528243,0,0,0,FALSE,0.058467473856417,0.0139551320084308,TRUE,177,0.827999999999975,"142, 214"
0.001,95,5,1,100102,0.001,26.9648611913876,-1.25934231055731,0,"interior",2214.53143267352,-27.8761393257059,1,1,0.5,FALSE,0.0836600127141666,0.00813723910660824,TRUE,74,0.308999999999969,"142, 214"
0.001,95,5,1,100102,0.003,51.4933077906454,-0.612425038187249,1.09861228866811,"interior",2242.40757199923,0,1,1,0.5,FALSE,0.0878536315774234,0.00962993985487648,TRUE,39,0.13799999999992,"142, 214"
0.001,95,5,1,100102,0.005,71.7530762486106,-0.280646163334802,1.6094379124341,"interior",2242.01200433559,-0.395567663641941,1,1,0.5,FALSE,0.0880066751659178,0.0179989767746808,TRUE,68,0.281999999999925,"142, 214"
0.001,95,5,1,100102,0.008,102.552345530076,0.0764964647194333,2.07944154167984,"interior",2234.72957116365,-7.6780008355795,1,1,0.5,FALSE,0.0916063862377133,0.0389933933996768,TRUE,34,0.113999999999805,"142, 214"
0.001,95,5,1,100102,0.01,121.295844306053,0.244355664125763,2.30258509299405,"interior",2229.04337349948,-13.3641984997498,1,1,0.5,FALSE,0.0927740941529742,0.050157068579765,TRUE,27,0.0900000000001455,"142, 214"
0.001,95,5,1,100102,0.015,174.345752510889,0.607163519371135,2.70805020110221,"interior",2216.42920025608,-25.9783717431437,2,1,1,TRUE,0.145727967835654,0.134587366198502,TRUE,70,0.285999999999831,"142, 214"
0.001,95,5,1,100102,0.02,216.256423596265,0.822587958261678,2.99573227355399,"interior",2203.91410316536,-38.4934688338676,2,1,1,TRUE,0.137551557250006,0.136778595005177,TRUE,38,0.125,"142, 214"
0.001,95,5,1,100102,0.025,259.553264090256,1.005085046553,3.2188758248682,"interior",2192.5691690256,-49.8384029736312,2,1,1,TRUE,0.129930490404073,0.122576622703043,TRUE,22,0.0720000000001164,"142, 214"
0.001,95,5,1,100102,0.03,304.074948987192,1.16339732214004,3.40119738166216,"interior",2182.22343089719,-60.1841411020409,2,1,1,TRUE,0.123355698347646,0.109817381161693,TRUE,15,0.0489999999999782,"142, 214"
0.001,95,5,2,100103,1e-05,2,-3.8607297110406,-4.60517018598809,"lower",1920.46220264351,-382.645650465797,0,0,0,FALSE,0.0264123468801429,0.0207076643119001,TRUE,151,0.699999999999818,"228, 326"
0.001,95,5,2,100103,1e-04,11.7419576935971,-2.09070833696307,-2.30258509299405,"interior",2194.84398140614,-108.263871703163,1,1,0.5,FALSE,0.152298505095218,0.00798019206517742,TRUE,96,0.442000000000007,"228, 326"
0.001,95,5,2,100103,0.001,39.0289890824955,-0.889572211781232,0,"interior",2289.63381813034,-13.4740349789658,1,1,0.5,FALSE,0.354074109305542,0.00837171464231123,TRUE,73,0.307000000000016,"228, 326"
0.001,95,5,2,100103,0.003,73.2840746145514,-0.259533569415964,1.09861228866811,"interior",2303.1078531093,0,1,1,0.5,FALSE,0.46388227681339,0.011213688023567,TRUE,31,0.106999999999971,"228, 326"
0.001,95,5,2,100103,0.005,104.101584616675,0.0914903059667278,1.6094379124341,"interior",2301.03181843831,-2.07603467099443,1,1,0.5,FALSE,0.496832248142685,0.0307237285784513,TRUE,56,0.243999999999915,"228, 326"
0.001,95,5,2,100103,0.008,151.214613666457,0.464823218707643,2.07944154167984,"interior",2293.36047959172,-9.74737351758813,1,1,0.5,FALSE,0.527553103658882,0.0712109111489088,TRUE,27,0.0900000000001455,"228, 326"
0.001,95,5,2,100103,0.01,195.871854809922,0.723583751818056,2.30258509299405,"interior",2287.80772478073,-15.300128328578,1,1,0.5,FALSE,0.593413656802529,0.195188630833474,TRUE,39,0.129000000000133,"228, 326"
0.001,95,5,2,100103,0.015,289.549882826309,1.11445069739602,2.70805020110221,"interior",2274.1172103919,-28.9906427174083,1,1,0.5,FALSE,0.616594278759649,0.236345247651531,TRUE,21,0.06899999999996,"228, 326"
0.001,95,5,2,100103,0.02,391.984594568863,1.41734564784845,2.99573227355399,"interior",2261.52064572917,-41.5872073801393,2,1,1,TRUE,0.622824733965024,0.247197583587753,TRUE,17,0.05600000000004,"228, 326"
0.001,95,5,2,100103,0.025,510.271815260552,1.6810666632383,3.2188758248682,"interior",2250.03762569429,-53.0702274150144,2,1,1,TRUE,0.625286024267559,0.251448262908891,TRUE,17,0.05600000000004,"228, 326"
0.001,95,5,2,100103,0.03,652.193668589765,1.92646466393351,3.40119738166216,"interior",2239.51110006002,-63.5967530492858,2,1,1,TRUE,0.626524488445219,0.253593560162493,TRUE,17,0.05600000000004,"228, 326"
0.001,95,5,3,100104,1e-05,2,-3.8607297110406,-4.60517018598809,"lower",1771.15272441667,-540.642760117942,0,0,0,FALSE,0.025140710697617,0.0235647327070877,TRUE,181,0.91800000000012,"179, 428"
0.001,95,5,3,100104,1e-04,2,-3.8607297110406,-2.30258509299405,"lower",2121.65456508414,-190.140919450472,0,0,0,FALSE,0.0256012508062287,0.0238240121251208,TRUE,181,0.86200000000008,"179, 428"
0.001,95,5,3,100104,0.001,39.015304227214,-0.889922906363539,0,"interior",2292.65204861348,-19.1434359211316,1,1,0.5,FALSE,0.454999124771257,0.0086349122092414,TRUE,64,0.286999999999807,"179, 428"
0.001,95,5,3,100104,0.003,76.7391548758871,-0.213464819666365,1.09861228866811,"interior",2311.79548453461,0,1,1,0.5,FALSE,0.498554549535927,0.024797416319372,TRUE,63,0.2800000000002,"179, 428"
0.001,95,5,3,100104,0.005,111.609608472557,0.161130252064845,1.6094379124341,"interior",2308.91527697684,-2.88020755777234,1,1,0.5,FALSE,0.526097415684541,0.0644979898973213,TRUE,30,0.104000000000042,"179, 428"
0.001,95,5,3,100104,0.008,159.115971004608,0.515756422140745,2.07944154167984,"interior",2299.86273253817,-11.932751996439,1,1,0.5,FALSE,0.552932673471691,0.111261586786428,TRUE,30,0.100999999999885,"179, 428"
0.001,95,5,3,100104,0.01,190.190089967054,0.694147153930692,2.30258509299405,"interior",2293.36373685494,-18.4317476796718,1,1,0.5,FALSE,0.573120996295455,0.14994164567553,TRUE,20,0.0669999999997799,"179, 428"
0.001,95,5,3,100104,0.015,276.279163204806,1.06753492382169,2.70805020110221,"interior",2277.92505453961,-33.8704299949968,1,1,0.5,FALSE,0.702458282879947,0.407482547365606,TRUE,21,0.0699999999999363,"179, 428"
0.001,95,5,3,100104,0.02,374.628728312739,1.37205858610619,2.99573227355399,"interior",2264.09987415689,-47.6956103777261,1,1,0.5,FALSE,0.792334560324542,0.586528263057427,TRUE,16,0.0540000000000873,"179, 428"
0.001,95,5,3,100104,0.025,488.718350276954,1.63790946113565,3.2188758248682,"interior",2251.73005526533,-60.0654292692848,1,1,0.5,FALSE,0.847356939707664,0.696072508293222,TRUE,15,0.0509999999999309,"179, 428"
0.001,95,5,3,100104,0.03,624.308557034456,1.88276783697975,3.40119738166216,"interior",2240.5362694868,-71.2592150478131,1,1,0.5,FALSE,0.88158282470832,0.76416601810231,TRUE,16,0.0529999999998836,"179, 428"
0.001,95,5,4,100105,1e-05,2,-3.8607297110406,-4.60517018598809,"lower",1782.88264017387,-466.909548975446,0,0,0,FALSE,0.0202793810223985,0.0197561290702724,TRUE,156,0.792000000000144,"68, 427"
0.001,95,5,4,100105,1e-04,2,-3.8607297110406,-2.30258509299405,"lower",2125.3125828697,-124.479606279623,0,0,0,FALSE,0.0204925842242468,0.0199744727382704,TRUE,149,0.710999999999785,"68, 427"
0.001,95,5,4,100105,0.001,20.9870501957069,-1.50997130143575,0,"interior",2248.61261756987,-1.17957157944875,1,1,0.5,FALSE,0.504033325170955,0.00943607563151527,TRUE,73,0.308999999999969,"68, 427"
0.001,95,5,4,100105,0.003,35.2219228377691,-0.992208194969666,1.09861228866811,"interior",2249.79218914932,0,1,1,0.5,FALSE,0.509719934070041,0.0195222695020784,TRUE,29,0.101999999999862,"68, 427"
0.001,95,5,4,100105,0.005,85.2948081715749,-0.107763304470237,1.6094379124341,"interior",2243.68875844909,-6.103430700231,2,1,1,TRUE,0.999337325220746,0.998674684734318,TRUE,71,0.298999999999978,"68, 427"
0.001,95,5,4,100105,0.008,114.535976129083,0.18701208404337,2.07944154167984,"interior",2230.01180578878,-19.7803833605362,2,1,1,TRUE,0.999905633902312,0.999811271876695,TRUE,38,0.127999999999929,"68, 427"
0.001,95,5,4,100105,0.01,131.994354594663,0.328882261848992,2.30258509299405,"interior",2221.43557377852,-28.356615370798,2,1,1,TRUE,0.999966038582113,0.999932078643368,TRUE,32,0.108000000000175,"68, 427"
0.001,95,5,4,100105,0.015,171.463067206021,0.590491000245585,2.70805020110221,"interior",2202.30557669456,-47.486612454763,2,1,1,TRUE,0.999995067855647,0.999990135947063,TRUE,29,0.09699999999998,"68, 427"
0.001,95,5,4,100105,0.02,207.393977522085,0.780743365789117,2.99573227355399,"interior",2185.89524223395,-63.8969469153699,2,1,1,TRUE,0.999998654373473,0.999997308811418,TRUE,30,0.100000000000136,"68, 427"
0.001,95,5,4,100105,0.025,241.388551665166,0.932530991187538,3.2188758248682,"interior",2171.51536845656,-78.2768206927608,2,1,1,TRUE,0.999999454585037,0.999998909193806,TRUE,37,0.124000000000024,"68, 427"
0.001,95,5,4,100105,0.03,312.6504443727,1.19120888372217,3.40119738166216,"interior",2158.9021998622,-90.8899892871209,2,1,1,TRUE,0.999996876636398,0.999993753311831,TRUE,45,0.150000000000091,"68, 427"
0.001,95,5,5,100106,1e-05,2,-3.8607297110406,-4.60517018598809,"lower",1851.13300201689,-426.685051963527,0,0,0,FALSE,0.0211664131402977,0.0204143953911717,TRUE,137,0.957000000000107,"342, 450"
0.001,95,5,5,100106,1e-04,2,-3.8607297110406,-2.30258509299405,"lower",2140.03898819586,-137.779065784553,0,0,0,FALSE,0.0213006534712486,0.0205093676130997,TRUE,132,0.6400000000001,"342, 450"
0.001,95,5,5,100106,0.001,30.4704526843111,-1.13711944199155,0,"interior",2263.66240698548,-14.1556469949346,1,1,0.5,FALSE,0.338412146852957,0.00987257145747433,TRUE,49,0.227999999999838,"342, 450"
0.001,95,5,5,100106,0.003,83.7784680320948,-0.12570086185286,1.09861228866811,"interior",2277.81805398042,0,2,1,1,TRUE,0.600930089412534,0.481873118324618,TRUE,83,0.336000000000013,"342, 450"
0.001,95,5,5,100106,0.005,112.414072863242,0.168312241431383,1.6094379124341,"interior",2273.91605025235,-3.9020037280643,2,1,1,TRUE,0.621735909631073,0.487050593087591,TRUE,28,0.0930000000000746,"342, 450"
0.001,95,5,5,100106,0.008,151.818497875674,0.468808822825538,2.07944154167984,"interior",2264.37606109442,-13.4419928859979,2,1,1,TRUE,0.631311064860592,0.470337182561318,TRUE,36,0.119999999999891,"342, 450"
0.001,95,5,5,100106,0.01,177.729965785147,0.626388460661055,2.30258509299405,"interior",2257.90468774981,-19.9133662306081,2,1,1,TRUE,0.62951086390398,0.449725131425428,TRUE,30,0.100000000000136,"342, 450"
0.001,95,5,5,100106,0.015,241.978850689811,0.934973436893324,2.70805020110221,"interior",2242.98294006217,-34.8351139182428,2,1,1,TRUE,0.620615880220378,0.401132642355277,TRUE,22,0.0739999999998417,"342, 450"
0.001,95,5,5,100106,0.02,315.819526253048,1.20129403938315,2.99573227355399,"interior",2229.95345834615,-47.8645956342684,2,1,1,TRUE,0.586720544354274,0.314016131606676,TRUE,46,0.211999999999989,"342, 450"
0.001,95,5,5,100106,0.025,394.245419960103,1.42309671707964,3.2188758248682,"interior",2218.44605950822,-59.3719944721929,2,1,1,TRUE,0.56878233259751,0.263020981688795,TRUE,25,0.0829999999998563,"342, 450"
0.001,95,5,5,100106,0.03,481.052407510668,1.62209932789365,3.40119738166216,"interior",2208.09533671778,-69.7227172626381,2,1,1,TRUE,0.557584139199892,0.228498166774573,TRUE,18,0.0599999999999454,"342, 450"
0.001,206,5,1,100107,1e-05,2,-4.63472898822964,-4.60517018598809,"lower",2036.60864714127,-400.230607019055,0,0,0,FALSE,0.0328742477961211,0.0289002684416988,TRUE,153,0.718000000000075,"32, 329"
0.001,206,5,1,100107,1e-04,21.3036327212327,-2.26899856032363,-2.30258509299405,"interior",2339.62106904922,-97.2181851111077,1,1,0.5,FALSE,0.0898135064968033,0.00821904649221827,TRUE,76,0.324999999999818,"32, 329"
0.001,206,5,1,100107,0.001,108.767868084699,-0.63866020809013,0,"interior",2436.83925416032,0,2,1,1,TRUE,0.203187524240272,0.185406064285593,TRUE,85,0.344000000000051,"32, 329"
0.001,206,5,1,100107,0.003,223.409908204068,0.0811320687154886,1.09861228866811,"interior",2434.47373397825,-2.36552018207158,2,1,1,TRUE,0.186013124291335,0.18514174829463,TRUE,27,0.0909999999998945,"32, 329"
0.001,206,5,1,100107,0.005,345.663545570244,0.51758972152252,1.6094379124341,"interior",2423.31657375787,-13.522680402456,2,1,1,TRUE,0.170456033506629,0.153755577106564,TRUE,19,0.0630000000001019,"32, 329"
0.001,206,5,1,100107,0.008,570.251622110801,1.01820153693168,2.07944154167984,"interior",2406.91458214443,-29.9246720158922,2,1,1,TRUE,0.154458452530345,0.121347438842314,TRUE,17,0.0579999999999927,"32, 329"
0.001,206,5,1,100107,0.01,769.704681950562,1.3181307425574,2.30258509299405,"interior",2396.95355972009,-39.8856944402305,2,1,1,TRUE,0.146954059643679,0.106111087808378,TRUE,17,0.056999999999789,"32, 329"
0.001,206,5,1,100107,0.015,3733.89608025029,2.89733132424733,2.70805020110221,"interior",2376.00019448234,-60.8390596779891,3,0.333333333333333,0.5,FALSE,0.11281394308975,0.0291428287226931,TRUE,28,0.187000000000126,"32, 329"
0.001,206,5,1,100107,0.02,20000,4.57561138374655,2.99573227355399,"upper",2358.48213509917,-78.3571190611538,3,0.333333333333333,0.5,FALSE,0.112073773549453,0.0261259596563854,TRUE,16,0.209999999999809,"32, 329"
0.001,206,5,1,100107,0.025,20000,4.57561138374655,3.2188758248682,"upper",2342.23572573362,-94.6035284267014,3,0.333333333333333,0.5,FALSE,0.112375527340492,0.026659438461421,TRUE,15,0.29300000000012,"32, 329"
0.001,206,5,1,100107,0.03,20000,4.57561138374655,3.40119738166216,"upper",2327.16813083295,-109.671123327373,3,0.333333333333333,0.5,FALSE,0.112661308186124,0.0272069410642253,TRUE,14,0.234000000000151,"32, 329"
0.001,206,5,2,100108,1e-05,2,-4.63472898822964,-4.60517018598809,"lower",1599.20661799257,-704.223931396794,0,0,0,FALSE,0.0287804355592263,0.013592000225352,TRUE,127,0.626999999999953,"130, 131"
0.001,206,5,2,100108,1e-04,2,-4.63472898822964,-2.30258509299405,"lower",2010.54990836234,-292.880641027025,0,0,0,FALSE,0.0286151718011482,0.0136404377376638,TRUE,112,0.509000000000015,"130, 131"
0.001,206,5,2,100108,0.001,36.7427331897231,-1.72393569901721,0,"interior",2255.73778410234,-47.6927652870286,1,1,0.5,FALSE,0.280632314100924,0.00799811805036432,TRUE,77,0.314999999999827,"130, 131"
0.001,206,5,2,100108,0.003,77.0667799709048,-0.983203850449847,1.09861228866811,"interior",2298.79442248936,-4.63612690000809,1,1,0.5,FALSE,0.33305520023988,0.00818235703203174,TRUE,72,0.295000000000073,"130, 131"
0.001,206,5,2,100108,0.005,109.877785318193,-0.628507463224375,1.6094379124341,"interior",2303.43054938937,0,1,1,0.5,FALSE,0.354362850108846,0.00895290816960626,TRUE,23,0.0779999999999745,"130, 131"
0.001,206,5,2,100108,0.008,194.228851234349,-0.0588390594234678,2.07944154167984,"interior",2302.28940383118,-1.14114555819333,2,0.5,0.5,FALSE,0.361522506736114,0.00597490292900371,TRUE,95,0.433999999999969,"130, 131"
0.001,206,5,2,100108,0.01,233.96932170272,0.12731383413873,2.30258509299405,"interior",2298.84448590456,-4.58606348480362,2,0.5,0.5,FALSE,0.37050458772777,0.0059786793233706,TRUE,86,0.346000000000004,"130, 131"
0.001,206,5,2,100108,0.015,342.47029038484,0.508308741748345,2.70805020110221,"interior",2288.71669852704,-14.7138508623293,2,0.5,0.5,FALSE,0.387191606818147,0.00599531058560876,TRUE,73,0.300999999999931,"130, 131"
0.001,206,5,2,100108,0.02,474.367842316737,0.834106890586109,2.99573227355399,"interior",2278.520617523,-24.9099318663734,2,0.5,0.5,FALSE,0.399225405080542,0.00603921122937912,TRUE,52,0.230999999999995,"130, 131"
0.001,206,5,2,100108,0.025,648.22273623437,1.14635819725824,3.2188758248682,"interior",2268.88206744401,-34.5484819453604,2,0.5,0.5,FALSE,0.408558737507861,0.00612396345432875,TRUE,23,0.0760000000000218,"130, 131"
0.001,206,5,2,100108,0.03,888.145113128365,1.4612589765368,3.40119738166216,"interior",2259.88318447938,-43.5473649099913,2,0.5,0.5,FALSE,0.416017237828896,0.00620866844329604,TRUE,10,0.0330000000001291,"130, 131"
0.001,206,5,3,100109,1e-05,2,-4.63472898822964,-4.60517018598809,"lower",1967.82004912766,-414.067705152373,0,0,0,FALSE,0.0268916167603904,0.0107147718434806,TRUE,159,0.807999999999993,"115, 205"
0.001,206,5,3,100109,1e-04,16.3513067650427,-2.53356835017266,-2.30258509299405,"interior",2247.33047661491,-134.557277665117,1,1,0.5,FALSE,0.101137280496355,0.00806576361487377,TRUE,87,0.416999999999916,"115, 205"
0.001,206,5,3,100109,0.001,62.4710925646174,-1.19317223800824,0,"interior",2364.6201045505,-17.2676497295292,1,1,0.5,FALSE,0.18918488837409,0.0119136720543708,TRUE,31,0.107999999999947,"115, 205"
0.001,206,5,3,100109,0.003,177.407896486982,-0.149424587576775,1.09861228866811,"interior",2381.88775428003,0,2,1,1,TRUE,0.674250177366232,0.570635895023203,TRUE,29,0.0989999999999327,"115, 205"
0.001,206,5,3,100109,0.005,269.490116260214,0.268655546527817,1.6094379124341,"interior",2378.66383979805,-3.2239144819805,2,1,1,TRUE,0.732097654326931,0.618195962595427,TRUE,21,0.0709999999999127,"115, 205"
0.001,206,5,3,100109,0.008,416.127466788225,0.703115455086175,2.07944154167984,"interior",2368.27104061254,-13.6167136674881,2,1,1,TRUE,0.775622851309972,0.656952804740703,TRUE,22,0.0740000000000691,"115, 205"
0.001,206,5,3,100109,0.01,528.232335545076,0.941660047573548,2.30258509299405,"interior",2360.70332974082,-21.184424539214,2,1,1,TRUE,0.79407842850014,0.674074466807838,TRUE,14,0.0480000000000018,"115, 205"
0.001,206,5,3,100109,0.015,937.880090505864,1.51574593676342,2.70805020110221,"interior",2342.68049789596,-39.2072563840688,2,1,1,TRUE,0.820108524133732,0.686354827795701,TRUE,15,0.0499999999999545,"115, 205"
0.001,206,5,3,100109,0.02,1642.20737147136,2.07592040525311,2.99573227355399,"interior",2326.48755897409,-55.4001953059383,2,1,1,TRUE,0.83282805358128,0.696282129269701,TRUE,13,0.043999999999869,"115, 205"
0.001,206,5,3,100109,0.025,3252.87610731308,2.75941867128775,3.2188758248682,"interior",2311.94895867491,-69.9387956051237,2,1,1,TRUE,0.841350198333047,0.705180811020825,TRUE,12,0.0670000000000073,"115, 205"
0.001,206,5,3,100109,0.03,11163.79456556,3.99255502418891,3.40119738166216,"interior",2298.76349316057,-83.1242611194616,2,1,1,TRUE,0.847841224897174,0.71324005651825,TRUE,12,0.0820000000001073,"115, 205"
0.001,206,5,4,100110,1e-05,2,-4.63472898822964,-4.60517018598809,"lower",1665.2532223064,-630.492659129703,0,0,0,FALSE,0.0316696027543923,0.0314607272208379,TRUE,136,0.654999999999973,"201, 442"
0.001,206,5,4,100110,1e-04,2,-4.63472898822964,-2.30258509299405,"lower",2043.30008909507,-252.445792341036,0,0,0,FALSE,0.0319837833085174,0.031747967264972,TRUE,124,0.610000000000127,"201, 442"
0.001,206,5,4,100110,0.001,34.2690389547489,-1.79363387663597,0,"interior",2256.52251089173,-39.2233705443714,1,1,0.5,FALSE,0.504077903161052,0.0088578353204416,TRUE,69,0.294000000000096,"201, 442"
0.001,206,5,4,100110,0.003,69.187765802264,-1.09105211656096,1.09861228866811,"interior",2292.58366531517,-3.16221612093113,1,1,0.5,FALSE,0.506915234904918,0.0138378305749126,TRUE,26,0.0890000000001692,"201, 442"
0.001,206,5,4,100110,0.005,125.814991593492,-0.493063661563872,1.6094379124341,"interior",2295.74588143611,0,2,1,1,TRUE,0.784902382903431,0.569807978614596,TRUE,107,0.472999999999956,"201, 442"
0.001,206,5,4,100110,0.008,178.159421604439,-0.145197392340807,2.07944154167984,"interior",2290.29246605307,-5.45341538303137,2,1,1,TRUE,0.851152579511662,0.702305732914712,TRUE,39,0.128999999999905,"201, 442"
0.001,206,5,4,100110,0.01,213.997848224765,0.0380897911572573,2.30258509299405,"interior",2284.95994985925,-10.7859315768533,2,1,1,TRUE,0.880785780824223,0.761571791741066,TRUE,20,0.0670000000000073,"201, 442"
0.001,206,5,4,100110,0.015,308.792455097809,0.404793216089132,2.70805020110221,"interior",2270.87362232036,-24.8722591157466,2,1,1,TRUE,0.927830588525564,0.855661214944403,TRUE,19,0.0620000000001255,"201, 442"
0.001,206,5,4,100110,0.02,425.769160397631,0.726021153610523,2.99573227355399,"interior",2257.52507752433,-38.2208039117763,2,1,1,TRUE,0.973874827807302,0.94774966313628,TRUE,32,0.105999999999995,"201, 442"
0.001,206,5,4,100110,0.025,594.318133790747,1.05953858597424,3.2188758248682,"interior",2245.45675948737,-50.2891219487319,2,1,1,TRUE,0.992558211156102,0.985116423722984,TRUE,24,0.0789999999999509,"201, 442"
0.001,206,5,4,100110,0.03,774.817150105086,1.32475089737837,3.40119738166216,"interior",2234.46878455559,-61.2770968805198,2,1,1,TRUE,0.995188165761972,0.990376331974371,TRUE,18,0.0599999999999454,"201, 442"
0.001,206,5,5,100111,1e-05,2,-4.63472898822964,-4.60517018598809,"lower",1990.74609407907,-449.160834334554,0,0,0,FALSE,0.0445138228794218,0.0337111558625348,TRUE,196,0.979000000000042,"122, 211"
0.001,206,5,5,100111,1e-04,21.8189806818254,-2.2450959043326,-2.30258509299405,"interior",2317.99783277593,-121.909095637694,1,1,0.5,FALSE,0.0802949216197034,0.00818157442242806,TRUE,78,0.328999999999951,"122, 211"
0.001,206,5,5,100111,0.001,84.4168450505083,-0.89210920119579,0,"interior",2431.08797009391,-8.81895831972224,1,1,0.5,FALSE,0.120467611614091,0.0145683395310386,TRUE,59,0.261000000000195,"122, 211"
0.001,206,5,5,100111,0.003,252.356877771413,0.202968098514972,1.09861228866811,"interior",2439.90692841363,0,2,1,1,TRUE,0.515818691400744,0.200584722194125,TRUE,81,0.335000000000036,"122, 211"
0.001,206,5,5,100111,0.005,395.956150101633,0.653427304267069,1.6094379124341,"interior",2432.99555125228,-6.91137716134836,2,1,1,TRUE,0.547484044179813,0.214710761428394,TRUE,77,0.320000000000164,"122, 211"
0.001,206,5,5,100111,0.008,690.29811016749,1.20924737921871,2.07944154167984,"interior",2420.7005300075,-19.2063984061251,2,1,1,TRUE,0.572867865811362,0.229489309305528,TRUE,73,0.30600000000004,"122, 211"
0.001,206,5,5,100111,0.01,993.997190668887,1.57385821157415,2.30258509299405,"interior",2412.785720881,-27.1212075326321,2,1,1,TRUE,0.58376653782949,0.237037596802325,TRUE,68,0.29300000000012,"122, 211"
0.001,206,5,5,100111,0.015,3431.05853441723,2.81274793437721,2.70805020110221,"interior",2394.88575585401,-45.0211725596173,2,1,1,TRUE,0.601378841696024,0.249057511701367,TRUE,28,0.228000000000065,"122, 211"
0.001,206,5,5,100111,0.02,20000,4.57561138374655,2.99573227355399,"upper",2379.21560142035,-60.6913269932829,2,1,1,TRUE,0.606484595023425,0.251514826231357,TRUE,13,0.215000000000146,"122, 211"
0.001,206,5,5,100111,0.025,20000,4.57561138374655,3.2188758248682,"upper",2364.35213813554,-75.5547902780909,2,1,1,TRUE,0.606591323894135,0.251976701792394,TRUE,14,0.29300000000012,"122, 211"
0.001,206,5,5,100111,0.03,20000,4.57561138374655,3.40119738166216,"upper",2350.3812028813,-89.5257255323254,2,1,1,TRUE,0.606712023184227,0.252486693238473,TRUE,15,0.30399999999986,"122, 211"
0.001,447,5,1,100112,1e-05,2,-5.40941141405362,-4.60517018598809,"lower",2100.92247906219,-405.519306058288,0,0,0,FALSE,0.0175780095492449,0.0165076882607034,TRUE,192,0.995999999999867,"230, 363"
0.001,447,5,1,100112,1e-04,40.7986691577365,-2.39390913241838,-2.30258509299405,"interior",2416.96480056382,-89.4769845566634,1,1,0.5,FALSE,0.502405788468842,0.00843688999089676,TRUE,73,0.311999999999898,"230, 363"
0.001,447,5,1,100112,0.001,209.31192272791,-0.758733002006644,0,"interior",2506.44178512048,0,2,1,1,TRUE,0.762457043669416,0.524914105405798,TRUE,95,0.435999999999922,"230, 363"
0.001,447,5,1,100112,0.003,521.552820333649,0.154251960093539,1.09861228866811,"interior",2502.74455579817,-3.69722932231434,2,1,1,TRUE,0.773902304646257,0.547804609324042,TRUE,78,0.323999999999842,"230, 363"
0.001,447,5,1,100112,0.005,1073.11222152123,0.875759729240986,1.6094379124341,"interior",2492.07744732291,-14.3643377975745,2,1,1,TRUE,0.778271805017716,0.556543610036464,TRUE,73,0.30600000000004,"230, 363"
0.001,447,5,1,100112,0.008,6618.21924901724,2.69502302251494,2.07944154167984,"interior",2476.84172354757,-29.6000615729081,2,1,1,TRUE,0.782689598146436,0.565379196292899,TRUE,11,0.0709999999999127,"230, 363"
0.001,447,5,1,100112,0.01,20000,3.80092895792256,2.30258509299405,"upper",2467.5241629493,-38.9176221711787,2,1,1,TRUE,0.78335923632838,0.566718472656774,TRUE,7,0.0779999999999745,"230, 363"
0.001,447,5,1,100112,0.015,20000,3.80092895792256,2.70805020110221,"upper",2444.80321527177,-61.6385698487134,2,1,1,TRUE,0.783335631228957,0.566671262457931,TRUE,7,0.0869999999999891,"230, 363"
0.001,447,5,1,100112,0.02,20000,3.80092895792256,2.99573227355399,"upper",2424.31224071523,-82.1295444052512,2,1,1,TRUE,0.783314106731333,0.566628213462682,TRUE,12,0.215999999999894,"230, 363"
0.001,447,5,1,100112,0.025,20000,3.80092895792256,3.2188758248682,"upper",2406.04112598014,-100.400659140339,2,1,1,TRUE,0.783292842645897,0.566585685291812,TRUE,14,0.303000000000111,"230, 363"
0.001,447,5,1,100112,0.03,20000,3.80092895792256,3.40119738166216,"upper",2389.62021760042,-116.821567520059,2,1,1,TRUE,0.78327268068186,0.56654536136374,TRUE,15,0.317999999999984,"230, 363"
0.001,447,5,2,100113,1e-05,2,-5.40941141405362,-4.60517018598809,"lower",2064.80552133801,-462.463512652758,0,0,0,FALSE,0.0192230787990878,0.0185106693129362,TRUE,181,0.901000000000067,"31, 277"
0.001,447,5,2,100113,1e-04,25.6727180965115,-2.85712971922342,-2.30258509299405,"interior",2403.58235555978,-123.686678430989,1,1,0.5,FALSE,0.234682517886312,0.0084876416929931,TRUE,79,0.336999999999989,"31, 277"
0.001,447,5,2,100113,0.001,198.181403964469,-0.813375801718532,0,"interior",2524.78740321713,-2.48163077363597,2,1,1,TRUE,0.737103834892926,0.537927239251605,TRUE,77,0.322000000000116,"31, 277"
0.001,447,5,2,100113,0.003,632.403600440781,0.346969204002159,1.09861228866811,"interior",2527.26903399077,0,2,1,1,TRUE,0.799725330033548,0.617539498853167,TRUE,42,0.143000000000029,"31, 277"
0.001,447,5,2,100113,0.005,2253.96797082076,1.61788888995651,1.6094379124341,"interior",2517.25295314331,-10.0160808474584,2,1,1,TRUE,0.823462809947848,0.654469100231311,TRUE,13,0.0749999999998181,"31, 277"
0.001,447,5,2,100113,0.008,20000,3.80092895792256,2.07944154167984,"upper",2501.04963261481,-26.2194013759545,2,1,1,TRUE,0.831746279898198,0.668441518796489,TRUE,10,0.185999999999922,"31, 277"
0.001,447,5,2,100113,0.01,20000,3.80092895792256,2.30258509299405,"upper",2489.81998284918,-37.4490511415888,2,1,1,TRUE,0.832374610395203,0.669631116408427,TRUE,7,0.0879999999999654,"31, 277"
0.001,447,5,2,100113,0.015,20000,3.80092895792256,2.70805020110221,"upper",2463.66854608078,-63.6004879099846,2,1,1,TRUE,0.833362053107129,0.671344772616672,TRUE,7,0.153999999999996,"31, 277"
0.001,447,5,2,100113,0.02,20000,3.80092895792256,2.99573227355399,"upper",2440.87953323565,-86.3895007551178,2,1,1,TRUE,0.834831148922519,0.674134371523909,TRUE,7,0.151999999999816,"31, 277"
0.001,447,5,2,100113,0.025,20000,3.80092895792256,3.2188758248682,"upper",2420.89958531695,-106.369448673815,2,1,1,TRUE,0.83628624493599,0.676900350836636,TRUE,7,0.152999999999793,"31, 277"
0.001,447,5,2,100113,0.03,20000,3.80092895792256,3.40119738166216,"upper",2403.12423831269,-124.144795678072,2,1,1,TRUE,0.837727616295834,0.679643161818257,TRUE,7,0.152000000000044,"31, 277"
0.001,447,5,3,100114,1e-05,2,-5.40941141405362,-4.60517018598809,"lower",1880.90493953396,-567.993300254145,0,0,0,FALSE,0.0428068326193134,0.0284637270638608,TRUE,151,0.722999999999956,"325, 443"
0.001,447,5,3,100114,1e-04,21.6121199277911,-3.02930432951745,-2.30258509299405,"interior",2269.36676843793,-179.531471350174,1,1,0.5,FALSE,0.178669325744714,0.0080487537836671,TRUE,82,0.343000000000075,"325, 443"
0.001,447,5,3,100114,0.001,110.542190560518,-1.39716133150126,0,"interior",2441.08985374739,-7.80838604071323,1,1,0.5,FALSE,0.193361215218501,0.0104357993549884,TRUE,60,0.264000000000124,"325, 443"
0.001,447,5,3,100114,0.003,280.76149359794,-0.465053062926705,1.09861228866811,"interior",2448.89823978811,0,1,1,0.5,FALSE,0.577665203968588,0.381837684200745,TRUE,75,0.312000000000126,"325, 443"
0.001,447,5,3,100114,0.005,472.022172392938,0.0544673652774437,1.6094379124341,"interior",2440.91893045803,-7.97930933007729,2,1,1,TRUE,0.669572291402776,0.386127660849592,TRUE,17,0.0579999999999927,"325, 443"
0.001,447,5,3,100114,0.008,881.832031735528,0.679443003048031,2.07944154167984,"interior",2427.35029883888,-21.5479409492291,2,1,1,TRUE,0.69048223685837,0.391986301345808,TRUE,14,0.0480000000000018,"325, 443"
0.001,447,5,3,100114,0.01,1354.5086384007,1.10863544444805,2.30258509299405,"interior",2418.82021778949,-30.0780219986177,2,1,1,TRUE,0.694795548875507,0.394936851274637,TRUE,14,0.0480000000000018,"325, 443"
0.001,447,5,3,100114,0.015,8760.70478909647,2.97547304145682,2.70805020110221,"interior",2399.84837770192,-49.0498620861867,2,1,1,TRUE,0.699474956248918,0.400336357299258,TRUE,16,0.171000000000049,"325, 443"
0.001,447,5,3,100114,0.02,20000,3.80092895792256,2.99573227355399,"upper",2382.95868719161,-65.9395525964956,2,1,1,TRUE,0.699909003576577,0.401008495611575,TRUE,16,0.316000000000031,"325, 443"
0.001,447,5,3,100114,0.025,20000,3.80092895792256,3.2188758248682,"upper",2367.05615465809,-81.8420851300148,2,1,1,TRUE,0.699943642293383,0.401083498028635,TRUE,16,0.320999999999913,"325, 443"
0.001,447,5,3,100114,0.03,20000,3.80092895792256,3.40119738166216,"upper",2352.2997098548,-96.5985299333092,2,1,1,TRUE,0.699982380141277,0.401166725175183,TRUE,15,0.30600000000004,"325, 443"
0.001,447,5,4,100115,1e-05,2,-5.40941141405362,-4.60517018598809,"lower",2062.19046324311,-381.688299405301,0,0,0,FALSE,0.0338466843794859,0.0237268807732826,TRUE,146,1.00800000000004,"59, 170"
0.001,447,5,4,100115,1e-04,34.4685962142784,-2.5625099397682,-2.30258509299405,"interior",2353.38712626407,-90.4916363843372,1,1,0.5,FALSE,0.229153409907928,0.00813586522389986,TRUE,75,0.307999999999993,"59, 170"
0.001,447,5,4,100115,0.001,120.336769631243,-1.31226436886421,0,"interior",2436.64957611501,-7.22918653339957,1,1,0.5,FALSE,0.4338788933281,0.0111237180185392,TRUE,56,0.245000000000118,"59, 170"
0.001,447,5,4,100115,0.003,313.801544501312,-0.353797832397777,1.09861228866811,"interior",2443.87876264841,0,2,1,1,TRUE,0.628924965874421,0.269168758243803,TRUE,81,0.329999999999927,"59, 170"
0.001,447,5,4,100115,0.005,515.325222442115,0.142239606625621,1.6094379124341,"interior",2439.28144107868,-4.59732156973087,2,1,1,TRUE,0.639400798821237,0.282383212891846,TRUE,49,0.225000000000136,"59, 170"
0.001,447,5,4,100115,0.008,1078.1116766719,0.880407747660255,2.07944154167984,"interior",2429.78807601774,-14.0906866306686,2,1,1,TRUE,0.647470381078112,0.295442888166266,TRUE,68,0.284000000000106,"59, 170"
0.001,447,5,4,100115,0.01,1873.18543463534,1.43283710700647,2.30258509299405,"interior",2423.3717138243,-20.5070488241126,2,1,1,TRUE,0.650971786910308,0.302116447996864,TRUE,49,0.228000000000065,"59, 170"
0.001,447,5,4,100115,0.015,20000,3.80092895792256,2.70805020110221,"upper",2408.10041588752,-35.7783467608888,2,1,1,TRUE,0.655773346609406,0.311583538612141,TRUE,26,0.495000000000118,"59, 170"
0.001,447,5,4,100115,0.02,20000,3.80092895792256,2.99573227355399,"upper",2392.52304175554,-51.3557208928705,2,1,1,TRUE,0.655787762515821,0.311613438681335,TRUE,25,0.498000000000047,"59, 170"
0.001,447,5,4,100115,0.025,20000,3.80092895792256,3.2188758248682,"upper",2377.25976536228,-66.6189972861348,2,1,1,TRUE,0.655795351651229,0.311629750169849,TRUE,24,0.481999999999971,"59, 170"
0.001,447,5,4,100115,0.03,20000,3.80092895792256,3.40119738166216,"upper",2362.82408076843,-81.0546818799776,2,1,1,TRUE,0.655801562499193,0.311643324640274,TRUE,24,0.4849999999999,"59, 170"
0.001,447,5,5,100116,1e-05,2,-5.40941141405362,-4.60517018598809,"lower",2118.09758522049,-401.157785721674,0,0,0,FALSE,0.0337331851359752,0.032418845215714,TRUE,189,0.977000000000089,"127, 464"
0.001,447,5,5,100116,1e-04,29.4789676517377,-2.71888154650337,-2.30258509299405,"interior",2422.59356369064,-96.6618072515216,1,1,0.5,FALSE,0.494234306011859,0.00862429058521808,TRUE,76,0.324000000000069,"127, 464"
0.001,447,5,5,100116,0.001,192.34177683333,-0.843284717390566,0,"interior",2519.25537094216,0,2,1,1,TRUE,0.862764210972784,0.725716194876111,TRUE,74,0.305999999999813,"127, 464"
0.001,447,5,5,100116,0.003,531.474424199982,0.173096481972964,1.09861228866811,"interior",2515.89957669695,-3.35579424521075,2,1,1,TRUE,0.908432129738966,0.816873264771337,TRUE,32,0.110999999999876,"127, 464"
0.001,447,5,5,100116,0.005,1319.63254416667,1.08255000658184,1.6094379124341,"interior",2504.31348603563,-14.9418849065364,2,1,1,TRUE,0.927066159937282,0.854134219086409,TRUE,7,0.0240000000001146,"127, 464"
0.001,447,5,5,100116,0.008,20000,3.80092895792256,2.07944154167984,"upper",2487.63586615975,-31.6195047824194,2,1,1,TRUE,0.939764783842033,0.879530109892451,TRUE,11,0.192000000000007,"127, 464"
0.001,447,5,5,100116,0.01,20000,3.80092895792256,2.30258509299405,"upper",2476.76945412069,-42.4859168214789,2,1,1,TRUE,0.939614690681043,0.879229924772151,TRUE,9,0.166999999999916,"127, 464"
0.001,447,5,5,100116,0.015,20000,3.80092895792256,2.70805020110221,"upper",2451.1965704024,-68.058800539769,2,1,1,TRUE,0.939154589057341,0.878309732663433,TRUE,6,0.0760000000000218,"127, 464"
0.001,447,5,5,100116,0.02,20000,3.80092895792256,2.99573227355399,"upper",2428.74215711309,-90.513213829071,2,1,1,TRUE,0.938785311514034,0.877571180296314,TRUE,7,0.152999999999793,"127, 464"
0.001,447,5,5,100116,0.025,20000,3.80092895792256,3.2188758248682,"upper",2408.98771097491,-110.267659967252,2,1,1,TRUE,0.938410808171162,0.87682217584486,TRUE,7,0.152000000000044,"127, 464"
0.001,447,5,5,100116,0.03,20000,3.80092895792256,3.40119738166216,"upper",2391.38367921944,-127.871691722724,2,1,1,TRUE,0.938034108054998,0.876068777876589,TRUE,7,0.155999999999949,"127, 464"
0.001,972,5,1,100117,1e-05,2,-6.18620862390049,-4.60517018598809,"lower",2127.73520779181,-460.308322090701,0,0,0,FALSE,0.0357216983939677,0.0351819434163559,TRUE,189,0.965000000000146,"236, 258"
0.001,972,5,1,100117,1e-04,58.6047983630893,-2.80853922790056,-2.30258509299405,"interior",2472.96167244052,-115.081857441985,1,1,0.5,FALSE,0.178508496513976,0.00847515215889838,TRUE,76,0.312999999999874,"236, 258"
0.001,972,5,1,100117,0.001,495.379831823086,-0.674030999127944,0,"interior",2588.04352988251,0,2,1,1,TRUE,0.679166456084509,0.362636458623323,TRUE,45,0.208999999999833,"236, 258"
0.001,972,5,1,100117,0.003,9444.03427078117,2.2737827225801,1.09861228866811,"interior",2581.6486550206,-6.39487486190501,2,1,1,TRUE,0.686090235160801,0.372444358577368,TRUE,15,0.160999999999831,"236, 258"
0.001,972,5,1,100117,0.005,20000,3.02413174807569,1.6094379124341,"upper",2565.25184045515,-22.7916894273558,2,1,1,TRUE,0.68632909234219,0.3728869843289,TRUE,13,0.222000000000207,"236, 258"
0.001,972,5,1,100117,0.008,20000,3.02413174807569,2.07944154167984,"upper",2539.95409628776,-48.0894335947482,2,1,1,TRUE,0.686335303473575,0.372893923247983,TRUE,12,0.211999999999989,"236, 258"
0.001,972,5,1,100117,0.01,20000,3.02413174807569,2.30258509299405,"upper",2524.76273832309,-63.2807915594171,2,1,1,TRUE,0.686338646420871,0.372896387240999,TRUE,11,0.205999999999904,"236, 258"
0.001,972,5,1,100117,0.015,20000,3.02413174807569,2.70805020110221,"upper",2492.22267806323,-95.8208518192819,2,1,1,TRUE,0.686348168045055,0.372905388070085,TRUE,11,0.203999999999951,"236, 258"
0.001,972,5,1,100117,0.02,20000,3.02413174807569,2.99573227355399,"upper",2465.44435018188,-122.599179700633,2,1,1,TRUE,0.686358533668648,0.37291635920761,TRUE,11,0.208000000000084,"236, 258"
0.001,972,5,1,100117,0.025,20000,3.02413174807569,3.2188758248682,"upper",2442.64983546308,-145.393694419431,2,1,1,TRUE,0.686369744753467,0.372929315147024,TRUE,11,0.202999999999975,"236, 258"
0.001,972,5,1,100117,0.03,20000,3.02413174807569,3.40119738166216,"upper",2422.74891300556,-165.294616876944,2,1,1,TRUE,0.686381810559096,0.372944283233953,TRUE,11,0.205999999999904,"236, 258"
0.001,972,5,2,100118,1e-05,2,-6.18620862390049,-4.60517018598809,"lower",2089.36360953884,-508.909078084367,0,0,0,FALSE,0.0306065056806294,0.0162959609816115,TRUE,110,0.508000000000038,"9, 227"
0.001,972,5,2,100118,1e-04,38.527476463785,-3.22798414332714,-2.30258509299405,"interior",2450.14366552876,-148.129022094437,1,1,0.5,FALSE,0.247103312530912,0.00839106864167016,TRUE,81,0.402000000000044,"9, 227"
0.001,972,5,2,100118,0.001,445.216147007038,-0.780795916608406,0,"interior",2598.2726876232,0,2,1,1,TRUE,0.719392508683247,0.440997355320979,TRUE,76,0.309999999999945,"9, 227"
0.001,972,5,2,100118,0.003,20000,3.02413174807569,1.09861228866811,"upper",2597.5600779053,-0.712609717902524,2,1,1,TRUE,0.708542916401162,0.417218221170238,TRUE,55,1.18499999999995,"9, 227"
0.001,972,5,2,100118,0.005,20000,3.02413174807569,1.6094379124341,"upper",2579.94338713641,-18.3293004867883,2,1,1,TRUE,0.708547841666738,0.417231281368564,TRUE,55,1.18900000000008,"9, 227"
0.001,972,5,2,100118,0.008,20000,3.02413174807569,2.07944154167984,"upper",2553.58076215743,-44.691925465771,2,1,1,TRUE,0.708555518495433,0.417251587429732,TRUE,55,1.18900000000008,"9, 227"
0.001,972,5,2,100118,0.01,20000,3.02413174807569,2.30258509299405,"upper",2538.03175922268,-60.2409284005253,2,1,1,TRUE,0.708560036310158,0.417264036545359,TRUE,54,1.17800000000011,"9, 227"
0.001,972,5,2,100118,0.015,20000,3.02413174807569,2.70805020110221,"upper",2505.15544782361,-93.1172397995942,2,1,1,TRUE,0.70857287134206,0.417298563801539,TRUE,54,1.19599999999991,"9, 227"
0.001,972,5,2,100118,0.02,20000,3.02413174807569,2.99573227355399,"upper",2478.37845111849,-119.894236504711,2,1,1,TRUE,0.708585082634573,0.417332396330623,TRUE,53,1.16399999999999,"9, 227"
0.001,972,5,2,100118,0.025,20000,3.02413174807569,3.2188758248682,"upper",2455.70229118538,-142.570396437819,2,1,1,TRUE,0.708597322160892,0.417366855692439,TRUE,52,1.15300000000002,"9, 227"
0.001,972,5,2,100118,0.03,20000,3.02413174807569,3.40119738166216,"upper",2435.95852217287,-162.314165450336,2,1,1,TRUE,0.708609169434705,0.417401154692487,TRUE,50,1.07500000000005,"9, 227"
0.001,972,5,3,100119,1e-05,4.12933671032974,-5.46123901321124,-4.60517018598809,"interior",2104.16685909898,-459.405892059629,0,0,0,FALSE,0.123209691428137,0.0534116809121731,TRUE,186,0.889000000000124,"12, 237"
0.001,972,5,3,100119,1e-04,46.2505610891585,-3.04528220891811,-2.30258509299405,"interior",2449.10466531712,-114.46808584149,1,1,0.5,FALSE,0.474788880721885,0.00920066787214768,TRUE,69,0.295000000000073,"12, 237"
0.001,972,5,3,100119,0.001,399.634156880337,-0.888806283660529,0,"interior",2563.5727511586,0,2,1,1,TRUE,0.936633684216949,0.873391171083624,TRUE,27,0.0899999999999181,"12, 237"
0.001,972,5,3,100119,0.003,2009.85340918324,0.726461263178501,1.09861228866811,"interior",2555.18181742401,-8.39093373459491,2,1,1,TRUE,0.974299376310334,0.948601746199017,TRUE,44,0.22199999999998,"12, 237"
0.001,972,5,3,100119,0.005,20000,3.02413174807569,1.6094379124341,"upper",2541.58066650446,-21.9920846541445,2,1,1,TRUE,0.981893980621091,0.963788753906119,TRUE,25,0.492999999999938,"12, 237"
0.001,972,5,3,100119,0.008,20000,3.02413174807569,2.07944154167984,"upper",2520.53366945201,-43.0390817065941,2,1,1,TRUE,0.982061283611993,0.964123359981856,TRUE,23,0.49799999999982,"12, 237"
0.001,972,5,3,100119,0.01,20000,3.02413174807569,2.30258509299405,"upper",2507.47060790234,-56.102143256262,2,1,1,TRUE,0.982157253594921,0.964315300968305,TRUE,23,0.783000000000129,"12, 237"
0.001,972,5,3,100119,0.015,20000,3.02413174807569,2.70805020110221,"upper",2478.84940637296,-84.7233447856493,2,1,1,TRUE,0.982418479474172,0.964837753729848,TRUE,21,0.453999999999951,"12, 237"
0.001,972,5,3,100119,0.02,20000,3.02413174807569,2.99573227355399,"upper",2454.78603267085,-108.786718487756,2,1,1,TRUE,0.982682356435349,0.965365508252279,TRUE,20,0.448999999999842,"12, 237"
0.001,972,5,3,100119,0.025,20000,3.02413174807569,3.2188758248682,"upper",2433.99671507179,-129.576036086812,2,1,1,TRUE,0.982932752868009,0.965866302368097,TRUE,20,0.440999999999804,"12, 237"
0.001,972,5,3,100119,0.03,20000,3.02413174807569,3.40119738166216,"upper",2415.63905039763,-147.93370076098,2,1,1,TRUE,0.98317948293804,0.96635976378533,TRUE,20,0.44399999999996,"12, 237"
0.001,972,5,4,100120,1e-05,2,-6.18620862390049,-4.60517018598809,"lower",2123.04233820173,-469.265997620441,0,0,0,FALSE,0.0810393374984382,0.079678147847582,TRUE,98,0.464999999999918,"57, 352"
0.001,972,5,4,100120,1e-04,27.2355007280956,-3.57483450833042,-2.30258509299405,"interior",2459.95737192943,-132.350963892743,0,0,0,FALSE,0.465299213331766,0.165405750232088,TRUE,81,0.398000000000138,"57, 352"
0.001,972,5,4,100120,0.001,459.884604674867,-0.748380205850245,0,"interior",2592.30833582217,0,2,1,1,TRUE,0.970771053268038,0.941543220552177,TRUE,69,0.288000000000011,"57, 352"
0.001,972,5,4,100120,0.003,20000,3.02413174807569,1.09861228866811,"upper",2585.7079022119,-6.6004336102742,2,1,1,TRUE,0.990408059691466,0.980816127621975,TRUE,31,0.626000000000204,"57, 352"
0.001,972,5,4,100120,0.005,20000,3.02413174807569,1.6094379124341,"upper",2567.07926627639,-25.2290695457823,2,1,1,TRUE,0.99043426408482,0.980868536488766,TRUE,33,0.720000000000027,"57, 352"
0.001,972,5,4,100120,0.008,20000,3.02413174807569,2.07944154167984,"upper",2539.93890938291,-52.3694264392661,2,1,1,TRUE,0.990465693935833,0.980931396307963,TRUE,35,0.748000000000047,"57, 352"
0.001,972,5,4,100120,0.01,20000,3.02413174807569,2.30258509299405,"upper",2524.07727114686,-68.2310646753126,2,1,1,TRUE,0.990488925698844,0.980977859914578,TRUE,35,0.759999999999991,"57, 352"
0.001,972,5,4,100120,0.015,20000,3.02413174807569,2.70805020110221,"upper",2490.73653124333,-101.57180457884,2,1,1,TRUE,0.990544425798951,0.981088860318574,TRUE,35,0.759000000000015,"57, 352"
0.001,972,5,4,100120,0.02,20000,3.02413174807569,2.99573227355399,"upper",2463.70602173077,-128.6023140914,2,1,1,TRUE,0.990606800984493,0.981213610904464,TRUE,34,0.740999999999985,"57, 352"
0.001,972,5,4,100120,0.025,20000,3.02413174807569,3.2188758248682,"upper",2440.86718932637,-151.441146495807,2,1,1,TRUE,0.990662253191036,0.98132451553354,TRUE,34,0.743999999999915,"57, 352"
0.001,972,5,4,100120,0.03,20000,3.02413174807569,3.40119738166216,"upper",2421.0059414333,-171.302394388876,2,1,1,TRUE,0.990717770517401,0.981435550408625,TRUE,34,0.793999999999869,"57, 352"
0.001,972,5,5,100121,1e-05,9.42573127530921,-4.635912485244,-4.60517018598809,"interior",2166.56824441469,-422.122616220561,1,1,0.5,FALSE,0.0656929929793005,0.00795373159778101,TRUE,157,0.7349999999999,"175, 198"
0.001,972,5,5,100121,1e-04,76.3780930878889,-2.54365988909297,-2.30258509299405,"interior",2492.56330874424,-96.1275518910106,1,1,0.5,FALSE,0.0978402253870082,0.00845238028932394,TRUE,76,0.317999999999984,"175, 198"
0.001,972,5,5,100121,0.001,558.352570876117,-0.554365194162444,0,"interior",2588.69086063525,0,2,1,1,TRUE,0.807594933255045,0.635627633220725,TRUE,86,0.353000000000065,"175, 198"
0.001,972,5,5,100121,0.003,4219.79206816605,1.46818532840923,1.09861228866811,"interior",2574.62398977664,-14.0668708586109,2,1,1,TRUE,0.90003381944764,0.80139462604314,TRUE,66,0.747000000000071,"175, 198"
0.001,972,5,5,100121,0.005,20000,3.02413174807569,1.6094379124341,"upper",2556.67619404489,-32.0146665903667,2,1,1,TRUE,0.910801439377932,0.822443772167812,TRUE,58,1.23699999999985,"175, 198"
0.001,972,5,5,100121,0.008,20000,3.02413174807569,2.07944154167984,"upper",2531.12736805811,-57.5634925771428,2,1,1,TRUE,0.910334729275499,0.82151248626328,TRUE,57,1.221,"175, 198"
0.001,972,5,5,100121,0.01,20000,3.02413174807569,2.30258509299405,"upper",2516.05141468874,-72.6394459465178,2,1,1,TRUE,0.910024607615667,0.820893896314392,TRUE,56,1.20800000000008,"175, 198"
0.001,972,5,5,100121,0.015,20000,3.02413174807569,2.70805020110221,"upper",2483.98844156462,-104.702419070634,2,1,1,TRUE,0.909237164614194,0.81932308147465,TRUE,55,1.19700000000012,"175, 198"
0.001,972,5,5,100121,0.02,20000,3.02413174807569,2.99573227355399,"upper",2457.68260796415,-131.008252671105,2,1,1,TRUE,0.908449626066792,0.817752991359894,TRUE,53,1.19100000000003,"175, 198"
0.001,972,5,5,100121,0.025,20000,3.02413174807569,3.2188758248682,"upper",2435.29039676339,-153.400463871866,2,1,1,TRUE,0.907648988957814,0.81615687702424,TRUE,52,1.16200000000003,"175, 198"
0.001,972,5,5,100121,0.03,20000,3.02413174807569,3.40119738166216,"upper",2415.72104423286,-172.969816402395,2,1,1,TRUE,0.90684751880655,0.814560034671636,TRUE,50,1.08000000000015,"175, 198"
0.001,2115,5,1,100122,1e-05,5.49213671801247,-5.95349270985456,-4.60517018598809,"interior",2215.24792787015,-453.189300012569,0,0,0,FALSE,0.148980835488641,0.00796036290660085,TRUE,121,0.914999999999964,"390, 402"
0.001,2115,5,1,100122,1e-04,65.7376544305426,-3.47113820336756,-2.30258509299405,"interior",2564.14292352784,-104.294304354878,1,1,0.5,FALSE,0.435108027108244,0.00925720230349991,TRUE,77,0.326999999999998,"390, 402"
0.001,2115,5,1,100122,0.001,2743.6987702794,0.260252113744427,0,"interior",2668.43722788271,0,2,1,1,TRUE,0.684240001863523,0.37013452484391,TRUE,72,0.742999999999938,"390, 402"
0.001,2115,5,1,100122,0.003,20000,2.24667746105575,1.09861228866811,"upper",2640.47655355379,-27.9606743289246,2,1,1,TRUE,0.683559443342726,0.368346397548153,TRUE,72,1.62300000000005,"390, 402"
0.001,2115,5,1,100122,0.005,20000,2.24667746105575,1.6094379124341,"upper",2611.4669752406,-56.9702526421152,2,1,1,TRUE,0.683659026158398,0.368548378087614,TRUE,73,1.64200000000005,"390, 402"
0.001,2115,5,1,100122,0.008,20000,2.24667746105575,2.07944154167984,"upper",2577.13773053472,-91.2994973479927,2,1,1,TRUE,0.683806608785811,0.36884795532279,TRUE,73,1.63100000000009,"390, 402"
0.001,2115,5,1,100122,0.01,20000,2.24667746105575,2.30258509299405,"upper",2558.46096416949,-109.976263713223,2,1,1,TRUE,0.683904451279146,0.369046589102688,TRUE,73,1.64799999999991,"390, 402"
0.001,2115,5,1,100122,0.015,20000,2.24667746105575,2.70805020110221,"upper",2520.84098469658,-147.596243186134,2,1,1,TRUE,0.684147745279906,0.369540444724503,TRUE,74,1.654,"390, 402"
0.001,2115,5,1,100122,0.02,20000,2.24667746105575,2.99573227355399,"upper",2491.39362059229,-177.043607290425,2,1,1,TRUE,0.684387773440251,0.370027933639459,TRUE,74,1.66499999999996,"390, 402"
0.001,2115,5,1,100122,0.025,20000,2.24667746105575,3.2188758248682,"upper",2467.03203654677,-201.405191335942,2,1,1,TRUE,0.684625191520895,0.370510240346457,TRUE,74,1.64899999999989,"390, 402"
0.001,2115,5,1,100122,0.03,20000,2.24667746105575,3.40119738166216,"upper",2446.15774105012,-222.279486832592,2,1,1,TRUE,0.684860587423317,0.370988381911146,TRUE,75,1.654,"390, 402"
0.001,2115,5,2,100123,1e-05,4.02651636479459,-6.26390851496233,-4.60517018598809,"interior",2212.72067297687,-445.561612589329,0,0,0,FALSE,0.107962671792192,0.0863151708677024,TRUE,167,0.827999999999975,"203, 382"
0.001,2115,5,2,100123,1e-04,90.2056221587067,-3.15471833643509,-2.30258509299405,"interior",2551.2883815446,-106.993904021598,2,1,1,TRUE,0.565807281450548,0.205211995405715,TRUE,102,0.462999999999965,"203, 382"
0.001,2115,5,2,100123,0.001,1724.74209477792,-0.203977283466362,0,"interior",2658.2822855662,0,2,1,1,TRUE,0.697263762411742,0.396014776449956,TRUE,71,0.302999999999884,"203, 382"
0.001,2115,5,2,100123,0.003,20000,2.24667746105575,1.09861228866811,"upper",2637.27571250419,-21.0065730620099,2,1,1,TRUE,0.712280053762766,0.425387028643472,TRUE,71,1.59099999999989,"203, 382"
0.001,2115,5,2,100123,0.005,20000,2.24667746105575,1.6094379124341,"upper",2610.83411920123,-47.4481663649758,2,1,1,TRUE,0.712367751058245,0.425562248977275,TRUE,71,1.58900000000017,"203, 382"
0.001,2115,5,2,100123,0.008,20000,2.24667746105575,2.07944154167984,"upper",2578.44077920255,-79.8415063636503,2,1,1,TRUE,0.712498927931941,0.42582433854102,TRUE,71,1.90599999999995,"203, 382"
0.001,2115,5,2,100123,0.01,20000,2.24667746105575,2.30258509299405,"upper",2560.52471071976,-97.7575748464419,2,1,1,TRUE,0.712586221822865,0.425999022573059,TRUE,72,1.61099999999988,"203, 382"
0.001,2115,5,2,100123,0.015,20000,2.24667746105575,2.70805020110221,"upper",2523.9520138503,-134.330271715905,2,1,1,TRUE,0.712803462991064,0.426433040071128,TRUE,72,1.61599999999999,"203, 382"
0.001,2115,5,2,100123,0.02,20000,2.24667746105575,2.99573227355399,"upper",2494.92762468882,-163.354660877383,2,1,1,TRUE,0.713019735361529,0.426865365148845,TRUE,73,1.62199999999984,"203, 382"
0.001,2115,5,2,100123,0.025,20000,2.24667746105575,3.2188758248682,"upper",2470.68072738449,-187.601558181709,2,1,1,TRUE,0.713234464504208,0.427294323590142,TRUE,73,1.63300000000004,"203, 382"
0.001,2115,5,2,100123,0.03,20000,2.24667746105575,3.40119738166216,"upper",2449.75224042243,-208.530045143775,2,1,1,TRUE,0.713448374925687,0.427721877928759,TRUE,74,1.81100000000015,"203, 382"
0.001,2115,5,3,100124,1e-05,2,-6.96366291092043,-4.60517018598809,"lower",2248.74266584475,-412.764302735888,0,0,0,FALSE,0.0231355090808472,0.0226659434714336,TRUE,146,0.752999999999929,"24, 200"
0.001,2115,5,3,100124,1e-04,88.7087282096164,-3.17145180554466,-2.30258509299405,"interior",2572.44180420159,-89.0651643790525,1,1,0.5,FALSE,0.504613515495203,0.0092270309904432,TRUE,79,0.426999999999907,"24, 200"
0.001,2115,5,3,100124,0.001,2298.08507090044,0.0830213857820361,0,"interior",2661.50696858064,0,2,1,1,TRUE,0.988462500558037,0.976925001116073,TRUE,75,1.09099999999989,"24, 200"
0.001,2115,5,3,100124,0.003,20000,2.24667746105575,1.09861228866811,"upper",2639.39462735275,-22.1123412278916,2,1,1,TRUE,0.991674900322433,0.983349800644867,TRUE,74,1.89100000000008,"24, 200"
0.001,2115,5,3,100124,0.005,20000,2.24667746105575,1.6094379124341,"upper",2612.76951223628,-48.7374563443568,2,1,1,TRUE,0.99177043786309,0.983540875726179,TRUE,75,1.70100000000002,"24, 200"
0.001,2115,5,3,100124,0.008,20000,2.24667746105575,2.07944154167984,"upper",2580.06147860085,-81.4454899797952,2,1,1,TRUE,0.991912720244179,0.983825440488357,TRUE,75,1.67499999999995,"24, 200"
0.001,2115,5,3,100124,0.01,20000,2.24667746105575,2.30258509299405,"upper",2561.93652827689,-99.5704403037471,2,1,1,TRUE,0.992006205560724,0.984012411121449,TRUE,75,1.91000000000008,"24, 200"
0.001,2115,5,3,100124,0.015,20000,2.24667746105575,2.70805020110221,"upper",2524.91324666112,-136.593721919521,2,1,1,TRUE,0.992234613728747,0.984469227457494,TRUE,76,2.10500000000002,"24, 200"
0.001,2115,5,3,100124,0.02,20000,2.24667746105575,2.99573227355399,"upper",2495.53870794188,-165.968260638763,2,1,1,TRUE,0.99245709277962,0.984914185559239,TRUE,76,1.83600000000001,"24, 200"
0.001,2115,5,3,100124,0.025,20000,2.24667746105575,3.2188758248682,"upper",2471.01841878127,-190.488549799376,2,1,1,TRUE,0.992672675118007,0.985345350236013,TRUE,77,1.76700000000005,"24, 200"
0.001,2115,5,3,100124,0.03,20000,2.24667746105575,3.40119738166216,"upper",2449.87093098796,-211.636037592677,2,1,1,TRUE,0.992882592166684,0.985765184333368,TRUE,77,1.79299999999989,"24, 200"
0.001,2115,5,4,100125,1e-05,2,-6.96366291092043,-4.60517018598809,"lower",2148.75736391327,-476.379819805467,0,0,0,FALSE,0.02592497729185,0.0243356112695147,TRUE,140,0.686999999999898,"327, 344"
0.001,2115,5,4,100125,1e-04,55.0651125797826,-3.64829374137664,-2.30258509299405,"interior",2507.34424719904,-117.792936519691,1,1,0.5,FALSE,0.504520204714762,0.00904041374315134,TRUE,75,0.371000000000095,"327, 344"
0.001,2115,5,4,100125,0.001,746.550049740506,-1.04134743088055,0,"interior",2625.13718371873,0,2,1,1,TRUE,0.999873055819903,0.999746111639806,TRUE,76,0.317999999999984,"327, 344"
0.001,2115,5,4,100125,0.003,20000,2.24667746105575,1.09861228866811,"upper",2612.93283675004,-12.2043469686937,2,1,1,TRUE,0.99998692749721,0.99997385499442,TRUE,75,1.7650000000001,"327, 344"
0.001,2115,5,4,100125,0.005,20000,2.24667746105575,1.6094379124341,"upper",2591.14132376959,-33.995859949147,2,1,1,TRUE,0.999986817667051,0.999973635334102,TRUE,75,1.67899999999986,"327, 344"
0.001,2115,5,4,100125,0.008,20000,2.24667746105575,2.07944154167984,"upper",2561.98992553411,-63.1472581846224,2,1,1,TRUE,0.999986644488422,0.999973288976843,TRUE,76,1.72299999999996,"327, 344"
0.001,2115,5,4,100125,0.01,20000,2.24667746105575,2.30258509299405,"upper",2545.30725195659,-79.8299317621422,2,1,1,TRUE,0.999986522050999,0.999973044101997,TRUE,76,1.72299999999996,"327, 344"
0.001,2115,5,4,100125,0.015,20000,2.24667746105575,2.70805020110221,"upper",2510.59614888218,-114.541034836558,2,1,1,TRUE,0.999986192714213,0.999972385428425,TRUE,76,1.72499999999991,"327, 344"
0.001,2115,5,4,100125,0.02,20000,2.24667746105575,2.99573227355399,"upper",2482.69053390255,-142.446649816189,2,1,1,TRUE,0.999985830043225,0.99997166008645,TRUE,77,1.74900000000002,"327, 344"
0.001,2115,5,4,100125,0.025,20000,2.24667746105575,3.2188758248682,"upper",2459.24798343831,-165.889200280425,2,1,1,TRUE,0.99998543067469,0.99997086134938,TRUE,77,2.06500000000005,"327, 344"
0.001,2115,5,4,100125,0.03,20000,2.24667746105575,3.40119738166216,"upper",2438.95674658386,-186.180437134876,2,1,1,TRUE,0.999984993887107,0.999969987774215,TRUE,77,1.75900000000001,"327, 344"
0.001,2115,5,5,100126,1e-05,6.78054327399787,-5.74275286382998,-4.60517018598809,"interior",2175.68430077093,-445.796981335746,1,1,0.5,FALSE,0.0655779307756049,0.0100841334016702,TRUE,156,0.720000000000027,"50, 190"
0.001,2115,5,5,100126,1e-04,57.8632744585227,-3.598727200749,-2.30258509299405,"interior",2503.97696106503,-117.504321041645,1,1,0.5,FALSE,0.10206007006398,0.0087390870853391,TRUE,79,0.395000000000209,"50, 190"
0.001,2115,5,5,100126,0.001,731.815795124722,-1.06128125519171,0,"interior",2621.48128210668,0,2,1,1,TRUE,0.611175130644331,0.227847751284822,TRUE,76,0.322000000000116,"50, 190"
0.001,2115,5,5,100126,0.003,20000,2.24667746105575,1.09861228866811,"upper",2610.50558534284,-10.9756967638396,2,1,1,TRUE,0.612928151491329,0.226997854794581,TRUE,73,1.63499999999999,"50, 190"
0.001,2115,5,5,100126,0.005,20000,2.24667746105575,1.6094379124341,"upper",2587.98492689427,-33.4963552124045,2,1,1,TRUE,0.612930813459509,0.226997463235359,TRUE,73,1.63499999999999,"50, 190"
0.001,2115,5,5,100126,0.008,20000,2.24667746105575,2.07944154167984,"upper",2557.97298364675,-63.5082984599248,2,1,1,TRUE,0.612935532288987,0.22699842042348,TRUE,74,1.75199999999995,"50, 190"
0.001,2115,5,5,100126,0.01,20000,2.24667746105575,2.30258509299405,"upper",2540.90153817478,-80.5797439318994,2,1,1,TRUE,0.612938439273137,0.226998597441001,TRUE,74,1.75399999999991,"50, 190"
0.001,2115,5,5,100126,0.015,20000,2.24667746105575,2.70805020110221,"upper",2505.54450722178,-115.936774884901,2,1,1,TRUE,0.612946269114218,0.227000308212029,TRUE,75,1.75599999999986,"50, 190"
0.001,2115,5,5,100126,0.02,20000,2.24667746105575,2.99573227355399,"upper",2477.21484975586,-144.266432350819,2,1,1,TRUE,0.612953712136482,0.227001377900066,TRUE,75,1.82500000000005,"50, 190"
0.001,2115,5,5,100126,0.025,20000,2.24667746105575,3.2188758248682,"upper",2453.45302112362,-168.028260983059,2,1,1,TRUE,0.612961277075613,0.227002852925572,TRUE,75,1.73699999999985,"50, 190"
0.001,2115,5,5,100126,0.03,20000,2.24667746105575,3.40119738166216,"upper",2432.90371747257,-188.577564634109,2,1,1,TRUE,0.612969385101217,0.22700559775692,TRUE,76,1.81200000000013,"50, 190"
0.001,4599,5,1,100127,1e-05,6.45533950896247,-6.56868654834832,-4.60517018598809,"interior",2134.64962126515,-510.109865639261,1,1,0.5,FALSE,0.228261240384414,0.00796046633469316,TRUE,275,1.30999999999995,"330, 485"
0.001,4599,5,1,100127,1e-04,73.1807679421966,-4.14066151412313,-2.30258509299405,"interior",2507.5889461816,-137.170540722814,1,1,0.5,FALSE,0.380589351539371,0.00863015528471367,TRUE,76,0.314000000000078,"330, 485"
0.001,4599,5,1,100127,0.001,1335.72514173861,-1.23636456684069,0,"interior",2644.75948690441,0,2,1,1,TRUE,0.560811243503554,0.141062587981778,TRUE,76,0.316000000000031,"330, 485"
0.001,4599,5,1,100127,0.003,20000,1.4698933849962,1.09861228866811,"upper",2630.05132968081,-14.7081572236052,2,1,1,TRUE,0.564535243690874,0.139846413699372,TRUE,74,1.94599999999991,"330, 485"
0.001,4599,5,1,100127,0.005,20000,1.4698933849962,1.6094379124341,"upper",2605.78834174154,-38.9711451628723,2,1,1,TRUE,0.564598814171134,0.139987455243514,TRUE,75,1.82999999999993,"330, 485"
0.001,4599,5,1,100127,0.008,20000,1.4698933849962,2.07944154167984,"upper",2574.9993094316,-69.7601774728173,2,1,1,TRUE,0.564692522864015,0.140195990356172,TRUE,75,1.78899999999999,"330, 485"
0.001,4599,5,1,100127,0.01,20000,1.4698933849962,2.30258509299405,"upper",2557.72299223527,-87.0364946691461,2,1,1,TRUE,0.564754605453647,0.140334241820736,TRUE,75,1.81299999999987,"330, 485"
0.001,4599,5,1,100127,0.015,20000,1.4698933849962,2.70805020110221,"upper",2522.11410995432,-122.64537695009,2,1,1,TRUE,0.564909225053147,0.140678522506545,TRUE,76,1.78499999999985,"330, 485"
0.001,4599,5,1,100127,0.02,20000,1.4698933849962,2.99573227355399,"upper",2493.62044922291,-151.139037681506,2,1,1,TRUE,0.565061130752452,0.141017613522626,TRUE,76,1.74400000000014,"330, 485"
0.001,4599,5,1,100127,0.025,20000,1.4698933849962,3.2188758248682,"upper",2469.70256364212,-175.056923262296,2,1,1,TRUE,0.56521185272878,0.141354173144725,TRUE,77,1.87400000000002,"330, 485"
0.001,4599,5,1,100127,0.03,20000,1.4698933849962,3.40119738166216,"upper",2448.99124304869,-195.76824385572,2,1,1,TRUE,0.565359915828551,0.14168565995272,TRUE,77,1.79600000000005,"330, 485"
0.001,4599,5,2,100128,1e-05,5.90833407134112,-6.65723025888021,-4.60517018598809,"interior",2176.72160742322,-496.593506007871,1,1,0.5,FALSE,0.237252192452359,0.00797739075014614,TRUE,370,1.84999999999991,"152, 402"
0.001,4599,5,2,100128,1e-04,67.6901079450153,-4.21865411432404,-2.30258509299405,"interior",2540.6907091278,-132.624404303293,1,1,0.5,FALSE,0.412150605661672,0.00831311549861202,TRUE,82,0.411000000000058,"152, 402"
0.001,4599,5,2,100128,0.001,3774.51992644482,-0.197565685746516,0,"interior",2673.31511343109,0,1,1,0.5,FALSE,0.668816568364044,0.344649145087965,TRUE,77,0.781999999999925,"152, 402"
0.001,4599,5,2,100128,0.003,20000,1.4698933849962,1.09861228866811,"upper",2653.30458304612,-20.0105303849728,1,1,0.5,FALSE,0.674014717496363,0.353901137887583,TRUE,73,1.83000000000015,"152, 402"
0.001,4599,5,2,100128,0.005,20000,1.4698933849962,1.6094379124341,"upper",2626.1044846205,-47.2106288105924,1,1,0.5,FALSE,0.673845102926097,0.35357467141063,TRUE,74,2.13600000000019,"152, 402"
0.001,4599,5,2,100128,0.008,20000,1.4698933849962,2.07944154167984,"upper",2592.97304164349,-80.3420717875974,1,1,0.5,FALSE,0.673587876137262,0.353079748822351,TRUE,74,1.72699999999986,"152, 402"
0.001,4599,5,2,100128,0.01,20000,1.4698933849962,2.30258509299405,"upper",2574.7083325491,-98.6067808819889,1,1,0.5,FALSE,0.673414660106176,0.352746380314713,TRUE,74,1.73900000000003,"152, 402"
0.001,4599,5,2,100128,0.015,20000,1.4698933849962,2.70805020110221,"upper",2537.50595766908,-135.809155762004,1,1,0.5,FALSE,0.672975741199327,0.351901114046335,TRUE,75,1.82400000000007,"152, 402"
0.001,4599,5,2,100128,0.02,20000,1.4698933849962,2.99573227355399,"upper",2508.03649220025,-165.278621230841,1,1,0.5,FALSE,0.672527716272206,0.351037969110197,TRUE,76,1.85099999999989,"152, 402"
0.001,4599,5,2,100128,0.025,20000,1.4698933849962,3.2188758248682,"upper",2483.4477136095,-189.867399821589,1,1,0.5,FALSE,0.672070425536991,0.35015652310338,TRUE,77,1.85200000000009,"152, 402"
0.001,4599,5,2,100128,0.03,20000,1.4698933849962,3.40119738166216,"upper",2462.24399690485,-211.071116526234,1,1,0.5,FALSE,0.671603674430286,0.349256342523282,TRUE,78,1.77200000000016,"152, 402"
0.001,4599,5,3,100129,1e-05,2,-7.74044698697998,-4.60517018598809,"lower",2194.79008487054,-457.633841441285,0,0,0,FALSE,0.0193970407186293,0.0190268376508524,TRUE,406,2.12900000000013,"278, 485"
0.001,4599,5,3,100129,1e-04,61.2631218991574,-4.31841610597186,-2.30258509299405,"interior",2543.17924549963,-109.244680812191,1,1,0.5,FALSE,0.37469558281397,0.00865487808150167,TRUE,78,0.449000000000069,"278, 485"
0.001,4599,5,3,100129,0.001,1205.48374627022,-1.33895795298743,0,"interior",2652.42392631183,0,1,1,0.5,FALSE,0.878171793329129,0.86276137195729,TRUE,55,0.257000000000062,"278, 485"
0.001,4599,5,3,100129,0.003,20000,1.4698933849962,1.09861228866811,"upper",2628.60851445168,-23.8154118601433,2,1,1,TRUE,0.915256304931508,0.90864759491713,TRUE,24,0.561000000000149,"278, 485"
0.001,4599,5,3,100129,0.005,20000,1.4698933849962,1.6094379124341,"upper",2600.99909791835,-51.4248283934735,2,1,1,TRUE,0.915225869399111,0.908808023681642,TRUE,24,0.54099999999994,"278, 485"
0.001,4599,5,3,100129,0.008,20000,1.4698933849962,2.07944154167984,"upper",2567.77014793717,-84.6537783746558,2,1,1,TRUE,0.915193709536171,0.909021449363231,TRUE,23,0.498000000000047,"278, 485"
0.001,4599,5,3,100129,0.01,20000,1.4698933849962,2.30258509299405,"upper",2549.55723413733,-102.866692174493,2,1,1,TRUE,0.915161638218603,0.909181253984922,TRUE,23,0.583000000000084,"278, 485"
0.001,4599,5,3,100129,0.015,20000,1.4698933849962,2.70805020110221,"upper",2512.6168965419,-139.80702976993,2,1,1,TRUE,0.915078769245942,0.909579277953915,TRUE,23,0.552999999999884,"278, 485"
0.001,4599,5,3,100129,0.02,20000,1.4698933849962,2.99573227355399,"upper",2483.45854389152,-168.965382420311,2,1,1,TRUE,0.91499205761559,0.909975182094917,TRUE,23,0.546000000000049,"278, 485"
0.001,4599,5,3,100129,0.025,20000,1.4698933849962,3.2188758248682,"upper",2459.17117448772,-193.252751824105,2,1,1,TRUE,0.914916565132519,0.910342326471027,TRUE,22,0.486000000000104,"278, 485"
0.001,4599,5,3,100129,0.03,20000,1.4698933849962,3.40119738166216,"upper",2438.24393105943,-214.179995252398,2,1,1,TRUE,0.914821904716635,0.910734731795135,TRUE,22,0.478000000000065,"278, 485"
0.001,4599,5,4,100130,1e-05,2,-7.74044698697998,-4.60517018598809,"lower",2134.68843222284,-524.455457718213,0,0,0,FALSE,0.10178282159822,0.085393702718623,TRUE,144,0.766999999999825,"5, 482"
0.001,4599,5,4,100130,1e-04,43.4239741016369,-4.66258248029431,-2.30258509299405,"interior",2505.08686586285,-154.057024078208,1,1,0.5,FALSE,0.264340724193296,0.00971110617507864,TRUE,81,0.402000000000044,"5, 482"
0.001,4599,5,4,100130,0.001,1742.02376798279,-0.970791366143181,0,"interior",2659.14388994106,0,2,1,1,TRUE,0.360161298578033,0.15990228285541,TRUE,73,0.313000000000102,"5, 482"
0.001,4599,5,4,100130,0.003,20000,1.4698933849962,1.09861228866811,"upper",2645.60339813494,-13.5404918061136,2,1,1,TRUE,0.363229417746993,0.160577314841823,TRUE,74,2.0659999999998,"5, 482"
0.001,4599,5,4,100130,0.005,20000,1.4698933849962,1.6094379124341,"upper",2620.98990456248,-38.1539853785807,2,1,1,TRUE,0.363221143138624,0.160577402328366,TRUE,74,1.79199999999992,"5, 482"
0.001,4599,5,4,100130,0.008,20000,1.4698933849962,2.07944154167984,"upper",2589.9094867815,-69.2344031595576,2,1,1,TRUE,0.363209662512718,0.160578365894151,TRUE,75,1.79899999999998,"5, 482"
0.001,4599,5,4,100130,0.01,20000,1.4698933849962,2.30258509299405,"upper",2572.48384260988,-86.660047331171,2,1,1,TRUE,0.363201435687266,0.160578523411903,TRUE,75,1.81600000000003,"5, 482"
0.001,4599,5,4,100130,0.015,20000,1.4698933849962,2.70805020110221,"upper",2536.5586693169,-122.585220624158,2,1,1,TRUE,0.363181820711977,0.160579789817856,TRUE,76,1.80799999999999,"5, 482"
0.001,4599,5,4,100130,0.02,20000,1.4698933849962,2.99573227355399,"upper",2507.80347164017,-151.340418300882,2,1,1,TRUE,0.363161458194163,0.160580487577725,TRUE,76,1.78199999999993,"5, 482"
0.001,4599,5,4,100130,0.025,20000,1.4698933849962,3.2188758248682,"upper",2483.66878529534,-175.475104645716,2,1,1,TRUE,0.363141242025284,0.160581392339714,TRUE,76,1.84099999999989,"5, 482"
0.001,4599,5,4,100130,0.03,20000,1.4698933849962,3.40119738166216,"upper",2462.77908559232,-196.364804348732,2,1,1,TRUE,0.363122076410864,0.160583252645845,TRUE,77,1.94499999999994,"5, 482"
0.001,4599,5,5,100131,1e-05,2,-7.74044698697998,-4.60517018598809,"lower",2232.41730464537,-434.348170778664,0,0,0,FALSE,0.0527847235887134,0.0425047787070628,TRUE,121,0.660000000000082,"83, 463"
0.001,4599,5,5,100131,1e-04,85.5732578487428,-3.98422134151095,-2.30258509299405,"interior",2573.66519217342,-93.1002832506174,1,1,0.5,FALSE,0.504787168966504,0.00957434043654037,TRUE,76,0.417000000000144,"83, 463"
0.001,4599,5,5,100131,0.001,2791.53781665314,-0.499246255808679,0,"interior",2666.76547542404,0,2,1,1,TRUE,0.69582099945771,0.391641998915437,TRUE,71,0.683999999999969,"83, 463"
0.001,4599,5,5,100131,0.003,20000,1.4698933849962,1.09861228866811,"upper",2639.17094992731,-27.5945254967287,2,1,1,TRUE,0.697945811566473,0.395891623132952,TRUE,67,1.69700000000012,"83, 463"
0.001,4599,5,5,100131,0.005,20000,1.4698933849962,1.6094379124341,"upper",2611.46051051957,-55.3049649044656,2,1,1,TRUE,0.698140841210873,0.396281682421752,TRUE,67,1.87400000000002,"83, 463"
0.001,4599,5,5,100131,0.008,20000,1.4698933849962,2.07944154167984,"upper",2578.56830928145,-88.1971661425878,2,1,1,TRUE,0.698429313816472,0.39685862763295,TRUE,68,2.34999999999991,"83, 463"
0.001,4599,5,5,100131,0.01,20000,1.4698933849962,2.30258509299405,"upper",2560.561490791,-106.20398463304,2,1,1,TRUE,0.698621807896523,0.397243615793053,TRUE,68,1.92899999999986,"83, 463"
0.001,4599,5,5,100131,0.015,20000,1.4698933849962,2.70805020110221,"upper",2523.97984942772,-142.785625996314,2,1,1,TRUE,0.699096575451633,0.398193150903272,TRUE,69,1.91999999999985,"83, 463"
0.001,4599,5,5,100131,0.02,20000,1.4698933849962,2.99573227355399,"upper",2495.03400439144,-171.731471032594,2,1,1,TRUE,0.69956703554318,0.399134071086366,TRUE,69,1.87799999999993,"83, 463"
0.001,4599,5,5,100131,0.025,20000,1.4698933849962,3.2188758248682,"upper",2470.88623677053,-195.879238653509,2,1,1,TRUE,0.70003115691611,0.400062313832227,TRUE,69,1.61699999999996,"83, 463"
0.001,4599,5,5,100131,0.03,20000,1.4698933849962,3.40119738166216,"upper",2450.06245062905,-216.703024794984,2,1,1,TRUE,0.700488979562895,0.400977959125796,TRUE,69,1.64699999999993,"83, 463"
0.001,10000,5,1,100132,1e-05,6.97525106738507,-7.26797204959255,-4.60517018598809,"interior",2204.18476030752,-487.391636752576,1,1,0.5,FALSE,0.16443293126939,0.00795636961307322,TRUE,121,0.606999999999971,"19, 242"
0.001,10000,5,1,100132,1e-04,93.0555309548461,-4.67714394997905,-2.30258509299405,"interior",2568.65930606904,-122.917090991057,1,1,0.5,FALSE,0.502845452738742,0.00847290469889939,TRUE,79,0.326999999999998,"19, 242"
0.001,10000,5,1,100132,0.001,20000,0.693147180559944,0,"upper",2691.5763970601,0,1,1,0.5,FALSE,0.580911514581082,0.161823428258154,TRUE,74,1.654,"19, 242"
0.001,10000,5,1,100132,0.003,20000,0.693147180559944,1.09861228866811,"upper",2660.74340183131,-30.8329952287859,1,1,0.5,FALSE,0.580828818095506,0.161658035676033,TRUE,73,1.65100000000007,"19, 242"
0.001,10000,5,1,100132,0.005,20000,0.693147180559944,1.6094379124341,"upper",2629.8526454043,-61.7237516557975,1,1,0.5,FALSE,0.580747616191541,0.16149563226,TRUE,73,1.65199999999982,"19, 242"
0.001,10000,5,1,100132,0.008,20000,0.693147180559944,2.07944154167984,"upper",2593.69846832569,-97.8779287344064,1,1,0.5,FALSE,0.580612644053407,0.161225688597892,TRUE,74,1.73000000000002,"19, 242"
0.001,10000,5,1,100132,0.01,20000,0.693147180559944,2.30258509299405,"upper",2574.08482771573,-117.491569344367,1,1,0.5,FALSE,0.580527132104758,0.161054665111609,TRUE,74,1.73299999999995,"19, 242"
0.001,10000,5,1,100132,0.015,20000,0.693147180559944,2.70805020110221,"upper",2534.55454422182,-157.02185283828,1,1,0.5,FALSE,0.580305422687981,0.160611247343738,TRUE,74,2.06500000000005,"19, 242"
0.001,10000,5,1,100132,0.02,20000,0.693147180559944,2.99573227355399,"upper",2503.53328016363,-188.043116896474,1,1,0.5,FALSE,0.580062027168435,0.160124457437598,TRUE,75,1.74499999999989,"19, 242"
0.001,10000,5,1,100132,0.025,20000,0.693147180559944,3.2188758248682,"upper",2477.80288194697,-213.773515113134,1,1,0.5,FALSE,0.579815838543105,0.159632081377001,TRUE,75,1.74499999999989,"19, 242"
0.001,10000,5,1,100132,0.03,20000,0.693147180559944,3.40119738166216,"upper",2455.70955761105,-235.866839449047,1,1,0.5,FALSE,0.579556434223578,0.159113274002327,TRUE,75,1.73800000000006,"19, 242"
0.001,10000,5,2,100133,1e-05,2,-8.51719319141624,-4.60517018598809,"lower",2170.71751258414,-467.891538272763,0,0,0,FALSE,0.0336547233763607,0.00938693480416508,TRUE,140,0.692000000000007,"390, 393"
0.001,10000,5,2,100133,1e-04,85.6685748166357,-4.75985430187299,-2.30258509299405,"interior",2527.68045123698,-110.928599619927,1,1,0.5,FALSE,0.504168418583437,0.00833683727646739,TRUE,78,0.325000000000045,"390, 393"
0.001,10000,5,2,100133,0.001,1188.84336584693,-2.12960422000463,0,"interior",2638.6090508569,0,2,1,1,TRUE,0.804353639642519,0.608707279285037,TRUE,86,0.418999999999869,"390, 393"
0.001,10000,5,2,100133,0.003,20000,0.693147180559944,1.09861228866811,"upper",2617.03115708855,-21.5778937683513,2,1,1,TRUE,0.820193568464756,0.640387136929513,TRUE,76,1.75500000000011,"390, 393"
0.001,10000,5,2,100133,0.005,20000,0.693147180559944,1.6094379124341,"upper",2591.36848096858,-47.2405698883258,2,1,1,TRUE,0.81965958886061,0.639319177721219,TRUE,76,1.74900000000002,"390, 393"
0.001,10000,5,2,100133,0.008,20000,0.693147180559944,2.07944154167984,"upper",2559.79841862952,-78.8106322273861,2,1,1,TRUE,0.81883811916048,0.63767623832096,TRUE,76,1.7639999999999,"390, 393"
0.001,10000,5,2,100133,0.01,20000,0.693147180559944,2.30258509299405,"upper",2542.28559870747,-96.3234521494292,2,1,1,TRUE,0.818276035156493,0.636552070312986,TRUE,76,1.75499999999988,"390, 393"
0.001,10000,5,2,100133,0.015,20000,0.693147180559944,2.70805020110221,"upper",2506.41265226173,-132.196398595175,2,1,1,TRUE,0.816817718812595,0.63363543762519,TRUE,77,1.77099999999996,"390, 393"
0.001,10000,5,2,100133,0.02,20000,0.693147180559944,2.99573227355399,"upper",2477.81472615954,-160.794324697362,2,1,1,TRUE,0.815272826893043,0.630545653786086,TRUE,78,1.78699999999981,"390, 393"
0.001,10000,5,2,100133,0.025,20000,0.693147180559944,3.2188758248682,"upper",2453.82918044573,-184.779870411173,2,1,1,TRUE,0.813626157710918,0.627252315421836,TRUE,78,2.10500000000002,"390, 393"
0.001,10000,5,2,100133,0.03,20000,0.693147180559944,3.40119738166216,"upper",2433.05203848635,-205.557012370553,2,1,1,TRUE,0.811864116699374,0.623728233398748,TRUE,79,1.80299999999988,"390, 393"
0.001,10000,5,3,100134,1e-05,9.71450660230558,-6.93672007764127,-4.60517018598809,"interior",2279.84007764949,-436.802709583149,1,1,0.5,FALSE,0.410412830441278,0.00802835127479407,TRUE,100,0.478999999999814,"220, 284"
0.001,10000,5,3,100134,1e-04,142.304664915443,-4.25237008515879,-2.30258509299405,"interior",2621.32757847842,-95.3152087542198,2,1,1,TRUE,0.58408169704777,0.168240253378738,TRUE,82,0.339000000000169,"220, 284"
0.001,10000,5,3,100134,0.001,20000,0.693147180559944,0,"upper",2716.64278723264,0,2,1,1,TRUE,0.605989165737876,0.211978343081336,TRUE,66,1.49399999999991,"220, 284"
0.001,10000,5,3,100134,0.003,20000,0.693147180559944,1.09861228866811,"upper",2676.11917429875,-40.5236129338978,2,1,1,TRUE,0.606187416803635,0.212374845434168,TRUE,67,1.5809999999999,"220, 284"
0.001,10000,5,3,100134,0.005,20000,0.693147180559944,1.6094379124341,"upper",2642.95602267965,-73.6867645529915,2,1,1,TRUE,0.606380839570982,0.212761691191742,TRUE,67,290.511,"220, 284"
0.001,10000,5,3,100134,0.008,20000,0.693147180559944,2.07944154167984,"upper",2605.45670754708,-111.186079685568,2,1,1,TRUE,0.606663511177531,0.213327034739511,TRUE,67,1.56100000000015,"220, 284"
0.001,10000,5,3,100134,0.01,20000,0.693147180559944,2.30258509299405,"upper",2585.41090701674,-131.231880215901,2,1,1,TRUE,0.606847067992778,0.213694148593252,TRUE,67,1.59000000000015,"220, 284"
0.001,10000,5,3,100134,0.015,20000,0.693147180559944,2.70805020110221,"upper",2545.38116243893,-171.261624793715,2,1,1,TRUE,0.607289254766217,0.214578522698249,TRUE,67,1.71799999999985,"220, 284"
0.001,10000,5,3,100134,0.02,20000,0.693147180559944,2.99573227355399,"upper",2514.18824560907,-202.454541623577,2,1,1,TRUE,0.607708385689492,0.215416785101913,TRUE,67,2.00399999999991,"220, 284"
0.001,10000,5,3,100134,0.025,20000,0.693147180559944,3.2188758248682,"upper",2488.401697097,-228.24109013564,2,1,1,TRUE,0.608105212421435,0.216210439121155,TRUE,67,1.98299999999972,"220, 284"
0.001,10000,5,3,100134,0.03,20000,0.693147180559944,3.40119738166216,"upper",2466.29642087873,-250.346366353917,2,1,1,TRUE,0.608479310730294,0.216958636294318,TRUE,66,3.03699999999981,"220, 284"
0.001,10000,5,4,100135,1e-05,6.34977237383463,-7.3619214063543,-4.60517018598809,"interior",2144.79157290344,-544.743340053229,1,1,0.5,FALSE,0.239009957026865,0.00795379535994101,TRUE,160,1.55400000000009,"130, 246"
0.001,10000,5,4,100135,1e-04,85.5171563618685,-4.76162335695969,-2.30258509299405,"interior",2533.67206690797,-155.862846048703,1,1,0.5,FALSE,0.504271123426531,0.00870910413936798,TRUE,72,0.393000000000029,"130, 246"
0.001,10000,5,4,100135,0.001,20000,0.693147180559944,0,"upper",2689.53491295667,0,2,1,1,TRUE,0.92067113499949,0.841342270401517,TRUE,70,2.80299999999988,"130, 246"
0.001,10000,5,4,100135,0.003,20000,0.693147180559944,1.09861228866811,"upper",2664.3724765634,-25.1624363932706,2,1,1,TRUE,0.920715546746333,0.841431093893441,TRUE,68,2.34500000000025,"130, 246"
0.001,10000,5,4,100135,0.005,20000,0.693147180559944,1.6094379124341,"upper",2634.36858583656,-55.166327120111,2,1,1,TRUE,0.92077933070701,0.841558661813208,TRUE,69,2.57400000000007,"130, 246"
0.001,10000,5,4,100135,0.008,20000,0.693147180559944,2.07944154167984,"upper",2598.70902296639,-90.8258899902771,2,1,1,TRUE,0.920848397358832,0.841696795114283,TRUE,69,2.35300000000007,"130, 246"
0.001,10000,5,4,100135,0.01,20000,0.693147180559944,2.30258509299405,"upper",2579.29735728157,-110.237555675098,2,1,1,TRUE,0.920891979440305,0.841783959275515,TRUE,69,3.24600000000009,"130, 246"
0.001,10000,5,4,100135,0.015,20000,0.693147180559944,2.70805020110221,"upper",2540.15124958066,-149.383663376008,2,1,1,TRUE,0.920992386382155,0.841984773154933,TRUE,69,3.56100000000015,"130, 246"
0.001,10000,5,4,100135,0.02,20000,0.693147180559944,2.99573227355399,"upper",2509.44282982333,-180.092083133336,2,1,1,TRUE,0.921096892075063,0.842193784536574,TRUE,70,3.28699999999981,"130, 246"
0.001,10000,5,4,100135,0.025,20000,0.693147180559944,3.2188758248682,"upper",2483.98537494598,-205.549538010693,2,1,1,TRUE,0.921173602897401,0.842347206176975,TRUE,70,2.06500000000005,"130, 246"
0.001,10000,5,4,100135,0.03,20000,0.693147180559944,3.40119738166216,"upper",2462.1349533756,-227.399959581069,2,1,1,TRUE,0.921238403094444,0.842476806566795,TRUE,70,339.679,"130, 246"
0.001,10000,5,5,100136,1e-05,9.47234835464276,-6.96196351720477,-4.60517018598809,"interior",2200.63444375646,-466.12213702439,1,1,0.5,FALSE,0.433883707982164,0.00796419444344898,TRUE,187,0.894999999999982,"23, 376"
0.001,10000,5,5,100136,1e-04,102.990816586828,-4.57570054707267,-2.30258509299405,"interior",2560.19188047892,-106.564700301927,1,1,0.5,FALSE,0.504327920586866,0.0086558975211497,TRUE,79,0.331000000000131,"23, 376"
0.001,10000,5,5,100136,0.001,3418.56978904813,-1.0733628197223,0,"interior",2666.75658078085,0,2,1,1,TRUE,0.781134677959539,0.562269355919078,TRUE,75,0.835999999999785,"23, 376"
0.001,10000,5,5,100136,0.003,20000,0.693147180559944,1.09861228866811,"upper",2637.91838386884,-28.838196912011,2,1,1,TRUE,0.783192244487438,0.566384488974877,TRUE,71,2.36100000000033,"23, 376"
0.001,10000,5,5,100136,0.005,20000,0.693147180559944,1.6094379124341,"upper",2609.0342042066,-57.7223765742528,2,1,1,TRUE,0.783204081147003,0.566408162294006,TRUE,71,3.18100000000004,"23, 376"
0.001,10000,5,5,100136,0.008,20000,0.693147180559944,2.07944154167984,"upper",2575.04090064911,-91.7156801317424,2,1,1,TRUE,0.783222306852597,0.566444613705193,TRUE,72,3.01800000000003,"23, 376"
0.001,10000,5,5,100136,0.01,20000,0.693147180559944,2.30258509299405,"upper",2556.52608915931,-110.230491621543,2,1,1,TRUE,0.783234025449509,0.566468050899019,TRUE,72,2.71000000000004,"23, 376"
0.001,10000,5,5,100136,0.015,20000,0.693147180559944,2.70805020110221,"upper",2519.0800325549,-147.676548225952,2,1,1,TRUE,0.783263082193934,0.566526164387869,TRUE,72,3.52700000000004,"23, 376"
0.001,10000,5,5,100136,0.02,20000,0.693147180559944,2.99573227355399,"upper",2489.59826023016,-177.158320550691,2,1,1,TRUE,0.783291786375834,0.566583572751668,TRUE,72,3.346,"23, 376"
0.001,10000,5,5,100136,0.025,20000,0.693147180559944,3.2188758248682,"upper",2465.09898845827,-201.657592322577,2,1,1,TRUE,0.783319488247748,0.566638976495497,TRUE,71,2.70800000000008,"23, 376"
0.001,10000,5,5,100136,0.03,20000,0.693147180559944,3.40119738166216,"upper",2444.03893918038,-222.717641600475,2,1,1,TRUE,0.783347418127303,0.566694836254607,TRUE,71,3.12900000000036,"23, 376"
0.01,20,3,1,100002,1e-05,2,-2.30258509299405,-6.90775527898214,"lower",913.917791279151,-847.782866823042,0,0,0,FALSE,0.0189958382768993,0.0175320024265108,TRUE,157,0.603000000000009,"222, 230"
0.01,20,3,1,100002,1e-04,2,-2.30258509299405,-4.60517018598809,"lower",1343.61345038752,-418.087207714673,0,0,0,FALSE,0.0189964393182859,0.0175335252697495,TRUE,130,0.498999999999995,"222, 230"
0.01,20,3,1,100002,0.001,2,-2.30258509299405,-2.30258509299405,"lower",1620.25853335883,-141.442124743365,0,0,0,FALSE,0.0189922862879116,0.0175317255977435,TRUE,119,0.455000000000013,"222, 230"
0.01,20,3,1,100002,0.003,2,-2.30258509299405,-1.20397280432594,"lower",1698.69007180014,-63.0105863020481,0,0,0,FALSE,0.0189882443779922,0.0175295732660925,TRUE,116,0.443000000000012,"222, 230"
0.01,20,3,1,100002,0.005,2,-2.30258509299405,-0.693147180559945,"lower",1724.92231271502,-36.77834538717,0,0,0,FALSE,0.0189902431060387,0.0175307877175301,TRUE,115,0.437999999999988,"222, 230"
0.01,20,3,1,100002,0.008,2,-2.30258509299405,-0.223143551314211,"lower",1743.06813688885,-18.6325212133436,0,0,0,FALSE,0.0190082626178465,0.0175411723340566,TRUE,115,0.439999999999998,"222, 230"
0.01,20,3,1,100002,0.01,2.28922843416336,-2.16751744107388,0,"interior",1749.53382315732,-12.1668349448737,0,0,0,FALSE,0.020784523157804,0.018469813819607,TRUE,115,0.426999999999992,"222, 230"
0.01,20,3,1,100002,0.015,11.1322679176713,-0.58588436283615,0.405465108108164,"interior",1758.08724787174,-3.61341023045065,1,1,0.5,FALSE,0.157503993631932,0.00841424117547573,TRUE,216,0.798000000000002,"222, 230"
0.01,20,3,1,100002,0.02,13.7044986784982,-0.378008123928467,0.693147180559945,"interior",1761.19585664717,-0.504801455022061,1,1,0.5,FALSE,0.171074899141199,0.00807893653615666,TRUE,111,0.40300000000002,"222, 230"
0.01,20,3,1,100002,0.025,15.9933660744957,-0.223558257637011,0.916290731874155,"interior",1761.70065810219,0,1,1,0.5,FALSE,0.181528621374001,0.00799851122214146,TRUE,90,0.324000000000012,"222, 230"
0.01,20,3,1,100002,0.03,18.117516806941,-0.0988530238897583,1.09861228866811,"interior",1760.79338730131,-0.907270800880724,1,1,0.5,FALSE,0.190411983167667,0.0079869091674627,TRUE,78,0.286000000000001,"222, 230"
0.01,20,3,2,100003,1e-05,2,-2.30258509299405,-6.90775527898214,"lower",922.85891074727,-818.693679477192,0,0,0,FALSE,0.0276293132873575,0.0271943816505933,TRUE,168,0.65300000000002,"262, 268"
0.01,20,3,2,100003,1e-04,2,-2.30258509299405,-4.60517018598809,"lower",1355.86338432316,-385.689205901298,0,0,0,FALSE,0.027256445043801,0.0268578899884379,TRUE,142,0.54000000000002,"262, 268"
0.01,20,3,2,100003,0.001,2,-2.30258509299405,-2.30258509299405,"lower",1632.35370667404,-109.198883550419,0,0,0,FALSE,0.0270530580753952,0.0266741044200914,TRUE,130,0.5,"262, 268"
0.01,20,3,2,100003,0.003,2,-2.30258509299405,-1.20397280432594,"lower",1704.43718154011,-37.1154086843492,0,0,0,FALSE,0.0270256364543815,0.0266494573960605,TRUE,127,0.491000000000042,"262, 268"
0.01,20,3,2,100003,0.005,2,-2.30258509299405,-0.693147180559945,"lower",1725.11628363605,-16.436306588412,0,0,0,FALSE,0.0270607482576156,0.0266814882155004,TRUE,126,0.581999999999994,"262, 268"
0.01,20,3,2,100003,0.008,7.04128170694146,-1.04394205930997,-0.223143551314211,"interior",1736.90859137908,-4.6439988453817,0,0,0,FALSE,0.134491146133601,0.0823534684013731,TRUE,249,0.918999999999983,"262, 268"
0.01,20,3,2,100003,0.01,8.81179862880274,-0.81964069680388,0,"interior",1740.03664684534,-1.51594337911979,0,0,0,FALSE,0.15744557170307,0.0785643269457631,TRUE,194,0.713999999999999,"262, 268"
0.01,20,3,2,100003,0.015,12.2123739405535,-0.493282578403893,0.405465108108164,"interior",1741.55259022446,0,0,0,0,FALSE,0.184841407813844,0.0621085201301708,TRUE,143,0.522000000000048,"262, 268"
0.01,20,3,2,100003,0.02,14.9242311110663,-0.292746132448844,0.693147180559945,"interior",1739.342838829,-2.20975139546522,0,0,0,FALSE,0.19834333876462,0.0489983303935326,TRUE,122,0.444000000000017,"262, 268"
0.01,20,3,2,100003,0.025,17.2456729886728,-0.148171002778905,0.916290731874155,"interior",1735.73325659497,-5.8193336294953,0,0,0,FALSE,0.206707401697871,0.039825433215266,TRUE,108,0.394000000000005,"262, 268"
0.01,20,3,2,100003,0.03,19.3058521774387,-0.0353240019765915,1.09861228866811,"interior",1731.54089466352,-10.0116955609374,0,0,0,FALSE,0.212653125304203,0.0332632278627254,TRUE,99,0.363999999999976,"262, 268"
0.01,20,3,3,100004,1e-05,2,-2.30258509299405,-6.90775527898214,"lower",1070.19809672685,-724.062672890523,0,0,0,FALSE,0.0193816051080504,0.0191685199594115,TRUE,151,0.58499999999998,"231, 273"
0.01,20,3,3,100004,1e-04,2,-2.30258509299405,-4.60517018598809,"lower",1458.66438542206,-335.596384195316,0,0,0,FALSE,0.0194290547992637,0.0192131175925787,TRUE,130,0.502999999999986,"231, 273"
0.01,20,3,3,100004,0.001,2,-2.30258509299405,-2.30258509299405,"lower",1673.90144269063,-120.359326926742,0,0,0,FALSE,0.0194486395811916,0.0192315631857454,TRUE,122,0.475000000000023,"231, 273"
0.01,20,3,3,100004,0.003,2,-2.30258509299405,-1.20397280432594,"lower",1741.01737848334,-53.2433911340345,0,0,0,FALSE,0.0194447318646636,0.019228094095329,TRUE,120,0.460999999999956,"231, 273"
0.01,20,3,3,100004,0.005,2,-2.30258509299405,-0.693147180559945,"lower",1764.5833923641,-29.6773772532754,0,0,0,FALSE,0.0194418682125154,0.019225530595812,TRUE,119,0.45599999999996,"231, 273"
0.01,20,3,3,100004,0.008,2,-2.30258509299405,-0.223143551314211,"lower",1780.76218847465,-13.4985811427266,0,0,0,FALSE,0.0194422655102922,0.0192259169320885,TRUE,119,0.454999999999984,"231, 273"
0.01,20,3,3,100004,0.01,2.1789688217636,-2.21688052620071,0,"interior",1786.34368967243,-7.91707994494277,0,0,0,FALSE,0.0206435496598862,0.0203171574943978,TRUE,119,0.45599999999996,"231, 273"
0.01,20,3,3,100004,0.015,3.58496446868852,-1.71898371065654,0.405465108108164,"interior",1792.75134693844,-1.50942267893106,0,0,0,FALSE,0.0338520216877356,0.0316485910789059,TRUE,115,0.434000000000026,"231, 273"
0.01,20,3,3,100004,0.02,6.51465096714288,-1.12167863814325,0.693147180559945,"interior",1794.26076961737,0,0,0,0,FALSE,0.0931131296080119,0.0724345254215573,TRUE,131,0.500999999999976,"231, 273"
0.01,20,3,3,100004,0.025,11.7832188104968,-0.529055888979351,0.916290731874155,"interior",1793.81922651833,-0.441543099047522,0,0,0,FALSE,0.260713343105617,0.115800348401525,TRUE,120,0.451999999999998,"231, 273"
0.01,20,3,3,100004,0.03,14.1533482565661,-0.345781051550504,1.09861228866811,"interior",1792.2613792998,-1.99939031757754,0,0,0,FALSE,0.308903064653553,0.107143695160561,TRUE,95,0.358000000000004,"231, 273"
0.01,20,3,4,100005,1e-05,2,-2.30258509299405,-6.90775527898214,"lower",1072.93747253466,-675.069227997615,0,0,0,FALSE,0.0217021520076902,0.0182846245587404,TRUE,143,0.571999999999946,"238, 307"
0.01,20,3,4,100005,1e-04,2,-2.30258509299405,-4.60517018598809,"lower",1441.07104992228,-306.935650609995,0,0,0,FALSE,0.0216772269712109,0.0182746794598941,TRUE,124,0.490999999999985,"238, 307"
0.01,20,3,4,100005,0.001,2,-2.30258509299405,-2.30258509299405,"lower",1635.78657688252,-112.220123649753,0,0,0,FALSE,0.0216640343308236,0.0182696088567101,TRUE,117,0.45700000000005,"238, 307"
0.01,20,3,4,100005,0.003,2,-2.30258509299405,-1.20397280432594,"lower",1695.88581832416,-52.1208822081189,0,0,0,FALSE,0.0216541645066392,0.0182663759485517,TRUE,115,0.448000000000036,"238, 307"
0.01,20,3,4,100005,0.005,2,-2.30258509299405,-0.693147180559945,"lower",1717.59676443737,-30.4099360949024,0,0,0,FALSE,0.0216508221841032,0.0182652054389543,TRUE,114,0.541999999999973,"238, 307"
0.01,20,3,4,100005,0.008,2,-2.30258509299405,-0.223143551314211,"lower",1733.12676591658,-14.8799346156923,0,0,0,FALSE,0.021656637089342,0.0182666487908301,TRUE,113,0.442000000000007,"238, 307"
0.01,20,3,4,100005,0.01,2.1976900806496,-2.20832542812846,0,"interior",1738.74004420766,-9.26665632461777,0,0,0,FALSE,0.0229876774201503,0.0185804482774087,TRUE,113,0.425999999999988,"238, 307"
0.01,20,3,4,100005,0.015,3.565213917677,-1.72450821652947,0.405465108108164,"interior",1745.61876287874,-2.38793765353512,0,0,0,FALSE,0.034321084115627,0.0192546194728761,TRUE,111,0.418000000000006,"238, 307"
0.01,20,3,4,100005,0.02,5.62538704233836,-1.26844252030382,0.693147180559945,"interior",1747.58088286836,-0.425817663910493,0,0,0,FALSE,0.0667587257970076,0.016775861654578,TRUE,126,0.473000000000013,"238, 307"
0.01,20,3,4,100005,0.025,14.2065793525154,-0.34202708156896,0.916290731874155,"interior",1748.00670053227,0,1,1,0.5,FALSE,0.295371302333858,0.00806361662276867,TRUE,124,0.464999999999975,"238, 307"
0.01,20,3,4,100005,0.03,16.0872182941432,-0.21770721163863,1.09861228866811,"interior",1746.71198695952,-1.29471357275656,1,1,0.5,FALSE,0.31172923488225,0.00813237785226684,TRUE,98,0.365999999999985,"238, 307"
0.01,20,3,5,100006,1e-05,2,-2.30258509299405,-6.90775527898214,"lower",996.675890971186,-852.632459248799,0,0,0,FALSE,0.0209258840532159,0.0168530477934047,TRUE,149,0.581000000000017,"189, 233"
0.01,20,3,5,100006,1e-04,2,-2.30258509299405,-4.60517018598809,"lower",1434.92384671276,-414.384503507221,0,0,0,FALSE,0.0209182621226815,0.016846645503805,TRUE,125,0.489000000000033,"189, 233"
0.01,20,3,5,100006,0.001,2,-2.30258509299405,-2.30258509299405,"lower",1726.38317360612,-122.925176613865,0,0,0,FALSE,0.0209107878281314,0.0168423878989215,TRUE,114,0.436999999999955,"189, 233"
0.01,20,3,5,100006,0.003,2,-2.30258509299405,-1.20397280432594,"lower",1801.04316187373,-48.2651883462506,0,0,0,FALSE,0.0209522826590097,0.0168469944713295,TRUE,112,0.438000000000045,"189, 233"
0.01,20,3,5,100006,0.005,2.830034666227,-1.95544331242369,-0.693147180559945,"interior",1822.85180275666,-26.4565474633225,0,0,0,FALSE,0.0281249653323957,0.0167185718299869,TRUE,110,0.418999999999983,"189, 233"
0.01,20,3,5,100006,0.008,14.2753788147047,-0.337195981431986,-0.223143551314211,"interior",1838.35841145732,-10.9499387626611,1,1,0.5,FALSE,0.156174055590025,0.00794503752199449,TRUE,116,0.435000000000002,"189, 233"
0.01,20,3,5,100006,0.01,16.5401611867784,-0.189940838735168,0,"interior",1843.20396331047,-6.10438690951196,1,1,0.5,FALSE,0.161889348794599,0.00794178319082595,TRUE,102,0.372000000000014,"189, 233"
0.01,20,3,5,100006,0.015,21.6206683034249,0.0779174495310788,0.405465108108164,"interior",1848.47931489223,-0.829035327756401,1,1,0.5,FALSE,0.172515124868092,0.00793890714408296,TRUE,84,0.305000000000007,"189, 233"
0.01,20,3,5,100006,0.02,26.1667416404575,0.268756927802571,0.693147180559945,"interior",1849.30835021998,0,1,1,0.5,FALSE,0.179678550738836,0.00793927699899888,TRUE,71,0.262,"189, 233"
0.01,20,3,5,100006,0.025,30.3831020965404,0.418154328227657,0.916290731874155,"interior",1848.1634595718,-1.14489064817985,1,1,0.5,FALSE,0.184654158581691,0.00794549437127556,TRUE,61,0.221000000000004,"189, 233"
0.01,20,3,5,100006,0.03,34.4448110996615,0.543626091361209,1.09861228866811,"interior",1846.00019329881,-3.30815692117767,1,1,0.5,FALSE,0.188369627873183,0.00796308802157997,TRUE,59,0.212999999999965,"189, 233"
0.01,43,3,1,100007,1e-05,2,-3.06805293513362,-6.90775527898214,"lower",1251.40490945781,-682.247295261727,0,0,0,FALSE,0.0265051629938062,0.0264357511466922,TRUE,161,0.639999999999986,"97, 283"
0.01,43,3,1,100007,1e-04,2,-3.06805293513362,-4.60517018598809,"lower",1636.68890864235,-296.96329607719,0,0,0,FALSE,0.0267789999579218,0.0266920929846113,TRUE,145,0.569000000000017,"97, 283"
0.01,43,3,1,100007,0.001,2,-3.06805293513362,-2.30258509299405,"lower",1852.37781199728,-81.2743927222602,0,0,0,FALSE,0.0269242699211604,0.0268277803973531,TRUE,138,0.545999999999992,"97, 283"
0.01,43,3,1,100007,0.003,2,-3.06805293513362,-1.20397280432594,"lower",1909.06871355641,-24.5834911631234,0,0,0,FALSE,0.0270233472437189,0.0269195408347108,TRUE,137,0.543999999999983,"97, 283"
0.01,43,3,1,100007,0.005,7.69362649001595,-1.72080785815973,-0.693147180559945,"interior",1924.53260444479,-9.11960027474856,0,0,0,FALSE,0.282317551089984,0.124119103382215,TRUE,158,0.596000000000004,"97, 283"
0.01,43,3,1,100007,0.008,13.3664065939638,-1.16845552704912,-0.223143551314211,"interior",1932.37493283112,-1.27727188841436,0,0,0,FALSE,0.45273176742756,0.0634984187188639,TRUE,105,0.401999999999987,"97, 283"
0.01,43,3,1,100007,0.01,15.9511938468774,-0.991666439929771,0,"interior",1933.65220471954,0,0,0,0,FALSE,0.478790459995103,0.0427842871554214,TRUE,87,0.331000000000017,"97, 283"
0.01,43,3,1,100007,0.015,20.8996944757292,-0.721465575215809,0.405465108108164,"interior",1931.62996787649,-2.02223684304886,1,1,0.5,FALSE,0.496581097511905,0.0235578455869951,TRUE,64,0.246999999999957,"97, 283"
0.01,43,3,1,100007,0.02,24.9945078564319,-0.542544000702534,0.693147180559945,"interior",1926.67015629983,-6.98204841970664,1,1,0.5,FALSE,0.501421109247607,0.0175608344844437,TRUE,49,0.279999999999973,"97, 283"
0.01,43,3,1,100007,0.025,28.7493306797258,-0.402585629426394,0.916290731874155,"interior",1920.77321363465,-12.8789910848861,1,1,0.5,FALSE,0.503952168180902,0.015767355973922,TRUE,43,0.159999999999968,"97, 283"
0.01,43,3,1,100007,0.03,33.8756371880777,-0.238504026690448,1.09861228866811,"interior",1914.65762531144,-18.9945794080977,1,1,0.5,FALSE,0.509317206996438,0.0215860353514543,TRUE,86,0.314999999999998,"97, 283"
0.01,43,3,2,100008,1e-05,2,-3.06805293513362,-6.90775527898214,"lower",1137.8112863151,-839.454014860055,0,0,0,FALSE,0.0219349747860728,0.00812070134339093,TRUE,140,0.533999999999992,"53, 496"
0.01,43,3,2,100008,1e-04,2,-3.06805293513362,-4.60517018598809,"lower",1566.16086427657,-411.104436898593,0,0,0,FALSE,0.0219536841293521,0.00811954573232543,TRUE,120,0.451000000000022,"53, 496"
0.01,43,3,2,100008,0.001,2,-3.06805293513362,-2.30258509299405,"lower",1839.80512072299,-137.46018045217,0,0,0,FALSE,0.0219872581591744,0.00811806734895459,TRUE,110,0.420999999999992,"53, 496"
0.01,43,3,2,100008,0.003,11.3353042704572,-1.33327798864864,-1.20397280432594,"interior",1921.14996980358,-56.1153313715756,1,1,0.5,FALSE,0.23640738166102,0.00799240871787588,TRUE,146,0.52600000000001,"53, 496"
0.01,43,3,2,100008,0.005,16.7293732679369,-0.944034062966356,-0.693147180559945,"interior",1948.38373741912,-28.8815637560349,1,1,0.5,FALSE,0.258013801318138,0.00802366867932724,TRUE,96,0.351999999999975,"53, 496"
0.01,43,3,2,100008,0.008,23.4169608889412,-0.607739531574459,-0.223143551314211,"interior",1966.11611027567,-11.1491908994942,1,1,0.5,FALSE,0.270260410805657,0.00808979840447255,TRUE,76,0.27800000000002,"53, 496"
0.01,43,3,2,100008,0.01,27.3564198714083,-0.452248884154374,0,"interior",1971.80370224821,-5.46159892695346,1,1,0.5,FALSE,0.274692124955309,0.0081564729850897,TRUE,67,0.243999999999971,"53, 496"
0.01,43,3,2,100008,0.015,36.2001221561951,-0.172137622387002,0.405465108108164,"interior",1977.26530117516,0,1,1,0.5,FALSE,0.281765022995707,0.00847232332777148,TRUE,48,0.173000000000002,"53, 496"
0.01,43,3,2,100008,0.02,47.3474181715998,0.0963121759809367,0.693147180559945,"interior",1977.2006968354,-0.0646043397625817,1,1,0.5,FALSE,0.2886721732972,0.0123461324721522,TRUE,131,0.466999999999985,"53, 496"
0.01,43,3,2,100008,0.025,65.9815685944477,0.428175323610999,0.916290731874155,"interior",1975.34518732634,-1.92011384881698,1,1,0.5,FALSE,0.290429660060376,0.0082737438710202,TRUE,108,0.384999999999991,"53, 496"
0.01,43,3,2,100008,0.03,76.7449015752929,0.579286839580829,1.09861228866811,"interior",1972.23786398516,-5.02743718999477,1,1,0.5,FALSE,0.294238343338212,0.00942339034952933,TRUE,52,0.18100000000004,"53, 496"
0.01,43,3,3,100009,1e-05,2,-3.06805293513362,-6.90775527898214,"lower",1238.79577007148,-788.00859885562,0,0,0,FALSE,0.016346898842832,0.0119293776852352,TRUE,183,0.699000000000012,"472, 498"
0.01,43,3,3,100009,1e-04,2,-3.06805293513362,-4.60517018598809,"lower",1664.28992036521,-362.514448561893,0,0,0,FALSE,0.0164917606235197,0.0118838839154272,TRUE,168,0.648000000000025,"472, 498"
0.01,43,3,3,100009,0.001,2,-3.06805293513362,-2.30258509299405,"lower",1928.18342282501,-98.620946102086,0,0,0,FALSE,0.0165827765178707,0.0118566154461089,TRUE,163,0.626000000000033,"472, 498"
0.01,43,3,3,100009,0.003,15.1205186276544,-1.04514744475964,-1.20397280432594,"interior",1996.58171306978,-30.2226558573157,1,1,0.5,FALSE,0.504018261701405,0.00804401702356772,TRUE,90,0.322000000000003,"472, 498"
0.01,43,3,3,100009,0.005,20.9260876307429,-0.720203523094478,-0.693147180559945,"interior",2015.5250794098,-11.2792895173034,1,1,0.5,FALSE,0.504058779530022,0.00811789841211275,TRUE,77,0.27600000000001,"472, 498"
0.01,43,3,3,100009,0.008,28.0644468672093,-0.426696576483137,-0.223143551314211,"interior",2025.03419440629,-1.77017452081395,1,1,0.5,FALSE,0.504126741399463,0.00825349659710861,TRUE,69,0.253000000000043,"472, 498"
0.01,43,3,3,100009,0.01,32.221757204311,-0.288558201743746,0,"interior",2026.8043689271,0,1,1,0.5,FALSE,0.50418474432765,0.00836949139955978,TRUE,65,0.240999999999985,"472, 498"
0.01,43,3,3,100009,0.015,41.4210567710394,-0.0374107465064557,0.405465108108164,"interior",2025.44063724377,-1.36373168333239,1,1,0.5,FALSE,0.504435802152304,0.00887160443879531,TRUE,48,0.174000000000035,"472, 498"
0.01,43,3,3,100009,0.02,49.619312876404,0.143180014759662,0.693147180559945,"interior",2020.9069758024,-5.89739312470374,1,1,0.5,FALSE,0.504870556933808,0.00974111388332943,TRUE,35,0.131000000000029,"472, 498"
0.01,43,3,3,100009,0.025,57.2729469493196,0.286628266509331,0.916290731874155,"interior",2015.38769070681,-11.4166782202913,1,1,0.5,FALSE,0.505526809242878,0.011053618488492,TRUE,31,0.107000000000028,"472, 498"
0.01,43,3,3,100009,0.03,67.091390887944,0.444855617339373,1.09861228866811,"interior",2009.65038686679,-17.1539820603084,1,1,0.5,FALSE,0.510605472720294,0.0212109454411431,TRUE,78,0.27800000000002,"472, 498"
0.01,43,3,4,100010,1e-05,2,-3.06805293513362,-6.90775527898214,"lower",1321.96422881918,-724.929974709931,0,0,0,FALSE,0.027168134837275,0.0261658047323957,TRUE,139,0.533999999999992,"110, 251"
0.01,43,3,4,100010,1e-04,2,-3.06805293513362,-4.60517018598809,"lower",1711.17779080851,-335.716412720597,0,0,0,FALSE,0.0273028826449762,0.0262757627082242,TRUE,123,0.463999999999999,"110, 251"
0.01,43,3,4,100010,0.001,2,-3.06805293513362,-2.30258509299405,"lower",1935.81581379609,-111.078389733019,0,0,0,FALSE,0.0273778837038892,0.02633686016049,TRUE,115,0.432999999999993,"110, 251"
0.01,43,3,4,100010,0.003,12.9292589801497,-1.20170723467198,-1.20397280432594,"interior",2001.14684371766,-45.7473598114502,1,1,0.5,FALSE,0.314745692768421,0.0157684035222289,TRUE,122,0.454000000000008,"110, 251"
0.01,43,3,4,100010,0.005,18.6930925075961,-0.833046044692852,-0.693147180559945,"interior",2023.02957691017,-23.8646266189346,1,1,0.5,FALSE,0.348518875705728,0.00973188344902298,TRUE,82,0.302999999999997,"110, 251"
0.01,43,3,4,100010,0.008,26.00844763028,-0.502778721586609,-0.223143551314211,"interior",2037.38603043612,-9.50817309298668,1,1,0.5,FALSE,0.377330295220018,0.00863347275504434,TRUE,75,0.286000000000001,"110, 251"
0.01,43,3,4,100010,0.01,30.4653863327357,-0.344608950874241,0,"interior",2042.07464680333,-4.81955672578101,1,1,0.5,FALSE,0.391274371469806,0.00869336680320543,TRUE,71,0.26600000000002,"110, 251"
0.01,43,3,4,100010,0.015,40.9580684853287,-0.0486512921941,0.405465108108164,"interior",2046.76555117055,-0.128652358556792,1,1,0.5,FALSE,0.417348773841672,0.0101771604906915,TRUE,43,0.159000000000049,"110, 251"
0.01,43,3,4,100010,0.02,51.3048913834064,0.176585980542185,0.693147180559945,"interior",2046.89420352911,0,1,1,0.5,FALSE,0.437503284892029,0.0145627506881956,TRUE,32,0.120999999999981,"110, 251"
0.01,43,3,4,100010,0.025,81.4587893236989,0.63889712419798,0.916290731874155,"interior",2045.82624307932,-1.06796044978751,1,1,0.5,FALSE,0.632702343817357,0.368573437009689,TRUE,125,0.449999999999989,"110, 251"
0.01,43,3,4,100010,0.03,95.9465321899902,0.802590964262202,1.09861228866811,"interior",2043.58925977959,-3.30494374951854,1,1,0.5,FALSE,0.695487540039404,0.47286325714758,TRUE,83,0.298999999999978,"110, 251"
0.01,43,3,5,100011,1e-05,2,-3.06805293513362,-6.90775527898214,"lower",1355.71459720419,-732.04512090299,0,0,0,FALSE,0.0369348682722654,0.0340572252738913,TRUE,124,0.481999999999971,"252, 404"
0.01,43,3,5,100011,1e-04,2,-3.06805293513362,-4.60517018598809,"lower",1757.89931503052,-329.860403076659,0,0,0,FALSE,0.0368071139925181,0.033969198723542,TRUE,109,0.423999999999978,"252, 404"
0.01,43,3,5,100011,0.001,2.80171204853259,-2.73096943946479,-2.30258509299405,"interior",1982.90686734624,-104.852850760943,0,0,0,FALSE,0.0501044969758017,0.0418766947147933,TRUE,105,0.38900000000001,"252, 404"
0.01,43,3,5,100011,0.003,15.5945794933203,-1.0142767301961,-1.20397280432594,"interior",2045.09431570698,-42.6654024002041,1,1,0.5,FALSE,0.220607382348607,0.0107626577437583,TRUE,91,0.341999999999985,"252, 404"
0.01,43,3,5,100011,0.005,22.3993373577313,-0.652168739514269,-0.693147180559945,"interior",2065.68666845345,-22.0730496537258,1,1,0.5,FALSE,0.221414941412335,0.00863974203125739,TRUE,82,0.324999999999989,"252, 404"
0.01,43,3,5,100011,0.008,31.1561264106091,-0.32218921530011,-0.223143551314211,"interior",2079.20414865027,-8.55556945690932,1,1,0.5,FALSE,0.215390574057541,0.00846186586565689,TRUE,82,0.300000000000011,"252, 404"
0.01,43,3,5,100011,0.01,36.5212580074816,-0.163305613476797,0,"interior",2083.57731087326,-4.18240723391546,1,1,0.5,FALSE,0.211006426723627,0.00859539270438425,TRUE,82,0.305999999999983,"252, 404"
0.01,43,3,5,100011,0.015,49.0829565980471,0.132311742718776,0.405465108108164,"interior",2087.75971810718,0,1,1,0.5,FALSE,0.201181499805054,0.00925041517754943,TRUE,78,0.290999999999997,"252, 404"
0.01,43,3,5,100011,0.02,61.0287989665542,0.350145751274708,0.693147180559945,"interior",2087.51326072169,-0.246457385485428,1,1,0.5,FALSE,0.193314882600062,0.0107432631622723,TRUE,68,0.254999999999995,"252, 404"
0.01,43,3,5,100011,0.025,73.057524784551,0.530047025884645,0.916290731874155,"interior",2085.33372998175,-2.42598812543338,1,1,0.5,FALSE,0.188895284818089,0.0168324903006597,TRUE,31,0.105999999999995,"252, 404"
0.01,43,3,5,100011,0.03,85.3742544932293,0.685844470015539,1.09861228866811,"interior",2082.22174501458,-5.53797309260017,1,1,0.5,FALSE,0.188307317138787,0.0284020589646842,TRUE,21,0.0710000000000264,"252, 404"
0.01,95,3,1,100012,1e-05,2,-3.8607297110406,-6.90775527898214,"lower",1362.80860233269,-806.894062963145,0,0,0,FALSE,0.0232801388964577,0.0230582446017631,TRUE,162,0.623999999999967,"311, 321"
0.01,95,3,1,100012,1e-04,2,-3.8607297110406,-4.60517018598809,"lower",1784.82808312059,-384.874582175251,0,0,0,FALSE,0.0235551541991547,0.0233052665051083,TRUE,148,0.563000000000045,"311, 321"
0.01,95,3,1,100012,0.001,2,-3.8607297110406,-2.30258509299405,"lower",2057.59401326378,-112.10865203206,0,0,0,FALSE,0.0237881889466411,0.0235131616117377,TRUE,142,0.536999999999978,"311, 321"
0.01,95,3,1,100012,0.003,13.7118787831287,-1.93561436998776,-1.20397280432594,"interior",2132.23233821357,-37.470327082272,0,0,0,FALSE,0.262686325041529,0.0270909165737584,TRUE,87,0.317000000000007,"311, 321"
0.01,95,3,1,100012,0.005,21.302072156323,-1.49507253928256,-0.693147180559945,"interior",2154.09955538127,-15.6031099145694,1,1,0.5,FALSE,0.335404009450261,0.0141103244802617,TRUE,82,0.299000000000035,"311, 321"
0.01,95,3,1,100012,0.008,31.2543873005469,-1.11171713165489,-0.223143551314211,"interior",2166.21808393385,-3.48458136198678,1,1,0.5,FALSE,0.391229522637509,0.0114640935122392,TRUE,63,0.347999999999956,"311, 321"
0.01,95,3,1,100012,0.01,38.0271730933848,-0.915575906018181,0,"interior",2169.12252768325,-0.580137612590079,1,1,0.5,FALSE,0.417196761776706,0.0150361129470823,TRUE,28,0.0950000000000273,"311, 321"
0.01,95,3,1,100012,0.015,61.064497912818,-0.441946243187366,0.405465108108164,"interior",2169.70266529584,0,1,1,0.5,FALSE,0.494605285312213,0.0669648335062836,TRUE,37,0.137999999999977,"311, 321"
0.01,95,3,1,100012,0.02,100.810760486986,0.0593682092022201,0.693147180559945,"interior",2167.54025771181,-2.16240758402591,2,1,1,TRUE,0.806243198359324,0.649784013415664,TRUE,58,0.209000000000003,"311, 321"
0.01,95,3,1,100012,0.025,127.512887341285,0.294340545076532,0.916290731874155,"interior",2163.28126667652,-6.4213986193231,2,1,1,TRUE,0.854002937668445,0.731574468440089,TRUE,17,0.0580000000000496,"311, 321"
0.01,95,3,1,100012,0.03,157.923569198738,0.508234285138354,1.09861228866811,"interior",2158.41906115663,-11.283604139207,2,1,1,TRUE,0.887139777806831,0.789118180914181,TRUE,25,0.0850000000000364,"311, 321"
0.01,95,3,2,100013,1e-05,2,-3.8607297110406,-6.90775527898214,"lower",1314.4425786407,-810.695291611567,0,0,0,FALSE,0.0349037714240091,0.0251431593265241,TRUE,133,0.515999999999963,"215, 319"
0.01,95,3,2,100013,1e-04,2,-3.8607297110406,-4.60517018598809,"lower",1737.93213500661,-387.205735245656,0,0,0,FALSE,0.0346645267849215,0.0251287769596695,TRUE,116,0.44300000000004,"215, 319"
0.01,95,3,2,100013,0.001,10.5628712838986,-2.1965317483967,-2.30258509299405,"interior",2001.5657024191,-123.57216783317,1,1,0.5,FALSE,0.103056429294797,0.00798271506281045,TRUE,118,0.425999999999988,"215, 319"
0.01,95,3,2,100013,0.003,22.8772076395807,-1.42373577626151,-1.20397280432594,"interior",2076.27223864671,-48.8656316055581,1,1,0.5,FALSE,0.131976451494884,0.00821415237376288,TRUE,79,0.288000000000011,"215, 319"
0.01,95,3,2,100013,0.005,32.9441240800196,-1.05906397493015,-0.693147180559945,"interior",2100.30819504948,-24.829675202785,1,1,0.5,FALSE,0.155256438772317,0.00859061467428401,TRUE,71,0.262999999999977,"215, 319"
0.01,95,3,2,100013,0.008,46.5141716253268,-0.714119859302936,-0.223143551314211,"interior",2115.34041104495,-9.79745920731602,1,1,0.5,FALSE,0.185506822720497,0.0100182544269505,TRUE,50,0.177999999999997,"215, 319"
0.01,95,3,2,100013,0.01,55.151153152313,-0.543799236739518,0,"interior",2119.84085305737,-5.29701719490276,1,1,0.5,FALSE,0.203667204636764,0.0124379706112256,TRUE,35,0.130000000000052,"215, 319"
0.01,95,3,2,100013,0.015,103.527290753765,0.0859583651280849,0.405465108108164,"interior",2125.13787025227,0,1,1,0.5,FALSE,0.489423479249887,0.473408001434628,TRUE,109,0.389999999999986,"215, 319"
0.01,95,3,2,100013,0.02,131.99967068652,0.328922536183627,0.693147180559945,"interior",2124.95532619195,-0.182544060323835,1,1,0.5,FALSE,0.535698114883638,0.534382991192454,TRUE,62,0.214999999999975,"215, 319"
0.01,95,3,2,100013,0.025,162.183471597376,0.534851343515943,0.916290731874155,"interior",2122.54993534628,-2.5879349059901,1,1,0.5,FALSE,0.574277146710423,0.563676108951476,TRUE,22,0.0730000000000359,"215, 319"
0.01,95,3,2,100013,0.03,194.222489203235,0.715127461893976,1.09861228866811,"interior",2119.0902014612,-6.04766879106865,1,1,0.5,FALSE,0.62158427175485,0.615378912604946,TRUE,28,0.0930000000000177,"215, 319"
0.01,95,3,3,100014,1e-05,2,-3.8607297110406,-6.90775527898214,"lower",1279.4828952426,-809.597446586187,0,0,0,FALSE,0.0274621700071491,0.0239738310154003,TRUE,132,0.510999999999967,"330, 497"
0.01,95,3,3,100014,1e-04,2,-3.8607297110406,-4.60517018598809,"lower",1696.8793446068,-392.20099722198,0,0,0,FALSE,0.0272948033011248,0.0238949843905717,TRUE,115,0.437999999999988,"330, 497"
0.01,95,3,3,100014,0.001,6.48896427653387,-2.68377396121108,-2.30258509299405,"interior",1959.56722141169,-129.513120417092,0,0,0,FALSE,0.121014510222648,0.0148177377477106,TRUE,274,1.036,"330, 497"
0.01,95,3,3,100014,0.003,20.8297219211437,-1.51749598633786,-1.20397280432594,"interior",2040.29644251513,-48.7838993136565,1,1,0.5,FALSE,0.294260646357142,0.00802523464479243,TRUE,89,0.322999999999979,"330, 497"
0.01,95,3,3,100014,0.005,30.3276291833873,-1.14181774033453,-0.693147180559945,"interior",2066.09757439557,-22.9827674332146,1,1,0.5,FALSE,0.319808464751177,0.00820607408270291,TRUE,70,0.254000000000019,"330, 497"
0.01,95,3,3,100014,0.008,42.5342034140407,-0.803568353124229,-0.223143551314211,"interior",2081.73164557267,-7.34869625610918,1,1,0.5,FALSE,0.340982196032094,0.00881585127800433,TRUE,49,0.174000000000035,"330, 497"
0.01,95,3,3,100014,0.01,50.0172090916565,-0.641509763556245,0,"interior",2086.16944941952,-2.91089240925976,1,1,0.5,FALSE,0.351544238638563,0.00962387257718833,TRUE,39,0.142999999999972,"330, 497"
0.01,95,3,3,100014,0.015,70.7463137402719,-0.29477645904558,0.405465108108164,"interior",2089.08034182878,0,1,1,0.5,FALSE,0.379532621751331,0.0246102497402356,TRUE,67,0.242999999999995,"330, 497"
0.01,95,3,3,100014,0.02,92.2121593657446,-0.0297848894108288,0.693147180559945,"interior",2087.05311252232,-2.02722930646314,1,1,0.5,FALSE,0.407468901161547,0.0512314721397522,TRUE,41,0.146999999999991,"330, 497"
0.01,95,3,3,100014,0.025,112.998424718487,0.173496986470271,0.916290731874155,"interior",2083.07100452256,-6.00933730622546,1,1,0.5,FALSE,0.433199046503397,0.0803488693008348,TRUE,36,0.131000000000029,"330, 497"
0.01,95,3,3,100014,0.03,133.092908245315,0.337170550978426,1.09861228866811,"interior",2078.22202706845,-10.8583147603276,1,1,0.5,FALSE,0.455595312166355,0.107302749415882,TRUE,35,0.127999999999986,"330, 497"
0.01,95,3,4,100015,1e-05,2,-3.8607297110406,-6.90775527898214,"lower",1273.27782177009,-812.834905618749,0,0,0,FALSE,0.0327216510380919,0.029239117315892,TRUE,147,0.563999999999965,"265, 292"
0.01,95,3,4,100015,1e-04,2,-3.8607297110406,-4.60517018598809,"lower",1707.39355672409,-378.719170664749,0,0,0,FALSE,0.0330321112971116,0.0294130538376209,TRUE,125,0.488,"265, 292"
0.01,95,3,4,100015,0.001,7.68248614180508,-2.51493368044493,-2.30258509299405,"interior",1988.41332414105,-97.699403247786,1,1,0.5,FALSE,0.171715096569488,0.0104189419544766,TRUE,265,0.997000000000014,"265, 292"
0.01,95,3,4,100015,0.003,17.9805494659945,-1.66458630318004,-1.20397280432594,"interior",2059.61422110204,-26.4985062867968,1,1,0.5,FALSE,0.218519920999529,0.00827181079573458,TRUE,81,0.300999999999988,"265, 292"
0.01,95,3,4,100015,0.005,25.1837003901392,-1.32767991627005,-0.693147180559945,"interior",2077.60662119602,-8.50610619282133,1,1,0.5,FALSE,0.233922787543388,0.00876689169077749,TRUE,69,0.265000000000043,"265, 292"
0.01,95,3,4,100015,0.008,34.1566616167325,-1.02291925530326,-0.223143551314211,"interior",2085.35053940693,-0.76218798190439,1,1,0.5,FALSE,0.249343379872102,0.0106609386408916,TRUE,47,0.170999999999992,"265, 292"
0.01,95,3,4,100015,0.01,39.6333174294581,-0.874206777847232,0,"interior",2086.06736409914,-0.0453632896937961,1,1,0.5,FALSE,0.257902699843812,0.0137215248127823,TRUE,36,0.136000000000024,"265, 292"
0.01,95,3,4,100015,0.015,81.6924022591528,-0.150915889662947,0.405465108108164,"interior",2086.11272738884,0,1,1,0.5,FALSE,0.520112591162398,0.498987074357838,TRUE,94,0.337000000000046,"265, 292"
0.01,95,3,4,100015,0.02,99.4254686750923,0.0455314133376961,0.693147180559945,"interior",2081.14706631673,-4.96566107210674,1,1,0.5,FALSE,0.556881475401546,0.550035221770609,TRUE,66,0.242999999999995,"265, 292"
0.01,95,3,4,100015,0.025,116.836509267133,0.206898709292731,0.916290731874155,"interior",2075.21104707185,-10.9016803169902,1,1,0.5,FALSE,0.589516460335531,0.581069788610535,TRUE,26,0.0860000000000127,"265, 292"
0.01,95,3,4,100015,0.03,165.860628479253,0.557270956630661,1.09861228866811,"interior",2070.72475286423,-15.3879745246086,3,0.666666666666667,1,TRUE,0.670350514744975,0.605807163312142,TRUE,83,0.296000000000049,"265, 292"
0.01,95,3,5,100016,1e-05,2,-3.8607297110406,-6.90775527898214,"lower",1280.35697452303,-861.838522259845,0,0,0,FALSE,0.0211817887618907,0.0200515530458933,TRUE,170,0.736999999999966,"71, 260"
0.01,95,3,5,100016,1e-04,2,-3.8607297110406,-4.60517018598809,"lower",1719.94322599,-422.252270792874,0,0,0,FALSE,0.0213970736295137,0.0201819333030478,TRUE,155,0.608000000000004,"71, 260"
0.01,95,3,5,100016,0.001,2,-3.8607297110406,-2.30258509299405,"lower",2017.27708144042,-124.91841534245,0,0,0,FALSE,0.0215921577421155,0.0202958858947508,TRUE,152,0.608000000000004,"71, 260"
0.01,95,3,5,100016,0.003,18.4274464739292,-1.6400356822078,-1.20397280432594,"interior",2100.92048950693,-41.2750072759454,1,1,0.5,FALSE,0.342574143912208,0.00819917098661782,TRUE,76,0.284999999999968,"71, 260"
0.01,95,3,5,100016,0.005,27.0771962476297,-1.255184984824,-0.693147180559945,"interior",2125.15779279297,-17.0377039899035,1,1,0.5,FALSE,0.377801116796346,0.00866510727770875,TRUE,64,0.243999999999971,"71, 260"
0.01,95,3,5,100016,0.008,38.7583399078191,-0.896530935530834,-0.223143551314211,"interior",2138.36460695513,-3.83088982774052,1,1,0.5,FALSE,0.409060957571313,0.0110602745444323,TRUE,33,0.125999999999976,"71, 260"
0.01,95,3,5,100016,0.01,47.0897811292237,-0.701820875280626,0,"interior",2141.50830382855,-0.687192954319471,1,1,0.5,FALSE,0.427284133175765,0.0178539674727521,TRUE,60,0.216999999999985,"71, 260"
0.01,95,3,5,100016,0.015,71.7363307250152,-0.280879567653972,0.405465108108164,"interior",2142.19549678287,0,1,1,0.5,FALSE,0.470852069081863,0.0583261064949442,TRUE,37,0.140000000000043,"71, 260"
0.01,95,3,5,100016,0.02,98.4436593441984,0.0356075065775867,0.693147180559945,"interior",2138.79206250275,-3.40343428012511,1,1,0.5,FALSE,0.53518096563949,0.164356964414518,TRUE,57,0.20799999999997,"71, 260"
0.01,95,3,5,100016,0.025,123.005498881656,0.258352169127508,0.916290731874155,"interior",2133.91835521638,-8.27714156648881,1,1,0.5,FALSE,0.572647191580741,0.222651813197199,TRUE,26,0.0889999999999986,"71, 260"
0.01,95,3,5,100016,0.03,149.905376997348,0.456127383427371,1.09861228866811,"interior",2128.48517118845,-13.7103255944198,1,1,0.5,FALSE,0.608793516494521,0.283108592319659,TRUE,24,0.0799999999999841,"71, 260"
0.01,206,3,1,100017,1e-05,2,-4.63472898822964,-6.90775527898214,"lower",1394.70159257079,-880.281265364259,0,0,0,FALSE,0.0262183520790374,0.0258332103241762,TRUE,184,0.727000000000032,"72, 351"
0.01,206,3,1,100017,1e-04,2,-4.63472898822964,-4.60517018598809,"lower",1836.64054183185,-438.342316103196,0,0,0,FALSE,0.0266840473185805,0.0261812501322148,TRUE,168,0.653999999999996,"72, 351"
0.01,206,3,1,100017,0.001,22.4918429165615,-2.21472346235336,-2.30258509299405,"interior",2138.91278283886,-136.070075096189,1,1,0.5,FALSE,0.49133649136181,0.00808590681455656,TRUE,84,0.30699999999996,"72, 351"
0.01,206,3,1,100017,0.003,53.8829328141516,-1.34106238639488,-1.20397280432594,"interior",2225.23022245523,-49.7526354798224,1,1,0.5,FALSE,0.504004682081696,0.00872534204800801,TRUE,74,0.268999999999949,"72, 351"
0.01,206,3,1,100017,0.005,81.7841636194427,-0.923792542707863,-0.693147180559945,"interior",2250.54128640763,-24.4415715274199,1,1,0.5,FALSE,0.505075755177003,0.010222650446757,TRUE,64,0.238,"72, 351"
0.01,206,3,1,100017,0.008,124.327500795201,-0.504956949408571,-0.223143551314211,"interior",2264.795195686,-10.1876622490499,1,1,0.5,FALSE,0.513408096703964,0.0268218510978648,TRUE,23,0.0769999999999982,"72, 351"
0.01,206,3,1,100017,0.01,199.201339460047,-0.033560099464669,0,"interior",2271.32812084304,-3.6547370920066,2,1,1,TRUE,0.812684415366319,0.625369300716232,TRUE,101,0.367000000000019,"72, 351"
0.01,206,3,1,100017,0.015,312.208069534611,0.4157936862819,0.405465108108164,"interior",2274.98285793505,0,2,1,1,TRUE,0.830171390171976,0.660342804659725,TRUE,84,0.41900000000004,"72, 351"
0.01,206,3,1,100017,0.02,457.834393739464,0.798631364215029,0.693147180559945,"interior",2273.64870379557,-1.33415413947887,2,1,1,TRUE,0.842342385178628,0.684684772823575,TRUE,76,0.274000000000001,"72, 351"
0.01,206,3,1,100017,0.025,659.899723868433,1.16421172115514,0.916290731874155,"interior",2270.35970623138,-4.62315170367538,2,1,1,TRUE,0.852124853692228,0.704249707761643,TRUE,66,0.242000000000019,"72, 351"
0.01,206,3,1,100017,0.03,967.84728429886,1.54719814188685,1.09861228866811,"interior",2266.20576803674,-8.77708989830717,2,1,1,TRUE,0.860723919196091,0.721447838468071,TRUE,46,0.163999999999987,"72, 351"
0.01,206,3,2,100018,1e-05,2,-4.63472898822964,-6.90775527898214,"lower",1473.35355852374,-770.100132421742,0,0,0,FALSE,0.0527015633029985,0.0396047611539846,TRUE,169,0.657000000000039,"45, 145"
0.01,206,3,2,100018,1e-04,2,-4.63472898822964,-4.60517018598809,"lower",1899.07015910907,-344.383531836404,0,0,0,FALSE,0.0521693232225178,0.0395407588132427,TRUE,152,0.602999999999952,"45, 145"
0.01,206,3,2,100018,0.001,19.0768693018663,-2.37939959894389,-2.30258509299405,"interior",2156.24988653394,-87.2038044115393,1,1,0.5,FALSE,0.29787002616038,0.00803658585027212,TRUE,84,0.312999999999988,"45, 145"
0.01,206,3,2,100018,0.003,43.5507635526946,-1.55394893286188,-1.20397280432594,"interior",2219.36891273118,-24.0847782142973,1,1,0.5,FALSE,0.440976395695088,0.00835702371514291,TRUE,76,0.286000000000001,"45, 145"
0.01,206,3,2,100018,0.005,63.4845994452676,-1.17707882072669,-0.693147180559945,"interior",2235.78652326158,-7.6671676838987,1,1,0.5,FALSE,0.475363227615766,0.00893508868774462,TRUE,70,0.26400000000001,"45, 145"
0.01,206,3,2,100018,0.008,91.0742100005007,-0.816201500096717,-0.223143551314211,"interior",2242.88080530982,-0.57288563566135,1,1,0.5,FALSE,0.493403781418706,0.0120604702083608,TRUE,35,0.133999999999958,"45, 145"
0.01,206,3,2,100018,0.01,109.309217386852,-0.633695446084513,0,"interior",2243.45369094548,0,1,1,0.5,FALSE,0.500107207314243,0.0166814320528668,TRUE,20,0.0690000000000168,"45, 145"
0.01,206,3,2,100018,0.015,162.459375878242,-0.237448192869081,0.405465108108164,"interior",2239.92808434802,-3.52560659745905,1,1,0.5,FALSE,0.537533222596935,0.0813150097677354,TRUE,35,0.129999999999995,"45, 145"
0.01,206,3,2,100018,0.02,253.803482853831,0.208684109224882,0.693147180559945,"interior",2234.73062157577,-8.72306936970745,1,1,0.5,FALSE,0.9031886339334,0.810616408394156,TRUE,72,0.263999999999953,"45, 145"
0.01,206,3,2,100018,0.025,333.079990114222,0.480506502898145,0.916290731874155,"interior",2228.57479182765,-14.878899117833,2,1,1,TRUE,0.926772630111264,0.855852625767639,TRUE,27,0.0889999999999986,"45, 145"
0.01,206,3,2,100018,0.03,427.378749950427,0.729794453510861,1.09861228866811,"interior",2222.29173432345,-21.1619566220293,2,1,1,TRUE,0.941434603149502,0.884221052736365,TRUE,16,0.0529999999999973,"45, 145"
0.01,206,3,3,100019,1e-05,2,-4.63472898822964,-6.90775527898214,"lower",1499.01291546118,-818.37157120455,0,0,0,FALSE,0.0860170273960527,0.00820484056335236,TRUE,452,1.77100000000002,"96, 161"
0.01,206,3,3,100019,1e-04,4.20605977539124,-3.89134987967681,-4.60517018598809,"interior",1933.57099763151,-383.813489034216,1,1,0.5,FALSE,0.127464050006205,0.0079662806060623,TRUE,343,1.30800000000005,"96, 161"
0.01,206,3,3,100019,0.001,34.1837647336521,-1.79612535282434,-2.30258509299405,"interior",2219.24161405585,-98.1428726098829,1,1,0.5,FALSE,0.25268667415987,0.0080153116434204,TRUE,77,0.283000000000015,"96, 161"
0.01,206,3,3,100019,0.003,80.052755060384,-0.945190313194765,-1.20397280432594,"interior",2291.13564662047,-26.2488400452626,1,1,0.5,FALSE,0.276370438788858,0.00816013257750781,TRUE,78,0.281000000000006,"96, 161"
0.01,206,3,3,100019,0.005,121.431717244388,-0.528524061977619,-0.693147180559945,"interior",2309.32427062348,-8.06021604225452,1,1,0.5,FALSE,0.28438270263551,0.00839280029715928,TRUE,73,0.265000000000043,"96, 161"
0.01,206,3,3,100019,0.008,184.797646305729,-0.108614746103969,-0.223143551314211,"interior",2316.92379212209,-0.460694543637601,1,1,0.5,FALSE,0.29263348283212,0.00941274664931169,TRUE,49,0.173000000000002,"96, 161"
0.01,206,3,3,100019,0.01,231.108442555016,0.115010879865948,0,"interior",2317.38448666573,0,1,1,0.5,FALSE,0.297558562636585,0.0114177400027859,TRUE,17,0.0559999999999832,"96, 161"
0.01,206,3,3,100019,0.015,372.529996408229,0.592441393058299,0.405465108108164,"interior",2313.0590281956,-4.32545847012716,1,1,0.5,FALSE,0.309269205512145,0.0192447514365254,TRUE,29,0.0950000000000273,"96, 161"
0.01,206,3,3,100019,0.02,572.258080625325,1.02171391073907,0.693147180559945,"interior",2305.98493948804,-11.3995471776889,1,1,0.5,FALSE,0.318775112305341,0.0263054206443989,TRUE,20,0.0649999999999977,"96, 161"
0.01,206,3,3,100019,0.025,876.868675666256,1.44848106968619,0.916290731874155,"interior",2298.21651614719,-19.1679705185375,1,1,0.5,FALSE,0.325814513771664,0.030612694905794,TRUE,16,0.0529999999999973,"96, 161"
0.01,206,3,3,100019,0.03,1410.08357191747,1.92352808368964,1.09861228866811,"interior",2290.39509048594,-26.9893961797911,1,1,0.5,FALSE,0.331341744286415,0.0334258978218271,TRUE,17,0.0569999999999595,"96, 161"
0.01,206,3,4,100020,1e-05,2,-4.63472898822964,-6.90775527898214,"lower",1436.98943132224,-828.921290403303,0,0,0,FALSE,0.0241556588169686,0.0163510818113626,TRUE,176,0.704000000000008,"62, 367"
0.01,206,3,4,100020,1e-04,2,-4.63472898822964,-4.60517018598809,"lower",1880.2516450425,-385.659076683045,0,0,0,FALSE,0.0245375613276644,0.0162897955307703,TRUE,157,0.620000000000005,"62, 367"
0.01,206,3,4,100020,0.001,21.1117081235246,-2.2780483948298,-2.30258509299405,"interior",2168.25685281997,-97.6538689055728,1,1,0.5,FALSE,0.501176126902766,0.00807237365261926,TRUE,81,0.30600000000004,"62, 367"
0.01,206,3,4,100020,0.003,46.9778453180698,-1.47820005442349,-1.20397280432594,"interior",2237.68650811116,-28.2242136143877,1,1,0.5,FALSE,0.504150793214624,0.00838586018835707,TRUE,79,0.294999999999959,"62, 367"
0.01,206,3,4,100020,0.005,68.8455120311762,-1.09601113047191,-0.693147180559945,"interior",2255.71247467154,-10.198247054002,1,1,0.5,FALSE,0.504432606463074,0.00887211968876622,TRUE,76,0.286999999999978,"62, 367"
0.01,206,3,4,100020,0.008,100.449981560374,-0.718216261098844,-0.223143551314211,"interior",2264.43789992211,-1.47282180343291,1,1,0.5,FALSE,0.505583250397685,0.0111670018322413,TRUE,57,0.20799999999997,"62, 367"
0.01,206,3,4,100020,0.01,122.733984089212,-0.517856886479296,0,"interior",2265.91072172555,0,1,1,0.5,FALSE,0.509221207608145,0.0184425526643885,TRUE,19,0.0649999999999977,"62, 367"
0.01,206,3,4,100020,0.015,201.715705814457,-0.0210168596598317,0.405465108108164,"interior",2264.45145660639,-1.45926511915422,1,1,0.5,FALSE,0.643454828614854,0.286909664651353,TRUE,91,0.328000000000031,"62, 367"
0.01,206,3,4,100020,0.02,297.198936657612,0.36652556617956,0.693147180559945,"interior",2260.08077863886,-5.82994308669049,1,1,0.5,FALSE,0.747705323076899,0.495410647079585,TRUE,31,0.101999999999975,"62, 367"
0.01,206,3,4,100020,0.025,430.006783734711,0.73592481590082,0.916290731874155,"interior",2254.76407910854,-11.1466426170018,1,1,0.5,FALSE,0.84469912880665,0.689398257804106,TRUE,20,0.0649999999999977,"62, 367"
0.01,206,3,4,100020,0.03,705.193956793973,1.23059671220503,1.09861228866811,"interior",2249.31200016542,-16.598721560124,2,1,1,TRUE,0.924971516626227,0.849943033388329,TRUE,35,0.128999999999962,"62, 367"
0.01,206,3,5,100021,1e-05,2,-4.63472898822964,-6.90775527898214,"lower",1498.10245021992,-843.322725902384,0,0,0,FALSE,0.0259032206200519,0.0241835259443576,TRUE,130,0.516999999999996,"111, 336"
0.01,206,3,5,100021,1e-04,2,-4.63472898822964,-4.60517018598809,"lower",1931.43318329691,-409.991992825389,0,0,0,FALSE,0.0260233531168532,0.0242686824897959,TRUE,115,0.461999999999989,"111, 336"
0.01,206,3,5,100021,0.001,19.5959179498266,-2.35255489210986,-2.30258509299405,"interior",2217.7774296132,-123.647746509107,1,1,0.5,FALSE,0.0987262435093393,0.00840904282003907,TRUE,82,0.310999999999979,"111, 336"
0.01,206,3,5,100021,0.003,47.9051096725818,-1.45865399631285,-1.20397280432594,"interior",2295.31961895716,-46.1055571651395,1,1,0.5,FALSE,0.120302049234392,0.0105998632795574,TRUE,69,0.274999999999977,"111, 336"
0.01,206,3,5,100021,0.005,117.536100107588,-0.561130647434163,-0.693147180559945,"interior",2320.40905638158,-21.0161197407197,2,1,1,TRUE,0.628785244571193,0.259913529190689,TRUE,110,0.428999999999974,"111, 336"
0.01,206,3,5,100021,0.008,195.089412477096,-0.0544181897929708,-0.223143551314211,"interior",2335.18231953555,-6.24285658675763,2,1,1,TRUE,0.645398156556211,0.291099343106583,TRUE,74,0.277999999999963,"111, 336"
0.01,206,3,5,100021,0.01,259.008231820831,0.228983675496898,0,"interior",2339.22853561277,-2.19664050953043,2,1,1,TRUE,0.653453183175028,0.307011792229918,TRUE,58,0.203000000000031,"111, 336"
0.01,206,3,5,100021,0.015,508.394759576591,0.903382062794764,0.405465108108164,"interior",2341.4251761223,0,2,1,1,TRUE,0.668356094507983,0.336725341541529,TRUE,10,0.0330000000000155,"111, 336"
0.01,206,3,5,100021,0.02,1090.67930703632,1.66667982977876,0.693147180559945,"interior",2338.86077745388,-2.56439866842447,2,1,1,TRUE,0.679091374195173,0.358185535905497,TRUE,14,0.0470000000000255,"111, 336"
0.01,206,3,5,100021,0.025,3948.6320358962,2.95324830909668,0.916290731874155,"interior",2334.42225161017,-7.00292451213227,2,1,1,TRUE,0.687100780918247,0.374202384213366,TRUE,11,0.0679999999999836,"111, 336"
0.01,206,3,5,100021,0.03,20000,4.57561138374655,1.09861228866811,"upper",2328.88685129964,-12.5383248226681,2,1,1,TRUE,0.689724544700409,0.379449624531942,TRUE,9,0.12299999999999,"111, 336"
0.01,447,3,1,100022,1e-05,2,-5.40941141405362,-6.90775527898214,"lower",1522.93686189547,-859.10214117969,0,0,0,FALSE,0.0225679493562423,0.0217208564685017,TRUE,212,0.987000000000023,"111, 195"
0.01,447,3,1,100022,1e-04,2,-5.40941141405362,-4.60517018598809,"lower",1960.45407400432,-421.584929070845,0,0,0,FALSE,0.0230500289866916,0.0220005163541296,TRUE,199,0.802000000000021,"111, 195"
0.01,447,3,1,100022,0.001,27.3774641163684,-2.79283839714454,-2.30258509299405,"interior",2246.76891583893,-135.270087236232,1,1,0.5,FALSE,0.435649959313695,0.00826876262554577,TRUE,80,0.303999999999974,"111, 195"
0.01,447,3,1,100022,0.003,70.1920144588035,-1.8513240442004,-1.20397280432594,"interior",2326.88245096437,-55.1565521107932,1,1,0.5,FALSE,0.491914553719381,0.00927887078958112,TRUE,80,0.299000000000035,"111, 195"
0.01,447,3,1,100022,0.005,116.289507062909,-1.34647576217813,-0.693147180559945,"interior",2351.7481816768,-30.2908213983642,1,1,0.5,FALSE,0.502608670798042,0.0129218636764562,TRUE,70,0.264999999999986,"111, 195"
0.01,447,3,1,100022,0.008,284.368692676265,-0.452286984754271,-0.223143551314211,"interior",2370.2923939735,-11.7466091016604,2,1,1,TRUE,0.994771028886962,0.99239899620888,TRUE,87,0.313000000000045,"111, 195"
0.01,447,3,1,100022,0.01,413.179722988468,-0.0786759316882124,0,"interior",2376.06576868213,-5.97323439302681,2,1,1,TRUE,0.998052633864901,0.997490720232812,TRUE,81,0.29400000000004,"111, 195"
0.01,447,3,1,100022,0.015,1227.88772920032,1.01049208418129,0.405465108108164,"interior",2381.88062504954,-0.158378025619641,2,1,1,TRUE,0.999697167713142,0.999689540048012,TRUE,73,0.271999999999991,"111, 195"
0.01,447,3,1,100022,0.02,20000,3.80092895792256,0.693147180559945,"upper",2382.03900307516,0,2,1,1,TRUE,0.999905492152409,0.999887925562473,TRUE,56,0.870000000000005,"111, 195"
0.01,447,3,1,100022,0.025,20000,3.80092895792256,0.916290731874155,"upper",2377.65359274234,-4.3854103328199,2,1,1,TRUE,0.999904114712548,0.999888518434967,TRUE,56,0.884000000000015,"111, 195"
0.01,447,3,1,100022,0.03,20000,3.80092895792256,1.09861228866811,"upper",2370.5000250231,-11.5389780520663,2,1,1,TRUE,0.999902661284228,0.999889145730791,TRUE,56,0.890999999999963,"111, 195"
0.01,447,3,2,100023,1e-05,2,-5.40941141405362,-6.90775527898214,"lower",1553.31641411739,-800.803114302389,0,0,0,FALSE,0.0295324420198133,0.025360165993391,TRUE,129,0.510000000000048,"93, 374"
0.01,447,3,2,100023,1e-04,2,-5.40941141405362,-4.60517018598809,"lower",1977.07253577556,-377.046992644216,0,0,0,FALSE,0.0296963614257991,0.0254292483614706,TRUE,115,0.462999999999965,"93, 374"
0.01,447,3,2,100023,0.001,25.1714488896507,-2.87684822297329,-2.30258509299405,"interior",2244.53766175062,-109.581866669155,1,1,0.5,FALSE,0.18152447725882,0.0082259130107698,TRUE,79,0.300000000000011,"93, 374"
0.01,447,3,2,100023,0.003,60.4097995934058,-2.00140725790915,-1.20397280432594,"interior",2315.45741576233,-38.6621126574505,1,1,0.5,FALSE,0.235267814428424,0.0104378687517761,TRUE,63,0.244000000000028,"93, 374"
0.01,447,3,2,100023,0.005,125.836863775566,-1.26757225849161,-0.693147180559945,"interior",2335.96130857749,-18.1582198422875,1,1,0.5,FALSE,0.660137841148865,0.541440829281094,TRUE,144,0.550999999999988,"93, 374"
0.01,447,3,2,100023,0.008,216.269949592286,-0.726031200606699,-0.223143551314211,"interior",2348.46698565966,-5.6525427601141,2,1,1,TRUE,0.778905981548769,0.629415760063774,TRUE,79,0.286000000000001,"93, 374"
0.01,447,3,2,100023,0.01,295.94269422205,-0.412392759633707,0,"interior",2351.86725233575,-2.2522760840252,2,1,1,TRUE,0.818319545241074,0.676340782022113,TRUE,39,0.141999999999996,"93, 374"
0.01,447,3,2,100023,0.015,678.013723374647,0.416608934087536,0.405465108108164,"interior",2354.11952841978,0,2,1,1,TRUE,0.880554546754958,0.771194070613724,TRUE,60,0.209000000000003,"93, 374"
0.01,447,3,2,100023,0.02,2117.3175834119,1.55534668105272,0.693147180559945,"interior",2352.53435468942,-1.58517373035829,2,1,1,TRUE,0.914187549133771,0.83186554019226,TRUE,25,0.147000000000048,"93, 374"
0.01,447,3,2,100023,0.025,20000,3.80092895792256,0.916290731874155,"upper",2349.23235690827,-4.88717151151332,2,1,1,TRUE,0.92861914614138,0.859224771897563,TRUE,15,0.211999999999989,"93, 374"
0.01,447,3,2,100023,0.03,20000,3.80092895792256,1.09861228866811,"upper",2343.5720479422,-10.5474804775799,2,1,1,TRUE,0.928476560236432,0.85894306063647,TRUE,14,0.205000000000041,"93, 374"
0.01,447,3,3,100024,1e-05,2,-5.40941141405362,-6.90775527898214,"lower",1541.66651356814,-808.213637088713,0,0,0,FALSE,0.0547716853153066,0.0320176449392444,TRUE,113,0.461000000000013,"54, 321"
0.01,447,3,3,100024,1e-04,2,-5.40941141405362,-4.60517018598809,"lower",1977.17760322508,-372.702547431769,0,0,0,FALSE,0.0552859384012414,0.0319044017063238,TRUE,98,0.387,"54, 321"
0.01,447,3,3,100024,0.001,41.7602151438548,-2.37061449914023,-2.30258509299405,"interior",2254.4249846492,-95.455166007645,1,1,0.5,FALSE,0.501924014380529,0.00825643356680383,TRUE,77,0.284999999999968,"54, 321"
0.01,447,3,3,100024,0.003,97.2753358726358,-1.52501312293333,-1.20397280432594,"interior",2321.2270483496,-28.6531023072507,1,1,0.5,FALSE,0.50447562275363,0.00898782252280239,TRUE,80,0.29000000000002,"54, 321"
0.01,447,3,3,100024,0.005,150.263456693271,-1.09016846319025,-0.693147180559945,"interior",2338.15853750665,-11.7216131502018,1,1,0.5,FALSE,0.505157375297514,0.0103167645046156,TRUE,76,0.27600000000001,"54, 321"
0.01,447,3,3,100024,0.008,238.638831145278,-0.627607352402319,-0.223143551314211,"interior",2345.69098110454,-4.18916955231089,1,1,0.5,FALSE,0.510822383141424,0.021644854282997,TRUE,53,0.192000000000007,"54, 321"
0.01,447,3,3,100024,0.01,402.549231996234,-0.104741189716291,0,"interior",2349.88015065685,0,2,1,1,TRUE,0.997622297420673,0.995244596122236,TRUE,92,0.330000000000041,"54, 321"
0.01,447,3,3,100024,0.015,783.785703343214,0.561577050800884,0.405465108108164,"interior",2349.25781539639,-0.622335260456566,2,1,1,TRUE,0.999686013207595,0.999372026445255,TRUE,66,0.251999999999953,"54, 321"
0.01,447,3,3,100024,0.02,1735.89153850672,1.3567178208362,0.693147180559945,"interior",2345.45047940163,-4.42967125521773,2,1,1,TRUE,0.999941101020886,0.999882202043339,TRUE,40,0.15100000000001,"54, 321"
0.01,447,3,3,100024,0.025,9343.16880469935,3.03984215152119,0.916290731874155,"interior",2340.56935174786,-9.31079890898764,2,1,1,TRUE,0.999986812244402,0.99997362448893,TRUE,21,0.174000000000035,"54, 321"
0.01,447,3,3,100024,0.03,20000,3.80092895792256,1.09861228866811,"upper",2334.73624310965,-15.143907547199,2,1,1,TRUE,0.999989288261729,0.999978576523551,TRUE,20,0.288999999999987,"54, 321"
0.01,447,3,4,100025,1e-05,2,-5.40941141405362,-6.90775527898214,"lower",1545.67306393498,-819.663533361086,0,0,0,FALSE,0.0193001068456938,0.0150402193148307,TRUE,208,0.841999999999985,"167, 351"
0.01,447,3,4,100025,1e-04,2,-5.40941141405362,-4.60517018598809,"lower",1969.3560912855,-395.980506010558,0,0,0,FALSE,0.0195730539674728,0.0150237651393644,TRUE,196,0.79000000000002,"167, 351"
0.01,447,3,4,100025,0.001,30.2709961525684,-2.69236856321597,-2.30258509299405,"interior",2245.04751259486,-120.289084701205,1,1,0.5,FALSE,0.49864373078968,0.00822250308470418,TRUE,78,0.297000000000025,"167, 351"
0.01,447,3,4,100025,0.003,75.677225158453,-1.77608133599599,-1.20397280432594,"interior",2323.9570337865,-41.3795635095644,1,1,0.5,FALSE,0.504618253686843,0.00945623505210769,TRUE,72,0.28000000000003,"167, 351"
0.01,447,3,4,100025,0.005,124.580047156739,-1.27761013626188,-0.693147180559945,"interior",2347.03903346226,-18.2975638338035,1,1,0.5,FALSE,0.511742384507665,0.0235028340386826,TRUE,18,0.0620000000000118,"167, 351"
0.01,447,3,4,100025,0.008,255.131529466085,-0.560779380607396,-0.223143551314211,"interior",2360.68813563668,-4.64846165938616,1,1,0.5,FALSE,0.845382554499424,0.69076561975221,TRUE,86,0.313000000000045,"167, 351"
0.01,447,3,4,100025,0.01,358.165892280186,-0.221562329285621,0,"interior",2364.20112274437,-1.13547455169282,1,1,0.5,FALSE,0.906152750227084,0.812305597958466,TRUE,71,0.262,"167, 351"
0.01,447,3,4,100025,0.015,835.289505821662,0.625219783704906,0.405465108108164,"interior",2365.33659729606,0,2,1,1,TRUE,0.967133808350382,0.934267620442279,TRUE,26,0.0860000000000127,"167, 351"
0.01,447,3,4,100025,0.02,3090.37633030887,1.93348955760642,0.693147180559945,"interior",2361.92250301453,-3.41409428153156,2,1,1,TRUE,0.987021410588778,0.974042821474506,TRUE,9,0.049000000000035,"167, 351"
0.01,447,3,4,100025,0.025,20000,3.80092895792256,0.916290731874155,"upper",2356.42302130694,-8.91357598912464,2,1,1,TRUE,0.990614335484123,0.981228671085564,TRUE,8,0.240000000000009,"167, 351"
0.01,447,3,4,100025,0.03,20000,3.80092895792256,1.09861228866811,"upper",2348.71833712006,-16.6182601760029,2,1,1,TRUE,0.990292774215209,0.980585548551064,TRUE,7,0.100000000000023,"167, 351"
0.01,447,3,5,100026,1e-05,2,-5.40941141405362,-6.90775527898214,"lower",1596.30694013409,-773.995084316464,0,0,0,FALSE,0.0320692831954443,0.0233000975344211,TRUE,114,0.463999999999999,"201, 385"
0.01,447,3,5,100026,1e-04,2,-5.40941141405362,-4.60517018598809,"lower",2017.94831156615,-352.353712884406,0,0,0,FALSE,0.0319537273755575,0.0232906734665617,TRUE,102,0.400000000000034,"201, 385"
0.01,447,3,5,100026,0.001,30.1273865776255,-2.69712398344689,-2.30258509299405,"interior",2281.23938070631,-89.062643744247,1,1,0.5,FALSE,0.200289830025851,0.00825444689994692,TRUE,83,0.31800000000004,"201, 385"
0.01,447,3,5,100026,0.003,72.1758567348728,-1.82345299889085,-1.20397280432594,"interior",2345.21027453424,-25.0917499163152,1,1,0.5,FALSE,0.241450731679807,0.00921105014731882,TRUE,85,0.322999999999979,"201, 385"
0.01,447,3,5,100026,0.005,113.513710854041,-1.37063496451177,-0.693147180559945,"interior",2360.17763805596,-10.1243863945924,1,1,0.5,FALSE,0.265699190468941,0.0124185314465801,TRUE,100,0.386000000000024,"201, 385"
0.01,447,3,5,100026,0.008,261.960044653976,-0.534366603802685,-0.223143551314211,"interior",2369.57189830207,-0.730126148486306,2,1,1,TRUE,0.595769795646524,0.411709285343925,TRUE,83,0.300000000000011,"201, 385"
0.01,447,3,5,100026,0.01,355.528500423158,-0.228953178617024,0,"interior",2370.30202445056,0,2,1,1,TRUE,0.618068724465115,0.422437400283476,TRUE,82,0.299000000000035,"201, 385"
0.01,447,3,5,100026,0.015,877.675765177216,0.674718642864902,0.405465108108164,"interior",2367.20770435343,-3.094320097121,2,1,1,TRUE,0.727573642810305,0.57899359093817,TRUE,75,0.278999999999996,"201, 385"
0.01,447,3,5,100026,0.02,3444.42675362326,2.04195417545944,0.693147180559945,"interior",2361.5645799077,-8.73744454285497,2,1,1,TRUE,0.787892594206542,0.66594090969373,TRUE,61,0.448000000000036,"201, 385"
0.01,447,3,5,100026,0.025,20000,3.80092895792256,0.916290731874155,"upper",2354.69710933753,-15.6049151130237,2,1,1,TRUE,0.804003862487039,0.689407766898647,TRUE,56,0.887,"201, 385"
0.01,447,3,5,100026,0.03,20000,3.80092895792256,1.09861228866811,"upper",2346.23123675198,-24.0707876985794,2,1,1,TRUE,0.80290437561399,0.68784438328717,TRUE,55,0.879999999999995,"201, 385"
0.01,972,3,1,100027,1e-05,2,-6.18620862390049,-6.90775527898214,"lower",1533.13494524598,-881.03335511633,0,0,0,FALSE,0.0702032298289993,0.0523063821744298,TRUE,128,0.514999999999986,"88, 133"
0.01,972,3,1,100027,1e-04,2,-6.18620862390049,-4.60517018598809,"lower",1984.29813511175,-429.870165250561,0,0,0,FALSE,0.0696438227103057,0.0522105602021322,TRUE,113,0.456999999999994,"88, 133"
0.01,972,3,1,100027,0.001,33.1154739416195,-3.37935514063378,-2.30258509299405,"interior",2296.11200503839,-118.056295323918,1,1,0.5,FALSE,0.222605473740574,0.00884533506077245,TRUE,80,0.310000000000002,"88, 133"
0.01,972,3,1,100027,0.003,147.000158337606,-1.88892214055571,-1.20397280432594,"interior",2379.18032477918,-34.987975583128,2,1,1,TRUE,0.679286163272017,0.358782916390156,TRUE,90,0.325999999999965,"88, 133"
0.01,972,3,1,100027,0.005,262.292976079387,-1.3098936961414,-0.693147180559945,"interior",2401.66448876909,-12.5038115932225,2,1,1,TRUE,0.656952083177785,0.313921811918435,TRUE,78,0.286999999999978,"88, 133"
0.01,972,3,1,100027,0.008,532.124614238235,-0.602478105258149,-0.223143551314211,"interior",2412.47039931961,-1.69790104270578,2,1,1,TRUE,0.633844485050733,0.267690319342365,TRUE,76,0.286000000000001,"88, 133"
0.01,972,3,1,100027,0.01,860.886958672165,-0.121392599392899,0,"interior",2414.16830036231,0,2,1,1,TRUE,0.622437091457121,0.244874540553469,TRUE,74,0.274999999999977,"88, 133"
0.01,972,3,1,100027,0.015,9369.21397974954,2.2658286803536,0.405465108108164,"interior",2411.51763313397,-2.65066722834217,2,1,1,TRUE,0.601742806663878,0.203485640011248,TRUE,68,0.593000000000018,"88, 133"
0.01,972,3,1,100027,0.02,20000,3.02413174807569,0.693147180559945,"upper",2403.58144893153,-10.5868514307795,2,1,1,TRUE,0.600515983704767,0.201031990013878,TRUE,69,1.12099999999998,"88, 133"
0.01,972,3,1,100027,0.025,20000,3.02413174807569,0.916290731874155,"upper",2392.66542928746,-21.5028710748516,2,1,1,TRUE,0.600560981200844,0.201121985092173,TRUE,70,1.13499999999999,"88, 133"
0.01,972,3,1,100027,0.03,20000,3.02413174807569,1.09861228866811,"upper",2381.00543677594,-33.1628635863685,2,1,1,TRUE,0.600605974527611,0.201211971833467,TRUE,71,1.29700000000003,"88, 133"
0.01,972,3,2,100028,1e-05,2,-6.18620862390049,-6.90775527898214,"lower",1624.41049740661,-817.918152165543,0,0,0,FALSE,0.0667151004862252,0.00797490313773708,TRUE,184,0.781999999999982,"143, 494"
0.01,972,3,2,100028,1e-04,4.15396576623944,-5.45529232019613,-4.60517018598809,"interior",2049.52351526712,-392.805134305034,1,1,0.5,FALSE,0.128172172793222,0.00797740131526581,TRUE,144,0.558999999999969,"143, 494"
0.01,972,3,2,100028,0.001,46.2138524466062,-3.0460762148081,-2.30258509299405,"interior",2319.9055747913,-122.423074780849,1,1,0.5,FALSE,0.503890812927875,0.00804434684775746,TRUE,82,0.313999999999965,"143, 494"
0.01,972,3,2,100028,0.003,125.600393070032,-2.04625042089277,-1.20397280432594,"interior",2396.08238885471,-46.2462607174439,1,1,0.5,FALSE,0.504097488770938,0.00819521207175944,TRUE,84,0.324000000000012,"143, 494"
0.01,972,3,2,100028,0.005,232.928835784584,-1.42862282336394,-0.693147180559945,"interior",2420.25388744029,-22.0747621318615,1,1,0.5,FALSE,0.504233698893888,0.00846740137778224,TRUE,80,0.309000000000026,"143, 494"
0.01,972,3,2,100028,0.008,543.438556665193,-0.581439155503942,-0.223143551314211,"interior",2435.26763299201,-7.06101658014495,1,1,0.5,FALSE,0.504939099688201,0.00987819942649548,TRUE,58,0.238,"143, 494"
0.01,972,3,2,100028,0.01,1101.39595798117,0.124977902469408,0,"interior",2439.7378574619,-2.590792110248,1,1,0.5,FALSE,0.506481481313521,0.0129629626330651,TRUE,31,0.128000000000043,"143, 494"
0.01,972,3,2,100028,0.015,20000,3.02413174807569,0.405465108108164,"upper",2442.32864957215,0,1,1,0.5,FALSE,0.508969783499229,0.0179395669990424,TRUE,16,0.254999999999995,"143, 494"
0.01,972,3,2,100028,0.02,20000,3.02413174807569,0.693147180559945,"upper",2435.54510794345,-6.78354162870801,1,1,0.5,FALSE,0.508964384323856,0.0179287686482963,TRUE,17,0.273000000000025,"143, 494"
0.01,972,3,2,100028,0.025,20000,3.02413174807569,0.916290731874155,"upper",2425.28012100238,-17.0485285697737,1,1,0.5,FALSE,0.508955739053142,0.0179114781068705,TRUE,17,0.274999999999977,"143, 494"
0.01,972,3,2,100028,0.03,20000,3.02413174807569,1.09861228866811,"upper",2413.99396625918,-28.3346833129776,1,1,0.5,FALSE,0.508916448375343,0.0178328967512729,TRUE,18,0.286000000000001,"143, 494"
0.01,972,3,3,100029,1e-05,2,-6.18620862390049,-6.90775527898214,"lower",1618.96340435866,-795.625818684307,0,0,0,FALSE,0.0587877074917015,0.0333502468944971,TRUE,171,0.69500000000005,"67, 239"
0.01,972,3,3,100029,1e-04,3.5634085874509,-5.6086382492919,-4.60517018598809,"interior",2052.03478212683,-362.554440916137,0,0,0,FALSE,0.0718833408382337,0.0221378644653337,TRUE,137,0.531000000000006,"67, 239"
0.01,972,3,3,100029,0.001,35.4519221380493,-3.31117833185068,-2.30258509299405,"interior",2322.54514963248,-92.0440734104845,1,1,0.5,FALSE,0.224360957071376,0.00869218464407073,TRUE,83,0.317000000000007,"67, 239"
0.01,972,3,3,100029,0.003,141.874222208601,-1.92441489846993,-1.20397280432594,"interior",2389.7636161462,-24.8256068967685,2,1,1,TRUE,0.543440604136269,0.284387776509996,TRUE,79,0.29000000000002,"67, 239"
0.01,972,3,3,100029,0.005,247.161996148362,-1.36931182795959,-0.693147180559945,"interior",2406.64855271709,-7.94067032587509,2,1,1,TRUE,0.604008135642838,0.325750957814744,TRUE,75,0.276999999999987,"67, 239"
0.01,972,3,3,100029,0.008,489.331263802472,-0.686316113249532,-0.223143551314211,"interior",2413.93712172549,-0.652101317476081,2,1,1,TRUE,0.653070114855008,0.36714015491413,TRUE,72,0.267999999999972,"67, 239"
0.01,972,3,3,100029,0.01,779.499718619094,-0.220703476938819,0,"interior",2414.58922304297,0,2,1,1,TRUE,0.672295178299039,0.386447875682968,TRUE,69,0.259000000000015,"67, 239"
0.01,972,3,3,100029,0.015,7064.80769449613,1.98352527082505,0.405465108108164,"interior",2411.09378393166,-3.49543911130968,2,1,1,TRUE,0.700257672462743,0.419473721265807,TRUE,52,0.439000000000021,"67, 239"
0.01,972,3,3,100029,0.02,20000,3.02413174807569,0.693147180559945,"upper",2403.45401660034,-11.1352064426278,2,1,1,TRUE,0.701983569384745,0.421906412424523,TRUE,50,0.805999999999983,"67, 239"
0.01,972,3,3,100029,0.025,20000,3.02413174807569,0.916290731874155,"upper",2393.03163701236,-21.5575860306108,2,1,1,TRUE,0.701479337678891,0.421413424810383,TRUE,51,0.819999999999993,"67, 239"
0.01,972,3,3,100029,0.03,20000,3.02413174807569,1.09861228866811,"upper",2381.84891826715,-32.7403047758221,2,1,1,TRUE,0.700964852386302,0.420910507770867,TRUE,51,0.83499999999998,"67, 239"
0.01,972,3,4,100030,1e-05,2,-6.18620862390049,-6.90775527898214,"lower",1657.77603180625,-779.253430826749,0,0,0,FALSE,0.0335309737947502,0.0255055556994328,TRUE,117,0.475999999999999,"102, 347"
0.01,972,3,4,100030,1e-04,3.59338020709631,-5.60026248308631,-4.60517018598809,"interior",2078.64604877444,-358.383413858558,0,0,0,FALSE,0.0580608467227245,0.0208069819754774,TRUE,158,0.675999999999988,"102, 347"
0.01,972,3,4,100030,0.001,47.25357552075,-3.02382748098687,-2.30258509299405,"interior",2333.32649084343,-103.702971789565,1,1,0.5,FALSE,0.246775708745947,0.00876461030878717,TRUE,77,0.294999999999959,"102, 347"
0.01,972,3,4,100030,0.003,169.593444418397,-1.74595173504311,-1.20397280432594,"interior",2401.14182595203,-35.8876366809659,2,1,1,TRUE,0.311554858147419,0.133008760317111,TRUE,85,0.310000000000002,"102, 347"
0.01,972,3,4,100030,0.005,313.546090176203,-1.13140943708766,-0.693147180559945,"interior",2421.63686586469,-15.3925967683072,2,1,1,TRUE,0.301610584137554,0.116457217040632,TRUE,79,0.301000000000045,"102, 347"
0.01,972,3,4,100030,0.008,730.993054766813,-0.284951845758787,-0.223143551314211,"interior",2433.54711148609,-3.48235114690942,2,1,1,TRUE,0.288788313971865,0.0953760374550623,TRUE,77,0.287000000000035,"102, 347"
0.01,972,3,4,100030,0.01,1480.25296570416,0.42061247046517,0,"interior",2436.68486691131,-0.34459572168771,2,1,1,TRUE,0.282046086600891,0.0844829950036897,TRUE,76,0.283000000000015,"102, 347"
0.01,972,3,4,100030,0.015,20000,3.02413174807569,0.405465108108164,"upper",2437.029462633,0,2,1,1,TRUE,0.274850685630671,0.0730912038637448,TRUE,74,1.35300000000001,"102, 347"
0.01,972,3,4,100030,0.02,20000,3.02413174807569,0.693147180559945,"upper",2429.13728881602,-7.89217381697699,2,1,1,TRUE,0.274830886527334,0.0730525876016624,TRUE,75,1.23099999999999,"102, 347"
0.01,972,3,4,100030,0.025,20000,3.02413174807569,0.916290731874155,"upper",2418.27925671863,-18.750205914364,2,1,1,TRUE,0.274810722747457,0.0730135449861836,TRUE,75,1.22899999999998,"102, 347"
0.01,972,3,4,100030,0.03,20000,3.02413174807569,1.09861228866811,"upper",2406.61562602393,-30.413836609067,2,1,1,TRUE,0.274790764981235,0.0729747694479678,TRUE,75,1.24099999999999,"102, 347"
0.01,972,3,5,100031,1e-05,2,-6.18620862390049,-6.90775527898214,"lower",1678.17961622623,-737.489854274421,0,0,0,FALSE,0.0155903272962767,0.0142459343147109,FALSE,500,2.09699999999998,"162, 275"
0.01,972,3,5,100031,1e-04,8.74642821630187,-4.71071039128,-4.60517018598809,"interior",2095.80213798072,-319.867332519934,1,1,0.5,FALSE,0.379101884456285,0.00796970263262153,TRUE,139,0.538999999999987,"162, 275"
0.01,972,3,5,100031,0.001,55.4907136896635,-2.86314011861472,-2.30258509299405,"interior",2331.88599638374,-83.7834741169131,1,1,0.5,FALSE,0.504139865234683,0.00924886156080595,TRUE,63,0.244000000000028,"162, 275"
0.01,972,3,5,100031,0.003,173.398166324763,-1.72376531499827,-1.20397280432594,"interior",2389.80632709061,-25.8631434100485,2,1,1,TRUE,0.715657191227611,0.43131777721283,TRUE,92,0.33200000000005,"162, 275"
0.01,972,3,5,100031,0.005,302.103850442954,-1.16858497055832,-0.693147180559945,"interior",2406.55549686603,-9.11397363462675,2,1,1,TRUE,0.746606996929827,0.493214119003432,TRUE,78,0.288000000000011,"162, 275"
0.01,972,3,5,100031,0.008,606.146337470035,-0.472234366569307,-0.223143551314211,"interior",2414.61238738596,-1.05708311470016,2,1,1,TRUE,0.76927270138219,0.538545406473021,TRUE,57,0.203000000000031,"162, 275"
0.01,972,3,5,100031,0.01,989.417758526857,0.0177608429560587,0,"interior",2415.66947050066,0,2,1,1,TRUE,0.778338332275356,0.556676665140597,TRUE,31,0.120999999999981,"162, 275"
0.01,972,3,5,100031,0.015,18161.174257762,2.9276855073754,0.405465108108164,"interior",2412.79669083411,-2.87277966654165,2,1,1,TRUE,0.792904088666145,0.585808177347339,TRUE,7,0.0519999999999641,"162, 275"
0.01,972,3,5,100031,0.02,20000,3.02413174807569,0.693147180559945,"upper",2404.89199326762,-10.7774772330372,2,1,1,TRUE,0.792858689160322,0.585717378335622,TRUE,7,0.100000000000023,"162, 275"
0.01,972,3,5,100031,0.025,20000,3.02413174807569,0.916290731874155,"upper",2394.11049439659,-21.5589761040656,2,1,1,TRUE,0.792760521279652,0.585521042574602,TRUE,8,0.117000000000019,"162, 275"
0.01,972,3,5,100031,0.03,20000,3.02413174807569,1.09861228866811,"upper",2382.59221328263,-33.0772572180299,2,1,1,TRUE,0.792728454530193,0.585456909076041,TRUE,11,0.173000000000002,"162, 275"
0.01,2115,3,1,100032,1e-05,2,-6.96366291092043,-6.90775527898214,"lower",1597.65983534011,-845.547683663624,0,0,0,FALSE,0.0316554718683081,0.028309915042897,TRUE,179,0.802000000000021,"163, 461"
0.01,2115,3,1,100032,1e-04,2,-6.96366291092043,-4.60517018598809,"lower",2033.28052012067,-409.926998883063,0,0,0,FALSE,0.032384843734062,0.0286901589309851,TRUE,164,0.680000000000007,"163, 461"
0.01,2115,3,1,100032,0.001,37.4153677358606,-4.03472856942865,-2.30258509299405,"interior",2318.87875936789,-124.328759635842,1,1,0.5,FALSE,0.359437852157409,0.0087727775505011,TRUE,80,0.321000000000026,"163, 461"
0.01,2115,3,1,100032,0.003,154.779905802041,-2.61480594623082,-1.20397280432594,"interior",2400.47660537922,-42.730913624513,2,1,1,TRUE,0.798620770973951,0.7205667653772,TRUE,84,0.310000000000002,"163, 461"
0.01,2115,3,1,100032,0.005,303.993085332082,-1.93980513595099,-0.693147180559945,"interior",2425.37307427593,-17.8344447278032,2,1,1,TRUE,0.904593806030999,0.872628484227684,TRUE,78,0.287000000000035,"163, 461"
0.01,2115,3,1,100032,0.008,784.623542239449,-0.991606052751753,-0.223143551314211,"interior",2439.59184860265,-3.61567040108184,2,1,1,TRUE,0.961640726321115,0.952440264659135,TRUE,75,0.281999999999982,"163, 461"
0.01,2115,3,1,100032,0.01,1871.88005184732,-0.122111511363605,0,"interior",2443.20751900373,0,2,1,1,TRUE,0.976664467476487,0.97238705689951,TRUE,73,0.278999999999996,"163, 461"
0.01,2115,3,1,100032,0.015,20000,2.24667746105575,0.405465108108164,"upper",2442.65510401238,-0.552414991347177,2,1,1,TRUE,0.984044871241057,0.981626226478301,TRUE,70,1.29700000000003,"163, 461"
0.01,2115,3,1,100032,0.02,20000,2.24667746105575,0.693147180559945,"upper",2433.20807209171,-9.99944691202609,2,1,1,TRUE,0.983592832308416,0.980743223921882,TRUE,70,1.18599999999998,"163, 461"
0.01,2115,3,1,100032,0.025,20000,2.24667746105575,0.916290731874155,"upper",2421.12791429726,-22.0796047064709,2,1,1,TRUE,0.983119838743779,0.979818333416249,TRUE,70,1.21600000000001,"163, 461"
0.01,2115,3,1,100032,0.03,20000,2.24667746105575,1.09861228866811,"upper",2408.50368235842,-34.7038366453121,2,1,1,TRUE,0.982625670167383,0.978851300772569,TRUE,70,1.19400000000002,"163, 461"
0.01,2115,3,2,100033,1e-05,2,-6.96366291092043,-6.90775527898214,"lower",1636.43998306268,-825.095162494287,0,0,0,FALSE,0.0416990213658208,0.0312222091738646,TRUE,124,0.536000000000001,"269, 446"
0.01,2115,3,2,100033,1e-04,2,-6.96366291092043,-4.60517018598809,"lower",2071.64705634923,-389.888089207739,0,0,0,FALSE,0.0421336351585753,0.0312803135312556,TRUE,110,0.495000000000005,"269, 446"
0.01,2115,3,2,100033,0.001,56.5539048837306,-3.6216158394237,-2.30258509299405,"interior",2355.93619857327,-105.598946983701,1,1,0.5,FALSE,0.472171972978195,0.00839371395949118,TRUE,81,0.335000000000036,"269, 446"
0.01,2115,3,2,100033,0.003,162.081998287282,-2.56870772203773,-1.20397280432594,"interior",2427.58702195738,-33.9481235995945,1,1,0.5,FALSE,0.502221342192259,0.0108972249489384,TRUE,83,0.336000000000013,"269, 446"
0.01,2115,3,2,100033,0.005,403.55503544971,-1.65649721790478,-0.693147180559945,"interior",2449.13101750827,-12.4041280487022,2,1,1,TRUE,0.619999254602836,0.240247311379794,TRUE,81,0.313999999999965,"269, 446"
0.01,2115,3,2,100033,0.008,1266.16673275323,-0.513060797011008,-0.223143551314211,"interior",2459.59158007421,-1.94356548276119,2,1,1,TRUE,0.625216838073489,0.250462443858721,TRUE,68,0.274999999999977,"269, 446"
0.01,2115,3,2,100033,0.01,6478.09518424687,1.11937170160495,0,"interior",2461.53514555697,0,2,1,1,TRUE,0.627391999090914,0.254793232634567,TRUE,54,0.45799999999997,"269, 446"
0.01,2115,3,2,100033,0.015,20000,2.24667746105575,0.405465108108164,"upper",2456.30578301345,-5.22936254351907,2,1,1,TRUE,0.627663507796123,0.25533455770856,TRUE,50,0.831999999999994,"269, 446"
0.01,2115,3,2,100033,0.02,20000,2.24667746105575,0.693147180559945,"upper",2444.02629537035,-17.5088501866153,2,1,1,TRUE,0.62754431093845,0.255096232714059,TRUE,50,0.836999999999989,"269, 446"
0.01,2115,3,2,100033,0.025,20000,2.24667746105575,0.916290731874155,"upper",2430.24993163286,-31.285213924109,2,1,1,TRUE,0.627424848131291,0.254857376461078,TRUE,50,0.834000000000003,"269, 446"
0.01,2115,3,2,100033,0.03,20000,2.24667746105575,1.09861228866811,"upper",2416.51017859409,-45.0249669628838,2,1,1,TRUE,0.627305251886261,0.25461825528011,TRUE,49,0.815999999999974,"269, 446"
0.01,2115,3,3,100034,1e-05,2,-6.96366291092043,-6.90775527898214,"lower",1595.48291051612,-823.866899139965,0,0,0,FALSE,0.0558444621231412,0.0429915101539412,TRUE,115,0.47399999999999,"126, 313"
0.01,2115,3,3,100034,1e-04,2,-6.96366291092043,-4.60517018598809,"lower",2023.66903225996,-395.680777396121,0,0,0,FALSE,0.0555826000407844,0.0429225401593486,TRUE,102,0.409999999999968,"126, 313"
0.01,2115,3,3,100034,0.001,26.9657216573498,-4.36224360030687,-2.30258509299405,"interior",2302.49406323812,-116.85574641796,1,1,0.5,FALSE,0.419309317206105,0.00858180671677056,TRUE,81,0.339999999999975,"126, 313"
0.01,2115,3,3,100034,0.003,117.738285693262,-2.88834584809105,-1.20397280432594,"interior",2382.22761468309,-37.1221949729911,2,1,1,TRUE,0.534793901522766,0.10154048935531,TRUE,83,0.407000000000039,"126, 313"
0.01,2115,3,3,100034,0.005,214.278773194372,-2.28953224572961,-0.693147180559945,"interior",2405.21470293073,-14.1351067253581,2,1,1,TRUE,0.52847644221817,0.0662652155395766,TRUE,76,0.517000000000053,"126, 313"
0.01,2115,3,3,100034,0.008,451.235458921391,-1.54482080634941,-0.223143551314211,"interior",2417.01798959941,-2.33182005667459,2,0.5,0.5,FALSE,0.519171483111815,0.0407940481918713,TRUE,72,0.328000000000031,"126, 313"
0.01,2115,3,3,100034,0.01,764.559139289039,-1.01751071228295,0,"interior",2419.34980965608,0,2,0.5,0.5,FALSE,0.515223523741196,0.0316643841421916,TRUE,67,0.285000000000025,"126, 313"
0.01,2115,3,3,100034,0.015,20000,2.24667746105575,0.405465108108164,"upper",2418.12425387073,-1.22555578535639,2,0.5,0.5,FALSE,0.509725828514111,0.0197889931698597,TRUE,30,0.48599999999999,"126, 313"
0.01,2115,3,3,100034,0.02,20000,2.24667746105575,0.693147180559945,"upper",2410.56892914221,-8.78088051387158,2,0.5,0.5,FALSE,0.50974550646118,0.0198272189245871,TRUE,31,0.509999999999991,"126, 313"
0.01,2115,3,3,100034,0.025,20000,2.24667746105575,0.916290731874155,"upper",2399.9128628423,-19.4369468137879,2,0.5,0.5,FALSE,0.509766952279447,0.0198690038742673,TRUE,31,0.550999999999988,"126, 313"
0.01,2115,3,3,100034,0.03,20000,2.24667746105575,1.09861228866811,"upper",2388.43740824348,-30.912401412601,2,0.5,0.5,FALSE,0.509790603096535,0.0199152109482764,TRUE,31,0.566000000000031,"126, 313"
0.01,2115,3,4,100035,1e-05,2,-6.96366291092043,-6.90775527898214,"lower",1644.7191217262,-800.254488794651,0,0,0,FALSE,0.021991551641945,0.0169245469809075,TRUE,147,0.610000000000014,"256, 307"
0.01,2115,3,4,100035,1e-04,2,-6.96366291092043,-4.60517018598809,"lower",2067.1903705342,-377.783239986651,0,0,0,FALSE,0.02219472421941,0.0169288779082426,TRUE,135,0.557000000000016,"256, 307"
0.01,2115,3,4,100035,0.001,48.324042993402,-3.77888087013299,-2.30258509299405,"interior",2332.4187682461,-112.554842274746,1,1,0.5,FALSE,0.212361506519984,0.00874636644686821,TRUE,80,0.307000000000016,"256, 307"
0.01,2115,3,4,100035,0.003,185.551837774237,-2.43347579955374,-1.20397280432594,"interior",2407.50185241422,-37.4717581066293,2,1,1,TRUE,0.730204727707651,0.639313582769643,TRUE,93,0.355999999999995,"256, 307"
0.01,2115,3,4,100035,0.005,358.549307553627,-1.77474390239441,-0.693147180559945,"interior",2430.08358777685,-14.8900227439995,2,1,1,TRUE,0.791757826108577,0.692350732842187,TRUE,81,0.295999999999992,"256, 307"
0.01,2115,3,4,100035,0.008,919.763178955519,-0.832693868752792,-0.223143551314211,"interior",2442.28289412535,-2.69071639549475,2,1,1,TRUE,0.843581187522927,0.746928438343927,TRUE,79,0.295000000000016,"256, 307"
0.01,2115,3,4,100035,0.01,2209.7976559615,0.0438461404512331,0,"interior",2444.97361052085,0,2,1,1,TRUE,0.865337461966655,0.773387353614614,TRUE,79,0.572000000000003,"256, 307"
0.01,2115,3,4,100035,0.015,20000,2.24667746105575,0.405465108108164,"upper",2442.82232353524,-2.15128698560147,2,1,1,TRUE,0.878296310957432,0.790055820243697,TRUE,78,1.30099999999999,"256, 307"
0.01,2115,3,4,100035,0.02,20000,2.24667746105575,0.693147180559945,"upper",2432.55714447428,-12.4164660465658,2,1,1,TRUE,0.876133265828345,0.786696520472706,TRUE,79,1.327,"256, 307"
0.01,2115,3,4,100035,0.025,20000,2.24667746105575,0.916290731874155,"upper",2420.01749365807,-24.9561168627724,2,1,1,TRUE,0.873948127351664,0.783316507533902,TRUE,79,1.36199999999997,"256, 307"
0.01,2115,3,4,100035,0.03,20000,2.24667746105575,1.09861228866811,"upper",2407.10974886848,-37.8638616523708,2,1,1,TRUE,0.87173878373987,0.779911381905493,TRUE,79,1.32100000000003,"256, 307"
0.01,2115,3,5,100036,1e-05,2,-6.96366291092043,-6.90775527898214,"lower",1609.97920427325,-831.742544109689,0,0,0,FALSE,0.103230540421376,0.00798099205807579,TRUE,106,0.589999999999975,"289, 413"
0.01,2115,3,5,100036,1e-04,2,-6.96366291092043,-4.60517018598809,"lower",2047.85687151181,-393.864876871133,0,0,0,FALSE,0.116230933436038,0.00797790059034298,TRUE,96,0.388000000000034,"289, 413"
0.01,2115,3,5,100036,0.001,45.8974045758248,-3.83040152120162,-2.30258509299405,"interior",2338.4221159792,-103.299632403737,1,1,0.5,FALSE,0.397266113028073,0.00825881702086106,TRUE,82,0.335000000000036,"289, 413"
0.01,2115,3,5,100036,0.003,130.618624088598,-2.78452828075758,-1.20397280432594,"interior",2413.93751501799,-27.7842333649501,1,1,0.5,FALSE,0.467447746171184,0.00921373113636426,TRUE,81,0.312999999999988,"289, 413"
0.01,2115,3,5,100036,0.005,243.349504682811,-2.16231139061367,-0.693147180559945,"interior",2432.86290897572,-8.85883940721578,1,1,0.5,FALSE,0.489523684335691,0.0144747442136705,TRUE,63,0.25,"289, 413"
0.01,2115,3,5,100036,0.008,670.893173035199,-1.14820017279399,-0.223143551314211,"interior",2441.06684071877,-0.654907664169514,1,1,0.5,FALSE,0.742513259603376,0.497930228866408,TRUE,92,0.369000000000028,"289, 413"
0.01,2115,3,5,100036,0.01,1445.86445585813,-0.38034743045948,0,"interior",2441.72174838294,0,1,1,0.5,FALSE,0.791469020177504,0.59079459924235,TRUE,83,0.343000000000018,"289, 413"
0.01,2115,3,5,100036,0.015,20000,2.24667746105575,0.405465108108164,"upper",2436.5639206578,-5.15782772513876,1,1,0.5,FALSE,0.822284630454136,0.649373325103178,TRUE,77,1.30099999999999,"289, 413"
0.01,2115,3,5,100036,0.02,20000,2.24667746105575,0.693147180559945,"upper",2425.08442875073,-16.6373196322047,1,1,0.5,FALSE,0.82050047404505,0.645821835971615,TRUE,76,1.30700000000002,"289, 413"
0.01,2115,3,5,100036,0.025,20000,2.24667746105575,0.916290731874155,"upper",2411.94018604629,-29.7815623366478,1,1,0.5,FALSE,0.818572991533407,0.64198362965395,TRUE,76,1.303,"289, 413"
0.01,2115,3,5,100036,0.03,20000,2.24667746105575,1.09861228866811,"upper",2398.74690282513,-42.9748455578128,1,1,0.5,FALSE,0.816507339087388,0.637869062762605,TRUE,76,1.29899999999998,"289, 413"
0.01,4599,3,1,100037,1e-05,2,-7.74044698697998,-6.90775527898214,"lower",1615.1153743557,-833.261884278498,0,0,0,FALSE,0.0340031713595513,0.0251003924194962,TRUE,120,0.490000000000009,"76, 336"
0.01,4599,3,1,100037,1e-04,2,-7.74044698697998,-4.60517018598809,"lower",2051.26521113017,-397.112047504026,0,0,0,FALSE,0.0338825403056094,0.0250901581443744,TRUE,106,0.444999999999993,"76, 336"
0.01,4599,3,1,100037,0.001,32.6008676852909,-4.94925526340825,-2.30258509299405,"interior",2337.52860263938,-110.848655994815,1,1,0.5,FALSE,0.102615481180483,0.00842538732298292,TRUE,84,0.341000000000008,"76, 336"
0.01,4599,3,1,100037,0.003,93.4548648639781,-3.89611557652381,-1.20397280432594,"interior",2412.18290121111,-36.1943574230859,1,1,0.5,FALSE,0.124051845438581,0.0182296447514857,TRUE,53,0.197999999999979,"76, 336"
0.01,4599,3,1,100037,0.005,252.106261953384,-2.90374349448998,-0.693147180559945,"interior",2434.84374737376,-13.5335112604325,2,1,1,TRUE,0.571688290829145,0.223267145016523,TRUE,80,0.30600000000004,"76, 336"
0.01,4599,3,1,100037,0.008,668.686300629931,-1.92827912526091,-0.223143551314211,"interior",2446.12858066588,-2.24867796831359,2,1,1,TRUE,0.593521118175005,0.224301829324477,TRUE,62,0.249000000000024,"76, 336"
0.01,4599,3,1,100037,0.01,1745.33667519545,-0.968891414438606,0,"interior",2448.3772586342,0,2,1,1,TRUE,0.598845377474991,0.222840920851292,TRUE,38,0.15100000000001,"76, 336"
0.01,4599,3,1,100037,0.015,20000,1.4698933849962,0.405465108108164,"upper",2445.40319887008,-2.97405976411892,2,1,1,TRUE,0.60113072223757,0.221383799041232,TRUE,23,0.383000000000038,"76, 336"
0.01,4599,3,1,100037,0.02,20000,1.4698933849962,0.693147180559945,"upper",2434.689549361,-13.6877092731943,2,1,1,TRUE,0.601253137736873,0.221544490632808,TRUE,22,0.375999999999976,"76, 336"
0.01,4599,3,1,100037,0.025,20000,1.4698933849962,0.916290731874155,"upper",2421.9228841558,-26.4543744783959,2,1,1,TRUE,0.601372919473736,0.221702832515979,TRUE,22,0.375,"76, 336"
0.01,4599,3,1,100037,0.03,20000,1.4698933849962,1.09861228866811,"upper",2408.89677074937,-39.480487884824,2,1,1,TRUE,0.601498449731468,0.221870239211657,TRUE,21,0.347999999999956,"76, 336"
0.01,4599,3,2,100038,1e-05,2,-7.74044698697998,-6.90775527898214,"lower",1693.70069425176,-752.463620993489,0,0,0,FALSE,0.0429806308528124,0.0254420714449399,TRUE,126,0.661000000000001,"165, 336"
0.01,4599,3,2,100038,1e-04,8.0304936137724,-6.350348170266,-4.60517018598809,"interior",2118.6548008397,-327.509514405546,1,1,0.5,FALSE,0.0848749550915103,0.00796477803410278,TRUE,119,0.475000000000023,"165, 336"
0.01,4599,3,2,100038,0.001,51.9066033581596,-4.48414815312695,-2.30258509299405,"interior",2369.00058823889,-77.1637270063538,1,1,0.5,FALSE,0.106801203562402,0.00843223695331474,TRUE,84,0.341000000000008,"165, 336"
0.01,4599,3,2,100038,0.003,134.438966223632,-3.53248385421249,-1.20397280432594,"interior",2424.51232737395,-21.6519878712934,1,1,0.5,FALSE,0.121102225677281,0.00975527627598316,TRUE,85,0.341999999999985,"165, 336"
0.01,4599,3,2,100038,0.005,240.345036042951,-2.95151862644859,-0.693147180559945,"interior",2437.29158239401,-8.87273285124002,1,1,0.5,FALSE,0.128511186471927,0.0142893176418427,TRUE,110,0.442999999999984,"165, 336"
0.01,4599,3,2,100038,0.008,805.597393121659,-1.74201006208711,-0.223143551314211,"interior",2445.86117803586,-0.303137209388296,2,1,1,TRUE,0.616247894539217,0.256923741337184,TRUE,65,0.25200000000001,"165, 336"
0.01,4599,3,2,100038,0.01,1881.6833226218,-0.893672127960099,0,"interior",2446.16431524525,0,2,1,1,TRUE,0.621182483382905,0.257449319194034,TRUE,44,0.168999999999983,"165, 336"
0.01,4599,3,2,100038,0.015,20000,1.4698933849962,0.405465108108164,"upper",2440.72247969348,-5.44183555176187,2,1,1,TRUE,0.623171227993017,0.256194145689544,TRUE,27,0.455000000000041,"165, 336"
0.01,4599,3,2,100038,0.02,20000,1.4698933849962,0.693147180559945,"upper",2429.13568166563,-17.0286335796145,2,1,1,TRUE,0.623129697999906,0.256218972190019,TRUE,29,0.481999999999971,"165, 336"
0.01,4599,3,2,100038,0.025,20000,1.4698933849962,0.916290731874155,"upper",2415.96116821248,-30.2031470327697,2,1,1,TRUE,0.623091501010914,0.256234447348264,TRUE,30,0.497000000000014,"165, 336"
0.01,4599,3,2,100038,0.03,20000,1.4698933849962,1.09861228866811,"upper",2402.72075682819,-43.4435584170574,2,1,1,TRUE,0.623052082989423,0.256257887597892,TRUE,32,0.538999999999987,"165, 336"
0.01,4599,3,3,100039,1e-05,2,-7.74044698697998,-6.90775527898214,"lower",1692.8089384567,-754.010236009328,0,0,0,FALSE,0.0354780475110956,0.0224165316350408,TRUE,138,0.56899999999996,"288, 366"
0.01,4599,3,3,100039,1e-04,7.52692318314539,-6.41510781704706,-4.60517018598809,"interior",2108.58066835339,-338.238506112641,1,1,0.5,FALSE,0.10751941634441,0.00808169516204293,TRUE,146,0.590000000000032,"288, 366"
0.01,4599,3,3,100039,0.001,53.0442614700435,-4.46246748043193,-2.30258509299405,"interior",2354.38736325136,-92.4318112146711,1,1,0.5,FALSE,0.223065643400542,0.00941128527299906,TRUE,81,0.331999999999994,"288, 366"
0.01,4599,3,3,100039,0.003,235.97856717043,-2.96985318371288,-1.20397280432594,"interior",2422.02509285304,-24.7940816129885,2,0.5,0.5,FALSE,0.307470685610227,0.0311514012875661,TRUE,75,0.281999999999982,"288, 366"
0.01,4599,3,3,100039,0.005,449.991858030739,-2.32436467820427,-0.693147180559945,"interior",2438.81694568333,-8.00222878269687,2,0.5,0.5,FALSE,0.329812763534217,0.0150504441918772,TRUE,72,0.269000000000005,"288, 366"
0.01,4599,3,3,100039,0.008,1144.57905979048,-1.39080195251606,-0.223143551314211,"interior",2446.17247904856,-0.646695417472984,2,0.5,0.5,FALSE,0.353380542174404,0.00865917202881406,TRUE,64,0.25,"288, 366"
0.01,4599,3,3,100039,0.01,2783.83006493418,-0.502011187842957,0,"interior",2446.81917446603,0,2,0.5,0.5,FALSE,0.364885646367184,0.00711195500281891,TRUE,48,0.338999999999999,"288, 366"
0.01,4599,3,3,100039,0.015,20000,1.4698933849962,0.405465108108164,"upper",2441.52291960695,-5.29625485908173,2,0.5,0.5,FALSE,0.372528984166661,0.00623588054075219,TRUE,32,0.533000000000015,"288, 366"
0.01,4599,3,3,100039,0.02,20000,1.4698933849962,0.693147180559945,"upper",2429.80494980064,-17.0142246653895,2,0.5,0.5,FALSE,0.372473605527648,0.00624503664805021,TRUE,33,0.549000000000035,"288, 366"
0.01,4599,3,3,100039,0.025,20000,1.4698933849962,0.916290731874155,"upper",2416.48180842021,-30.3373660458215,2,0.5,0.5,FALSE,0.372418621939369,0.00625577748557937,TRUE,34,0.567999999999984,"288, 366"
0.01,4599,3,3,100039,0.03,20000,1.4698933849962,1.09861228866811,"upper",2403.08760814869,-43.7315663173363,2,0.5,0.5,FALSE,0.372357083616622,0.00626004388285628,TRUE,33,0.559000000000026,"288, 366"
0.01,4599,3,4,100040,1e-05,2,-7.74044698697998,-6.90775527898214,"lower",1640.27364107077,-844.762581328311,0,0,0,FALSE,0.0304290084003671,0.0175859498277651,TRUE,122,0.502999999999986,"77, 379"
0.01,4599,3,4,100040,1e-04,2,-7.74044698697998,-4.60517018598809,"lower",2084.65553634193,-400.380686057152,0,0,0,FALSE,0.0306718113518245,0.0175009132205962,TRUE,107,0.447000000000003,"77, 379"
0.01,4599,3,4,100040,0.001,40.3264879159302,-4.73658564610819,-2.30258509299405,"interior",2381.25301035656,-103.783212042522,1,1,0.5,FALSE,0.188976163581931,0.00863400887689814,TRUE,85,0.343999999999994,"77, 379"
0.01,4599,3,4,100040,0.003,172.878035249171,-3.2810078202302,-1.20397280432594,"interior",2455.2489158739,-29.7873065251738,2,1,1,TRUE,0.255778019502944,0.176165260259542,TRUE,79,0.305000000000007,"77, 379"
0.01,4599,3,4,100040,0.005,400.257930153596,-2.44148500285851,-0.693147180559945,"interior",2474.80773111012,-10.22849128896,2,1,1,TRUE,0.255405683861354,0.197275425849247,TRUE,75,0.293000000000006,"77, 379"
0.01,4599,3,4,100040,0.008,2821.11898510103,-0.488705279086031,-0.223143551314211,"interior",2484.13433365581,-0.901888743267136,2,1,1,TRUE,0.246915326078712,0.213932706453243,TRUE,67,0.552999999999997,"77, 379"
0.01,4599,3,4,100040,0.01,20000,1.4698933849962,0,"upper",2485.03622239908,0,2,1,1,TRUE,0.244884212256344,0.216597336546846,TRUE,63,1.22499999999997,"77, 379"
0.01,4599,3,4,100040,0.015,20000,1.4698933849962,0.405465108108164,"upper",2475.49806714034,-9.53815525874188,2,1,1,TRUE,0.245689793238957,0.21695595946989,TRUE,64,1.11500000000001,"77, 379"
0.01,4599,3,4,100040,0.02,20000,1.4698933849962,0.693147180559945,"upper",2460.91760839483,-24.1186140042473,2,1,1,TRUE,0.246489086806118,0.217316829063717,TRUE,64,1.12599999999998,"77, 379"
0.01,4599,3,4,100040,0.025,20000,1.4698933849962,0.916290731874155,"upper",2445.72207258113,-39.3141498179457,2,1,1,TRUE,0.247286560817319,0.217676916613078,TRUE,64,1.11600000000004,"77, 379"
0.01,4599,3,4,100040,0.03,20000,1.4698933849962,1.09861228866811,"upper",2431.02022664708,-54.0159957520004,2,1,1,TRUE,0.248087717214296,0.218031557274453,TRUE,65,1.125,"77, 379"
0.01,4599,3,5,100041,1e-05,2,-7.74044698697998,-6.90775527898214,"lower",1708.70386271831,-716.463876649007,0,0,0,FALSE,0.0355353228552212,0.0272351060219961,TRUE,113,0.468000000000018,"5, 318"
0.01,4599,3,5,100041,1e-04,6.30441417352296,-6.59234411702782,-4.60517018598809,"interior",2111.85084239467,-313.316896972648,1,1,0.5,FALSE,0.0874994270356059,0.00867335053270069,TRUE,147,0.610000000000014,"5, 318"
0.01,4599,3,5,100041,0.001,40.9273277401677,-4.72179616770432,-2.30258509299405,"interior",2350.61505002215,-74.5526893451665,1,1,0.5,FALSE,0.143731403766887,0.00898724007771257,TRUE,77,0.298000000000002,"5, 318"
0.01,4599,3,5,100041,0.003,147.328985895097,-3.44092608206503,-1.20397280432594,"interior",2408.41595914282,-16.7517802244947,2,1,1,TRUE,0.419098934462901,0.400862727341118,TRUE,79,0.325000000000045,"5, 318"
0.01,4599,3,5,100041,0.005,262.340052351563,-2.86395259559678,-0.693147180559945,"interior",2421.52976052907,-3.63797883824827,2,1,1,TRUE,0.464646296578213,0.446694698118659,TRUE,25,0.0830000000000268,"5, 318"
0.01,4599,3,5,100041,0.008,553.375900736985,-2.11755664877359,-0.223143551314211,"interior",2425.16773936731,0,2,1,1,TRUE,0.507324485774947,0.442258121782257,TRUE,15,0.0489999999999782,"5, 318"
0.01,4599,3,5,100041,0.01,946.319655843845,-1.58101375298092,0,"interior",2424.04554221349,-1.12219715382025,2,1,1,TRUE,0.52784131096082,0.437663193327047,TRUE,13,0.0429999999999495,"5, 318"
0.01,4599,3,5,100041,0.015,20000,1.4698933849962,0.405465108108164,"upper",2417.23482466352,-7.93291470379972,2,1,1,TRUE,0.560324052716368,0.427937456579417,TRUE,9,0.120999999999981,"5, 318"
0.01,4599,3,5,100041,0.02,20000,1.4698933849962,0.693147180559945,"upper",2406.49810761266,-18.6696317546525,2,1,1,TRUE,0.560204036254856,0.427969636013149,TRUE,8,0.117000000000019,"5, 318"
0.01,4599,3,5,100041,0.025,20000,1.4698933849962,0.916290731874155,"upper",2394.01689848616,-31.1508408811537,2,1,1,TRUE,0.560083514488633,0.428001342358843,TRUE,7,0.113,"5, 318"
0.01,4599,3,5,100041,0.03,20000,1.4698933849962,1.09861228866811,"upper",2381.36219099284,-43.8055483744779,2,1,1,TRUE,0.559960887443909,0.42803212868258,TRUE,7,0.112000000000023,"5, 318"
0.01,10000,3,1,100042,1e-05,2,-8.51719319141624,-6.90775527898214,"lower",1749.03880506993,-673.933579685135,0,0,0,FALSE,0.0375613826804863,0.0344946432621395,TRUE,115,0.480999999999995,"179, 393"
0.01,10000,3,1,100042,1e-04,5.67929213067552,-7.47351377189052,-4.60517018598809,"interior",2152.7607781472,-270.211606607864,0,0,0,FALSE,0.107715962063692,0.0351955580456442,TRUE,144,0.579000000000008,"179, 393"
0.01,10000,3,1,100042,0.001,38.9561853313421,-5.54790281043547,-2.30258509299405,"interior",2362.68976332801,-60.2826214270594,1,1,0.5,FALSE,0.334322230217588,0.00885043071345082,TRUE,82,0.335999999999956,"179, 393"
0.01,10000,3,1,100042,0.003,140.786268012018,-4.26309746133218,-1.20397280432594,"interior",2408.76106263438,-14.2113221206905,2,1,1,TRUE,0.869503945144495,0.858636668345812,TRUE,96,0.381000000000029,"179, 393"
0.01,10000,3,1,100042,0.005,244.573532187477,-3.71082436313296,-0.693147180559945,"interior",2419.85108857595,-3.12129617911251,2,1,1,TRUE,0.933395368253749,0.931633403573053,TRUE,77,0.299000000000035,"179, 393"
0.01,10000,3,1,100042,0.008,493.412536141375,-3.00899476053978,-0.223143551314211,"interior",2422.97238475507,0,2,1,1,TRUE,0.967325396712033,0.966474467346713,TRUE,69,0.272999999999968,"179, 393"
0.01,10000,3,1,100042,0.01,813.752865738812,-2.50868365681437,0,"interior",2421.9063063998,-1.06607835526256,2,1,1,TRUE,0.977450772059154,0.97628890374486,TRUE,60,0.243999999999971,"179, 393"
0.01,10000,3,1,100042,0.015,20000,0.693147180559944,0.405465108108164,"upper",2415.62616792672,-7.34621682834177,2,1,1,TRUE,0.98865282407948,0.98757778610995,TRUE,26,0.425999999999988,"179, 393"
0.01,10000,3,1,100042,0.02,20000,0.693147180559944,0.693147180559945,"upper",2405.81860610137,-17.153778653701,2,1,1,TRUE,0.988774216479183,0.987555881944533,TRUE,26,0.444999999999993,"179, 393"
0.01,10000,3,1,100042,0.025,20000,0.693147180559944,0.916290731874155,"upper",2394.10382546933,-28.8685592857355,2,1,1,TRUE,0.988894653334523,0.987536124542234,TRUE,26,0.45599999999996,"179, 393"
0.01,10000,3,1,100042,0.03,20000,0.693147180559944,1.09861228866811,"upper",2382.09554698657,-40.8768377684951,2,1,1,TRUE,0.989006874891697,0.987512215135012,TRUE,25,0.592000000000041,"179, 393"
0.01,10000,3,2,100043,1e-05,2,-8.51719319141624,-6.90775527898214,"lower",1660.39791253778,-815.7222509035,0,0,0,FALSE,0.0113692629500607,0.010629246209182,TRUE,303,1.34100000000001,"487, 494"
0.01,10000,3,2,100043,1e-04,2,-8.51719319141624,-4.60517018598809,"lower",2091.39226707504,-384.727896366241,0,0,0,FALSE,0.0113919683957169,0.0106834484932725,TRUE,307,1.37700000000001,"487, 494"
0.01,10000,3,2,100043,0.001,56.5128783057616,-5.17587182518169,-2.30258509299405,"interior",2377.74163566517,-98.3785277761103,1,1,0.5,FALSE,0.504265544313323,0.00853108898451915,TRUE,76,0.298000000000002,"487, 494"
0.01,10000,3,2,100043,0.003,174.245303316934,-4.04987627640363,-1.20397280432594,"interior",2446.34081106665,-29.7793523746391,1,1,0.5,FALSE,0.525368565953035,0.0507371319060718,TRUE,40,0.154999999999973,"487, 494"
0.01,10000,3,2,100043,0.005,540.182099164034,-2.91843406858984,-0.693147180559945,"interior",2469.17491117714,-6.94525226414953,2,1,1,TRUE,0.892970077599177,0.785940155198354,TRUE,74,0.28000000000003,"487, 494"
0.01,10000,3,2,100043,0.008,2760.06237682706,-1.28733181322071,-0.223143551314211,"interior",2476.12016344128,0,2,1,1,TRUE,0.930301254890033,0.860602509780066,TRUE,34,0.25,"487, 494"
0.01,10000,3,2,100043,0.01,20000,0.693147180559944,0,"upper",2475.93595014343,-0.18421329785815,2,1,1,TRUE,0.937761460405822,0.875522920811645,TRUE,25,0.408999999999992,"487, 494"
0.01,10000,3,2,100043,0.015,20000,0.693147180559944,0.405465108108164,"upper",2465.03102602802,-11.089137413263,2,1,1,TRUE,0.934838982977603,0.869677965955205,TRUE,25,0.423000000000002,"487, 494"
0.01,10000,3,2,100043,0.02,20000,0.693147180559944,0.693147180559945,"upper",2449.70363941321,-26.4165240280709,2,1,1,TRUE,0.931870782976875,0.863741565953749,TRUE,26,0.453999999999951,"487, 494"
0.01,10000,3,2,100043,0.025,20000,0.693147180559944,0.916290731874155,"upper",2434.06293008907,-42.0572333522196,2,1,1,TRUE,0.928858521181808,0.857717042363615,TRUE,27,0.5,"487, 494"
0.01,10000,3,2,100043,0.03,20000,0.693147180559944,1.09861228866811,"upper",2419.0795003259,-57.0406631153865,2,1,1,TRUE,0.925800050122654,0.851600100245308,TRUE,27,0.477999999999952,"487, 494"
0.01,10000,3,3,100044,1e-05,2,-8.51719319141624,-6.90775527898214,"lower",1603.00411826303,-863.828605145542,0,0,0,FALSE,0.0446779547817424,0.0395502867998423,TRUE,119,0.495999999999981,"346, 431"
0.01,10000,3,3,100044,1e-04,2,-8.51719319141624,-4.60517018598809,"lower",2043.87770454838,-422.955018860185,0,0,0,FALSE,0.0444148160422337,0.0393940181731889,TRUE,106,0.447000000000003,"346, 431"
0.01,10000,3,3,100044,0.001,42.9444395531781,-5.45043319518247,-2.30258509299405,"interior",2340.57867777229,-126.25404563628,1,1,0.5,FALSE,0.22807180870884,0.00892444045682372,TRUE,75,0.293999999999983,"346, 431"
0.01,10000,3,3,100044,0.003,184.74232711218,-3.99137834420285,-1.20397280432594,"interior",2423.38787422967,-43.4448491789021,2,1,1,TRUE,0.55601365390491,0.52936559440635,TRUE,83,0.307999999999993,"346, 431"
0.01,10000,3,3,100044,0.005,390.982847538453,-3.24167668114116,-0.693147180559945,"interior",2448.30315510631,-18.5295683022564,2,1,1,TRUE,0.597669196803096,0.574468877734303,TRUE,42,0.157000000000039,"346, 431"
0.01,10000,3,3,100044,0.008,1478.15177542907,-1.91179258600476,-0.223143551314211,"interior",2462.85450582075,-3.97821758781356,2,1,1,TRUE,0.637874103184524,0.617935899066134,TRUE,11,0.0389999999999873,"346, 431"
0.01,10000,3,3,100044,0.01,20000,0.693147180559944,0,"upper",2466.83272340857,0,2,1,1,TRUE,0.65607605316286,0.637059042346971,TRUE,10,0.242999999999938,"346, 431"
0.01,10000,3,3,100044,0.015,20000,0.693147180559944,0.405465108108164,"upper",2463.2045502214,-3.6281731871677,2,1,1,TRUE,0.656039011365062,0.636964210647871,TRUE,7,0.11099999999999,"346, 431"
0.01,10000,3,3,100044,0.02,20000,0.693147180559944,0.693147180559945,"upper",2451.42604550386,-15.4066779047071,2,1,1,TRUE,0.655997710319979,0.636842358050095,TRUE,7,0.114000000000033,"346, 431"
0.01,10000,3,3,100044,0.025,20000,0.693147180559944,0.916290731874155,"upper",2437.76060692191,-29.0721164866541,2,1,1,TRUE,0.655957909587626,0.636716489992935,TRUE,7,0.115999999999985,"346, 431"
0.01,10000,3,3,100044,0.03,20000,0.693147180559944,1.09861228866811,"upper",2423.95612423842,-42.8765991701462,2,1,1,TRUE,0.655919474850875,0.63659211807154,TRUE,7,0.118000000000052,"346, 431"
0.01,10000,3,4,100045,1e-05,2,-8.51719319141624,-6.90775527898214,"lower",1631.2365397237,-814.858917405673,0,0,0,FALSE,0.0310317651389022,0.0277229729658286,TRUE,174,0.84800000000007,"214, 324"
0.01,10000,3,4,100045,1e-04,2,-8.51719319141624,-4.60517018598809,"lower",2060.02887705403,-386.066580075338,0,0,0,FALSE,0.0315923785109212,0.0279759033349312,TRUE,161,0.701999999999998,"214, 324"
0.01,10000,3,4,100045,0.001,49.3431332943702,-5.3115417587492,-2.30258509299405,"interior",2339.64229033878,-106.453166790588,1,1,0.5,FALSE,0.504419709751502,0.00883941993938997,TRUE,75,0.302000000000021,"214, 324"
0.01,10000,3,4,100045,0.003,181.090855074449,-4.01134150491372,-1.20397280432594,"interior",2412.79721644231,-33.2982406870551,2,1,1,TRUE,0.916894223768125,0.833788447536252,TRUE,98,0.444999999999936,"214, 324"
0.01,10000,3,4,100045,0.005,351.639174856268,-3.34773479355418,-0.693147180559945,"interior",2433.56905567797,-12.5264014514009,2,1,1,TRUE,0.962672750481572,0.925345500963144,TRUE,82,0.326999999999998,"214, 324"
0.01,10000,3,4,100045,0.008,909.450682636483,-2.39749960018697,-0.223143551314211,"interior",2444.11895668107,-1.97650044830016,2,1,1,TRUE,0.983476604436034,0.966953208872068,TRUE,78,0.295999999999935,"214, 324"
0.01,10000,3,4,100045,0.01,2242.40814294106,-1.49503474078139,0,"interior",2446.09545712937,0,2,1,1,TRUE,0.989191217289618,0.978382434579237,TRUE,77,0.591000000000008,"214, 324"
0.01,10000,3,4,100045,0.015,20000,0.693147180559944,0.405465108108164,"upper",2442.75289115935,-3.34256597002241,2,1,1,TRUE,0.991877927579269,0.983755855158538,TRUE,75,1.46000000000004,"214, 324"
0.01,10000,3,4,100045,0.02,20000,0.693147180559944,0.693147180559945,"upper",2431.91291472636,-14.1825424030044,2,1,1,TRUE,0.991630044380934,0.983260088761868,TRUE,76,1.33100000000002,"214, 324"
0.01,10000,3,4,100045,0.025,20000,0.693147180559944,0.916290731874155,"upper",2419.08708624333,-27.0083708860407,2,1,1,TRUE,0.991374609632153,0.982749219264307,TRUE,76,1.33800000000008,"214, 324"
0.01,10000,3,4,100045,0.03,20000,0.693147180559944,1.09861228866811,"upper",2406.0392279082,-40.0562292211725,2,1,1,TRUE,0.991111665584648,0.982223331169296,TRUE,76,1.35500000000002,"214, 324"
0.01,10000,3,5,100046,1e-05,2,-8.51719319141624,-6.90775527898214,"lower",1649.33166225142,-835.344474000879,1,1,0.5,FALSE,0.145995597129442,0.00799775269155056,TRUE,300,1.31200000000001,"311, 457"
0.01,10000,3,5,100046,1e-04,7.73592859253972,-7.16446484440816,-4.60517018598809,"interior",2088.40721938126,-396.268916871036,1,1,0.5,FALSE,0.176786576560553,0.00795558397792084,TRUE,124,0.496999999999957,"311, 457"
0.01,10000,3,5,100046,0.001,61.9994847355876,-5.08321429768196,-2.30258509299405,"interior",2380.16335850316,-104.512777749135,1,1,0.5,FALSE,0.291355584389652,0.00822334553740722,TRUE,82,0.337999999999965,"311, 457"
0.01,10000,3,5,100046,0.003,196.816576525454,-3.92806816059294,-1.20397280432594,"interior",2455.70017266842,-28.9759635838732,1,1,0.5,FALSE,0.387631562734615,0.0093397022753654,TRUE,78,0.326000000000022,"311, 457"
0.01,10000,3,5,100046,0.005,444.941705898092,-3.11239709637274,-0.693147180559945,"interior",2475.14600452177,-9.53013173053023,1,1,0.5,FALSE,0.438071474999455,0.0248659864531156,TRUE,22,0.0739999999999554,"311, 457"
0.01,10000,3,5,100046,0.008,2631.82207199339,-1.3349086836423,-0.223143551314211,"interior",2483.95279602431,-0.723340227988047,1,1,0.5,FALSE,0.504829275515944,0.0972698462957138,TRUE,13,0.0960000000000036,"311, 457"
0.01,10000,3,5,100046,0.01,20000,0.693147180559944,0,"upper",2484.6761362523,0,1,1,0.5,FALSE,0.519970418800838,0.116692955347791,TRUE,11,0.177000000000021,"311, 457"
0.01,10000,3,5,100046,0.015,20000,0.693147180559944,0.405465108108164,"upper",2474.86905140688,-9.80708484541401,1,1,0.5,FALSE,0.520345981405109,0.117494494867405,TRUE,8,0.126999999999953,"311, 457"
0.01,10000,3,5,100046,0.02,20000,0.693147180559944,0.693147180559945,"upper",2460.05593481511,-24.6202014371838,1,1,0.5,FALSE,0.520720759370094,0.118291715913267,TRUE,8,0.129000000000019,"311, 457"
0.01,10000,3,5,100046,0.025,20000,0.693147180559944,0.916290731874155,"upper",2444.69940482601,-39.9767314262863,1,1,0.5,FALSE,0.521300860738186,0.119511082874133,TRUE,9,0.158999999999992,"311, 457"
0.01,10000,3,5,100046,0.03,20000,0.693147180559944,1.09861228866811,"upper",2429.89275663056,-54.7833796217383,1,1,0.5,FALSE,0.521682392962584,0.120319943598999,TRUE,9,0.158000000000015,"311, 457"
0.01,20,4,1,100047,1e-05,2,-2.30258509299405,-6.90775527898214,"lower",1276.46403882266,-743.457972125959,0,0,0,FALSE,0.0466780138593971,0.00798480610841334,TRUE,288,1.24899999999991,"331, 385"
0.01,20,4,1,100047,1e-04,2,-2.30258509299405,-4.60517018598809,"lower",1670.53660424807,-349.385406700542,0,0,0,FALSE,0.0463383211539776,0.00798554507021865,TRUE,266,1.35599999999999,"331, 385"
0.01,20,4,1,100047,0.001,4.43700518921943,-1.50575263162456,-2.30258509299405,"interior",1910.91637754928,-109.005633399339,1,1,0.5,FALSE,0.0604654532069601,0.0079897719285339,TRUE,156,0.966000000000008,"331, 385"
0.01,20,4,1,100047,0.003,9.77704007519386,-0.715695486113435,-1.20397280432594,"interior",1974.45715852701,-45.4648524216097,1,1,0.5,FALSE,0.0887009143500926,0.00799068373402689,TRUE,101,0.409999999999968,"331, 385"
0.01,20,4,1,100047,0.005,14.2173728877929,-0.341267613940743,-0.693147180559945,"interior",1995.46772838791,-24.4542825607073,1,1,0.5,FALSE,0.115751750662412,0.00798774261501856,TRUE,89,0.365999999999985,"331, 385"
0.01,20,4,1,100047,0.008,20.3203994816432,0.015893008492728,-0.223143551314211,"interior",2009.57132929072,-10.3506816578979,1,1,0.5,FALSE,0.155882742233,0.00798138808144455,TRUE,83,0.346000000000004,"331, 385"
0.01,20,4,1,100047,0.01,24.1902839152732,0.190218787885105,0,"interior",2014.31575413185,-5.60625681676424,1,1,0.5,FALSE,0.181033973147482,0.00797615825957998,TRUE,81,0.341000000000008,"331, 385"
0.01,20,4,1,100047,0.015,33.3596174502485,0.511613836552114,0.405465108108164,"interior",2019.36875888183,-0.55325206678117,1,1,0.5,FALSE,0.233104367651705,0.00795767606553854,TRUE,75,0.322000000000003,"331, 385"
0.01,20,4,1,100047,0.02,41.9266672607926,0.740189801063856,0.693147180559945,"interior",2019.92201094862,0,1,1,0.5,FALSE,0.269264887471513,0.00792183299842375,TRUE,62,0.244000000000028,"331, 385"
0.01,20,4,1,100047,0.025,50.1211268549962,0.918710339361522,0.916290731874155,"interior",2018.4822592534,-1.43975169522105,1,1,0.5,FALSE,0.293909410639535,0.00784142975448243,TRUE,39,0.166000000000054,"331, 385"
0.01,20,4,1,100047,0.03,58.0680617522012,1.06588352749095,1.09861228866811,"interior",2016.03839437353,-3.88361657508335,1,1,0.5,FALSE,0.311378605985988,0.00772641311775124,TRUE,30,0.104000000000042,"331, 385"
0.01,20,4,2,100048,1e-05,2,-2.30258509299405,-6.90775527898214,"lower",1041.20522183325,-831.34008340097,0,0,0,FALSE,0.0214771284978208,0.0212217471301968,TRUE,169,0.772000000000048,"69, 437"
0.01,20,4,2,100048,1e-04,2,-2.30258509299405,-4.60517018598809,"lower",1460.43878943871,-412.106515795513,0,0,0,FALSE,0.021625651544475,0.0213465791318964,TRUE,148,0.687999999999988,"69, 437"
0.01,20,4,2,100048,0.001,2,-2.30258509299405,-2.30258509299405,"lower",1759.57721744031,-112.968087793915,0,0,0,FALSE,0.0217299118407801,0.0214333524025996,TRUE,137,0.613000000000056,"69, 437"
0.01,20,4,2,100048,0.003,2,-2.30258509299405,-1.20397280432594,"lower",1835.29957558712,-37.2457296471046,0,0,0,FALSE,0.0217591993878634,0.021457333721452,TRUE,135,0.609000000000037,"69, 437"
0.01,20,4,2,100048,0.005,2,-2.30258509299405,-0.693147180559945,"lower",1855.8459727339,-16.6993325003177,0,0,0,FALSE,0.0217720953652494,0.0214672307562548,TRUE,136,0.620999999999981,"69, 437"
0.01,20,4,2,100048,0.008,2,-2.30258509299405,-0.223143551314211,"lower",1866.67441484223,-5.87089039199554,0,0,0,FALSE,0.0218243964950877,0.0215078534649119,TRUE,139,0.643000000000029,"69, 437"
0.01,20,4,2,100048,0.01,16.0435139454296,-0.22042762120422,0,"interior",1870.78018418309,-1.76512105112738,1,1,0.5,FALSE,0.503962373273767,0.00801103690314597,TRUE,92,0.40199999999993,"69, 437"
0.01,20,4,2,100048,0.015,20.6447152466678,0.0317270928416562,0.405465108108164,"interior",1872.54530523422,0,1,1,0.5,FALSE,0.504048633397917,0.00810730352517552,TRUE,75,0.317999999999984,"69, 437"
0.01,20,4,2,100048,0.02,24.6774373806511,0.210157086244888,0.693147180559945,"interior",1870.72498234403,-1.8203228901948,1,1,0.5,FALSE,0.504147923465896,0.00829771089951581,TRUE,63,0.250999999999976,"69, 437"
0.01,20,4,2,100048,0.025,28.3830995716338,0.350061608973663,0.916290731874155,"interior",1867.58259729184,-4.96270794237989,1,1,0.5,FALSE,0.504307332742589,0.00861511754129352,TRUE,54,0.212000000000103,"69, 437"
0.01,20,4,2,100048,0.03,31.9198973677615,0.467497283726756,1.09861228866811,"interior",1863.89666108781,-8.64864414640897,1,1,0.5,FALSE,0.504576408921183,0.00915293646079207,TRUE,52,0.206999999999994,"69, 437"
0.01,20,4,3,100049,1e-05,2,-2.30258509299405,-6.90775527898214,"lower",888.262832724189,-817.327251301112,0,0,0,FALSE,0.0208794713646216,0.0204184017291074,TRUE,156,0.676000000000045,"92, 109"
0.01,20,4,3,100049,1e-04,2,-2.30258509299405,-4.60517018598809,"lower",1299.10632000282,-406.48376402248,0,0,0,FALSE,0.0207787988245678,0.020328706416502,TRUE,131,0.589999999999918,"92, 109"
0.01,20,4,3,100049,0.001,2,-2.30258509299405,-2.30258509299405,"lower",1581.34789404872,-124.242189976578,0,0,0,FALSE,0.0207196979618793,0.0202760114223983,TRUE,120,0.528999999999996,"92, 109"
0.01,20,4,3,100049,0.003,2,-2.30258509299405,-1.20397280432594,"lower",1657.46708136649,-48.1230026588064,0,0,0,FALSE,0.0207063918084074,0.0202641466984825,TRUE,118,0.605999999999995,"92, 109"
0.01,20,4,3,100049,0.005,2,-2.30258509299405,-0.693147180559945,"lower",1681.17702288199,-24.4130611433131,0,0,0,FALSE,0.0206999193317792,0.0202583749036873,TRUE,117,0.534999999999968,"92, 109"
0.01,20,4,3,100049,0.008,2,-2.30258509299405,-0.223143551314211,"lower",1696.2478492436,-9.34223478170497,0,0,0,FALSE,0.0206962552408695,0.0202551037903708,TRUE,116,0.51400000000001,"92, 109"
0.01,20,4,3,100049,0.01,2,-2.30258509299405,0,"lower",1701.026506589,-4.56357743630292,0,0,0,FALSE,0.0207011310265893,0.0202594463285968,TRUE,116,0.511000000000081,"92, 109"
0.01,20,4,3,100049,0.015,2.59364501200487,-2.04266804667568,0.405465108108164,"interior",1705.5900840253,0,0,0,0,FALSE,0.0245867140645618,0.0236203449357681,TRUE,117,0.58299999999997,"92, 109"
0.01,20,4,3,100049,0.02,3.81718619804371,-1.6562187197274,0.693147180559945,"interior",1705.50685763318,-0.0832263921163303,0,0,0,FALSE,0.0340551327495925,0.0311374223093746,TRUE,122,0.538000000000011,"92, 109"
0.01,20,4,3,100049,0.025,5.32973522961262,-1.32243071210492,0.916290731874155,"interior",1703.4882713179,-2.10181270739827,0,0,0,FALSE,0.0470567230420675,0.0397696037119066,TRUE,128,0.538999999999987,"92, 109"
0.01,20,4,3,100049,0.03,6.75902790749264,-1.0848531945062,1.09861228866811,"interior",1700.54007234848,-5.0500116768194,0,0,0,FALSE,0.0582078110804277,0.0452028300241314,TRUE,124,0.52699999999993,"92, 109"
0.01,20,4,4,100050,1e-05,2,-2.30258509299405,-6.90775527898214,"lower",1106.97820512273,-753.57791975643,0,0,0,FALSE,0.0218128157411735,0.0205246688273942,TRUE,161,0.745999999999981,"194, 481"
0.01,20,4,4,100050,1e-04,2,-2.30258509299405,-4.60517018598809,"lower",1509.96979597264,-350.58632890652,0,0,0,FALSE,0.021947520189759,0.0206171538421954,TRUE,142,0.634999999999991,"194, 481"
0.01,20,4,4,100050,0.001,2,-2.30258509299405,-2.30258509299405,"lower",1769.12736024277,-91.4287646363894,0,0,0,FALSE,0.0220332506607682,0.0206756630615512,TRUE,132,0.609000000000037,"194, 481"
0.01,20,4,4,100050,0.003,2,-2.30258509299405,-1.20397280432594,"lower",1831.79326682022,-28.7628580589444,0,0,0,FALSE,0.0220454661270483,0.020684051370226,TRUE,130,0.644000000000005,"194, 481"
0.01,20,4,4,100050,0.005,2,-2.30258509299405,-0.693147180559945,"lower",1849.08778592704,-11.4683389521242,0,0,0,FALSE,0.0220470518879525,0.020685110522753,TRUE,130,0.603999999999928,"194, 481"
0.01,20,4,4,100050,0.008,2,-2.30258509299405,-0.223143551314211,"lower",1858.34861373423,-2.2075111449326,0,0,0,FALSE,0.0220624292492995,0.0206953943060665,TRUE,130,0.670999999999935,"194, 481"
0.01,20,4,4,100050,0.01,2.42428825652275,-2.11019429470967,0,"interior",1860.4411051308,-0.115019748363011,0,0,0,FALSE,0.0256187035037642,0.0228232649567399,TRUE,128,0.541000000000054,"194, 481"
0.01,20,4,4,100050,0.015,11.7158341317518,-0.534791002101506,0.405465108108164,"interior",1860.55612487916,0,0,0,0,FALSE,0.371997836001093,0.0102166008776408,TRUE,255,1.19600000000003,"194, 481"
0.01,20,4,4,100050,0.02,14.9476788682328,-0.291176245421299,0.693147180559945,"interior",1857.86172154541,-2.6944033337486,1,1,0.5,FALSE,0.428821918857503,0.00860418797392315,TRUE,92,0.379000000000019,"194, 481"
0.01,20,4,4,100050,0.025,17.5115647129781,-0.132870770142009,0.916290731874155,"interior",1853.94150647654,-6.61461840261995,1,1,0.5,FALSE,0.452549713495998,0.00843235610499504,TRUE,77,0.33299999999997,"194, 481"
0.01,20,4,4,100050,0.03,19.7917897190871,-0.0104650825011707,1.09861228866811,"interior",1849.51252901965,-11.0435958595083,1,1,0.5,FALSE,0.465916109009855,0.00854691677793062,TRUE,66,0.259000000000015,"194, 481"
0.01,20,4,5,100051,1e-05,2,-2.30258509299405,-6.90775527898214,"lower",1153.56946838155,-719.467206738776,0,0,0,FALSE,0.0211534414297698,0.0207816250802503,TRUE,151,0.663999999999987,"192, 333"
0.01,20,4,5,100051,1e-04,2,-2.30258509299405,-4.60517018598809,"lower",1557.37159006463,-315.665085055697,0,0,0,FALSE,0.0212564672671625,0.0208737825455334,TRUE,131,0.808999999999969,"192, 333"
0.01,20,4,5,100051,0.001,2,-2.30258509299405,-2.30258509299405,"lower",1806.51837420895,-66.5183009113789,0,0,0,FALSE,0.0213080416845333,0.0209199523305877,TRUE,122,0.528999999999996,"192, 333"
0.01,20,4,5,100051,0.003,2,-2.30258509299405,-1.20397280432594,"lower",1856.14899574141,-16.8876793789227,0,0,0,FALSE,0.0213326762363596,0.0209415423059948,TRUE,121,0.524000000000001,"192, 333"
0.01,20,4,5,100051,0.005,2,-2.30258509299405,-0.693147180559945,"lower",1867.4051577629,-5.63151735742576,0,0,0,FALSE,0.0213816392536592,0.0209840121643055,TRUE,122,0.524999999999977,"192, 333"
0.01,20,4,5,100051,0.008,10.2115736283625,-0.672210527067303,-0.223143551314211,"interior",1872.44706352882,-0.589611591510447,0,0,0,FALSE,0.148149713449422,0.0314266754060849,TRUE,141,0.725999999999999,"192, 333"
0.01,20,4,5,100051,0.01,11.9295296549713,-0.516715463621927,0,"interior",1873.03667512033,0,0,0,0,FALSE,0.154067718436926,0.0246860489728551,TRUE,105,0.541000000000054,"192, 333"
0.01,20,4,5,100051,0.015,15.4936825523978,-0.255299909975639,0.405465108108164,"interior",1870.89398871795,-2.14268640238151,1,1,0.5,FALSE,0.163272422278931,0.0166618745640027,TRUE,83,0.36099999999999,"192, 333"
0.01,20,4,5,100051,0.02,18.5243333563213,-0.0766470891828499,0.693147180559945,"interior",1866.71391223778,-6.3227628825457,1,1,0.5,FALSE,0.169702137767798,0.0133381013861176,TRUE,70,0.30600000000004,"192, 333"
0.01,20,4,5,100051,0.025,21.2896143382631,0.0624870904979429,0.916290731874155,"interior",1861.86221845801,-11.1744566623158,1,1,0.5,FALSE,0.174858818685329,0.0118769801651155,TRUE,57,0.23700000000008,"192, 333"
0.01,20,4,5,100051,0.03,23.9370793342102,0.179696419726878,1.09861228866811,"interior",1856.81736704086,-16.2193080794668,1,1,0.5,FALSE,0.179459933843042,0.0113990371723194,TRUE,49,0.201000000000022,"192, 333"
0.01,43,4,1,100052,1e-05,2,-3.06805293513362,-6.90775527898214,"lower",1240.26513405022,-805.906040369782,0,0,0,FALSE,0.0427646218935917,0.0422037112007162,TRUE,240,1.19000000000005,"112, 361"
0.01,43,4,1,100052,1e-04,2,-3.06805293513362,-4.60517018598809,"lower",1650.53703347735,-395.634140942657,0,0,0,FALSE,0.0464717697954788,0.0455311257700307,TRUE,186,0.821000000000026,"112, 361"
0.01,43,4,1,100052,0.001,2,-3.06805293513362,-2.30258509299405,"lower",1930.58319490911,-115.587979510892,0,0,0,FALSE,0.0486199721781023,0.0474314472504166,TRUE,162,0.730999999999995,"112, 361"
0.01,43,4,1,100052,0.003,7.54189760535695,-1.74072629353973,-1.20397280432594,"interior",2003.84547301108,-42.3257014089213,0,0,0,FALSE,0.238926960018154,0.098210251563131,TRUE,101,0.442999999999984,"112, 361"
0.01,43,4,1,100052,0.005,12.7127356363348,-1.21859581869245,-0.693147180559945,"interior",2025.83526446054,-20.3359099594618,0,0,0,FALSE,0.348420069544684,0.0581668645250581,TRUE,90,0.370999999999981,"112, 361"
0.01,43,4,1,100052,0.008,19.2998696077486,-0.801101775880745,-0.223143551314211,"interior",2039.23827004404,-6.93290437596693,0,0,0,FALSE,0.426612796954266,0.0262213973512982,TRUE,75,0.319999999999936,"112, 361"
0.01,43,4,1,100052,0.01,23.0607887880176,-0.623066395539238,0,"interior",2043.19725393746,-2.97392048254005,0,0,0,FALSE,0.449881369184986,0.0186839808654512,TRUE,65,0.256999999999948,"112, 361"
0.01,43,4,1,100052,0.015,31.6906383725054,-0.305178797905036,0.405465108108164,"interior",2046.17117442,0,0,0,0,FALSE,0.480190302539346,0.01374724080425,TRUE,36,0.158000000000015,"112, 361"
0.01,43,4,1,100052,0.02,44.4845325042972,0.0339414288841553,0.693147180559945,"interior",2044.90387212138,-1.26730229861937,1,1,0.5,FALSE,0.51582189542639,0.0359201529116487,TRUE,72,0.312999999999988,"112, 361"
0.01,43,4,1,100052,0.025,75.6707219441545,0.565191205659235,0.916290731874155,"interior",2044.21568986145,-1.95548455855487,2,1,1,TRUE,0.606982898375004,0.21396858172919,TRUE,52,0.20799999999997,"112, 361"
0.01,43,4,1,100052,0.03,89.5909811440438,0.734054542346568,1.09861228866811,"interior",2041.09467484852,-5.07649957147873,2,1,1,TRUE,0.60772444919229,0.215449847189643,TRUE,40,0.16700000000003,"112, 361"
0.01,43,4,2,100053,1e-05,2,-3.06805293513362,-6.90775527898214,"lower",1245.82784550971,-747.607696546842,0,0,0,FALSE,0.0203028203915955,0.017783641922948,TRUE,182,0.801000000000045,"68, 403"
0.01,43,4,2,100053,1e-04,2,-3.06805293513362,-4.60517018598809,"lower",1642.47017288264,-350.965369173913,0,0,0,FALSE,0.0205193923380267,0.0178575514536369,TRUE,166,0.745000000000005,"68, 403"
0.01,43,4,2,100053,0.001,2,-3.06805293513362,-2.30258509299405,"lower",1889.58928001094,-103.84626204562,0,0,0,FALSE,0.0206664919823109,0.017905985055257,TRUE,159,0.752000000000066,"68, 403"
0.01,43,4,2,100053,0.003,9.86456632696973,-1.47225093795876,-1.20397280432594,"interior",1953.40963729015,-40.025904766409,1,1,0.5,FALSE,0.172122044539739,0.0079841824956457,TRUE,123,0.516999999999939,"68, 403"
0.01,43,4,2,100053,0.005,14.268659834668,-1.1031346034947,-0.693147180559945,"interior",1973.81860599013,-19.6169360664223,1,1,0.5,FALSE,0.177968107209568,0.00804058628573012,TRUE,90,0.370000000000005,"68, 403"
0.01,43,4,2,100053,0.008,19.7111421105286,-0.780016050468066,-0.223143551314211,"interior",1986.59121458566,-6.84432747089568,1,1,0.5,FALSE,0.17979763843331,0.00817682623148042,TRUE,74,0.316000000000031,"68, 403"
0.01,43,4,2,100053,0.01,22.9556163211511,-0.627637489250169,0,"interior",1990.43414274458,-3.00139931197282,1,1,0.5,FALSE,0.180145159331997,0.00831846087875121,TRUE,67,0.296000000000049,"68, 403"
0.01,43,4,2,100053,0.015,30.4193562447053,-0.346120991324823,0.405465108108164,"interior",1993.43554205656,0,1,1,0.5,FALSE,0.180309811034165,0.00910849551190474,TRUE,45,0.185000000000059,"68, 403"
0.01,43,4,2,100053,0.02,39.183306658826,-0.0929493101373908,0.693147180559945,"interior",1992.30431328766,-1.13122876889133,1,1,0.5,FALSE,0.1828271944724,0.0155144511096948,TRUE,107,0.47199999999998,"68, 403"
0.01,43,4,2,100053,0.025,50.4627460044125,0.160035245468164,0.916290731874155,"interior",1989.60069997137,-3.83484208518803,1,1,0.5,FALSE,0.190026238691822,0.030491827513734,TRUE,64,0.253000000000043,"68, 403"
0.01,43,4,2,100053,0.03,61.2927304285285,0.354461130143301,1.09861228866811,"interior",1986.18047813129,-7.25506392526472,1,1,0.5,FALSE,0.196522205780085,0.0446567172301645,TRUE,51,0.202999999999975,"68, 403"
0.01,43,4,3,100054,1e-05,2,-3.06805293513362,-6.90775527898214,"lower",1230.06400879691,-782.599605331948,0,0,0,FALSE,0.0250651930801984,0.0249174417130726,TRUE,158,0.726999999999975,"152, 333"
0.01,43,4,3,100054,1e-04,2,-3.06805293513362,-4.60517018598809,"lower",1640.96805316669,-371.695560962174,0,0,0,FALSE,0.0253112761579544,0.0251440097157992,TRUE,140,0.624000000000024,"152, 333"
0.01,43,4,3,100054,0.001,2,-3.06805293513362,-2.30258509299405,"lower",1914.34175626836,-98.3218578605035,0,0,0,FALSE,0.0254876684234838,0.0253055304309661,TRUE,132,0.59699999999998,"152, 333"
0.01,43,4,3,100054,0.003,11.1202237063989,-1.35243470959156,-1.20397280432594,"interior",1981.80781706521,-30.8557970636512,0,0,0,FALSE,0.154372436765143,0.0252148615242219,TRUE,104,0.451999999999998,"152, 333"
0.01,43,4,3,100054,0.005,16.0191419506705,-0.987415736619476,-0.693147180559945,"interior",2000.81976471977,-11.8438494090874,1,1,0.5,FALSE,0.161524672111837,0.014598354307804,TRUE,83,0.350000000000023,"152, 333"
0.01,43,4,3,100054,0.008,21.9929998172982,-0.670475903091273,-0.223143551314211,"interior",2010.68758267459,-1.97603145426706,1,1,0.5,FALSE,0.16858824188979,0.0107193600280377,TRUE,68,0.301000000000045,"152, 333"
0.01,43,4,3,100054,0.01,25.4906593964274,-0.522888028812066,0,"interior",2012.66361412886,0,1,1,0.5,FALSE,0.172163708341608,0.0102649426053609,TRUE,58,0.230000000000018,"152, 333"
0.01,43,4,3,100054,0.015,33.4835549977475,-0.250145692980856,0.405465108108164,"interior",2011.63037347388,-1.03324065498032,1,1,0.5,FALSE,0.17966820590659,0.0124121921403625,TRUE,40,0.170999999999935,"152, 333"
0.01,43,4,3,100054,0.02,66.2591982796302,0.432374181491798,0.693147180559945,"interior",2010.04970361541,-2.61391051344822,2,1,1,TRUE,0.346159564829496,0.341147407970371,TRUE,124,0.509999999999991,"152, 333"
0.01,43,4,3,100054,0.025,76.678566974904,0.578422113927717,0.916290731874155,"interior",2005.50379645551,-7.15981767335143,2,1,1,TRUE,0.356038082377717,0.353189173151502,TRUE,87,0.355000000000018,"152, 333"
0.01,43,4,3,100054,0.03,86.5982925083881,0.700079982687236,1.09861228866811,"interior",2000.44262623126,-12.2209878976018,2,1,1,TRUE,0.364364622754511,0.363559936535361,TRUE,57,0.221000000000004,"152, 333"
0.01,43,4,4,100055,1e-05,2,-3.06805293513362,-6.90775527898214,"lower",1224.62208243161,-780.661191553378,0,0,0,FALSE,0.0249916269419169,0.0244040287845606,TRUE,165,0.749000000000024,"109, 421"
0.01,43,4,4,100055,1e-04,2,-3.06805293513362,-4.60517018598809,"lower",1628.48379375509,-376.799480229898,0,0,0,FALSE,0.0252472567392843,0.0246079100108043,TRUE,148,0.655000000000086,"109, 421"
0.01,43,4,4,100055,0.001,2,-3.06805293513362,-2.30258509299405,"lower",1898.35203663465,-106.931237350337,0,0,0,FALSE,0.0253957382450448,0.0247254989575646,TRUE,140,0.840000000000032,"109, 421"
0.01,43,4,4,100055,0.003,2,-3.06805293513362,-1.20397280432594,"lower",1969.25786609314,-36.0254078918479,0,0,0,FALSE,0.0254897053145991,0.0247984174649636,TRUE,139,0.625999999999976,"109, 421"
0.01,43,4,4,100055,0.005,14.6720669629721,-1.07525463619231,-0.693147180559945,"interior",1989.93369229089,-15.3495816940992,1,1,0.5,FALSE,0.501740398468724,0.00819582642631878,TRUE,91,0.376999999999953,"109, 421"
0.01,43,4,4,100055,0.008,20.1166142154827,-0.759654064171191,-0.223143551314211,"interior",2001.56787904132,-3.71539494366721,1,1,0.5,FALSE,0.503675606509087,0.00829965863149373,TRUE,76,0.327999999999975,"109, 421"
0.01,43,4,4,100055,0.01,23.3034094584586,-0.612600437137695,0,"interior",2004.47395021109,-0.809323773901497,1,1,0.5,FALSE,0.504021303032228,0.00846081417046374,TRUE,73,0.316000000000031,"109, 421"
0.01,43,4,4,100055,0.015,30.3922256771798,-0.347013274290275,0.405465108108164,"interior",2005.28327398499,0,1,1,0.5,FALSE,0.504536171610569,0.00915687066585336,TRUE,61,0.240999999999985,"109, 421"
0.01,43,4,4,100055,0.02,36.7762979051335,-0.156346556691297,0.693147180559945,"interior",2002.23281614358,-3.05045784141362,1,1,0.5,FALSE,0.505385540933355,0.0107966174598031,TRUE,41,0.171999999999912,"109, 421"
0.01,43,4,4,100055,0.025,42.8132857495675,-0.00435164656496889,0.916290731874155,"interior",1997.72296256862,-7.56031141637186,1,1,0.5,FALSE,0.50689106370162,0.0137918256926755,TRUE,32,0.110000000000014,"109, 421"
0.01,43,4,4,100055,0.03,52.7119881804926,0.203642793689911,1.09861228866811,"interior",1992.67510057005,-12.6081734149443,1,1,0.5,FALSE,0.52380489416384,0.0476130412250446,TRUE,87,0.365000000000009,"109, 421"
0.01,43,4,5,100056,1e-05,2,-3.06805293513362,-6.90775527898214,"lower",1152.94971627079,-816.387390696948,0,0,0,FALSE,0.0245513680620473,0.0234699010704869,TRUE,177,0.793999999999983,"29, 79"
0.01,43,4,5,100056,1e-04,2,-3.06805293513362,-4.60517018598809,"lower",1563.61620937037,-405.720897597362,0,0,0,FALSE,0.0248493157637578,0.0236841449369165,TRUE,159,0.730999999999995,"29, 79"
0.01,43,4,5,100056,0.001,2,-3.06805293513362,-2.30258509299405,"lower",1847.83257861112,-121.50452835661,0,0,0,FALSE,0.0250600133993741,0.0238340381669871,TRUE,150,0.66700000000003,"29, 79"
0.01,43,4,5,100056,0.003,2,-3.06805293513362,-1.20397280432594,"lower",1924.47581325248,-44.8612937152539,0,0,0,FALSE,0.0252235868188959,0.0239481622429971,TRUE,154,0.711999999999989,"29, 79"
0.01,43,4,5,100056,0.005,11.0108657726628,-1.36231753293131,-0.693147180559945,"interior",1947.98467160991,-21.3524353578264,1,1,0.5,FALSE,0.165506686845026,0.00823011584226196,TRUE,93,0.386000000000081,"29, 79"
0.01,43,4,5,100056,0.008,15.4232654235741,-1.02532300450579,-0.223143551314211,"interior",1962.10321492593,-7.23389204180467,1,1,0.5,FALSE,0.168393694410975,0.00841847396610607,TRUE,73,0.318000000000097,"29, 79"
0.01,43,4,5,100056,0.01,18.0562271079008,-0.867709498283307,0,"interior",1966.19307856661,-3.14402840111984,1,1,0.5,FALSE,0.168912473160022,0.00881245357996019,TRUE,62,0.245000000000005,"29, 79"
0.01,43,4,5,100056,0.015,24.2825060937517,-0.571443938446842,0.405465108108164,"interior",1969.18366751625,-0.153439451484246,1,1,0.5,FALSE,0.16906475457853,0.0115131128157911,TRUE,46,0.192000000000007,"29, 79"
0.01,43,4,5,100056,0.02,50.8398692841349,0.167480759501941,0.693147180559945,"interior",1969.33710696773,0,2,1,1,TRUE,0.239393042921436,0.217843351600623,TRUE,97,0.394999999999982,"29, 79"
0.01,43,4,5,100056,0.025,61.1772625591918,0.352575477980941,0.916290731874155,"interior",1967.14303880095,-2.19406816678224,2,1,1,TRUE,0.216995613740775,0.187384034738683,TRUE,73,0.312999999999988,"29, 79"
0.01,43,4,5,100056,0.03,72.0042295313242,0.515524745087775,1.09861228866811,"interior",1964.12330334093,-5.21380362680748,2,1,1,TRUE,0.187516570560524,0.141332222770413,TRUE,56,0.221000000000004,"29, 79"
0.01,95,4,1,100057,1e-05,2,-3.8607297110406,-6.90775527898214,"lower",1410.8112626543,-788.589411158689,0,0,0,FALSE,0.0252888388267448,0.0252559751781444,TRUE,158,0.725999999999999,"36, 205"
0.01,95,4,1,100057,1e-04,2,-3.8607297110406,-4.60517018598809,"lower",1822.87087661656,-376.529797196429,0,0,0,FALSE,0.0255805131641045,0.0255655942824213,TRUE,144,0.63900000000001,"36, 205"
0.01,95,4,1,100057,0.001,7.62014349698904,-2.52308169045344,-2.30258509299405,"interior",2100.65647787684,-98.7441959361436,0,0,0,FALSE,0.219524174532286,0.0689791375403255,TRUE,107,0.466999999999985,"36, 205"
0.01,95,4,1,100057,0.003,20.2369281528447,-1.54636782980418,-1.20397280432594,"interior",2168.29143061076,-31.1092432022274,1,1,0.5,FALSE,0.374629747366741,0.0164023758293348,TRUE,78,0.338000000000079,"36, 205"
0.01,95,4,1,100057,0.005,30.4864343035609,-1.1365950838622,-0.693147180559945,"interior",2185.39189900311,-14.0087748098799,1,1,0.5,FALSE,0.438090006546004,0.0127126465834828,TRUE,53,0.213999999999942,"36, 205"
0.01,95,4,1,100057,0.008,83.5517176368007,-0.128411078580141,-0.223143551314211,"interior",2197.59180596362,-1.80886784936911,2,1,1,TRUE,0.607952072351369,0.229644257513496,TRUE,89,0.362999999999943,"36, 205"
0.01,95,4,1,100057,0.01,99.5074364856346,0.0463554883203114,0,"interior",2199.40067381299,0,2,1,1,TRUE,0.597972059946918,0.203673437164214,TRUE,70,0.302999999999997,"36, 205"
0.01,95,4,1,100057,0.015,138.905125554031,0.379914258515869,0.405465108108164,"interior",2197.79294125436,-1.60773255863023,2,1,1,TRUE,0.577999569724309,0.158374087868025,TRUE,20,0.0660000000000309,"36, 205"
0.01,95,4,1,100057,0.02,181.475908989349,0.647246020453527,0.693147180559945,"interior",2192.83232393179,-6.56834988119908,2,1,1,TRUE,0.563722840647095,0.128206970707464,TRUE,46,0.183999999999969,"36, 205"
0.01,95,4,1,100057,0.025,227.869315221873,0.874895394172671,0.916290731874155,"interior",2186.8432369464,-12.5574368665925,2,1,1,TRUE,0.553675249090645,0.107607782647318,TRUE,29,0.0939999999999372,"36, 205"
0.01,95,4,1,100057,0.03,282.478848575294,1.08972678388304,1.09861228866811,"interior",2180.59414048371,-18.806533329273,2,1,1,TRUE,0.547164766888803,0.094384397955046,TRUE,59,0.224999999999909,"36, 205"
0.01,95,4,2,100058,1e-05,2,-3.8607297110406,-6.90775527898214,"lower",1307.58661973186,-798.919921491563,0,0,0,FALSE,0.0293658386853297,0.0200808178238454,TRUE,155,0.718999999999937,"60, 87"
0.01,95,4,2,100058,1e-04,2,-3.8607297110406,-4.60517018598809,"lower",1720.82567132141,-385.680869902008,0,0,0,FALSE,0.029691862353267,0.0200468319485848,TRUE,133,0.696000000000026,"60, 87"
0.01,95,4,2,100058,0.001,7.71609525075897,-2.51056845205588,-2.30258509299405,"interior",2007.90424311059,-98.6022981128242,1,1,0.5,FALSE,0.116120169337754,0.00797946156249496,TRUE,143,0.726999999999975,"60, 87"
0.01,95,4,2,100058,0.003,18.0674948886133,-1.65976243033062,-1.20397280432594,"interior",2080.34675997832,-26.1597812451018,1,1,0.5,FALSE,0.12596911364427,0.008164247573057,TRUE,81,0.387000000000057,"60, 87"
0.01,95,4,2,100058,0.005,25.7225372222839,-1.30650934926276,-0.693147180559945,"interior",2098.50493827181,-8.00160295160504,1,1,0.5,FALSE,0.126309373144386,0.00839991493692172,TRUE,77,0.389999999999986,"60, 87"
0.01,95,4,2,100058,0.008,35.1960569261053,-0.992942834415839,-0.223143551314211,"interior",2106.02742642031,-0.479114803107223,1,1,0.5,FALSE,0.125059912850189,0.00892548046774022,TRUE,71,0.338000000000079,"60, 87"
0.01,95,4,2,100058,0.01,40.7680165398679,-0.845979025943803,0,"interior",2106.50654122342,0,1,1,0.5,FALSE,0.12406071792711,0.00952882941501643,TRUE,64,0.313999999999965,"60, 87"
0.01,95,4,2,100058,0.015,53.4777054685808,-0.574612044764021,0.405465108108164,"interior",2102.38512437251,-4.12141685090864,1,1,0.5,FALSE,0.12285444070762,0.0138798789842323,TRUE,31,0.13900000000001,"60, 87"
0.01,95,4,2,100058,0.02,67.9667732037958,-0.334857935198604,0.693147180559945,"interior",2095.7325913308,-10.7739498926153,1,1,0.5,FALSE,0.142827652588761,0.062129729513902,TRUE,87,0.370000000000005,"60, 87"
0.01,95,4,2,100058,0.025,106.586471753445,0.115079705449783,0.916290731874155,"interior",2089.6174605856,-16.8890806378186,1,1,0.5,FALSE,0.577046115944185,0.210636724548435,TRUE,60,0.240000000000009,"60, 87"
0.01,95,4,2,100058,0.03,123.293439873807,0.260690312562349,1.09861228866811,"interior",2083.05185999644,-23.4546812269782,2,1,1,TRUE,0.585968812211208,0.203502635076456,TRUE,37,0.160999999999945,"60, 87"
0.01,95,4,3,100059,1e-05,2,-3.8607297110406,-6.90775527898214,"lower",1370.96599401912,-802.319639163678,0,0,0,FALSE,0.0178525058842867,0.0157984768918169,TRUE,168,0.779999999999973,"171, 339"
0.01,95,4,3,100059,1e-04,2,-3.8607297110406,-4.60517018598809,"lower",1783.59549070071,-389.690142482079,0,0,0,FALSE,0.0179808963642634,0.0158306273923671,TRUE,155,0.732999999999947,"171, 339"
0.01,95,4,3,100059,0.001,2,-3.8607297110406,-2.30258509299405,"lower",2066.58506816743,-106.700565015359,0,0,0,FALSE,0.0181152887835141,0.0158620252343799,TRUE,154,0.810999999999922,"171, 339"
0.01,95,4,3,100059,0.003,27.5422652470275,-1.23815514870414,-1.20397280432594,"interior",2141.09523573843,-32.190397444363,1,1,0.5,FALSE,0.504095469026145,0.00819375989832083,TRUE,73,0.340000000000032,"171, 339"
0.01,95,4,3,100059,0.005,39.8636929000709,-0.868410934341886,-0.693147180559945,"interior",2161.33795337026,-11.9476798125293,1,1,0.5,FALSE,0.504257232243973,0.00851455074466012,TRUE,66,0.301000000000045,"171, 339"
0.01,95,4,3,100059,0.008,56.3130889615101,-0.522949897480726,-0.223143551314211,"interior",2171.45793603833,-1.82769714446113,1,1,0.5,FALSE,0.504986975143934,0.00997395291741165,TRUE,36,0.162000000000035,"171, 339"
0.01,95,4,3,100059,0.01,66.7245542608435,-0.353303876574402,0,"interior",2173.28563318279,0,1,1,0.5,FALSE,0.505931921968347,0.0118638444237635,TRUE,27,0.0919999999999845,"171, 339"
0.01,95,4,3,100059,0.015,97.0239977981528,0.0210814562854704,0.405465108108164,"interior",2171.71250127318,-1.57313190961668,1,1,0.5,FALSE,0.519816057763965,0.0396321155461009,TRUE,42,0.177000000000021,"171, 339"
0.01,95,4,3,100059,0.02,126.541634486632,0.286694488793369,0.693147180559945,"interior",2166.73107761586,-6.55455556692959,1,1,0.5,FALSE,0.530313849500214,0.0606276990022054,TRUE,30,0.100999999999999,"171, 339"
0.01,95,4,3,100059,0.025,155.923033029345,0.495485615880998,0.916290731874155,"interior",2160.61706922501,-12.6685639577813,1,1,0.5,FALSE,0.537566211709855,0.0751324234199949,TRUE,32,0.105999999999995,"171, 339"
0.01,95,4,3,100059,0.03,191.671140550871,0.701904202260823,1.09861228866811,"interior",2154.19061197874,-19.0950212040552,1,1,0.5,FALSE,0.572786488250665,0.145572976501385,TRUE,43,0.181999999999903,"171, 339"
0.01,95,4,4,100060,1e-05,2,-3.8607297110406,-6.90775527898214,"lower",1410.49148888685,-797.815914516665,0,0,0,FALSE,0.0377916252079352,0.0321260062297969,TRUE,121,0.575000000000045,"270, 365"
0.01,95,4,4,100060,1e-04,2,-3.8607297110406,-4.60517018598809,"lower",1821.14806691628,-387.159336487236,0,0,0,FALSE,0.0376939466927205,0.0320757420553397,TRUE,107,0.485000000000014,"270, 365"
0.01,95,4,4,100060,0.001,5.45347365612471,-2.85762411786189,-2.30258509299405,"interior",2103.66880828562,-104.63859511789,0,0,0,FALSE,0.092029475793248,0.0326516094656439,TRUE,103,0.461000000000013,"270, 365"
0.01,95,4,4,100060,0.003,20.3045791112186,-1.54303045900912,-1.20397280432594,"interior",2175.48925566247,-32.8181477410394,1,1,0.5,FALSE,0.33312122687099,0.00846301466841826,TRUE,82,0.356999999999971,"270, 365"
0.01,95,4,4,100060,0.005,30.851034752293,-1.1247066004083,-0.693147180559945,"interior",2195.288650625,-13.0187527785115,1,1,0.5,FALSE,0.399577911842288,0.00843678367150524,TRUE,79,0.571000000000026,"270, 365"
0.01,95,4,4,100060,0.008,45.2566752706761,-0.741526712540634,-0.223143551314211,"interior",2205.81972741333,-2.48767599018674,1,1,0.5,FALSE,0.445211859351893,0.00952470736274291,TRUE,62,0.24899999999991,"270, 365"
0.01,95,4,4,100060,0.01,55.0379075601584,-0.545854715410344,0,"interior",2208.20069006399,-0.106713339519956,1,1,0.5,FALSE,0.462455993891972,0.0124605368294877,TRUE,27,0.0919999999999845,"270, 365"
0.01,95,4,4,100060,0.015,84.9893818273491,-0.111350562591583,0.405465108108164,"interior",2208.30740340351,0,1,1,0.5,FALSE,0.496141198424222,0.0370071186150747,TRUE,34,0.153999999999996,"270, 365"
0.01,95,4,4,100060,0.02,119.32139113806,0.227943726862224,0.693147180559945,"interior",2205.13639211438,-3.17101128913146,1,1,0.5,FALSE,0.519756207466164,0.0656996828286246,TRUE,22,0.0750000000000455,"270, 365"
0.01,95,4,4,100060,0.025,165.549557284813,0.555393698180819,0.916290731874155,"interior",2201.13573694794,-7.17166645557336,1,1,0.5,FALSE,0.590513451804275,0.199953817843346,TRUE,43,0.185000000000059,"270, 365"
0.01,95,4,4,100060,0.03,208.803698672639,0.787517678200475,1.09861228866811,"interior",2196.41568022549,-11.8917231780201,1,1,0.5,FALSE,0.600757815934511,0.2143020254243,TRUE,23,0.0790000000000646,"270, 365"
0.01,95,4,5,100061,1e-05,2,-3.8607297110406,-6.90775527898214,"lower",1423.96956359548,-811.405162595134,0,0,0,FALSE,0.0539995265957891,0.0391791991086481,TRUE,141,0.642000000000053,"40, 391"
0.01,95,4,5,100061,1e-04,2,-3.8607297110406,-4.60517018598809,"lower",1837.9022621407,-397.472464049917,0,0,0,FALSE,0.0534118547671859,0.0391129366342771,TRUE,124,0.591000000000008,"40, 391"
0.01,95,4,5,100061,0.001,17.1099515881547,-1.71421663314786,-2.30258509299405,"interior",2120.10859408989,-115.266132100723,1,1,0.5,FALSE,0.258168073644569,0.00796658054455057,TRUE,96,0.396999999999935,"40, 391"
0.01,95,4,5,100061,0.003,40.1394620532504,-0.861516950084725,-1.20397280432594,"interior",2192.62967269604,-42.7450534945792,1,1,0.5,FALSE,0.304386880575822,0.00816988641757765,TRUE,78,0.33299999999997,"40, 391"
0.01,95,4,5,100061,0.005,59.6258370889349,-0.465787903263164,-0.693147180559945,"interior",2214.68606876831,-20.6886574223063,1,1,0.5,FALSE,0.322464514227269,0.0084072506239341,TRUE,78,0.328999999999951,"40, 391"
0.01,95,4,5,100061,0.008,87.6317800175585,-0.0807331738604082,-0.223143551314211,"interior",2228.23254302825,-7.14218316236838,1,1,0.5,FALSE,0.342223526336157,0.00902319665241891,TRUE,72,0.312999999999988,"40, 391"
0.01,95,4,5,100061,0.01,106.474391042476,0.114027604938814,0,"interior",2232.25421357552,-3.12051261509623,1,1,0.5,FALSE,0.353122992623844,0.00990640447280777,TRUE,63,0.242999999999938,"40, 391"
0.01,95,4,5,100061,0.015,157.49807300741,0.505536331716713,0.405465108108164,"interior",2235.37472619062,0,1,1,0.5,FALSE,0.379098162509729,0.0193671406340962,TRUE,18,0.0599999999999454,"40, 391"
0.01,95,4,5,100061,0.02,224.838655675839,0.86150616748966,0.693147180559945,"interior",2234.33848506194,-1.03624112867055,1,1,0.5,FALSE,0.432077454059907,0.0851852779016553,TRUE,33,0.109000000000037,"40, 391"
0.01,95,4,5,100061,0.025,332.436603539758,1.25257228427045,0.916290731874155,"interior",2232.11689736864,-3.25782882197063,1,1,0.5,FALSE,0.72178556223109,0.6255979676243,TRUE,73,0.315999999999917,"40, 391"
0.01,95,4,5,100061,0.03,451.873007790114,1.55952429253954,1.09861228866811,"interior",2229.00689367327,-6.36783251734732,1,1,0.5,FALSE,0.794361241517847,0.743767718205413,TRUE,24,0.0799999999999272,"40, 391"
0.01,206,4,1,100062,1e-05,2,-4.63472898822964,-6.90775527898214,"lower",1451.28243297335,-834.51036982647,0,0,0,FALSE,0.0121014314692718,0.0114146898038624,TRUE,396,1.89699999999993,"251, 474"
0.01,206,4,1,100062,1e-04,2,-4.63472898822964,-4.60517018598809,"lower",1869.36772875409,-416.425074045737,0,0,0,FALSE,0.0121869418308646,0.0114401087167513,TRUE,388,1.875,"251, 474"
0.01,206,4,1,100062,0.001,19.0641484874552,-2.38006664013053,-2.30258509299405,"interior",2171.82844981376,-113.96435298606,1,1,0.5,FALSE,0.496477445077724,0.00801897177054101,TRUE,82,0.357000000000085,"251, 474"
0.01,206,4,1,100062,0.003,46.5606487048111,-1.48712043279999,-1.20397280432594,"interior",2251.01014718302,-34.782655616807,1,1,0.5,FALSE,0.503935516071454,0.00814778561714546,TRUE,78,0.346000000000004,"251, 474"
0.01,206,4,1,100062,0.005,70.923365587133,-1.06627623260223,-0.693147180559945,"interior",2272.5744387056,-13.218364094228,1,1,0.5,FALSE,0.504163913910389,0.00835105927635138,TRUE,75,0.333999999999946,"251, 474"
0.01,206,4,1,100062,0.008,107.280541901472,-0.65242887854748,-0.223143551314211,"interior",2283.5960454216,-2.19675737822126,1,1,0.5,FALSE,0.504658934614486,0.00931952746887221,TRUE,51,0.216999999999985,"251, 474"
0.01,206,4,1,100062,0.01,133.334119341296,-0.435018015307365,0,"interior",2285.79280279982,0,1,1,0.5,FALSE,0.505678237351826,0.01135690315183,TRUE,18,0.0620000000000118,"251, 474"
0.01,206,4,1,100062,0.015,212.565769293709,0.0313752742474822,0.405465108108164,"interior",2284.85036335454,-0.942439445279888,1,1,0.5,FALSE,0.510174719864956,0.0203494651357102,TRUE,29,0.100999999999999,"251, 474"
0.01,206,4,1,100062,0.02,312.608951405148,0.417076884120979,0.693147180559945,"interior",2280.34627809659,-5.44652470322944,1,1,0.5,FALSE,0.51256767479324,0.025135352680575,TRUE,19,0.0650000000000546,"251, 474"
0.01,206,4,1,100062,0.025,445.367582107017,0.77102379961072,0.916290731874155,"interior",2274.66535514933,-11.12744765049,1,1,0.5,FALSE,0.513956342424574,0.027912685426757,TRUE,17,0.0570000000000164,"251, 474"
0.01,206,4,1,100062,0.03,633.92041953522,1.12404725653137,1.09861228866811,"interior",2268.6171419629,-17.1756608369201,1,1,0.5,FALSE,0.514872423866176,0.0297448478764705,TRUE,17,0.05600000000004,"251, 474"
0.01,206,4,2,100063,1e-05,2,-4.63472898822964,-6.90775527898214,"lower",1402.92316386392,-805.650568857715,0,0,0,FALSE,0.046761608458484,0.0408107986439582,TRUE,134,0.625999999999976,"325, 412"
0.01,206,4,2,100063,1e-04,2,-4.63472898822964,-4.60517018598809,"lower",1820.07056941727,-388.503163304358,0,0,0,FALSE,0.0462729467286729,0.040548708637602,TRUE,117,0.562999999999988,"325, 412"
0.01,206,4,2,100063,0.001,15.6522350793422,-2.57726244542935,-2.30258509299405,"interior",2114.27110715007,-94.3026255715604,1,1,0.5,FALSE,0.424133339341359,0.00831414346602177,TRUE,111,0.487999999999943,"325, 412"
0.01,206,4,2,100063,0.003,37.899723220349,-1.69293235962103,-1.20397280432594,"interior",2184.35515498661,-24.2185777350169,1,1,0.5,FALSE,0.501921694347844,0.00864699916682776,TRUE,63,0.246000000000095,"325, 412"
0.01,206,4,2,100063,0.005,54.6487460398862,-1.32694989972056,-0.693147180559945,"interior",2200.43695025197,-8.13678246965901,1,1,0.5,FALSE,0.504978996860905,0.010695102824663,TRUE,37,0.163999999999987,"325, 412"
0.01,206,4,2,100063,0.008,102.162296638793,-0.701313476515394,-0.223143551314211,"interior",2207.97517009786,-0.598562623768885,2,1,1,TRUE,0.60255477117509,0.207988074088624,TRUE,121,0.511999999999944,"325, 412"
0.01,206,4,2,100063,0.01,121.063482598082,-0.531561111202378,0,"interior",2208.57373272163,0,2,1,1,TRUE,0.605894189123153,0.213365768198277,TRUE,95,0.389999999999986,"325, 412"
0.01,206,4,2,100063,0.015,166.979512255771,-0.210005045001937,0.405465108108164,"interior",2204.86256556434,-3.7111671572884,2,1,1,TRUE,0.609963562177251,0.220400669426766,TRUE,61,0.237999999999943,"325, 412"
0.01,206,4,2,100063,0.02,214.584747286945,0.040828583796932,0.693147180559945,"interior",2198.47318596479,-10.100546756838,2,1,1,TRUE,0.611724359666029,0.223631135896284,TRUE,19,0.0630000000001019,"325, 412"
0.01,206,4,2,100063,0.025,263.895162900429,0.247675745261941,0.916290731874155,"interior",2191.3827265546,-17.1910061670337,2,1,1,TRUE,0.612753609119978,0.225591379783471,TRUE,18,0.0589999999999691,"325, 412"
0.01,206,4,2,100063,0.03,317.70474511576,0.433246308212438,1.09861228866811,"interior",2184.19176689512,-24.3819658265106,2,1,1,TRUE,0.61336460558527,0.226772043107117,TRUE,22,0.0729999999999791,"325, 412"
0.01,206,4,3,100064,1e-05,2,-4.63472898822964,-6.90775527898214,"lower",1460.90565743832,-824.387548009159,0,0,0,FALSE,0.0616373272943515,0.0433365168132795,TRUE,126,0.600000000000023,"187, 203"
0.01,206,4,3,100064,1e-04,2,-4.63472898822964,-4.60517018598809,"lower",1879.59541236713,-405.697793080348,0,0,0,FALSE,0.062095119101094,0.043360274002031,TRUE,108,0.494000000000028,"187, 203"
0.01,206,4,3,100064,0.001,25.600390245011,-2.08526857347451,-2.30258509299405,"interior",2181.96207746323,-103.331127984242,1,1,0.5,FALSE,0.503986110250094,0.00802623346344999,TRUE,80,0.339999999999918,"187, 203"
0.01,206,4,3,100064,0.003,61.2402793523136,-1.21307103641165,-1.20397280432594,"interior",2258.47181328597,-26.8213921615097,1,1,0.5,FALSE,0.504154198840381,0.00830840939833111,TRUE,78,0.336999999999989,"187, 203"
0.01,206,4,3,100064,0.005,91.9472250746863,-0.806661396827737,-0.693147180559945,"interior",2277.20888996377,-8.08431548371163,1,1,0.5,FALSE,0.504326512081035,0.0086530242659496,TRUE,78,0.336000000000013,"187, 203"
0.01,206,4,3,100064,0.008,135.914031092862,-0.415853607245535,-0.223143551314211,"interior",2284.85856290701,-0.434642540466939,1,1,0.5,FALSE,0.504821954312083,0.00964390862514874,TRUE,71,0.315000000000055,"187, 203"
0.01,206,4,3,100064,0.01,165.573846159049,-0.218458873133449,0,"interior",2285.29320544748,0,1,1,0.5,FALSE,0.505699299070864,0.0113985981418274,TRUE,58,0.230999999999995,"187, 203"
0.01,206,4,3,100064,0.015,279.415558517279,0.304823961942025,0.405465108108164,"interior",2281.30722296262,-3.98598248485541,1,1,0.5,FALSE,0.607807650954087,0.215615301908174,TRUE,120,0.508999999999901,"187, 203"
0.01,206,4,3,100064,0.02,477.013151627023,0.839667893263793,0.693147180559945,"interior",2275.65279411175,-9.640411335728,2,1,1,TRUE,0.745910765661277,0.491821531322553,TRUE,86,0.361000000000104,"187, 203"
0.01,206,4,3,100064,0.025,682.94348980921,1.19853594915794,0.916290731874155,"interior",2269.43583953101,-15.8573659164695,2,1,1,TRUE,0.769750888258259,0.539501776516518,TRUE,54,0.217000000000098,"187, 203"
0.01,206,4,3,100064,0.03,980.194749367517,1.55987510697647,1.09861228866811,"interior",2263.03996330944,-22.253242138037,3,0.666666666666667,1,TRUE,0.786298881784574,0.572597763569147,TRUE,33,0.110000000000127,"187, 203"
0.01,206,4,4,100065,1e-05,2,-4.63472898822964,-6.90775527898214,"lower",1481.31379887857,-762.752852605557,0,0,0,FALSE,0.0218365815726365,0.0217728050968705,TRUE,190,0.899000000000115,"38, 362"
0.01,206,4,4,100065,1e-04,2,-4.63472898822964,-4.60517018598809,"lower",1888.27186494672,-355.794786537409,0,0,0,FALSE,0.022175145436528,0.0220456352471277,TRUE,177,0.854000000000042,"38, 362"
0.01,206,4,4,100065,0.001,18.3609521288745,-2.4176499260707,-2.30258509299405,"interior",2152.99409078652,-91.0725606976002,1,1,0.5,FALSE,0.500500736402318,0.00804455929314041,TRUE,87,0.370999999999867,"38, 362"
0.01,206,4,4,100065,0.003,40.8233902865868,-1.61862096031025,-1.20397280432594,"interior",2216.00525941921,-28.0613920649143,1,1,0.5,FALSE,0.504461711763872,0.00896439891117362,TRUE,52,0.212999999999965,"38, 362"
0.01,206,4,4,100065,0.005,60.0372341463882,-1.23291122993439,-0.693147180559945,"interior",2232.39544993885,-11.6712015452772,1,1,0.5,FALSE,0.506371969269552,0.0127460820002042,TRUE,30,0.104000000000042,"38, 362"
0.01,206,4,4,100065,0.008,116.252012779286,-0.57211581024159,-0.223143551314211,"interior",2241.61396938501,-2.45268209911865,2,1,1,TRUE,0.556902315532717,0.113804904876781,TRUE,92,0.379000000000133,"38, 362"
0.01,206,4,4,100065,0.01,143.161914347029,-0.363899910900771,0,"interior",2243.84213579345,-0.224515690671069,2,1,1,TRUE,0.545932325685832,0.091864707948538,TRUE,41,0.177000000000135,"38, 362"
0.01,206,4,4,100065,0.015,217.222094985037,0.0530441405468594,0.405465108108164,"interior",2244.06665148413,0,2,1,1,TRUE,0.527770137540805,0.0555402774450537,TRUE,23,0.0760000000000218,"38, 362"
0.01,206,4,4,100065,0.02,304.74908071215,0.39161258303616,0.693147180559945,"interior",2241.10595293525,-2.96069854887401,2,0.5,0.5,FALSE,0.517971040908325,0.0359420820206547,TRUE,20,0.0660000000000309,"38, 362"
0.01,206,4,4,100065,0.025,410.55309163428,0.689629085806428,0.916290731874155,"interior",2236.90787365715,-7.15877782697544,2,0.5,0.5,FALSE,0.512347845106424,0.0246956902410115,TRUE,21,0.06899999999996,"38, 362"
0.01,206,4,4,100065,0.03,544.177165021432,0.971398696042353,1.09861228866811,"interior",2232.16645740548,-11.9001940786402,2,0.5,0.5,FALSE,0.50922832404907,0.018456648103535,TRUE,14,0.0449999999998454,"38, 362"
0.01,206,4,5,100066,1e-05,2,-4.63472898822964,-6.90775527898214,"lower",1534.26756386748,-773.799500437248,0,0,0,FALSE,0.0381835337895198,0.031178685464301,TRUE,125,0.596000000000004,"260, 478"
0.01,206,4,5,100066,1e-04,2,-4.63472898822964,-4.60517018598809,"lower",1944.5910046895,-363.476059615218,0,0,0,FALSE,0.038406811932182,0.0312465038100439,TRUE,110,0.500999999999976,"260, 478"
0.01,206,4,5,100066,0.001,24.4856471289993,-2.12978905437462,-2.30258509299405,"interior",2222.1821961667,-85.8848681380214,1,1,0.5,FALSE,0.167476184873024,0.00804993704716528,TRUE,76,0.33400000000006,"260, 478"
0.01,206,4,5,100066,0.003,56.7246909193526,-1.28966658689387,-1.20397280432594,"interior",2286.16588667489,-21.9011776298312,1,1,0.5,FALSE,0.203856951059514,0.00862818273665866,TRUE,69,0.552000000000135,"260, 478"
0.01,206,4,5,100066,0.005,85.6915706974975,-0.87712170627891,-0.693147180559945,"interior",2301.21752037632,-6.84954392839882,1,1,0.5,FALSE,0.229585440151473,0.0115106794488251,TRUE,26,0.0899999999999181,"260, 478"
0.01,206,4,5,100066,0.008,136.120854728742,-0.414333039946926,-0.223143551314211,"interior",2307.2282267073,-0.838837597423208,1,1,0.5,FALSE,0.269270196337369,0.0334071600890004,TRUE,34,0.157999999999902,"260, 478"
0.01,206,4,5,100066,0.01,189.634945331689,-0.08277528513067,0,"interior",2308.06706430472,0,1,1,0.5,FALSE,0.314241356484901,0.0959198790781821,TRUE,53,0.214999999999918,"260, 478"
0.01,206,4,5,100066,0.015,312.131686483808,0.415549002036031,0.405465108108164,"interior",2305.0207478667,-3.04631643802531,2,1,1,TRUE,0.349394600810852,0.104835208314072,TRUE,18,0.0589999999999691,"260, 478"
0.01,206,4,5,100066,0.02,482.991998302297,0.852123918063851,0.693147180559945,"interior",2299.53587219116,-8.53119211356443,2,1,1,TRUE,0.374750954162187,0.108695716725534,TRUE,15,0.0500000000001819,"260, 478"
0.01,206,4,5,100066,0.025,765.706995036743,1.31292341476739,0.916290731874155,"interior",2293.38746511255,-14.6795991921731,2,1,1,TRUE,0.396784906813388,0.111764188670005,TRUE,33,0.150000000000091,"260, 478"
0.01,206,4,5,100066,0.03,1283.56673345709,1.82952182351406,1.09861228866811,"interior",2287.08901025476,-20.9780540499683,2,1,1,TRUE,0.41341878174919,0.113829738094248,TRUE,21,0.0700000000001637,"260, 478"
0.01,447,4,1,100067,1e-05,2,-5.40941141405362,-6.90775527898214,"lower",1493.83195255403,-840.568886891103,0,0,0,FALSE,0.0203780489943236,0.0197029347066935,TRUE,188,0.901000000000067,"310, 411"
0.01,447,4,1,100067,1e-04,2,-5.40941141405362,-4.60517018598809,"lower",1912.52214130018,-421.878698144946,0,0,0,FALSE,0.0207007817541844,0.0200612987954208,TRUE,176,0.865000000000009,"310, 411"
0.01,447,4,1,100067,0.001,23.8695904634189,-2.92995331136775,-2.30258509299405,"interior",2220.45576227595,-113.945077169179,1,1,0.5,FALSE,0.504134168629612,0.00832756816567726,TRUE,69,0.320999999999913,"310, 411"
0.01,447,4,1,100067,0.003,79.6149212953126,-1.72535706587174,-1.20397280432594,"interior",2302.05633339429,-32.3445060508388,1,1,0.5,FALSE,0.602213351739232,0.204426707414863,TRUE,129,0.587999999999965,"310, 411"
0.01,447,4,1,100067,0.005,129.278842891591,-1.24058695028623,-0.693147180559945,"interior",2323.55138555566,-10.849453889472,2,1,1,TRUE,0.632408482463042,0.264816965037207,TRUE,82,0.351000000000113,"310, 411"
0.01,447,4,1,100067,0.008,208.976438586261,-0.760337083040744,-0.223143551314211,"interior",2333.16704151595,-1.2337979291824,2,1,1,TRUE,0.649020355170594,0.298040710343409,TRUE,42,0.176999999999907,"310, 411"
0.01,447,4,1,100067,0.01,271.328453924149,-0.499228500521368,0,"interior",2334.40083944513,0,2,1,1,TRUE,0.654068850157697,0.308137700315636,TRUE,14,0.0450000000000728,"310, 411"
0.01,447,4,1,100067,0.015,476.98510674808,0.0649266730369753,0.405465108108164,"interior",2331.40943519793,-2.99140424719462,2,1,1,TRUE,0.660658337997763,0.321316675995528,TRUE,16,0.0529999999998836,"310, 411"
0.01,447,4,1,100067,0.02,820.553776916831,0.607420855410293,0.693147180559945,"interior",2325.3017484476,-9.09909099752531,2,1,1,TRUE,0.663517724206753,0.327035448413507,TRUE,14,0.0460000000000491,"310, 411"
0.01,447,4,1,100067,0.025,1539.37961626599,1.2365761730491,0.916290731874155,"interior",2318.32839262269,-16.0724468224394,2,1,1,TRUE,0.665108760778437,0.330217521556874,TRUE,13,0.0429999999998927,"310, 411"
0.01,447,4,1,100067,0.03,4089.1982224843,2.21354560158376,1.09861228866811,"interior",2311.18253575094,-23.2183036941901,2,1,1,TRUE,0.666071022158691,0.332142044317382,TRUE,10,0.0600000000001728,"310, 411"
0.01,447,4,2,100068,1e-05,2,-5.40941141405362,-6.90775527898214,"lower",1576.44323831102,-792.924340000506,0,0,0,FALSE,0.0126202638634356,0.0122758556773817,TRUE,397,1.97799999999984,"38, 75"
0.01,447,4,2,100068,1e-04,2,-5.40941141405362,-4.60517018598809,"lower",1989.59212715845,-379.775451153079,0,0,0,FALSE,0.0126890634396443,0.0122916577309103,TRUE,387,2.09500000000003,"38, 75"
0.01,447,4,2,100068,0.001,31.0174952789837,-2.66800718548362,-2.30258509299405,"interior",2272.40253900374,-96.96503930779,1,1,0.5,FALSE,0.502848777877668,0.00822510436177581,TRUE,78,0.353000000000065,"38, 75"
0.01,447,4,2,100068,0.003,76.8139389602229,-1.76117247405061,-1.20397280432594,"interior",2340.55685575957,-28.810722551952,1,1,0.5,FALSE,0.504494651567706,0.00900810698321552,TRUE,81,0.356999999999971,"38, 75"
0.01,447,4,2,100068,0.005,122.435153491114,-1.29497706404508,-0.693147180559945,"interior",2357.79176406187,-11.5758142496602,1,1,0.5,FALSE,0.505382163883888,0.0107653311596504,TRUE,81,0.358000000000175,"38, 75"
0.01,447,4,2,100068,0.008,262.976849617924,-0.530492590576618,-0.223143551314211,"interior",2367.67883817279,-1.68874013873392,2,1,1,TRUE,0.76594058259777,0.531882294060387,TRUE,77,0.330999999999904,"38, 75"
0.01,447,4,2,100068,0.01,359.146336667709,-0.218828666151159,0,"interior",2369.36757831153,0,2,1,1,TRUE,0.776423932228669,0.552848210699109,TRUE,48,0.19600000000014,"38, 75"
0.01,447,4,2,100068,0.015,788.636597411378,0.56774703383249,0.405465108108164,"interior",2367.68284732034,-1.68473099118637,2,1,1,TRUE,0.792830331077987,0.585660697236685,TRUE,14,0.0459999999998217,"38, 75"
0.01,447,4,2,100068,0.02,2357.90649496888,1.66297083131619,0.693147180559945,"interior",2362.64719345643,-6.72038485509347,2,1,1,TRUE,0.804756196579323,0.609512399564681,TRUE,14,0.119000000000142,"38, 75"
0.01,447,4,2,100068,0.025,20000,3.80092895792256,0.916290731874155,"upper",2356.30221085503,-13.065367456496,2,1,1,TRUE,0.811252274007328,0.622504550553683,TRUE,13,0.23700000000008,"38, 75"
0.01,447,4,2,100068,0.03,20000,3.80092895792256,1.09861228866811,"upper",2348.26745896179,-21.1001193497323,2,1,1,TRUE,0.811510409294484,0.62302082107679,TRUE,12,0.225999999999885,"38, 75"
0.01,447,4,3,100069,1e-05,2,-5.40941141405362,-6.90775527898214,"lower",1608.94536771212,-717.166142288399,0,0,0,FALSE,0.021211778070405,0.018351081210416,TRUE,172,0.840999999999894,"131, 356"
0.01,447,4,3,100069,1e-04,2,-5.40941141405362,-4.60517018598809,"lower",2000.28557424559,-325.825935754934,0,0,0,FALSE,0.0214290229136498,0.0183998067883988,TRUE,162,0.768000000000029,"131, 356"
0.01,447,4,3,100069,0.001,38.7895514784005,-2.44440767604369,-2.30258509299405,"interior",2241.15350510952,-84.9580048910034,1,1,0.5,FALSE,0.292875808245888,0.00829040573326745,TRUE,74,0.326000000000022,"131, 356"
0.01,447,4,3,100069,0.003,87.6638592823462,-1.62904887501197,-1.20397280432594,"interior",2299.639253244,-26.4722567565204,1,1,0.5,FALSE,0.325027893715012,0.00932912781059259,TRUE,73,0.319999999999936,"131, 356"
0.01,447,4,3,100069,0.005,132.513662279611,-1.21587284295869,-0.693147180559945,"interior",2314.71737099079,-11.394139009728,1,1,0.5,FALSE,0.346986930136886,0.0130644542955033,TRUE,55,0.221000000000004,"131, 356"
0.01,447,4,3,100069,0.008,263.96450716021,-0.526743943080429,-0.223143551314211,"interior",2324.52772197568,-1.58378802484049,2,1,1,TRUE,0.865734787885385,0.739976791397234,TRUE,101,0.453000000000202,"131, 356"
0.01,447,4,3,100069,0.01,336.54074181886,-0.283839377616019,0,"interior",2326.11151000052,0,2,1,1,TRUE,0.880193878082375,0.763734222549947,TRUE,88,0.365999999999985,"131, 356"
0.01,447,4,3,100069,0.015,570.50966441855,0.243971514805462,0.405465108108164,"interior",2324.66223300918,-1.4492769913436,2,1,1,TRUE,0.903630959798523,0.807818418726477,TRUE,76,0.329999999999927,"131, 356"
0.01,447,4,3,100069,0.02,959.642667868968,0.764002399587068,0.693147180559945,"interior",2320.17409549939,-5.93741450113203,2,1,1,TRUE,0.919606379654877,0.839343638279442,TRUE,30,0.0989999999999327,"131, 356"
0.01,447,4,3,100069,0.025,1853.12045463441,1.4220676347584,0.916290731874155,"interior",2314.87236280867,-11.2391471918509,2,1,1,TRUE,0.932286357995903,0.864615853931946,TRUE,65,0.302000000000135,"131, 356"
0.01,447,4,3,100069,0.03,5214.06148200765,2.45655579152644,1.09861228866811,"interior",2309.31160532437,-16.7999046761543,2,1,1,TRUE,0.94173428916815,0.883487593533493,TRUE,40,0.425999999999931,"131, 356"
0.01,447,4,4,100070,1e-05,2,-5.40941141405362,-6.90775527898214,"lower",1608.48542138848,-787.047853878872,0,0,0,FALSE,0.0112127952608746,0.0109998889206173,TRUE,210,1.10200000000009,"203, 416"
0.01,447,4,4,100070,1e-04,2,-5.40941141405362,-4.60517018598809,"lower",2023.07450762439,-372.458767642959,0,0,0,FALSE,0.0112549978596506,0.0110444139386381,TRUE,207,1.08300000000008,"203, 416"
0.01,447,4,4,100070,0.001,24.566570633501,-2.90117199317811,-2.30258509299405,"interior",2304.26238796618,-91.2708873011684,0,0,0,FALSE,0.504325045749425,0.114680635700018,TRUE,75,0.338999999999942,"203, 416"
0.01,447,4,4,100070,0.003,124.465068346553,-1.27853349360718,-1.20397280432594,"interior",2373.4022703074,-22.1310049599556,2,1,1,TRUE,0.999999923984666,0.999999849511809,TRUE,83,0.356999999999971,"203, 416"
0.01,447,4,4,100070,0.005,208.151692580398,-0.76429148946398,-0.693147180559945,"interior",2389.50509331102,-6.02818195633108,2,1,1,TRUE,0.999999996259521,0.999999992561162,TRUE,50,0.203999999999951,"203, 416"
0.01,447,4,4,100070,0.008,376.272861129767,-0.17224401991854,-0.223143551314211,"interior",2395.53327526735,0,2,1,1,TRUE,0.999999999824211,0.99999999964949,TRUE,11,0.0359999999998308,"203, 416"
0.01,447,4,4,100070,0.01,541.249787416531,0.191322291939139,0,"interior",2395.49684292934,-0.0364323380117639,2,1,1,TRUE,0.999999999964697,0.999999999929553,TRUE,15,0.0489999999999782,"203, 416"
0.01,447,4,4,100070,0.015,1556.42009465604,1.24758505739783,0.405465108108164,"interior",2390.68528838108,-4.84798688626779,2,1,1,TRUE,0.99999999999842,0.999999999996843,TRUE,14,0.0470000000000255,"203, 416"
0.01,447,4,4,100070,0.02,20000,3.80092895792256,0.693147180559945,"upper",2383.49688193553,-12.0363933318263,2,1,1,TRUE,0.999999999999797,0.999999999999595,TRUE,11,0.212999999999965,"203, 416"
0.01,447,4,4,100070,0.025,20000,3.80092895792256,0.916290731874155,"upper",2374.28169059779,-21.2515846695624,2,1,1,TRUE,0.999999999999795,0.999999999999589,TRUE,10,0.163999999999987,"203, 416"
0.01,447,4,4,100070,0.03,20000,3.80092895792256,1.09861228866811,"upper",2363.90421480047,-31.6290604668866,2,1,1,TRUE,0.999999999999792,0.999999999999584,TRUE,9,0.150000000000091,"203, 416"
0.01,447,4,5,100071,1e-05,2,-5.40941141405362,-6.90775527898214,"lower",1548.4696749376,-833.599252173485,0,0,0,FALSE,0.0492884358002851,0.0442422571446295,TRUE,197,1.22299999999996,"104, 144"
0.01,447,4,5,100071,1e-04,2,-5.40941141405362,-4.60517018598809,"lower",1964.67870104763,-417.390226063459,0,0,0,FALSE,0.0487680337937756,0.0439311169273034,TRUE,179,0.875999999999976,"104, 144"
0.01,447,4,5,100071,0.001,26.0253388544574,-2.84348795985312,-2.30258509299405,"interior",2263.47247815072,-118.596448960368,1,1,0.5,FALSE,0.122747744607849,0.0107300752593373,TRUE,71,0.323000000000093,"104, 144"
0.01,447,4,5,100071,0.003,103.964809393217,-1.45850612395172,-1.20397280432594,"interior",2345.4547419202,-36.6141851908883,2,1,1,TRUE,0.481508449345576,0.441196350501325,TRUE,102,0.45900000000006,"104, 144"
0.01,447,4,5,100071,0.005,179.514979346658,-0.912299939767816,-0.693147180559945,"interior",2368.6842954858,-13.3846316252884,2,1,1,TRUE,0.621110323039665,0.544425990373154,TRUE,73,0.32100000000014,"104, 144"
0.01,447,4,5,100071,0.008,340.833068171081,-0.271165773347184,-0.223143551314211,"interior",2380.02929524682,-2.03963186426381,2,1,1,TRUE,0.729623099855502,0.637515866259948,TRUE,101,0.450999999999794,"104, 144"
0.01,447,4,5,100071,0.01,504.451945805235,0.120913989514053,0,"interior",2382.06892711109,0,2,1,1,TRUE,0.765021892497502,0.670002685558991,TRUE,57,0.229000000000042,"104, 144"
0.01,447,4,5,100071,0.015,1446.59232280615,1.17440735272694,0.405465108108164,"interior",2380.12512420606,-1.94380290502295,2,1,1,TRUE,0.821525754292452,0.732378085691699,TRUE,13,0.0429999999998927,"104, 144"
0.01,447,4,5,100071,0.02,20000,3.80092895792256,0.693147180559945,"upper",2374.34475453182,-7.72417257926872,2,1,1,TRUE,0.856977810968636,0.776455247413714,TRUE,12,0.168999999999869,"104, 144"
0.01,447,4,5,100071,0.025,20000,3.80092895792256,0.916290731874155,"upper",2365.98481693394,-16.0841101771443,2,1,1,TRUE,0.856765934613842,0.775780172583389,TRUE,11,0.176999999999907,"104, 144"
0.01,447,4,5,100071,0.03,20000,3.80092895792256,1.09861228866811,"upper",2355.97486847617,-26.0940586349147,2,1,1,TRUE,0.856550211750337,0.775109657481838,TRUE,10,0.169000000000096,"104, 144"
0.01,972,4,1,100072,1e-05,2,-6.18620862390049,-6.90775527898214,"lower",1606.18427513629,-825.590391308514,0,0,0,FALSE,0.0171638888677008,0.0163409594607841,TRUE,155,0.72199999999998,"103, 422"
0.01,972,4,1,100072,1e-04,2,-6.18620862390049,-4.60517018598809,"lower",2027.68309898984,-404.091567454966,0,0,0,FALSE,0.0173059604763888,0.0164812748923813,TRUE,147,0.694999999999936,"103, 422"
0.01,972,4,1,100072,0.001,32.912042359218,-3.38551718450588,-2.30258509299405,"interior",2331.60704665708,-100.167619787725,1,1,0.5,FALSE,0.39513420133639,0.00858909056509305,TRUE,78,0.350999999999885,"103, 422"
0.01,972,4,1,100072,0.003,130.184412055987,-2.01040380492565,-1.20397280432594,"interior",2404.77907308922,-26.9955933555871,2,1,1,TRUE,0.772591546603349,0.562237624843699,TRUE,97,0.413000000000011,"103, 422"
0.01,972,4,1,100072,0.005,238.759377972494,-1.40389954640508,-0.693147180559945,"interior",2423.16341042656,-8.61125601823778,2,1,1,TRUE,0.821550846070249,0.647494681241962,TRUE,80,0.343000000000075,"103, 422"
0.01,972,4,1,100072,0.008,509.600206579891,-0.645729294826014,-0.223143551314211,"interior",2431.02895352855,-0.745712916247612,2,1,1,TRUE,0.852874110346273,0.706764219107687,TRUE,76,0.334999999999809,"103, 422"
0.01,972,4,1,100072,0.01,882.973210353334,-0.0960609436674238,0,"interior",2431.7746664448,0,2,1,1,TRUE,0.865825802123567,0.732120234814036,TRUE,75,0.33199999999988,"103, 422"
0.01,972,4,1,100072,0.015,20000,3.02413174807569,0.405465108108164,"upper",2428.18267645497,-3.59198998983584,2,1,1,TRUE,0.884994074995853,0.770113052989918,TRUE,68,1.21199999999999,"103, 422"
0.01,972,4,1,100072,0.02,20000,3.02413174807569,0.693147180559945,"upper",2419.08575137333,-12.6889150714674,2,1,1,TRUE,0.884959885912821,0.77004702429924,TRUE,69,1.23500000000013,"103, 422"
0.01,972,4,1,100072,0.025,20000,3.02413174807569,0.916290731874155,"upper",2407.51300373788,-24.2616627069237,2,1,1,TRUE,0.884924451020883,0.76997852696363,TRUE,69,1.24800000000005,"103, 422"
0.01,972,4,1,100072,0.03,20000,3.02413174807569,1.09861228866811,"upper",2395.42112170591,-36.353544738889,2,1,1,TRUE,0.884887470142433,0.769906961157308,TRUE,68,1.22900000000004,"103, 422"
0.01,972,4,2,100073,1e-05,2,-6.18620862390049,-6.90775527898214,"lower",1668.35051103961,-774.387187425359,0,0,0,FALSE,0.0387673455617419,0.0182678293470419,TRUE,114,0.524999999999864,"77, 164"
0.01,972,4,2,100073,1e-04,2,-6.18620862390049,-4.60517018598809,"lower",2079.20966272353,-363.528035741437,0,0,0,FALSE,0.0386493310888815,0.0182928020834503,TRUE,101,0.480000000000018,"77, 164"
0.01,972,4,2,100073,0.001,45.843241067396,-3.05412803063983,-2.30258509299405,"interior",2358.40933919015,-84.3283592748153,1,1,0.5,FALSE,0.299391354386694,0.00898484606794858,TRUE,79,0.357000000000198,"77, 164"
0.01,972,4,2,100073,0.003,184.345756227772,-1.66254270023635,-1.20397280432594,"interior",2423.49958659326,-19.238111871713,2,1,1,TRUE,0.654204855365979,0.62153373347697,TRUE,81,0.346000000000004,"77, 164"
0.01,972,4,2,100073,0.005,338.590696513628,-1.05456381147194,-0.693147180559945,"interior",2437.96636377722,-4.771334687749,2,1,1,TRUE,0.720724834885754,0.704537992815039,TRUE,76,0.336000000000013,"77, 164"
0.01,972,4,2,100073,0.008,757.159224486721,-0.249782236962576,-0.223143551314211,"interior",2442.73769846497,0,2,1,1,TRUE,0.783413674913662,0.780837089960065,TRUE,74,0.330999999999904,"77, 164"
0.01,972,4,2,100073,0.01,1423.90812491733,0.381804766411309,0,"interior",2442.17036920017,-0.567329264802083,2,1,1,TRUE,0.812147910638134,0.809401185144932,TRUE,71,0.319000000000187,"77, 164"
0.01,972,4,2,100073,0.015,20000,3.02413174807569,0.405465108108164,"upper",2436.07292418619,-6.66477427877771,2,1,1,TRUE,0.845615798914708,0.8374796742704,TRUE,65,1.173,"77, 164"
0.01,972,4,2,100073,0.02,20000,3.02413174807569,0.693147180559945,"upper",2424.84082272321,-17.8968757417606,2,1,1,TRUE,0.845967488988707,0.837306106288118,TRUE,66,1.17699999999991,"77, 164"
0.01,972,4,2,100073,0.025,20000,3.02413174807569,0.916290731874155,"upper",2411.95955997373,-30.7781384912378,2,1,1,TRUE,0.846311627909744,0.837133434699998,TRUE,67,1.21199999999999,"77, 164"
0.01,972,4,2,100073,0.03,20000,3.02413174807569,1.09861228866811,"upper",2398.97920794571,-43.7584905192598,2,1,1,TRUE,0.846646498040936,0.836961207897827,TRUE,67,1.21199999999999,"77, 164"
0.01,972,4,3,100074,1e-05,2,-6.18620862390049,-6.90775527898214,"lower",1623.43253956704,-810.513073942164,0,0,0,FALSE,0.049946847032622,0.022291657615043,TRUE,217,1.00500000000011,"9, 377"
0.01,972,4,3,100074,1e-04,2.97907019037399,-5.78774456928347,-4.60517018598809,"interior",2037.46435668622,-396.481256822992,0,0,0,FALSE,0.0531477447229992,0.0156035268525346,TRUE,180,1.07200000000012,"9, 377"
0.01,972,4,3,100074,0.001,31.3033410145177,-3.43563097093294,-2.30258509299405,"interior",2329.32654578059,-104.619067728618,1,1,0.5,FALSE,0.106791227876125,0.00875079899799391,TRUE,83,0.369999999999891,"9, 377"
0.01,972,4,3,100074,0.003,143.972847850379,-1.90973107925806,-1.20397280432594,"interior",2405.35807596567,-28.5875375435376,2,1,1,TRUE,0.492803977797261,0.257562751654733,TRUE,78,0.339999999999918,"9, 377"
0.01,972,4,3,100074,0.005,264.739147107842,-1.30061081380181,-0.693147180559945,"interior",2424.69994626719,-9.24566724201622,2,1,1,TRUE,0.533421044857236,0.275458805449534,TRUE,69,0.308999999999969,"9, 377"
0.01,972,4,3,100074,0.008,616.481700909389,-0.45532716451978,-0.223143551314211,"interior",2433.00665770392,-0.938955805287151,2,1,1,TRUE,0.574336229772331,0.285500712273133,TRUE,97,0.401999999999816,"9, 377"
0.01,972,4,3,100074,0.01,1174.49288212376,0.189235939274282,0,"interior",2433.94561350921,0,2,1,1,TRUE,0.590701371724862,0.28708714756534,TRUE,65,0.258000000000038,"9, 377"
0.01,972,4,3,100074,0.015,20000,3.02413174807569,0.405465108108164,"upper",2430.16771464349,-3.77789886571827,2,1,1,TRUE,0.606196634049351,0.285287832951743,TRUE,35,0.615999999999985,"9, 377"
0.01,972,4,3,100074,0.02,20000,3.02413174807569,0.693147180559945,"upper",2419.91179234013,-14.0338211690823,2,1,1,TRUE,0.605965167922156,0.285384366105101,TRUE,34,0.611000000000104,"9, 377"
0.01,972,4,3,100074,0.025,20000,3.02413174807569,0.916290731874155,"upper",2407.33899833054,-26.606615178664,2,1,1,TRUE,0.605735909097902,0.285482335931447,TRUE,34,0.619000000000142,"9, 377"
0.01,972,4,3,100074,0.03,20000,3.02413174807569,1.09861228866811,"upper",2394.38667238527,-39.5589411239398,2,1,1,TRUE,0.605515447863971,0.285573218228362,TRUE,33,0.597999999999956,"9, 377"
0.01,972,4,4,100075,1e-05,2,-6.18620862390049,-6.90775527898214,"lower",1604.73032044269,-806.068461825036,0,0,0,FALSE,0.0135296401926445,0.00822156018550302,TRUE,177,0.855999999999995,"15, 263"
0.01,972,4,4,100075,1e-04,2,-6.18620862390049,-4.60517018598809,"lower",2020.5985636385,-390.200218629228,0,0,0,FALSE,0.0136628370370764,0.00820845134319892,TRUE,168,0.799999999999955,"15, 263"
0.01,972,4,4,100075,0.001,47.7485106407648,-3.01340792878946,-2.30258509299405,"interior",2316.66485944254,-94.1339228251832,1,1,0.5,FALSE,0.503774459763077,0.00814813321901664,TRUE,77,0.336999999999989,"15, 263"
0.01,972,4,4,100075,0.003,127.476063949372,-2.03142719121656,-1.20397280432594,"interior",2388.04661075447,-22.7521715132552,1,1,0.5,FALSE,0.50445900529715,0.00891918000019909,TRUE,70,0.317999999999984,"15, 263"
0.01,972,4,4,100075,0.005,217.887870349504,-1.49537523019281,-0.693147180559945,"interior",2404.65755643168,-6.14122583604058,1,1,0.5,FALSE,0.507424348943275,0.0148487266467215,TRUE,17,0.05600000000004,"15, 263"
0.01,972,4,4,100075,0.008,414.814315615003,-0.851524816610423,-0.223143551314211,"interior",2410.79878226773,0,1,1,0.5,FALSE,0.526313043273435,0.0526260870378704,TRUE,25,0.0829999999998563,"15, 263"
0.01,972,4,4,100075,0.01,623.443943955469,-0.444096948826401,0,"interior",2410.69819620312,-0.100586064610525,1,1,0.5,FALSE,0.542957412590059,0.0859148252381562,TRUE,18,0.0579999999999927,"15, 263"
0.01,972,4,4,100075,0.015,2443.52390914032,0.921840696994337,0.405465108108164,"interior",2405.67247972009,-5.12630254763326,1,1,0.5,FALSE,0.574907820086507,0.149815640173666,TRUE,49,0.368000000000166,"15, 263"
0.01,972,4,4,100075,0.02,20000,3.02413174807569,0.693147180559945,"upper",2397.83110625006,-12.9676760176626,1,1,0.5,FALSE,0.577163803011867,0.154327606023859,TRUE,32,0.578999999999951,"15, 263"
0.01,972,4,4,100075,0.025,20000,3.02413174807569,0.916290731874155,"upper",2387.46025319757,-23.3385290701535,1,1,0.5,FALSE,0.576798424987134,0.153596849974399,TRUE,32,0.583000000000084,"15, 263"
0.01,972,4,4,100075,0.03,20000,3.02413174807569,1.09861228866811,"upper",2376.23023924257,-34.5685430251574,1,1,0.5,FALSE,0.576412580954429,0.152825161908994,TRUE,32,0.578999999999951,"15, 263"
0.01,972,4,5,100076,1e-05,2,-6.18620862390049,-6.90775527898214,"lower",1545.71417698703,-864.262399252053,0,0,0,FALSE,0.0196798034782023,0.0185238279220844,TRUE,216,1.0179999999998,"118, 328"
0.01,972,4,5,100076,1e-04,2,-6.18620862390049,-4.60517018598809,"lower",1967.35761759822,-442.618958640863,0,0,0,FALSE,0.0199608256673672,0.0188194551281353,TRUE,208,0.989000000000033,"118, 328"
0.01,972,4,5,100076,0.001,36.594474890765,-3.27945853471733,-2.30258509299405,"interior",2283.49982869112,-126.476747547963,1,1,0.5,FALSE,0.50416754670127,0.00839827464755072,TRUE,78,0.342000000000098,"118, 328"
0.01,972,4,5,100076,0.003,101.278061438451,-2.26148598686336,-1.20397280432594,"interior",2367.8667537999,-42.109822439179,1,1,0.5,FALSE,0.505116131512757,0.0102322746877684,TRUE,80,0.34699999999998,"118, 328"
0.01,972,4,5,100076,0.005,247.288967594325,-1.36879824235429,-0.693147180559945,"interior",2394.38639584016,-15.5901803989195,2,1,1,TRUE,0.99989106484535,0.999782129699164,TRUE,95,0.394999999999982,"118, 328"
0.01,972,4,5,100076,0.008,488.072617180504,-0.688891603980006,-0.223143551314211,"interior",2407.27175350661,-2.70482273247308,2,1,1,TRUE,0.999994407344801,0.999988814689641,TRUE,75,0.333999999999833,"118, 328"
0.01,972,4,5,100076,0.01,759.181531202235,-0.247114884117316,0,"interior",2409.97657623908,0,2,1,1,TRUE,0.9999986033629,0.999997206725802,TRUE,67,0.307999999999993,"118, 328"
0.01,972,4,5,100076,0.015,4314.6119550581,1.49040686571033,0.405465108108164,"interior",2409.27720051247,-0.699375726613198,2,1,1,TRUE,0.999999917869991,0.999999835739982,TRUE,7,0.0399999999999636,"118, 328"
0.01,972,4,5,100076,0.02,20000,3.02413174807569,0.693147180559945,"upper",2403.35925067167,-6.61732556741663,2,1,1,TRUE,0.999999960705467,0.999999921410935,TRUE,11,0.182000000000016,"118, 328"
0.01,972,4,5,100076,0.025,20000,3.02413174807569,0.916290731874155,"upper",2393.68653045553,-16.2900457835526,2,1,1,TRUE,0.999999962208873,0.999999924417745,TRUE,7,0.0850000000000364,"118, 328"
0.01,972,4,5,100076,0.03,20000,3.02413174807569,1.09861228866811,"upper",2382.79799546373,-27.1785807753563,2,1,1,TRUE,0.999999965734009,0.999999931468018,TRUE,6,0.0720000000001164,"118, 328"
0.01,2115,4,1,100077,1e-05,2,-6.96366291092043,-6.90775527898214,"lower",1681.61743040262,-790.388531487702,0,0,0,FALSE,0.0162272686993948,0.0155739218127996,TRUE,209,1.03899999999999,"15, 227"
0.01,2115,4,1,100077,1e-04,2,-6.96366291092043,-4.60517018598809,"lower",2089.73800842695,-382.267953463371,0,0,0,FALSE,0.0164579817031693,0.0158387808741534,TRUE,203,0.985999999999876,"15, 227"
0.01,2115,4,1,100077,0.001,48.5012437852293,-3.7752206488095,-2.30258509299405,"interior",2372.47673570873,-99.5292261815957,1,1,0.5,FALSE,0.504113284080544,0.00823675173062044,TRUE,82,0.371000000000095,"15, 227"
0.01,2115,4,1,100077,0.003,146.389586398924,-2.670538623638,-1.20397280432594,"interior",2444.69811778711,-27.3078441032108,1,1,0.5,FALSE,0.504602146152497,0.00920429492462127,TRUE,82,0.370000000000118,"15, 227"
0.01,2115,4,1,100077,0.005,294.751122154978,-1.97067874492857,-0.693147180559945,"interior",2462.84250301808,-9.16345887224588,1,1,0.5,FALSE,0.507454348341862,0.0149086967125877,TRUE,66,0.272999999999911,"15, 227"
0.01,2115,4,1,100077,0.008,1084.50119894864,-0.667934655682808,-0.223143551314211,"interior",2471.05980182778,-0.946160062537729,1,1,0.5,FALSE,0.783179414829916,0.566358829659926,TRUE,77,0.358000000000175,"15, 227"
0.01,2115,4,1,100077,0.01,7267.22507987882,1.23431971153108,0,"interior",2472.00596189032,0,1,1,0.5,FALSE,0.854786327702125,0.70957265540426,TRUE,56,0.596000000000004,"15, 227"
0.01,2115,4,1,100077,0.015,20000,2.24667746105575,0.405465108108164,"upper",2464.65915936255,-7.34680252776934,1,1,0.5,FALSE,0.862912388258416,0.725824776516838,TRUE,50,0.93100000000004,"15, 227"
0.01,2115,4,1,100077,0.02,20000,2.24667746105575,0.693147180559945,"upper",2450.89131178246,-21.1146501078661,1,1,0.5,FALSE,0.863686629177164,0.727373258354336,TRUE,50,0.930999999999813,"15, 227"
0.01,2115,4,1,100077,0.025,20000,2.24667746105575,0.916290731874155,"upper",2436.02030957462,-35.9856523156982,1,1,0.5,FALSE,0.864462809436194,0.728925618872395,TRUE,49,0.914999999999964,"15, 227"
0.01,2115,4,1,100077,0.03,20000,2.24667746105575,1.09861228866811,"upper",2421.43681978914,-50.5691421011834,1,1,0.5,FALSE,0.86521752510099,0.730435050201988,TRUE,48,1.15900000000011,"15, 227"
0.01,2115,4,2,100078,1e-05,2,-6.96366291092043,-6.90775527898214,"lower",1692.38728701729,-780.420689287648,0,0,0,FALSE,0.0394174703482966,0.0230054703253847,TRUE,198,0.965000000000146,"423, 488"
0.01,2115,4,2,100078,1e-04,2,-6.96366291092043,-4.60517018598809,"lower",2100.27512424437,-372.532852060565,0,0,0,FALSE,0.0406960026082354,0.0227559652269105,TRUE,185,0.871000000000095,"423, 488"
0.01,2115,4,2,100078,0.001,57.0226620464663,-3.61336132289715,-2.30258509299405,"interior",2381.20248963818,-91.605486666755,1,1,0.5,FALSE,0.316861753628192,0.00828848656937364,TRUE,80,0.354000000000042,"423, 488"
0.01,2115,4,2,100078,0.003,171.352955208906,-2.51308459668516,-1.20397280432594,"interior",2449.90117798945,-22.906798315485,1,1,0.5,FALSE,0.369994460344443,0.0103857791065307,TRUE,67,0.319999999999936,"423, 488"
0.01,2115,4,2,100078,0.005,350.6495376307,-1.79702283510463,-0.693147180559945,"interior",2466.20384572817,-6.60413057676396,1,1,0.5,FALSE,0.413406944327426,0.0395810149723764,TRUE,11,0.0380000000000109,"423, 488"
0.01,2115,4,2,100078,0.008,1272.94642552581,-0.507720579020038,-0.223143551314211,"interior",2472.76393219321,-0.0440441117239061,1,1,0.5,FALSE,0.650626195310136,0.461590453310105,TRUE,74,0.337999999999965,"423, 488"
0.01,2115,4,2,100078,0.01,8657.60353339686,1.40938314353461,0,"interior",2472.80797630494,0,1,1,0.5,FALSE,0.70295203991956,0.542508602592642,TRUE,56,0.532000000000153,"423, 488"
0.01,2115,4,2,100078,0.015,20000,2.24667746105575,0.405465108108164,"upper",2463.94511259097,-8.86286371396363,1,1,0.5,FALSE,0.70764006859733,0.549398327909529,TRUE,51,0.926999999999907,"423, 488"
0.01,2115,4,2,100078,0.02,20000,2.24667746105575,0.693147180559945,"upper",2449.40933036708,-23.398645937858,1,1,0.5,FALSE,0.707645146783474,0.549394662799169,TRUE,51,0.92899999999986,"423, 488"
0.01,2115,4,2,100078,0.025,20000,2.24667746105575,0.916290731874155,"upper",2434.09329877322,-38.7146775317206,1,1,0.5,FALSE,0.707623493483521,0.54933715624196,TRUE,51,0.933999999999969,"423, 488"
0.01,2115,4,2,100078,0.03,20000,2.24667746105575,1.09861228866811,"upper",2419.22987831406,-53.5780979908795,1,1,0.5,FALSE,0.707587726360484,0.549250782533041,TRUE,51,0.938000000000102,"423, 488"
0.01,2115,4,3,100079,1e-05,2,-6.96366291092043,-6.90775527898214,"lower",1709.68118490891,-753.57019851428,0,0,0,FALSE,0.0156749388340495,0.014921108223667,TRUE,158,0.743999999999915,"25, 400"
0.01,2115,4,3,100079,1e-04,2,-6.96366291092043,-4.60517018598809,"lower",2113.60104585737,-349.650337565824,0,0,0,FALSE,0.01584994852761,0.0150830838929912,TRUE,152,0.729000000000042,"25, 400"
0.01,2115,4,3,100079,0.001,39.3724741461811,-3.98374314506061,-2.30258509299405,"interior",2375.05485121372,-88.1965322094716,1,1,0.5,FALSE,0.504610398964199,0.00922245242961828,TRUE,81,0.365000000000009,"25, 400"
0.01,2115,4,3,100079,0.003,184.501626172997,-2.43915181409286,-1.20397280432594,"interior",2440.34751650515,-22.9038669180477,2,1,1,TRUE,0.773587651720097,0.547175303440536,TRUE,78,0.346000000000004,"25, 400"
0.01,2115,4,3,100079,0.005,364.715958438457,-1.75769123690864,-0.693147180559945,"interior",2456.45392960539,-6.79745381780731,2,1,1,TRUE,0.78078400696516,0.561568013930321,TRUE,77,0.344000000000051,"25, 400"
0.01,2115,4,3,100079,0.008,1036.37569953245,-0.713325090064176,-0.223143551314211,"interior",2463.04408018695,-0.207303236247299,2,1,1,TRUE,0.78875797328786,0.577515946575721,TRUE,76,0.341999999999871,"25, 400"
0.01,2115,4,3,100079,0.01,3393.57470030067,0.472829037181044,0,"interior",2463.25138342319,0,2,1,1,TRUE,0.792979772339663,0.585959544679325,TRUE,76,0.656999999999925,"25, 400"
0.01,2115,4,3,100079,0.015,20000,2.24667746105575,0.405465108108164,"upper",2456.05367941559,-7.19770400760126,2,1,1,TRUE,0.794643751160857,0.589287502321714,TRUE,77,1.40100000000007,"25, 400"
0.01,2115,4,3,100079,0.02,20000,2.24667746105575,0.693147180559945,"upper",2442.72373902138,-20.5276444018173,2,1,1,TRUE,0.794500860342117,0.589001720684234,TRUE,77,1.4559999999999,"25, 400"
0.01,2115,4,3,100079,0.025,20000,2.24667746105575,0.916290731874155,"upper",2428.23617286809,-35.0152105551069,2,1,1,TRUE,0.794362290306438,0.588724580612876,TRUE,78,1.46199999999999,"25, 400"
0.01,2115,4,3,100079,0.03,20000,2.24667746105575,1.09861228866811,"upper",2413.97552006665,-49.2758633565468,2,1,1,TRUE,0.794220642079314,0.588441284158629,TRUE,78,1.4559999999999,"25, 400"
0.01,2115,4,4,100080,1e-05,2,-6.96366291092043,-6.90775527898214,"lower",1649.49601382605,-814.471033041587,0,0,0,FALSE,0.0338838376151626,0.0301427440954783,TRUE,139,0.680000000000064,"21, 49"
0.01,2115,4,4,100080,1e-04,2,-6.96366291092043,-4.60517018598809,"lower",2064.90118229707,-399.065864570571,0,0,0,FALSE,0.034206284440881,0.0303092245247167,TRUE,126,0.577999999999975,"21, 49"
0.01,2115,4,4,100080,0.001,49.9956929962846,-3.74487322983681,-2.30258509299405,"interior",2362.18677046994,-101.780276397695,1,1,0.5,FALSE,0.504226296353917,0.00845430425583782,TRUE,80,0.361999999999853,"21, 49"
0.01,2115,4,4,100080,0.003,148.190921983987,-2.65830863566335,-1.20397280432594,"interior",2435.30433669454,-28.6627101730955,1,1,0.5,FALSE,0.506196056315495,0.0123921127711434,TRUE,69,0.326999999999998,"21, 49"
0.01,2115,4,4,100080,0.005,388.631118515248,-1.69417947921704,-0.693147180559945,"interior",2455.19483504894,-8.77221181870027,2,1,1,TRUE,0.997838180362002,0.995676360727871,TRUE,46,0.195000000000164,"21, 49"
0.01,2115,4,4,100080,0.008,1175.95943690924,-0.586970456040797,-0.223143551314211,"interior",2463.32906050503,-0.637986362606625,2,1,1,TRUE,0.999842896584061,0.999685793168153,TRUE,9,0.0309999999999491,"21, 49"
0.01,2115,4,4,100080,0.01,4572.62336615174,0.771032268442938,0,"interior",2463.96704686764,0,2,1,1,TRUE,0.999959289484884,0.999918578969772,TRUE,9,0.0539999999998599,"21, 49"
0.01,2115,4,4,100080,0.015,20000,2.24667746105575,0.405465108108164,"upper",2456.79918505294,-7.1678618146957,2,1,1,TRUE,0.999973955677468,0.999947911354938,TRUE,7,0.0870000000002165,"21, 49"
0.01,2115,4,4,100080,0.02,20000,2.24667746105575,0.693147180559945,"upper",2443.3319170217,-20.6351298459399,2,1,1,TRUE,0.999974961299587,0.999949922599176,TRUE,6,0.0799999999999272,"21, 49"
0.01,2115,4,4,100080,0.025,20000,2.24667746105575,0.916290731874155,"upper",2428.77787918777,-35.1891676798718,2,1,1,TRUE,0.999975631335257,0.999951262670516,TRUE,6,0.08199999999988,"21, 49"
0.01,2115,4,4,100080,0.03,20000,2.24667746105575,1.09861228866811,"upper",2414.50995885662,-49.4570880110214,2,1,1,TRUE,0.999976270771264,0.99995254154253,TRUE,6,0.0809999999999036,"21, 49"
0.01,2115,4,5,100081,1e-05,2,-6.96366291092043,-6.90775527898214,"lower",1664.29601724801,-780.761617088701,0,0,0,FALSE,0.0290840495794636,0.0285528927205896,TRUE,186,0.875,"68, 173"
0.01,2115,4,5,100081,1e-04,2,-6.96366291092043,-4.60517018598809,"lower",2075.66573154624,-369.391902790473,0,0,0,FALSE,0.0297646039233226,0.0292819049699664,TRUE,180,1.11300000000006,"68, 173"
0.01,2115,4,5,100081,0.001,47.1175597794338,-3.80416434084152,-2.30258509299405,"interior",2355.94954999516,-89.1080843415589,1,1,0.5,FALSE,0.209984399114858,0.00890278101167208,TRUE,81,0.365999999999985,"68, 173"
0.01,2115,4,5,100081,0.003,125.915699462682,-2.82119746032747,-1.20397280432594,"interior",2415.67100384218,-29.3866304945309,1,1,0.5,FALSE,0.298019666590092,0.0135590950955613,TRUE,111,0.520999999999958,"68, 173"
0.01,2115,4,5,100081,0.005,385.327460465671,-1.70271657203836,-0.693147180559945,"interior",2439.7169781873,-5.34065614941983,2,1,1,TRUE,0.845858901470168,0.691717817613182,TRUE,75,0.399999999999864,"68, 173"
0.01,2115,4,5,100081,0.008,886.405150531084,-0.869635964887043,-0.223143551314211,"interior",2445.05763433672,0,2,1,1,TRUE,0.887687228572568,0.775374457391289,TRUE,68,0.319000000000187,"68, 173"
0.01,2115,4,5,100081,0.01,1739.13505116034,-0.195666919899782,0,"interior",2444.63326692377,-0.424367412945685,2,1,1,TRUE,0.90553352991984,0.811067059868278,TRUE,60,0.25,"68, 173"
0.01,2115,4,5,100081,0.015,20000,2.24667746105575,0.405465108108164,"upper",2438.44663890193,-6.61099543478485,2,1,1,TRUE,0.923195589918334,0.846391179838946,TRUE,44,0.798999999999978,"68, 173"
0.01,2115,4,5,100081,0.02,20000,2.24667746105575,0.693147180559945,"upper",2426.88808826564,-18.1695460710789,2,1,1,TRUE,0.923196575666142,0.846393151334663,TRUE,45,0.802000000000135,"68, 173"
0.01,2115,4,5,100081,0.025,20000,2.24667746105575,0.916290731874155,"upper",2413.81027009209,-31.2473642446298,2,1,1,TRUE,0.923194781821383,0.846389563645248,TRUE,45,0.808999999999969,"68, 173"
0.01,2115,4,5,100081,0.03,20000,2.24667746105575,1.09861228866811,"upper",2400.72261231282,-44.335022023899,2,1,1,TRUE,0.923193548362399,0.84638709672739,TRUE,45,0.826000000000022,"68, 173"
0.01,4599,4,1,100082,1e-05,2,-7.74044698697998,-6.90775527898214,"lower",1632.57500011617,-819.358642507445,0,0,0,FALSE,0.082513812883847,0.0711305722955512,TRUE,210,0.996000000000095,"4, 144"
0.01,4599,4,1,100082,1e-04,3.91077952632308,-7.06985744606762,-4.60517018598809,"interior",2046.31475171844,-405.618890905181,0,0,0,FALSE,0.11642393607664,0.0601898306486922,TRUE,315,1.48599999999988,"4, 144"
0.01,4599,4,1,100082,0.001,38.2934057684085,-4.78831645932542,-2.30258509299405,"interior",2337.46679036685,-114.466852256766,1,1,0.5,FALSE,0.181080995089368,0.00820674823322864,TRUE,83,0.374000000000024,"4, 144"
0.01,4599,4,1,100082,0.003,111.439467852683,-3.72011261327106,-1.20397280432594,"interior",2413.2745627964,-38.6590798272146,1,1,0.5,FALSE,0.256464348181359,0.00874807706723968,TRUE,85,0.381999999999834,"4, 144"
0.01,4599,4,1,100082,0.005,208.990731768948,-3.09130426216153,-0.693147180559945,"interior",2434.43838247092,-17.4952601526988,1,1,0.5,FALSE,0.297520790178632,0.00986066159459087,TRUE,83,0.373000000000047,"4, 144"
0.01,4599,4,1,100082,0.008,484.312847391286,-2.25086309072855,-0.223143551314211,"interior",2445.59702470919,-6.33661791443183,1,1,0.5,FALSE,0.342030540576429,0.020076219042389,TRUE,82,0.374000000000024,"4, 144"
0.01,4599,4,1,100082,0.01,1638.61168670262,-1.03198953773106,0,"interior",2451.79982443275,-0.133818190862712,2,1,1,TRUE,0.829277700649368,0.659518945681685,TRUE,79,0.353999999999814,"4, 144"
0.01,4599,4,1,100082,0.015,20000,1.4698933849962,0.405465108108164,"upper",2451.93364262362,0,2,1,1,TRUE,0.843945923319777,0.688356357131943,TRUE,71,1.34199999999987,"4, 144"
0.01,4599,4,1,100082,0.02,20000,1.4698933849962,0.693147180559945,"upper",2442.93965547871,-8.99398714490735,2,1,1,TRUE,0.8440111902872,0.688454899284748,TRUE,71,1.32600000000002,"4, 144"
0.01,4599,4,1,100082,0.025,20000,1.4698933849962,0.916290731874155,"upper",2431.15043690858,-20.7832057150372,2,1,1,TRUE,0.844076572427064,0.688556106631019,TRUE,71,1.33699999999999,"4, 144"
0.01,4599,4,1,100082,0.03,20000,1.4698933849962,1.09861228866811,"upper",2418.72991859024,-33.2037240333766,2,1,1,TRUE,0.844142218041605,0.688660099790599,TRUE,71,1.35199999999986,"4, 144"
0.01,4599,4,2,100083,1e-05,2,-7.74044698697998,-6.90775527898214,"lower",1609.65705580389,-843.035439335284,1,1,0.5,FALSE,0.092483705847978,0.0160972582927887,TRUE,493,2.39499999999998,"250, 325"
0.01,4599,4,2,100083,1e-04,6.31905910047201,-6.59002384697196,-4.60517018598809,"interior",2027.48535875995,-425.207136379217,1,1,0.5,FALSE,0.10815954216966,0.00799439509186528,TRUE,200,0.935000000000173,"250, 325"
0.01,4599,4,2,100083,0.001,58.2108989427426,-4.36952156327739,-2.30258509299405,"interior",2335.91779274846,-116.774702390709,1,1,0.5,FALSE,0.169755612525518,0.00830743569438952,TRUE,78,0.349999999999909,"250, 325"
0.01,4599,4,2,100083,0.003,173.18409440546,-3.27923900931528,-1.20397280432594,"interior",2417.25618070437,-35.4363144347981,1,1,0.5,FALSE,0.229676159300262,0.00998642055757981,TRUE,77,0.604000000000042,"250, 325"
0.01,4599,4,2,100083,0.005,329.634983478725,-2.63560823594181,-0.693147180559945,"interior",2437.65787297251,-15.034622166665,1,1,0.5,FALSE,0.279172416696074,0.0504809794107267,TRUE,14,0.0460000000000491,"250, 325"
0.01,4599,4,2,100083,0.008,1045.18130911222,-1.48164851664787,-0.223143551314211,"interior",2450.66603148014,-2.02646365903183,2,1,1,TRUE,0.779681360900021,0.566514196311993,TRUE,80,0.352999999999838,"250, 325"
0.01,4599,4,2,100083,0.01,2461.91041955216,-0.624901246692188,0,"interior",2452.69249513917,0,2,1,1,TRUE,0.793163200707728,0.589245257232538,TRUE,74,0.546000000000049,"250, 325"
0.01,4599,4,2,100083,0.015,20000,1.4698933849962,0.405465108108164,"upper",2449.36947941049,-3.32301572868528,2,1,1,TRUE,0.80186548145778,0.605130934671935,TRUE,67,1.24299999999994,"250, 325"
0.01,4599,4,2,100083,0.02,20000,1.4698933849962,0.693147180559945,"upper",2438.42185716797,-14.2706379711985,2,1,1,TRUE,0.801873907469753,0.60509690130661,TRUE,67,1.24700000000007,"250, 325"
0.01,4599,4,2,100083,0.025,20000,1.4698933849962,0.916290731874155,"upper",2425.49241779483,-27.2000773443383,2,1,1,TRUE,0.801881066068627,0.60506280433958,TRUE,68,1.24399999999991,"250, 325"
0.01,4599,4,2,100083,0.03,20000,1.4698933849962,1.09861228866811,"upper",2412.37277693265,-40.3197182065169,2,1,1,TRUE,0.801889181425128,0.605031014626303,TRUE,68,1.31299999999987,"250, 325"
0.01,4599,4,3,100084,1e-05,2,-7.74044698697998,-6.90775527898214,"lower",1647.96547144021,-810.720588900138,0,0,0,FALSE,0.0191086554208907,0.0185932683887144,TRUE,188,0.897999999999911,"98, 123"
0.01,4599,4,3,100084,1e-04,2,-7.74044698697998,-4.60517018598809,"lower",2057.76731569739,-400.918744642964,0,0,0,FALSE,0.0194125556870919,0.0189763041440467,TRUE,187,0.906999999999925,"98, 123"
0.01,4599,4,3,100084,0.001,52.0055731256728,-4.48224327920767,-2.30258509299405,"interior",2347.42324381649,-111.262816523867,1,1,0.5,FALSE,0.322102756970273,0.00840863100202038,TRUE,80,0.3599999999999,"98, 123"
0.01,4599,4,3,100084,0.003,152.351342994225,-3.40740484695687,-1.20397280432594,"interior",2422.87241303744,-35.813647302914,1,1,0.5,FALSE,0.394126352570812,0.0105035675181288,TRUE,79,0.352000000000089,"98, 123"
0.01,4599,4,3,100084,0.005,377.57614249701,-2.49982191721112,-0.693147180559945,"interior",2445.15290828256,-13.533152057792,2,1,1,TRUE,0.911211185031443,0.863408500262599,TRUE,89,0.381000000000085,"98, 123"
0.01,4599,4,3,100084,0.008,1049.24642948706,-1.47776666825119,-0.223143551314211,"interior",2456.51082529975,-2.17523504059727,2,1,1,TRUE,0.954016963008965,0.916345489049662,TRUE,73,0.332999999999856,"98, 123"
0.01,4599,4,3,100084,0.01,3033.86774817836,-0.416000598502951,0,"interior",2458.68606034035,0,2,1,1,TRUE,0.966257234231809,0.936321113089106,TRUE,52,0.465999999999894,"98, 123"
0.01,4599,4,3,100084,0.015,20000,1.4698933849962,0.405465108108164,"upper",2454.65018633079,-4.03587400955803,2,1,1,TRUE,0.971215228525108,0.94495842191333,TRUE,29,0.510999999999967,"98, 123"
0.01,4599,4,3,100084,0.02,20000,1.4698933849962,0.693147180559945,"upper",2442.67894426697,-16.0071160733787,2,1,1,TRUE,0.97116249853952,0.944891664709287,TRUE,28,0.503999999999905,"98, 123"
0.01,4599,4,3,100084,0.025,20000,1.4698933849962,0.916290731874155,"upper",2428.79968599915,-29.8863743412062,2,1,1,TRUE,0.971109448100933,0.944824832279035,TRUE,27,0.492999999999938,"98, 123"
0.01,4599,4,3,100084,0.03,20000,1.4698933849962,1.09861228866811,"upper",2414.79457503829,-43.8914853020583,2,1,1,TRUE,0.971055129005186,0.944754845738999,TRUE,25,0.466000000000122,"98, 123"
0.01,4599,4,4,100085,1e-05,2,-7.74044698697998,-6.90775527898214,"lower",1642.338660907,-837.205407605426,0,0,0,FALSE,0.034498455331367,0.0299852227338507,TRUE,184,0.882000000000062,"111, 480"
0.01,4599,4,4,100085,1e-04,2,-7.74044698697998,-4.60517018598809,"lower",2064.07812392937,-415.465944583063,0,0,0,FALSE,0.0363495438842258,0.0308148770247716,TRUE,156,0.730000000000018,"111, 480"
0.01,4599,4,4,100085,0.001,51.9327804095997,-4.48364396962653,-2.30258509299405,"interior",2373.76134311653,-105.782725395894,1,1,0.5,FALSE,0.171606210591138,0.00848499449633178,TRUE,76,0.351000000000113,"111, 480"
0.01,4599,4,4,100085,0.003,206.36554939714,-3.10394505969941,-1.20397280432594,"interior",2450.01291102363,-29.5311574887951,1,1,0.5,FALSE,0.279695308671393,0.176611264493331,TRUE,105,0.480999999999995,"111, 480"
0.01,4599,4,4,100085,0.005,452.185125411627,-2.31950250206363,-0.693147180559945,"interior",2469.91107127139,-9.63299724103581,2,1,1,TRUE,0.259132936076342,0.120628156391993,TRUE,77,0.342999999999847,"111, 480"
0.01,4599,4,4,100085,0.008,1801.46763248437,-0.937237204493828,-0.223143551314211,"interior",2478.67932270288,-0.864745809552915,2,1,1,TRUE,0.238633442253495,0.0736836428853619,TRUE,55,0.230999999999995,"111, 480"
0.01,4599,4,4,100085,0.01,20000,1.4698933849962,0,"upper",2479.54406851243,0,2,1,1,TRUE,0.231447995787237,0.0592298366964421,TRUE,38,0.671000000000049,"111, 480"
0.01,4599,4,4,100085,0.015,20000,1.4698933849962,0.405465108108164,"upper",2470.50580761289,-9.03826089953827,2,1,1,TRUE,0.231574799019324,0.0594957735828763,TRUE,37,0.66599999999994,"111, 480"
0.01,4599,4,4,100085,0.02,20000,1.4698933849962,0.693147180559945,"upper",2455.71276994309,-23.8312985693419,2,1,1,TRUE,0.231702675447909,0.0597652251833835,TRUE,36,0.663999999999987,"111, 480"
0.01,4599,4,4,100085,0.025,20000,1.4698933849962,0.916290731874155,"upper",2440.12612868839,-39.4179398240426,2,1,1,TRUE,0.231834601587864,0.0600375993583346,TRUE,36,0.655999999999949,"111, 480"
0.01,4599,4,4,100085,0.03,20000,1.4698933849962,1.09861228866811,"upper",2424.99209738913,-54.551971123296,2,1,1,TRUE,0.231966398749306,0.060314122281901,TRUE,35,0.644000000000005,"111, 480"
0.01,4599,4,5,100086,1e-05,2,-7.74044698697998,-6.90775527898214,"lower",1658.44062746242,-808.77195853807,0,0,0,FALSE,0.0518517918919582,0.0339020453672695,TRUE,160,0.740000000000009,"23, 145"
0.01,4599,4,5,100086,1e-04,2.60288622293105,-7.47697325245935,-4.60517018598809,"interior",2073.54068698456,-393.671899015932,0,0,0,FALSE,0.0578197873031556,0.0311377113906385,TRUE,141,0.942000000000007,"23, 145"
0.01,4599,4,5,100086,0.001,41.446586497104,-4.70918864165123,-2.30258509299405,"interior",2361.22005965903,-105.992526341464,1,1,0.5,FALSE,0.20704747585876,0.00929951423295072,TRUE,80,0.371000000000095,"23, 145"
0.01,4599,4,5,100086,0.003,207.96974354976,-3.09620156212255,-1.20397280432594,"interior",2437.45355553333,-29.759030467163,2,1,1,TRUE,0.707817017056716,0.480870063900173,TRUE,76,0.343000000000075,"23, 145"
0.01,4599,4,5,100086,0.005,425.058460197059,-2.38136745467027,-0.693147180559945,"interior",2457.08443965606,-10.1281463444311,2,1,1,TRUE,0.743829421993375,0.515484892186612,TRUE,73,0.332999999999856,"23, 145"
0.01,4599,4,5,100086,0.008,1305.64449926354,-1.25914210052891,-0.223143551314211,"interior",2466.09005578287,-1.12253021761671,2,1,1,TRUE,0.768388412701637,0.547262872796766,TRUE,63,0.255999999999858,"23, 145"
0.01,4599,4,5,100086,0.01,5767.59579557879,0.226416431919903,0,"interior",2467.21258600049,0,2,1,1,TRUE,0.777854514749575,0.561829043845656,TRUE,41,0.381000000000085,"23, 145"
0.01,4599,4,5,100086,0.015,20000,1.4698933849962,0.405465108108164,"upper",2460.5966837333,-6.61590226719363,2,1,1,TRUE,0.77978990684609,0.564980228882407,TRUE,34,0.623999999999796,"23, 145"
0.01,4599,4,5,100086,0.02,20000,1.4698933849962,0.693147180559945,"upper",2447.31850500488,-19.8940809956052,2,1,1,TRUE,0.779726198680989,0.564889843155567,TRUE,34,0.634999999999991,"23, 145"
0.01,4599,4,5,100086,0.025,20000,1.4698933849962,0.916290731874155,"upper",2432.78999927809,-34.4225867223986,2,1,1,TRUE,0.779662012624734,0.564798802461638,TRUE,33,0.635999999999967,"23, 145"
0.01,4599,4,5,100086,0.03,20000,1.4698933849962,1.09861228866811,"upper",2418.45550132232,-48.7570846781659,2,1,1,TRUE,0.779596460782752,0.564705058597055,TRUE,32,0.606999999999971,"23, 145"
0.01,10000,4,1,100087,1e-05,2,-8.51719319141624,-6.90775527898214,"lower",1563.29339362846,-862.858565826642,0,0,0,FALSE,0.0218253621288068,0.0207531695122245,TRUE,190,0.911000000000058,"237, 405"
0.01,10000,4,1,100087,1e-04,2,-8.51719319141624,-4.60517018598809,"lower",1980.47431933534,-445.677640119766,0,0,0,FALSE,0.0221452510291959,0.0210982823009604,TRUE,180,0.870999999999867,"237, 405"
0.01,10000,4,1,100087,0.001,42.1312514390932,-5.46955059219919,-2.30258509299405,"interior",2287.65402153695,-138.49793791815,1,1,0.5,FALSE,0.504235437290369,0.00847089148211944,TRUE,75,0.341999999999871,"237, 405"
0.01,10000,4,1,100087,0.003,117.986558033389,-4.4397696689706,-1.20397280432594,"interior",2372.7268438841,-53.4251155710031,1,1,0.5,FALSE,0.507719401870527,0.0154388037410752,TRUE,55,0.230000000000018,"237, 405"
0.01,10000,4,1,100087,0.005,290.813040218657,-3.53765978475462,-0.693147180559945,"interior",2402.41101137219,-23.7409480829142,2,1,1,TRUE,0.980991487395552,0.961982974791105,TRUE,83,0.366999999999962,"237, 405"
0.01,10000,4,1,100087,0.008,624.680436254804,-2.77310015499153,-0.223143551314211,"interior",2418.69761998179,-7.45433947330957,2,1,1,TRUE,0.995117845371393,0.990235690742786,TRUE,74,0.341999999999871,"237, 405"
0.01,10000,4,1,100087,0.01,1075.0429772759,-2.23022445335225,0,"interior",2423.26850317952,-2.88345627558556,2,1,1,TRUE,0.997692091036685,0.99538418207337,TRUE,67,0.316000000000031,"237, 405"
0.01,10000,4,1,100087,0.015,20000,0.693147180559944,0.405465108108164,"upper",2426.1519594551,0,2,1,1,TRUE,0.999450517913641,0.998901035827283,TRUE,39,0.7349999999999,"237, 405"
0.01,10000,4,1,100087,0.02,20000,0.693147180559944,0.693147180559945,"upper",2420.66434195937,-5.48761749573168,2,1,1,TRUE,0.9994409637249,0.9988819274498,TRUE,39,0.736000000000104,"237, 405"
0.01,10000,4,1,100087,0.025,20000,0.693147180559944,0.916290731874155,"upper",2411.09086121515,-15.0610982399567,2,1,1,TRUE,0.999431959427692,0.998863918855384,TRUE,39,0.743999999999915,"237, 405"
0.01,10000,4,1,100087,0.03,20000,0.693147180559944,1.09861228866811,"upper",2400.23833786636,-25.9136215887479,2,1,1,TRUE,0.999421945061818,0.998843890123636,TRUE,40,0.771000000000186,"237, 405"
0.01,10000,4,2,100088,1e-05,2,-8.51719319141624,-6.90775527898214,"lower",1631.07329527953,-830.651464059667,0,0,0,FALSE,0.0315837597404676,0.0315286843728316,TRUE,184,0.881000000000085,"128, 465"
0.01,10000,4,2,100088,1e-04,2,-8.51719319141624,-4.60517018598809,"lower",2047.64744168026,-414.077317658935,0,0,0,FALSE,0.0324909787574915,0.032483910755447,TRUE,168,0.830999999999904,"128, 465"
0.01,10000,4,2,100088,0.001,39.7478323159382,-5.52778506529519,-2.30258509299405,"interior",2341.91941806412,-119.805341275075,1,1,0.5,FALSE,0.435381998623446,0.0155080280663688,TRUE,36,0.170999999999822,"128, 465"
0.01,10000,4,2,100088,0.003,228.487375354778,-3.77885941325677,-1.20397280432594,"interior",2427.95235122365,-33.7724081155457,2,1,1,TRUE,0.716487454744476,0.479650335536793,TRUE,74,0.337999999999965,"128, 465"
0.01,10000,4,2,100088,0.005,460.019523407368,-3.07907144120376,-0.693147180559945,"interior",2449.62054899069,-12.1042103485033,2,1,1,TRUE,0.757265512030164,0.531925906725067,TRUE,72,0.329999999999927,"128, 465"
0.01,10000,4,2,100088,0.008,1308.86036716328,-2.03342828313631,-0.223143551314211,"interior",2460.05123003966,-1.6735292995395,2,1,1,TRUE,0.791672298198915,0.589045824724834,TRUE,66,0.316000000000031,"128, 465"
0.01,10000,4,2,100088,0.01,4128.02438622197,-0.884786157317222,0,"interior",2461.7247593392,0,2,1,1,TRUE,0.807822746742857,0.61876167930414,TRUE,54,0.500999999999976,"128, 465"
0.01,10000,4,2,100088,0.015,20000,0.693147180559944,0.405465108108164,"upper",2456.52521715441,-5.19954218479188,2,1,1,TRUE,0.815053448876311,0.632482864901211,TRUE,47,0.893000000000029,"128, 465"
0.01,10000,4,2,100088,0.02,20000,0.693147180559944,0.693147180559945,"upper",2443.94899697719,-17.7757623620109,2,1,1,TRUE,0.815669468369698,0.633694257112973,TRUE,47,0.894999999999982,"128, 465"
0.01,10000,4,2,100088,0.025,20000,0.693147180559944,0.916290731874155,"upper",2429.74785631514,-31.9769030240591,2,1,1,TRUE,0.816286483633041,0.634907982993748,TRUE,47,0.900000000000091,"128, 465"
0.01,10000,4,2,100088,0.03,20000,0.693147180559944,1.09861228866811,"upper",2415.55080487336,-46.1739544658417,2,1,1,TRUE,0.81690257527371,0.636120323754363,TRUE,47,0.904999999999973,"128, 465"
0.01,10000,4,3,100089,1e-05,2,-8.51719319141624,-6.90775527898214,"lower",1614.90044935294,-855.43380552696,0,0,0,FALSE,0.0212130487834189,0.0206902812585122,TRUE,159,0.760999999999967,"32, 336"
0.01,10000,4,3,100089,1e-04,2,-8.51719319141624,-4.60517018598809,"lower",2034.13527399186,-436.198980888045,0,0,0,FALSE,0.0214419473611615,0.0209411156204218,TRUE,149,0.721000000000004,"32, 336"
0.01,10000,4,3,100089,0.001,41.6980357420115,-5.479886348789,-2.30258509299405,"interior",2346.73757257224,-123.596682307659,1,1,0.5,FALSE,0.43178480541145,0.00853155482626866,TRUE,81,0.375999999999976,"32, 336"
0.01,10000,4,3,100089,0.003,132.910161189013,-4.32066695177554,-1.20397280432594,"interior",2429.49555204224,-40.8387028376601,1,1,0.5,FALSE,0.509530635356603,0.0451039018151735,TRUE,17,0.0589999999999691,"32, 336"
0.01,10000,4,3,100089,0.005,376.517849988567,-3.27937491553187,-0.693147180559945,"interior",2456.20640188936,-14.1278529905462,2,1,1,TRUE,0.849428671519692,0.734416084379227,TRUE,76,0.34699999999998,"32, 336"
0.01,10000,4,3,100089,0.008,1250.61656400769,-2.07894841208208,-0.223143551314211,"interior",2468.0823564917,-2.25189838820643,2,1,1,TRUE,0.901940273181156,0.818395799165184,TRUE,55,0.231999999999971,"32, 336"
0.01,10000,4,3,100089,0.01,8679.66883163659,-0.141601718086893,0,"interior",2470.3342548799,0,2,1,1,TRUE,0.922721306650752,0.854040371239015,TRUE,24,0.230999999999995,"32, 336"
0.01,10000,4,3,100089,0.015,20000,0.693147180559944,0.405465108108164,"upper",2464.66847651099,-5.66577836891429,2,1,1,TRUE,0.925106053303812,0.858253259487308,TRUE,24,0.7349999999999,"32, 336"
0.01,10000,4,3,100089,0.02,20000,0.693147180559944,0.693147180559945,"upper",2451.66704750472,-18.6672073751797,2,1,1,TRUE,0.925525224404457,0.859029247750237,TRUE,26,0.489000000000033,"32, 336"
0.01,10000,4,3,100089,0.025,20000,0.693147180559944,0.916290731874155,"upper",2437.24843402113,-33.0858208587688,2,1,1,TRUE,0.925946771070967,0.859806018136213,TRUE,27,0.500999999999976,"32, 336"
0.01,10000,4,3,100089,0.03,20000,0.693147180559944,1.09861228866811,"upper",2422.97133052443,-47.3629243554756,2,1,1,TRUE,0.926369807032135,0.860579294923405,TRUE,27,0.5,"32, 336"
0.01,10000,4,4,100090,1e-05,2,-8.51719319141624,-6.90775527898214,"lower",1632.85879956648,-833.408819744985,0,0,0,FALSE,0.0287405766166022,0.0280193771070675,TRUE,169,0.829999999999927,"33, 422"
0.01,10000,4,4,100090,1e-04,2,-8.51719319141624,-4.60517018598809,"lower",2047.2623700957,-419.00524921576,0,0,0,FALSE,0.0292320970908939,0.0285478041377982,TRUE,158,0.747000000000071,"33, 422"
0.01,10000,4,4,100090,0.001,44.7794309672032,-5.40859146818414,-2.30258509299405,"interior",2344.55889120979,-121.708728101675,1,1,0.5,FALSE,0.502784631220655,0.00901880296597868,TRUE,79,0.365999999999985,"33, 422"
0.01,10000,4,4,100090,0.003,214.667028077539,-3.84125225095034,-1.20397280432594,"interior",2429.09020829471,-37.1774110167494,2,1,1,TRUE,0.999203567758364,0.998419988647703,TRUE,83,0.370999999999867,"33, 422"
0.01,10000,4,4,100090,0.005,442.946274795826,-3.11689188514148,-0.693147180559945,"interior",2452.40140505686,-13.8662142546018,2,1,1,TRUE,0.999926914374317,0.99985425327626,TRUE,77,0.343000000000075,"33, 422"
0.01,10000,4,4,100090,0.008,1371.01018352611,-1.98703726463247,-0.223143551314211,"interior",2464.10554793544,-2.1620713760235,2,1,1,TRUE,0.999994742490882,0.999989496047626,TRUE,73,0.335000000000036,"33, 422"
0.01,10000,4,4,100090,0.01,5968.64387683594,-0.516065347702325,0,"interior",2466.26761931146,0,2,1,1,TRUE,0.99999870144412,0.999997404535675,TRUE,69,0.65099999999984,"33, 422"
0.01,10000,4,4,100090,0.015,20000,0.693147180559944,0.405465108108164,"upper",2460.91589744186,-5.35172186960472,2,1,1,TRUE,0.999999045629952,0.999998092306294,TRUE,68,1.32200000000012,"33, 422"
0.01,10000,4,4,100090,0.02,20000,0.693147180559944,0.693147180559945,"upper",2448.0576938499,-18.2099254615682,2,1,1,TRUE,0.999999014695013,0.99999803044077,TRUE,69,1.33399999999983,"33, 422"
0.01,10000,4,4,100090,0.025,20000,0.693147180559944,0.916290731874155,"upper",2433.67374383853,-32.5938754729355,2,1,1,TRUE,0.999998982758498,0.9999979665718,TRUE,69,1.33500000000004,"33, 422"
0.01,10000,4,4,100090,0.03,20000,0.693147180559944,1.09861228866811,"upper",2419.37618310638,-46.8914362050878,2,1,1,TRUE,0.999998949780889,0.999997900620703,TRUE,69,1.33899999999994,"33, 422"
0.01,10000,4,5,100091,1e-05,2,-8.51719319141624,-6.90775527898214,"lower",1672.83560081926,-808.671084279202,1,1,0.5,FALSE,0.04563005555606,0.0105876085705363,TRUE,184,0.896999999999935,"37, 210"
0.01,10000,4,5,100091,1e-04,3.28915534644396,-8.01970957376427,-4.60517018598809,"interior",2088.02012949448,-393.486555603983,1,1,0.5,FALSE,0.049938198158224,0.00865289248191259,TRUE,134,0.646999999999935,"37, 210"
0.01,10000,4,5,100091,0.001,34.5231557123061,-5.66871009301263,-2.30258509299405,"interior",2386.51948373239,-94.9872013660715,1,1,0.5,FALSE,0.13409525331794,0.00855261804350682,TRUE,86,0.386999999999944,"37, 210"
0.01,10000,4,5,100091,0.003,110.938673587744,-4.5013628135433,-1.20397280432594,"interior",2456.46067924454,-25.0460058539188,1,1,0.5,FALSE,0.259554232580973,0.0113972408025806,TRUE,92,0.404999999999973,"37, 210"
0.01,10000,4,5,100091,0.005,368.778182998469,-3.30014503877224,-0.693147180559945,"interior",2476.0036323222,-5.50305277625921,2,1,1,TRUE,0.817284067404266,0.63481005311938,TRUE,77,0.356999999999971,"37, 210"
0.01,10000,4,5,100091,0.008,1556.72467210205,-1.86000104808326,-0.223143551314211,"interior",2481.50668509846,0,2,1,1,TRUE,0.87274990521375,0.74551218850496,TRUE,75,0.355000000000018,"37, 210"
0.01,10000,4,5,100091,0.01,20000,0.693147180559944,0,"upper",2480.87529730502,-0.631387793444446,2,1,1,TRUE,0.889998232112697,0.780000296937493,TRUE,74,1.44499999999994,"37, 210"
0.01,10000,4,5,100091,0.015,20000,0.693147180559944,0.405465108108164,"upper",2469.92023305492,-11.5864520435453,2,1,1,TRUE,0.890074034050533,0.780152053666804,TRUE,75,1.46400000000017,"37, 210"
0.01,10000,4,5,100091,0.02,20000,0.693147180559944,0.693147180559945,"upper",2454.66906818492,-26.8376169135386,2,1,1,TRUE,0.890149748185179,0.780303642258535,TRUE,75,1.47199999999998,"37, 210"
0.01,10000,4,5,100091,0.025,20000,0.693147180559944,0.916290731874155,"upper",2439.18160745662,-42.3250776418367,2,1,1,TRUE,0.890226015410439,0.780456347183606,TRUE,76,1.47900000000004,"37, 210"
0.01,10000,4,5,100091,0.03,20000,0.693147180559944,1.09861228866811,"upper",2424.38549473851,-57.1211903599524,2,1,1,TRUE,0.890301218089636,0.780606927183108,TRUE,76,1.74199999999996,"37, 210"
0.01,20,5,1,100092,1e-05,2,-2.30258509299405,-6.90775527898214,"lower",1241.16066962962,-728.318971521372,0,0,0,FALSE,0.0221156094550058,0.013537972138719,TRUE,139,1.43199999999979,"4, 190"
0.01,20,5,1,100092,1e-04,2,-2.30258509299405,-4.60517018598809,"lower",1631.96512753771,-337.514513613277,0,0,0,FALSE,0.0221404913503879,0.0135188956623662,TRUE,122,1.49900000000025,"4, 190"
0.01,20,5,1,100092,0.001,2,-2.30258509299405,-2.30258509299405,"lower",1880.54116685464,-88.9384742963439,0,0,0,FALSE,0.0221668911054106,0.0135029078111218,TRUE,113,1.32999999999993,"4, 190"
0.01,20,5,1,100092,0.003,6.25747199600395,-1.16195600450926,-1.20397280432594,"interior",1941.72719042086,-27.7524507301257,0,0,0,FALSE,0.060765083063603,0.00800428022657917,TRUE,127,1.22800000000007,"4, 190"
0.01,20,5,1,100092,0.005,9.22650593238656,-0.773651852247216,-0.693147180559945,"interior",1958.43156641239,-11.0480747386002,0,0,0,FALSE,0.0707231354416208,0.00801520679459944,TRUE,94,0.865000000000236,"4, 190"
0.01,20,5,1,100092,0.008,12.7111851121585,-0.453249950200736,-0.223143551314211,"interior",1967.36600685722,-2.1136342937707,1,1,0.5,FALSE,0.0783014178601247,0.00808186197143057,TRUE,87,0.619999999999891,"4, 190"
0.01,20,5,1,100092,0.01,14.7394116530972,-0.305207302576043,0,"interior",1969.43285049677,-0.0467906542216951,1,1,0.5,FALSE,0.0817950455014085,0.00813880982295123,TRUE,85,0.447000000000116,"4, 190"
0.01,20,5,1,100092,0.015,19.2694506445271,-0.0372112998616876,0.405465108108164,"interior",1969.47964115099,0,1,1,0.5,FALSE,0.0881424682734046,0.00838000977015751,TRUE,76,899.712,"4, 190"
0.01,20,5,1,100092,0.02,23.4816920949809,0.160488784183295,0.693147180559945,"interior",1966.47530942493,-3.00433172606063,1,1,0.5,FALSE,0.0927004491475984,0.00909060045831611,TRUE,49,0.246000000000095,"4, 190"
0.01,20,5,1,100092,0.025,27.6969302293243,0.325589311452033,0.916290731874155,"interior",1962.3315984132,-7.14804273779123,1,1,0.5,FALSE,0.0963352520286449,0.0105178626558137,TRUE,32,0.110000000000127,"4, 190"
0.01,20,5,1,100092,0.03,33.544434858076,0.517138700041435,1.09861228866811,"interior",1957.76514370747,-11.7144974435146,1,1,0.5,FALSE,0.101832175719369,0.0160371151352485,TRUE,66,0.295999999999822,"4, 190"
0.01,20,5,2,100093,1e-05,2,-2.30258509299405,-6.90775527898214,"lower",1083.86871671232,-750.178673748558,0,0,0,FALSE,0.0224666525701662,0.0200266468320189,TRUE,168,0.904999999999745,"62, 283"
0.01,20,5,2,100093,1e-04,2,-2.30258509299405,-4.60517018598809,"lower",1484.8952409479,-349.152149512975,0,0,0,FALSE,0.0226389566202042,0.0201053099129062,TRUE,148,0.833000000000084,"62, 283"
0.01,20,5,2,100093,0.001,2,-2.30258509299405,-2.30258509299405,"lower",1732.74149750782,-101.305892953056,0,0,0,FALSE,0.0227436819353515,0.0201523914335071,TRUE,138,0.72899999999936,"62, 283"
0.01,20,5,2,100093,0.003,2,-2.30258509299405,-1.20397280432594,"lower",1797.03451252052,-37.012877940364,0,0,0,FALSE,0.0227712301199151,0.0201646490628387,TRUE,137,0.686999999999898,"62, 283"
0.01,20,5,2,100093,0.005,2,-2.30258509299405,-0.693147180559945,"lower",1815.96973050045,-18.0776599604305,0,0,0,FALSE,0.022808729093148,0.0201812531395107,TRUE,137,0.71599999999944,"62, 283"
0.01,20,5,2,100093,0.008,2,-2.30258509299405,-0.223143551314211,"lower",1827.06260728869,-6.98478317218724,0,0,0,FALSE,0.022879944150537,0.0202125643078541,TRUE,141,0.75,"62, 283"
0.01,20,5,2,100093,0.01,11.8237012681448,-0.525626174540041,0,"interior",1831.18189557145,-2.8654948894291,1,1,0.5,FALSE,0.215222157889325,0.0080155226295594,TRUE,113,947.594999999999,"62, 283"
0.01,20,5,2,100093,0.015,15.225849182377,-0.272737685987842,0.405465108108164,"interior",1834.04739046088,0,1,1,0.5,FALSE,0.227049760463766,0.00811443791389121,TRUE,84,0.41399999999976,"62, 283"
0.01,20,5,2,100093,0.02,18.1918692490452,-0.0947575238492773,0.693147180559945,"interior",1833.17380083844,-0.873589622437748,1,1,0.5,FALSE,0.236446063131868,0.00826220971027314,TRUE,73,0.313000000000102,"62, 283"
0.01,20,5,2,100093,0.025,20.8913698034155,0.0436038720722594,0.916290731874155,"interior",1830.76271973821,-3.28467072267199,1,1,0.5,FALSE,0.244483097188513,0.00849316686578816,TRUE,63,0.283000000000357,"62, 283"
0.01,20,5,2,100093,0.03,23.4171296629766,0.157735517880699,1.09861228866811,"interior",1827.62844150604,-6.41894895483688,1,1,0.5,FALSE,0.251633767611239,0.00884368517650558,TRUE,55,0.252000000000407,"62, 283"
0.01,20,5,3,100094,1e-05,2,-2.30258509299405,-6.90775527898214,"lower",950.31498088849,-806.112891202407,0,0,0,FALSE,0.0227342883917787,0.0212249072021965,TRUE,162,0.831999999999425,"11, 396"
0.01,20,5,3,100094,1e-04,2,-2.30258509299405,-4.60517018598809,"lower",1378.40047555949,-378.027396531402,0,0,0,FALSE,0.0228246122958823,0.0212874198614658,TRUE,136,1074.698,"11, 396"
0.01,20,5,3,100094,0.001,2,-2.30258509299405,-2.30258509299405,"lower",1659.25500263224,-97.1728694586559,0,0,0,FALSE,0.0228706862037123,0.0213192246089431,TRUE,124,0.94800000000032,"11, 396"
0.01,20,5,3,100094,0.003,2,-2.30258509299405,-1.20397280432594,"lower",1727.10329440693,-29.3245776839635,0,0,0,FALSE,0.0228737010289162,0.0213213468890761,TRUE,122,0.636999999999716,"11, 396"
0.01,20,5,3,100094,0.005,2,-2.30258509299405,-0.693147180559945,"lower",1745.12895601632,-11.2989160745758,0,0,0,FALSE,0.0228786332130293,0.0213247294836466,TRUE,121,0.644000000000233,"11, 396"
0.01,20,5,3,100094,0.008,2,-2.30258509299405,-0.223143551314211,"lower",1754.44073524297,-1.98713684792347,0,0,0,FALSE,0.0228904072607394,0.0213327087176963,TRUE,121,0.635000000000218,"11, 396"
0.01,20,5,3,100094,0.01,2,-2.30258509299405,0,"lower",1756.4278720909,0,0,0,0,FALSE,0.0229053041553407,0.0213428073723264,TRUE,121,0.623999999999796,"11, 396"
0.01,20,5,3,100094,0.015,2.57067259752255,-2.05156469778897,0.405465108108164,"interior",1756.00158899985,-0.426283091048617,0,0,0,FALSE,0.0283385823997835,0.0245434851811536,TRUE,117,0.592999999999847,"11, 396"
0.01,20,5,3,100094,0.02,4.16475360393704,-1.56907515840373,0.693147180559945,"interior",1752.57653030149,-3.85134178941098,0,0,0,FALSE,0.0459484471579268,0.0302186398982436,TRUE,114,0.582999999999629,"11, 396"
0.01,20,5,3,100094,0.025,6.26168241874551,-1.16128336756257,0.916290731874155,"interior",1748.16659500193,-8.26127708896502,0,0,0,FALSE,0.0741992996696112,0.0291483661565454,TRUE,124,0.637000000000626,"11, 396"
0.01,20,5,3,100094,0.03,7.90728629343094,-0.927947623528554,1.09861228866811,"interior",1743.41866043103,-13.0092116598712,0,0,0,FALSE,0.0965018664494034,0.0242532269076698,TRUE,113,0.617000000000189,"11, 396"
0.01,20,5,4,100095,1e-05,2,-2.30258509299405,-6.90775527898214,"lower",794.681994198697,-850.122369207858,0,0,0,FALSE,0.014919891948231,0.0093269690767851,TRUE,171,1.03000000000065,"188, 443"
0.01,20,5,4,100095,1e-04,2,-2.30258509299405,-4.60517018598809,"lower",1225.09297485978,-419.711388546774,0,0,0,FALSE,0.0149302783108247,0.00931801683439726,TRUE,138,1.30699999999979,"188, 443"
0.01,20,5,4,100095,0.001,2,-2.30258509299405,-2.30258509299405,"lower",1520.32239532977,-124.481968076784,0,0,0,FALSE,0.0149323794720935,0.00931424947725568,TRUE,125,0.947000000000116,"188, 443"
0.01,20,5,4,100095,0.003,2,-2.30258509299405,-1.20397280432594,"lower",1599.48959911382,-45.3147642927315,0,0,0,FALSE,0.0149317047219703,0.00931363524913087,TRUE,122,0.996000000000095,"188, 443"
0.01,20,5,4,100095,0.005,2,-2.30258509299405,-0.693147180559945,"lower",1622.85447626136,-21.9498871451917,0,0,0,FALSE,0.0149311047889266,0.0093135323261454,TRUE,121,0.998999999999796,"188, 443"
0.01,20,5,4,100095,0.008,2,-2.30258509299405,-0.223143551314211,"lower",1636.96540722917,-7.83895617738676,0,0,0,FALSE,0.0149309977361237,0.00931326927477594,TRUE,120,0.824000000000524,"188, 443"
0.01,20,5,4,100095,0.01,2,-2.30258509299405,0,"lower",1641.19720411324,-3.60715929331377,0,0,0,FALSE,0.0149318315406792,0.00931301081503599,TRUE,120,0.847999999999956,"188, 443"
0.01,20,5,4,100095,0.015,2,-2.30258509299405,0.405465108108164,"lower",1644.80436340656,0,0,0,0,FALSE,0.0149362026323093,0.00931165939827894,TRUE,120,0.86200000000008,"188, 443"
0.01,20,5,4,100095,0.02,2,-2.30258509299405,0.693147180559945,"lower",1644.13761892595,-0.666744480603938,0,0,0,FALSE,0.014945973472318,0.00930892957660323,TRUE,121,0.907999999999447,"188, 443"
0.01,20,5,4,100095,0.025,2.42774679364395,-2.1087686917735,0.916290731874155,"interior",1641.75124010245,-3.05312330410197,0,0,0,FALSE,0.0167403228479108,0.00891882436198699,TRUE,120,0.942000000000007,"188, 443"
0.01,20,5,4,100095,0.03,3.11014658114666,-1.86106241627204,1.09861228866811,"interior",1638.58399430718,-6.22036909937788,0,0,0,FALSE,0.0207414027007815,0.00846418304415597,TRUE,118,1.27099999999973,"188, 443"
0.01,20,5,5,100096,1e-05,2,-2.30258509299405,-6.90775527898214,"lower",964.474530936882,-824.661867896326,0,0,0,FALSE,0.0233413836900873,0.0200481266660185,TRUE,162,1.63699999999972,"344, 442"
0.01,20,5,5,100096,1e-04,2,-2.30258509299405,-4.60517018598809,"lower",1376.60261536538,-412.533783467825,0,0,0,FALSE,0.0234458679490226,0.0200840815214172,TRUE,137,1.19500000000062,"344, 442"
0.01,20,5,5,100096,0.001,2,-2.30258509299405,-2.30258509299405,"lower",1650.03233185691,-139.104066976298,0,0,0,FALSE,0.0235008739693463,0.0201026319033324,TRUE,126,0.904999999999745,"344, 442"
0.01,20,5,5,100096,0.003,2,-2.30258509299405,-1.20397280432594,"lower",1730.00211142901,-59.1342874041998,0,0,0,FALSE,0.0235120423800974,0.0201062661255552,TRUE,123,0.958999999999833,"344, 442"
0.01,20,5,5,100096,0.005,2,-2.30258509299405,-0.693147180559945,"lower",1756.22980509605,-32.9065937371536,0,0,0,FALSE,0.023520405160762,0.020109117036023,TRUE,122,0.912999999999556,"344, 442"
0.01,20,5,5,100096,0.008,2,-2.30258509299405,-0.223143551314211,"lower",1773.72596585568,-15.4104329775275,0,0,0,FALSE,0.0235394940610041,0.0201158733726281,TRUE,122,0.878999999999905,"344, 442"
0.01,20,5,5,100096,0.01,2.29114645659286,-2.16667994519752,0,"interior",1779.66316860673,-9.47323022647902,0,0,0,FALSE,0.0258620203221194,0.0207883490201221,TRUE,121,0.868999999999687,"344, 442"
0.01,20,5,5,100096,0.015,12.7427595002346,-0.450769045590344,0.405465108108164,"interior",1786.98922222553,-2.1471766076786,0,0,0,FALSE,0.42575767302943,0.008001338362987,TRUE,263,1.98999999999978,"344, 442"
0.01,20,5,5,100096,0.02,15.9317423232962,-0.227418781896879,0.693147180559945,"interior",1789.13639883321,0,0,0,0,FALSE,0.46097363696375,0.00807559700607918,TRUE,104,0.656999999999243,"344, 442"
0.01,20,5,5,100096,0.025,18.6445274840043,-0.0701796030169684,0.916290731874155,"interior",1788.88409307037,-0.252305762838887,0,0,0,FALSE,0.476696481132213,0.00816381404379685,TRUE,89,0.597999999999956,"344, 442"
0.01,20,5,5,100096,0.03,21.0772408781465,0.0524615534191044,1.09861228866811,"interior",1787.39016076161,-1.74623807159651,1,1,0.5,FALSE,0.485326360168947,0.00827081182087086,TRUE,81,0.564000000000306,"344, 442"
0.01,43,5,1,100097,1e-05,2,-3.06805293513362,-6.90775527898214,"lower",1183.43745478635,-748.474745464414,0,0,0,FALSE,0.0254824407722166,0.0237178934450889,TRUE,136,1.07500000000073,"34, 225"
0.01,43,5,1,100097,1e-04,2,-3.06805293513362,-4.60517018598809,"lower",1572.92177276605,-358.990427484711,0,0,0,FALSE,0.0254408521387634,0.0236893528251751,TRUE,119,0.857999999999265,"34, 225"
0.01,43,5,1,100097,0.001,2,-3.06805293513362,-2.30258509299405,"lower",1834.03208542159,-97.8801148291802,0,0,0,FALSE,0.0254047556608426,0.0236644398532073,TRUE,111,0.593000000000757,"34, 225"
0.01,43,5,1,100097,0.003,2.47384904676412,-2.8554248594441,-1.20397280432594,"interior",1902.21232728773,-29.6998729630318,0,0,0,FALSE,0.0294485639108971,0.0262467806085311,TRUE,108,928.175,"34, 225"
0.01,43,5,1,100097,0.005,4.28832901057777,-2.30530296665542,-0.693147180559945,"interior",1920.65574116708,-11.2564590836819,0,0,0,FALSE,0.0470743997661838,0.0341813199679085,TRUE,105,0.572000000000116,"34, 225"
0.01,43,5,1,100097,0.008,10.6045746406496,-1.39991463780243,-0.223143551314211,"interior",1930.02496047155,-1.88723977921268,0,0,0,FALSE,0.143224375210774,0.0259242409327264,TRUE,146,0.831000000000131,"34, 225"
0.01,43,5,1,100097,0.01,13.0316483455582,-1.19381922867761,0,"interior",1931.91220025077,0,0,0,0,FALSE,0.159435724977341,0.0183659603492644,TRUE,98,0.497999999999593,"34, 225"
0.01,43,5,1,100097,0.015,17.1933786962204,-0.916675765512164,0.405465108108164,"interior",1930.73322556792,-1.17897468284423,1,1,0.5,FALSE,0.174142246741019,0.0129086789245716,TRUE,80,0.414999999999964,"34, 225"
0.01,43,5,1,100097,0.02,20.5735202541412,-0.737195291321084,0.693147180559945,"interior",1926.1549332684,-5.75726698236781,1,1,0.5,FALSE,0.18266827470864,0.0116132605341136,TRUE,67,0.306999999999789,"34, 225"
0.01,43,5,1,100097,0.025,23.7014913811054,-0.595662142059528,0.916290731874155,"interior",1920.40881615753,-11.5033840932315,1,1,0.5,FALSE,0.18945789882518,0.0122500534377155,TRUE,46,902.187,"34, 225"
0.01,43,5,1,100097,0.03,26.7850349392763,-0.473356781927056,1.09861228866811,"interior",1914.28241266817,-17.6297875826003,1,1,0.5,FALSE,0.195848142580555,0.0145269169266702,TRUE,36,0.194999999999709,"34, 225"
0.01,43,5,2,100098,1e-05,2,-3.06805293513362,-6.90775527898214,"lower",1202.48557333311,-795.266327869793,0,0,0,FALSE,0.0253839268168175,0.0158035122079803,TRUE,162,0.844999999999345,"253, 297"
0.01,43,5,2,100098,1e-04,2,-3.06805293513362,-4.60517018598809,"lower",1616.73657652568,-381.01532467723,0,0,0,FALSE,0.0251968368688889,0.0158717964290144,TRUE,143,1.10800000000017,"253, 297"
0.01,43,5,2,100098,0.001,2.25313335806269,-2.94887826466688,-2.30258509299405,"interior",1881.54935120366,-116.202549999248,0,0,0,FALSE,0.0267081843197626,0.0152028120369482,TRUE,142,0.756999999999607,"253, 297"
0.01,43,5,2,100098,0.003,7.46012010892384,-1.75162860121557,-1.20397280432594,"interior",1953.99409815057,-43.7578030523334,0,0,0,FALSE,0.0834359003993237,0.00838171899359752,TRUE,114,0.717999999998938,"253, 297"
0.01,43,5,2,100098,0.005,14.9731923264708,-1.05493869173496,-0.693147180559945,"interior",1976.76886893207,-20.9830322708356,0,0,0,FALSE,0.22257951260605,0.00797191282788745,TRUE,110,0.80699999999888,"253, 297"
0.01,43,5,2,100098,0.008,22.0433371242212,-0.668189730700768,-0.223143551314211,"interior",1990.84151093328,-6.91039026962699,1,1,0.5,FALSE,0.270262649810273,0.0080318458598243,TRUE,78,0.433000000000902,"253, 297"
0.01,43,5,2,100098,0.01,25.8759033609474,-0.507887952217076,0,"interior",1994.93134871499,-2.8205524879188,1,1,0.5,FALSE,0.282058019126196,0.00810102586022032,TRUE,67,0.34099999999853,"253, 297"
0.01,43,5,2,100098,0.015,34.3723114244369,-0.223948775872922,0.405465108108164,"interior",1997.75190120291,0,1,1,0.5,FALSE,0.297659779315362,0.00848899110285273,TRUE,43,0.229999999999563,"253, 297"
0.01,43,5,2,100098,0.02,44.1927979047788,0.0273617167825861,0.693147180559945,"interior",1996.02469902189,-1.72720218101335,1,1,0.5,FALSE,0.309305344919642,0.0109974114001176,TRUE,94,0.512000000000626,"253, 297"
0.01,43,5,2,100098,0.025,55.1358275886556,0.248599617627618,0.916290731874155,"interior",1992.57211255329,-5.17978864962242,1,1,0.5,FALSE,0.318453940916112,0.0144849676050501,TRUE,57,0.287999999998647,"253, 297"
0.01,43,5,2,100098,0.03,65.2809373321009,0.417499953500456,1.09861228866811,"interior",1988.34119454203,-9.4107066608774,1,1,0.5,FALSE,0.325676083612324,0.017374105693083,TRUE,45,0.236999999999171,"253, 297"
0.01,43,5,3,100099,1e-05,2,-3.06805293513362,-6.90775527898214,"lower",1278.67836494444,-731.861801481902,0,0,0,FALSE,0.0181145993308198,0.0178516467285812,TRUE,166,0.930000000000291,"287, 378"
0.01,43,5,3,100099,1e-04,2,-3.06805293513362,-4.60517018598809,"lower",1686.90745010366,-323.632716322684,0,0,0,FALSE,0.0182335609847937,0.0179348014714565,TRUE,151,0.800999999999476,"287, 378"
0.01,43,5,3,100099,0.001,2,-3.06805293513362,-2.30258509299405,"lower",1926.1900602838,-84.3501061425361,0,0,0,FALSE,0.0183187589031754,0.0179912210668559,TRUE,146,0.78899999999885,"287, 378"
0.01,43,5,3,100099,0.003,15.42412127164,-1.02526751532775,-1.20397280432594,"interior",1985.48557698791,-25.054589438429,1,1,0.5,FALSE,0.504073578539956,0.0081483474162477,TRUE,90,0.440999999998894,"287, 378"
0.01,43,5,3,100099,0.005,21.139387085014,-0.710062128812084,-0.693147180559945,"interior",2001.92479985674,-8.61536656960379,1,1,0.5,FALSE,0.504190142403166,0.00838032449428683,TRUE,76,0.397000000000844,"287, 378"
0.01,43,5,3,100099,0.008,28.1175922844169,-0.42480467530397,-0.223143551314211,"interior",2009.60021854964,-0.939947876701808,1,1,0.5,FALSE,0.504457377706464,0.0089147566762674,TRUE,63,0.278999999998632,"287, 378"
0.01,43,5,3,100099,0.01,32.1610164527064,-0.290445065765767,0,"interior",2010.54016642634,0,1,1,0.5,FALSE,0.504749332933116,0.00949866609971006,TRUE,54,0.251000000000204,"287, 378"
0.01,43,5,3,100099,0.015,41.1049048997851,-0.0450726606845255,0.405465108108164,"interior",2007.60927052748,-2.93089589885949,1,1,0.5,FALSE,0.506167519919576,0.012335039849364,TRUE,40,0.135000000000218,"287, 378"
0.01,43,5,3,100099,0.02,70.6320354917246,0.496283686393482,0.693147180559945,"interior",2003.42158564381,-7.11858078253545,1,1,0.5,FALSE,0.732082524627059,0.464165049254204,TRUE,124,0.590000000000146,"287, 378"
0.01,43,5,3,100099,0.025,81.3368332176668,0.637398851370463,0.916290731874155,"interior",1997.62695301262,-12.9132134137249,2,1,1,TRUE,0.753379954430207,0.506759908860427,TRUE,85,0.38799999999901,"287, 378"
0.01,43,5,3,100099,0.03,91.4434991668509,0.754521170414829,1.09861228866811,"interior",1991.59755423087,-18.9426121954677,2,1,1,TRUE,0.769103740171669,0.538207480343341,TRUE,49,0.257999999999811,"287, 378"
0.01,43,5,4,100100,1e-05,2,-3.06805293513362,-6.90775527898214,"lower",1152.24340468153,-812.713980313601,0,0,0,FALSE,0.0214153703453118,0.0105893358045049,TRUE,171,0.977000000000771,"428, 432"
0.01,43,5,4,100100,1e-04,2,-3.06805293513362,-4.60517018598809,"lower",1576.63396600158,-388.323418993547,0,0,0,FALSE,0.0216926632471768,0.0105084105343666,TRUE,147,0.721999999999753,"428, 432"
0.01,43,5,4,100100,0.001,2,-3.06805293513362,-2.30258509299405,"lower",1853.61287703732,-111.344507957809,0,0,0,FALSE,0.0218717820828468,0.0104579814491114,TRUE,136,0.618000000000393,"428, 432"
0.01,43,5,4,100100,0.003,9.55612773896454,-1.50401751890991,-1.20397280432594,"interior",1926.22484539312,-38.732539602013,0,0,0,FALSE,0.202564439616784,0.00798580088375778,TRUE,145,0.699999999998909,"428, 432"
0.01,43,5,4,100100,0.005,13.9552738675625,-1.12534262384858,-0.693147180559945,"interior",1947.9607188435,-16.9966661516262,0,0,0,FALSE,0.222568227053315,0.00802945351562245,TRUE,95,0.467999999998938,"428, 432"
0.01,43,5,4,100100,0.008,19.1393286899656,-0.80945480395336,-0.223143551314211,"interior",1960.41189852802,-4.54548646711237,0,0,0,FALSE,0.234428485725315,0.00812610344718967,TRUE,79,0.336999999999534,"428, 432"
0.01,43,5,4,100100,0.01,22.1336515823141,-0.664100969263647,0,"interior",1963.64834256091,-1.30904243421674,0,0,0,FALSE,0.239161455219972,0.00821211319322412,TRUE,74,0.32300000000032,"428, 432"
0.01,43,5,4,100100,0.015,28.7056862343138,-0.404104885921333,0.405465108108164,"interior",1964.95738499513,0,0,0,0,FALSE,0.246692384362531,0.00856535558861438,TRUE,61,0.274999999999636,"428, 432"
0.01,43,5,4,100100,0.02,34.5124752071007,-0.219879256812029,0.693147180559945,"interior",1962.23929423093,-2.71809076419959,1,1,0.5,FALSE,0.251422730986199,0.00930716157267075,TRUE,45,0.154000000000451,"428, 432"
0.01,43,5,4,100100,0.025,39.9186671064966,-0.074356053923545,0.916290731874155,"interior",1958.02640541195,-6.93097958318299,1,1,0.5,FALSE,0.255108357267832,0.0106383465978909,TRUE,37,0.125,"428, 432"
0.01,43,5,4,100100,0.03,50.1259698393452,0.153339118161858,1.09861228866811,"interior",1953.29045971552,-11.6669252796084,1,1,0.5,FALSE,0.273205776020499,0.0356325921344719,TRUE,113,0.529000000000451,"428, 432"
0.01,43,5,5,100101,1e-05,2,-3.06805293513362,-6.90775527898214,"lower",1134.34890880165,-803.31775329027,0,0,0,FALSE,0.0180246607172838,0.0146473313614586,TRUE,171,0.817999999999302,"3, 218"
0.01,43,5,5,100101,1e-04,2,-3.06805293513362,-4.60517018598809,"lower",1552.83473455455,-384.831927537376,0,0,0,FALSE,0.0181439473453895,0.0146503155990524,TRUE,152,0.73700000000099,"3, 218"
0.01,43,5,5,100101,0.001,2,-3.06805293513362,-2.30258509299405,"lower",1827.55626415921,-110.110397932715,0,0,0,FALSE,0.0182163227878601,0.0146519170669533,TRUE,144,0.756999999999607,"3, 218"
0.01,43,5,5,100101,0.003,2,-3.06805293513362,-1.20397280432594,"lower",1900.65036671533,-37.016295376596,0,0,0,FALSE,0.0182651307633245,0.0146537900952879,TRUE,145,0.721999999999753,"3, 218"
0.01,43,5,5,100101,0.005,12.2360327827594,-1.25681501020292,-0.693147180559945,"interior",1922.13929131425,-15.5273707776764,1,1,0.5,FALSE,0.284198898063275,0.00800969029769194,TRUE,104,0.496999999999389,"3, 218"
0.01,43,5,5,100101,0.008,16.7712652237286,-0.941533097043708,-0.223143551314211,"interior",1934.03083725135,-3.63582484057292,1,1,0.5,FALSE,0.304893889985529,0.00806905416514092,TRUE,84,0.354999999999563,"3, 218"
0.01,43,5,5,100101,0.01,19.339683685903,-0.799040981236345,0,"interior",1936.94234013609,-0.724321955837695,1,1,0.5,FALSE,0.313647807354922,0.0081154458750462,TRUE,79,0.34099999999853,"3, 218"
0.01,43,5,5,100101,0.015,24.8865000194815,-0.546874627141365,0.405465108108164,"interior",1937.66666209192,0,1,1,0.5,FALSE,0.329220740414312,0.00827304150348251,TRUE,69,0.305000000000291,"3, 218"
0.01,43,5,5,100101,0.02,29.6809199358319,-0.370695702732136,0.693147180559945,"interior",1934.59636563553,-3.07029645639068,1,1,0.5,FALSE,0.340525559189677,0.00853856212772741,TRUE,57,0.266999999999825,"3, 218"
0.01,43,5,5,100101,0.025,34.0354270016111,-0.233798162916387,0.916290731874155,"interior",1930.16318122639,-7.50348086553367,1,1,0.5,FALSE,0.349576550470095,0.00897244124902086,TRUE,45,0.154999999998836,"3, 218"
0.01,43,5,5,100101,0.03,38.1018445211436,-0.120937422104319,1.09861228866811,"interior",1925.2086157642,-12.4580463277209,1,1,0.5,FALSE,0.357354397611226,0.00958411307777474,TRUE,38,0.131999999999607,"3, 218"
0.01,95,5,1,100102,1e-05,2,-3.8607297110406,-6.90775527898214,"lower",1378.59793058714,-781.12824576327,0,0,0,FALSE,0.036934157684912,0.0246681106557446,TRUE,215,1.04899999999907,"142, 214"
0.01,95,5,1,100102,1e-04,2,-3.8607297110406,-4.60517018598809,"lower",1780.50880835442,-379.217367995981,0,0,0,FALSE,0.0366380406102416,0.0247924018111741,TRUE,194,0.961999999999534,"142, 214"
0.01,95,5,1,100102,0.001,11.6960520668322,-2.09462553692449,-2.30258509299405,"interior",2053.13475304471,-106.591423305694,1,1,0.5,FALSE,0.0707795672173532,0.00803571893252764,TRUE,104,0.497999999999593,"142, 214"
0.01,95,5,1,100102,0.003,26.9718733203506,-1.25908229744876,-1.20397280432594,"interior",2127.38746617911,-32.3387101712956,1,1,0.5,FALSE,0.0805407802622135,0.00809962804041786,TRUE,74,0.322999999998501,"142, 214"
0.01,95,5,1,100102,0.005,39.3245810120579,-0.882027097206082,-0.693147180559945,"interior",2147.56169915501,-12.1644771953943,1,1,0.5,FALSE,0.0800551912668995,0.00845179331562396,TRUE,59,0.273999999999432,"142, 214"
0.01,95,5,1,100102,0.008,56.245451075722,-0.524151723551089,-0.223143551314211,"interior",2157.71383926633,-2.01233708407517,1,1,0.5,FALSE,0.0750231369811679,0.0100572514647219,TRUE,31,0.10399999999936,"142, 214"
0.01,95,5,1,100102,0.01,69.5143347083083,-0.312343905501587,0,"interior",2159.72617635041,0,1,1,0.5,FALSE,0.0732667348536518,0.0156242070348815,TRUE,67,0.301000000001295,"142, 214"
0.01,95,5,1,100102,0.015,103.776277872155,0.0883605161356007,0.405465108108164,"interior",2158.8786163694,-0.847559981000359,1,1,0.5,FALSE,0.0677416642314942,0.0264687392560821,TRUE,34,0.111000000000786,"142, 214"
0.01,95,5,1,100102,0.02,136.863445757291,0.365106790848512,0.693147180559945,"interior",2154.68548262465,-5.04069372575987,1,1,0.5,FALSE,0.060785971397117,0.0318975800750012,TRUE,42,0.138999999999214,"142, 214"
0.01,95,5,1,100102,0.025,181.911959449836,0.649645939150042,0.916290731874155,"interior",2150.40356067731,-9.32261567309524,2,0.5,0.5,FALSE,0.062535031541119,0.0190095075441159,TRUE,41,0.134000000000015,"142, 214"
0.01,95,5,1,100102,0.03,217.871628755973,0.830029138825489,1.09861228866811,"interior",2144.84123827885,-14.8849380715546,2,0.5,0.5,FALSE,0.0532825066592425,0.0155691506282059,TRUE,26,0.0839999999989232,"142, 214"
0.01,95,5,2,100103,1e-05,2,-3.8607297110406,-6.90775527898214,"lower",1432.1437066064,-762.106172430017,0,0,0,FALSE,0.0239753370955727,0.017997843144521,TRUE,183,0.934999999999491,"228, 326"
0.01,95,5,2,100103,1e-04,2,-3.8607297110406,-4.60517018598809,"lower",1842.15726124782,-352.092617788597,0,0,0,FALSE,0.0243456969748963,0.0179981947787393,TRUE,165,0.796999999998661,"228, 326"
0.01,95,5,2,100103,0.001,15.4135292127091,-1.81863124754827,-2.30258509299405,"interior",2100.40438633329,-93.8454927031248,1,1,0.5,FALSE,0.170193824292582,0.00800162020978223,TRUE,89,0.372999999999593,"228, 326"
0.01,95,5,2,100103,0.003,34.3472296867538,-1.01735552576958,-1.20397280432594,"interior",2165.34615177679,-28.9037272596324,1,1,0.5,FALSE,0.299532375773253,0.00817482780972822,TRUE,78,0.335000000000946,"228, 326"
0.01,95,5,2,100103,0.005,50.420426917351,-0.633480502654261,-0.693147180559945,"interior",2183.25996633927,-10.9899126971472,1,1,0.5,FALSE,0.381849541922575,0.00840542728322213,TRUE,76,0.322000000000116,"228, 326"
0.01,95,5,2,100103,0.008,72.3308265685505,-0.272626483063039,-0.223143551314211,"interior",2192.4470616183,-1.80281741811996,1,1,0.5,FALSE,0.443276578996599,0.0091323531713503,TRUE,63,0.280000000000655,"228, 326"
0.01,95,5,2,100103,0.01,86.3460852865654,-0.0955134234545802,0,"interior",2194.24987903642,0,1,1,0.5,FALSE,0.463721577077596,0.0105298205547348,TRUE,40,0.132999999999811,"228, 326"
0.01,95,5,2,100103,0.015,123.663359845333,0.263686142186122,0.405465108108164,"interior",2193.24626644537,-1.00361259105011,1,1,0.5,FALSE,0.493644358635758,0.026214763659785,TRUE,58,0.261000000000422,"228, 326"
0.01,95,5,2,100103,0.02,168.035069574405,0.570295813484695,0.693147180559945,"interior",2189.28743908913,-4.96243994728638,1,1,0.5,FALSE,0.518882563500332,0.0595938204676829,TRUE,32,0.104999999999563,"228, 326"
0.01,95,5,2,100103,0.025,214.996250660326,0.816743697585881,0.916290731874155,"interior",2184.34818790559,-9.90169113082993,1,1,0.5,FALSE,0.534595476850551,0.082399691670418,TRUE,26,0.0850000000009459,"228, 326"
0.01,95,5,2,100103,0.03,265.786425519416,1.02881618309387,1.09861228866811,"interior",2179.07602870392,-15.1738503324964,1,1,0.5,FALSE,0.545284751446882,0.0991169827817281,TRUE,27,0.0870000000013533,"228, 326"
0.01,95,5,3,100104,1e-05,2,-3.8607297110406,-6.90775527898214,"lower",1448.9611711916,-758.123597867458,0,0,0,FALSE,0.0243571495478356,0.0234466365622141,TRUE,187,0.942999999999302,"179, 428"
0.01,95,5,3,100104,1e-04,2,-3.8607297110406,-4.60517018598809,"lower",1847.83476540302,-359.250003656044,0,0,0,FALSE,0.0247424036863787,0.0236984901906558,TRUE,174,0.870999999999185,"179, 428"
0.01,95,5,3,100104,0.001,13.0422708236723,-1.9856812073435,-2.30258509299405,"interior",2103.73359115202,-103.351177907042,1,1,0.5,FALSE,0.352274510995942,0.00801498227756281,TRUE,89,0.40099999999984,"179, 428"
0.01,95,5,3,100104,0.003,30.2010776231944,-1.1459992849691,-1.20397280432594,"interior",2174.18551449902,-32.8992545600381,1,1,0.5,FALSE,0.447791876050574,0.00832045158432348,TRUE,77,0.353000000000975,"179, 428"
0.01,95,5,3,100104,0.005,44.3808813020507,-0.761068116202891,-0.693147180559945,"interior",2194.27660875199,-12.8081603070691,1,1,0.5,FALSE,0.475746923006956,0.00883877605855854,TRUE,71,0.337000000001353,"179, 428"
0.01,95,5,3,100104,0.008,64.1529645061405,-0.392606589507802,-0.223143551314211,"interior",2204.85896665368,-2.22580240538582,1,1,0.5,FALSE,0.492785282112507,0.0121337200395022,TRUE,30,0.102000000000771,"179, 428"
0.01,95,5,3,100104,0.01,77.2793928345728,-0.206449558422629,0,"interior",2207.08476905906,0,1,1,0.5,FALSE,0.499606821940693,0.0167329885815894,TRUE,22,0.0830000000005384,"179, 428"
0.01,95,5,3,100104,0.015,116.859977594377,0.207099553795261,0.405465108108164,"interior",2206.49768737329,-0.587081685769135,1,1,0.5,FALSE,0.533603738488288,0.0738312724293517,TRUE,31,0.105999999999767,"179, 428"
0.01,95,5,3,100104,0.02,158.277029434509,0.510469956952528,0.693147180559945,"interior",2202.38317575815,-4.70159330091064,1,1,0.5,FALSE,0.562031328578391,0.127263389249832,TRUE,25,0.0849999999991269,"179, 428"
0.01,95,5,3,100104,0.025,214.01063206187,0.812148804719279,0.916290731874155,"interior",2197.14402080373,-9.94074825533244,1,1,0.5,FALSE,0.746882562782995,0.496930335831367,TRUE,48,0.244000000000597,"179, 428"
0.01,95,5,3,100104,0.03,273.767100201291,1.05840085406795,1.09861228866811,"interior",2191.56546500968,-15.5193040493768,1,1,0.5,FALSE,0.829668467216434,0.661760004490283,TRUE,21,0.0709999999999127,"179, 428"
0.01,95,5,4,100105,1e-05,2,-3.8607297110406,-6.90775527898214,"lower",1336.11651815064,-761.64810553921,0,0,0,FALSE,0.0201676695545048,0.019551499265462,TRUE,173,0.838999999999942,"68, 427"
0.01,95,5,4,100105,1e-04,2,-3.8607297110406,-4.60517018598809,"lower",1759.36317022918,-338.401453460669,0,0,0,FALSE,0.0204730002265895,0.0198622157819859,TRUE,159,0.786000000000058,"68, 427"
0.01,95,5,4,100105,0.001,2,-3.8607297110406,-2.30258509299405,"lower",2017.55218595209,-80.2124377377529,0,0,0,FALSE,0.0206766843980947,0.0200720862662039,TRUE,154,1.11499999999978,"68, 427"
0.01,95,5,4,100105,0.003,15.1755234338865,-1.83419306207776,-1.20397280432594,"interior",2075.95474574127,-21.8098779485781,1,1,0.5,FALSE,0.503410948326527,0.00900027574244422,TRUE,80,0.364000000001397,"68, 427"
0.01,95,5,4,100105,0.005,21.0493627664855,-1.50700660430635,-0.693147180559945,"interior",2091.00319602222,-6.76142766762086,1,1,0.5,FALSE,0.504292962431816,0.00893027099165189,TRUE,77,0.338999999999942,"68, 427"
0.01,95,5,4,100105,0.008,28.4067680867568,-1.20724946191142,-0.223143551314211,"interior",2097.3913426877,-0.373281002143813,1,1,0.5,FALSE,0.505061764679633,0.0101755751251597,TRUE,68,0.307999999999083,"68, 427"
0.01,95,5,4,100105,0.01,32.8456139624741,-1.0620586727082,0,"interior",2097.76462368985,0,1,1,0.5,FALSE,0.506180259936003,0.0123802871933463,TRUE,53,0.256000000001222,"68, 427"
0.01,95,5,4,100105,0.015,43.7803533284181,-0.77469172899435,0.405465108108164,"interior",2093.86106402558,-3.90355966426159,1,1,0.5,FALSE,0.517298000335312,0.0345988862503628,TRUE,30,0.103000000000975,"68, 427"
0.01,95,5,4,100105,0.02,95.9448075800909,0.00989621349610292,0.693147180559945,"interior",2092.05967990292,-5.70494378692547,2,1,1,TRUE,0.999782586255705,0.999565183659465,TRUE,58,0.272999999999229,"68, 427"
0.01,95,5,4,100105,0.025,115.879110236305,0.198670602951363,0.916290731874155,"interior",2086.1726257661,-11.5919979237419,2,1,1,TRUE,0.999927977208453,0.999855957092224,TRUE,44,0.15099999999984,"68, 427"
0.01,95,5,4,100105,0.03,135.253768361471,0.353275887929931,1.09861228866811,"interior",2080.03875148473,-17.7258722051156,2,1,1,TRUE,0.99996982701022,0.999939654870222,TRUE,34,0.114999999999782,"68, 427"
0.01,95,5,5,100106,1e-05,2,-3.8607297110406,-6.90775527898214,"lower",1350.96599227879,-778.895806080578,0,0,0,FALSE,0.021369548791579,0.0205224230505572,TRUE,165,0.819000000001324,"342, 450"
0.01,95,5,5,100106,1e-04,2,-3.8607297110406,-4.60517018598809,"lower",1749.51445627936,-380.347342080006,0,0,0,FALSE,0.0215680536380286,0.0206565297798602,TRUE,151,0.765999999999622,"342, 450"
0.01,95,5,5,100106,0.001,2,-3.8607297110406,-2.30258509299405,"lower",2017.83862344044,-112.023174918923,0,0,0,FALSE,0.0217801578948706,0.0207941772694542,TRUE,151,0.752999999998792,"342, 450"
0.01,95,5,5,100106,0.003,20.8959682997227,-1.5143206555577,-1.20397280432594,"interior",2092.89493579571,-36.9668625636555,1,1,0.5,FALSE,0.357462347174345,0.00837609762526481,TRUE,75,0.331000000000131,"342, 450"
0.01,95,5,5,100106,0.005,30.0770745878133,-1.15011365164292,-0.693147180559945,"interior",2113.71919913451,-16.1425992248514,1,1,0.5,FALSE,0.388819239345767,0.00917341275685302,TRUE,61,0.281999999999243,"342, 450"
0.01,95,5,5,100106,0.008,42.3438972243859,-0.808052584206644,-0.223143551314211,"interior",2124.61381804715,-5.2479803122169,1,1,0.5,FALSE,0.418624336889199,0.0133648606840604,TRUE,34,0.114999999999782,"342, 450"
0.01,95,5,5,100106,0.01,74.3639124532952,-0.244906115105932,0,"interior",2128.51416881573,-1.34762954363623,2,1,1,TRUE,0.579991249946753,0.311105638245298,TRUE,146,0.738999999999578,"342, 450"
0.01,95,5,5,100106,0.015,101.687897252717,0.0680313999743225,0.405465108108164,"interior",2129.86179835936,0,2,1,1,TRUE,0.590420919774247,0.288116958357576,TRUE,70,0.323999999998705,"342, 450"
0.01,95,5,5,100106,0.02,128.553990402706,0.302472083268674,0.693147180559945,"interior",2127.23451970086,-2.62727865850275,2,1,1,TRUE,0.589457444943492,0.259841509322429,TRUE,26,0.091999999998734,"342, 450"
0.01,95,5,5,100106,0.025,156.492898406186,0.499133739753814,0.916290731874155,"interior",2123.14868905075,-6.71310930861591,2,1,1,TRUE,0.582675107976169,0.228436065300658,TRUE,36,0.128999999998996,"342, 450"
0.01,95,5,5,100106,0.03,187.036713571288,0.677428035242202,1.09861228866811,"interior",2118.49054139773,-11.3712569616309,2,1,1,TRUE,0.570550479256156,0.191918576297996,TRUE,32,0.113000000001193,"342, 450"
0.01,206,5,1,100107,1e-05,2,-4.63472898822964,-6.90775527898214,"lower",1461.27993192982,-829.405090464799,0,0,0,FALSE,0.0318411556190148,0.0293175839335776,TRUE,179,0.923000000000684,"32, 329"
0.01,206,5,1,100107,1e-04,2,-4.63472898822964,-4.60517018598809,"lower",1890.68873241463,-399.996289979987,0,0,0,FALSE,0.03261044266993,0.0298016557249682,TRUE,158,0.817999999999302,"32, 329"
0.01,206,5,1,100107,0.001,19.408551797825,-2.36216238552951,-2.30258509299405,"interior",2180.58845061617,-110.096571778442,1,1,0.5,FALSE,0.105611721907884,0.0081899366121736,TRUE,79,0.347999999999956,"32, 329"
0.01,206,5,1,100107,0.003,46.0495843470825,-1.49815743225099,-1.20397280432594,"interior",2255.24901886429,-35.4360035303216,1,1,0.5,FALSE,0.129535512867543,0.0103573801933451,TRUE,61,0.290999999999258,"32, 329"
0.01,206,5,1,100107,0.005,103.12467141723,-0.691937510396974,-0.693147180559945,"interior",2277.56195111569,-13.1230712789215,2,1,1,TRUE,0.249387081696246,0.212298055408338,TRUE,94,0.489999999999782,"32, 329"
0.01,206,5,1,100107,0.008,160.307436178112,-0.25078272111644,-0.223143551314211,"interior",2288.64120202734,-2.04382036727702,2,1,1,TRUE,0.252955632060997,0.18629866922556,TRUE,27,0.0949999999993452,"32, 329"
0.01,206,5,1,100107,0.01,202.526258534215,-0.0170066188757456,0,"interior",2290.68502239462,0,2,1,1,TRUE,0.253918090047789,0.17099552784183,TRUE,22,0.0769999999993161,"32, 329"
0.01,206,5,1,100107,0.015,334.866550968049,0.48585592835167,0.405465108108164,"interior",2288.90541919744,-1.77960319717522,2,1,1,TRUE,0.253349239945551,0.133767159864946,TRUE,21,0.069999999999709,"32, 329"
0.01,206,5,1,100107,0.02,512.552877474106,0.911527712459981,0.693147180559945,"interior",2283.16553501119,-7.51948738342799,2,1,1,TRUE,0.253636187638591,0.10607563544644,TRUE,17,0.0599999999994907,"32, 329"
0.01,206,5,1,100107,0.025,769.667160391577,1.31808199337548,0.916290731874155,"interior",2276.06124379473,-14.6237785998824,2,1,1,TRUE,0.254916221985279,0.0857263507030287,TRUE,16,0.0570000000006985,"32, 329"
0.01,206,5,1,100107,0.03,1180.03013375478,1.74541908542439,1.09861228866811,"interior",2268.49209280577,-22.1929295888426,2,1,1,TRUE,0.256913659138001,0.0706872957714505,TRUE,17,0.0610000000015134,"32, 329"
0.01,206,5,2,100108,1e-05,2,-4.63472898822964,-6.90775527898214,"lower",1368.37612449406,-846.695896187206,0,0,0,FALSE,0.028770194194139,0.0134950414146612,TRUE,131,0.630000000001019,"130, 131"
0.01,206,5,2,100108,1e-04,2,-4.63472898822964,-4.60517018598809,"lower",1800.83895426364,-414.23306641762,0,0,0,FALSE,0.0285570027765496,0.01355984868232,TRUE,115,0.591999999998734,"130, 131"
0.01,206,5,2,100108,0.001,16.4860620535434,-2.52536086889111,-2.30258509299405,"interior",2100.72780844663,-114.344212234636,1,1,0.5,FALSE,0.224237439539917,0.00795617383875935,TRUE,92,0.48700000000099,"130, 131"
0.01,206,5,2,100108,0.003,38.7028270133606,-1.67196352198098,-1.20397280432594,"interior",2178.4933234219,-36.5786972593592,1,1,0.5,FALSE,0.31442083044542,0.00800312456319596,TRUE,80,0.360000000000582,"130, 131"
0.01,206,5,2,100108,0.005,57.0261423335241,-1.28436636866678,-0.693147180559945,"interior",2199.41657455419,-15.6554461270753,1,1,0.5,FALSE,0.357236155296148,0.00806306671501589,TRUE,79,0.354999999999563,"130, 131"
0.01,206,5,2,100108,0.008,82.2316069682511,-0.918336427637868,-0.223143551314211,"interior",2210.51592731791,-4.55609336334828,1,1,0.5,FALSE,0.393154439944503,0.00820359260853654,TRUE,75,0.345999999999549,"130, 131"
0.01,206,5,2,100108,0.01,98.6550482332036,-0.73624676446043,0,"interior",2213.13259184098,-1.93942884028138,1,1,0.5,FALSE,0.408690142196372,0.00840640948544713,TRUE,65,0.291999999999462,"130, 131"
0.01,206,5,2,100108,0.015,173.187203563156,-0.173503057820502,0.405465108108164,"interior",2215.07202068126,0,1,1,0.5,FALSE,0.42325528935334,0.00595455507481479,TRUE,118,0.575000000000728,"130, 131"
0.01,206,5,2,100108,0.02,231.817690619547,0.118075077666202,0.693147180559945,"interior",2213.06677915048,-2.00524153077777,2,0.5,0.5,FALSE,0.439583754197799,0.0059456379861913,TRUE,90,0.390000000001237,"130, 131"
0.01,206,5,2,100108,0.025,298.317963115906,0.37028373920807,0.916290731874155,"interior",2209.59843592341,-5.47358475785359,2,0.5,0.5,FALSE,0.450976454560031,0.00593474849984288,TRUE,81,0.364999999999782,"130, 131"
0.01,206,5,2,100108,0.03,376.073021663984,0.601907162297811,1.09861228866811,"interior",2205.47734020848,-9.59468047278506,2,0.5,0.5,FALSE,0.459330790747449,0.0059133401509277,TRUE,70,0.326999999999316,"130, 131"
0.01,206,5,3,100109,1e-05,2,-4.63472898822964,-6.90775527898214,"lower",1438.51450127661,-790.829523615799,0,0,0,FALSE,0.026750256551842,0.0110672105639431,TRUE,183,0.9950000000008,"115, 205"
0.01,206,5,3,100109,1e-04,2,-4.63472898822964,-4.60517018598809,"lower",1841.50819161275,-387.835833279661,0,0,0,FALSE,0.0265168032375331,0.0111648372568922,TRUE,166,0.886000000000422,"115, 205"
0.01,206,5,3,100109,0.001,16.5619881854589,-2.52076596753064,-2.30258509299405,"interior",2112.90551914104,-116.438505751367,1,1,0.5,FALSE,0.103731126762248,0.00808024416731101,TRUE,88,0.385000000000218,"115, 205"
0.01,206,5,3,100109,0.003,39.1573997846087,-1.660286753112,-1.20397280432594,"interior",2191.06922648328,-38.2747984091297,1,1,0.5,FALSE,0.16705568562933,0.00897737466774085,TRUE,63,0.303000000001703,"115, 205"
0.01,206,5,3,100109,0.005,59.3289276586419,-1.24477916286673,-0.693147180559945,"interior",2213.17838938324,-16.1656355091673,1,1,0.5,FALSE,0.21436533866881,0.0145568729787446,TRUE,31,0.110000000000582,"115, 205"
0.01,206,5,3,100109,0.008,121.533784145174,-0.527683885852146,-0.223143551314211,"interior",2226.10833512036,-3.23568977205241,2,1,1,TRUE,0.640974094195784,0.62216785989855,TRUE,37,0.130999999999403,"115, 205"
0.01,206,5,3,100109,0.01,151.981440724051,-0.304117755897843,0,"interior",2229.16949244184,-0.174532450568677,2,1,1,TRUE,0.692493952675337,0.667705988056104,TRUE,31,0.110000000000582,"115, 205"
0.01,206,5,3,100109,0.015,230.02975936028,0.110332520286597,0.405465108108164,"interior",2229.34402489241,0,2,1,1,TRUE,0.764672104372637,0.739212061631082,TRUE,23,0.0759999999991123,"115, 205"
0.01,206,5,3,100109,0.02,315.12000135944,0.425077354187108,0.693147180559945,"interior",2225.08434136591,-4.25968352649761,2,1,1,TRUE,0.807333970974203,0.783005580390877,TRUE,21,0.0709999999999127,"115, 205"
0.01,206,5,3,100109,0.025,411.045679779569,0.690828182546709,0.916290731874155,"interior",2219.19453143893,-10.1494934534826,2,1,1,TRUE,0.836339183157569,0.812950106283241,TRUE,24,0.0839999999989232,"115, 205"
0.01,206,5,3,100109,0.03,537.536453187741,0.959120408796741,1.09861228866811,"interior",2212.70120276481,-16.6428221276014,2,1,1,TRUE,0.855959463192482,0.831149512245296,TRUE,23,0.0769999999993161,"115, 205"
0.01,206,5,4,100110,1e-05,2,-4.63472898822964,-6.90775527898214,"lower",1344.52701197596,-839.029662316573,0,0,0,FALSE,0.0293915883190896,0.0293309842339016,TRUE,158,0.872000000001208,"201, 442"
0.01,206,5,4,100110,1e-04,2,-4.63472898822964,-4.60517018598809,"lower",1766.83992280626,-416.71675148627,0,0,0,FALSE,0.0298069166446305,0.0297655232468234,TRUE,141,0.797999999998865,"201, 442"
0.01,206,5,4,100110,0.001,11.2018695647451,-2.91179547899536,-2.30258509299405,"interior",2059.21363014746,-124.343044145076,0,0,0,FALSE,0.461559193579241,0.117180710379417,TRUE,140,0.778000000000247,"201, 442"
0.01,206,5,4,100110,0.003,28.3876411095145,-1.98192229053752,-1.20397280432594,"interior",2141.38129219824,-42.175382094289,1,1,0.5,FALSE,0.503133607147561,0.0173185389560432,TRUE,75,0.364999999999782,"201, 442"
0.01,206,5,4,100110,0.005,41.7139593843168,-1.59704033858592,-0.693147180559945,"interior",2165.06917152439,-18.4875027681378,1,1,0.5,FALSE,0.504304431438656,0.0108314686434368,TRUE,68,0.340000000000146,"201, 442"
0.01,206,5,4,100110,0.008,59.8371885617604,-1.23624881881798,-0.223143551314211,"interior",2177.81025086483,-5.74642342770449,1,1,0.5,FALSE,0.506193310904231,0.0127616841556839,TRUE,31,0.117000000000189,"201, 442"
0.01,206,5,4,100110,0.01,71.7089428790487,-1.05526070261513,0,"interior",2180.69113370775,-2.86554058478532,1,1,0.5,FALSE,0.509030481907987,0.018190125092404,TRUE,26,0.0950000000011642,"201, 442"
0.01,206,5,4,100110,0.015,137.484679033334,-0.404363683103324,0.405465108108164,"interior",2183.55667429253,0,2,1,1,TRUE,0.82326895126891,0.646569809373967,TRUE,94,0.480999999999767,"201, 442"
0.01,206,5,4,100110,0.02,178.19604199252,-0.144991865040391,0.693147180559945,"interior",2180.59482412668,-2.96185016584877,2,1,1,TRUE,0.864147215191864,0.7283050759436,TRUE,71,0.310999999999694,"201, 442"
0.01,206,5,4,100110,0.025,221.684043509114,0.0733769718961268,0.916290731874155,"interior",2175.95924299479,-7.5974312977387,2,1,1,TRUE,0.891518155535473,0.78304069405077,TRUE,40,0.131999999999607,"201, 442"
0.01,206,5,4,100110,0.03,269.544095061386,0.268855826214038,1.09861228866811,"interior",2170.68419350141,-12.872480791119,2,1,1,TRUE,0.912455060336127,0.824912146364223,TRUE,15,0.0490000000008877,"201, 442"
0.01,206,5,5,100111,1e-05,2,-4.63472898822964,-6.90775527898214,"lower",1484.6985695396,-803.729087697213,0,0,0,FALSE,0.0454044296206094,0.0314713407717684,TRUE,219,1.10099999999875,"122, 211"
0.01,206,5,5,100111,1e-04,2,-4.63472898822964,-4.60517018598809,"lower",1896.74320536754,-391.684451869273,0,0,0,FALSE,0.0450980105257531,0.0315907019883578,TRUE,200,1.07000000000153,"122, 211"
0.01,206,5,5,100111,0.001,19.9554521085074,-2.33437377414326,-2.30258509299405,"interior",2168.63285907216,-119.79479816465,1,1,0.5,FALSE,0.0935182288766926,0.00810849088925047,TRUE,82,0.397999999999229,"122, 211"
0.01,206,5,5,100111,0.003,47.1481303265047,-1.47458181422901,-1.20397280432594,"interior",2244.48826766198,-43.939389574834,1,1,0.5,FALSE,0.130043225524092,0.00867832549917424,TRUE,82,0.359000000000378,"122, 211"
0.01,206,5,5,100111,0.005,72.0935963170879,-1.04991094512705,-0.693147180559945,"interior",2266.78375377198,-21.6439034648311,1,1,0.5,FALSE,0.157388371786196,0.00975908863660946,TRUE,80,0.36200000000099,"122, 211"
0.01,206,5,5,100111,0.008,112.043065857469,-0.608992854817495,-0.223143551314211,"interior",2279.13185196164,-9.29580527516919,1,1,0.5,FALSE,0.198212974049475,0.0335851834976467,TRUE,19,0.0649999999986903,"122, 211"
0.01,206,5,5,100111,0.01,192.71680848034,-0.0666543710168304,0,"interior",2285.73344812022,-2.69420911659518,2,1,1,TRUE,0.607044905022132,0.325078304435426,TRUE,93,0.461999999999534,"122, 211"
0.01,206,5,5,100111,0.015,314.752470562565,0.423910353389423,0.405465108108164,"interior",2288.42765723681,0,2,1,1,TRUE,0.658643254640258,0.377266542842489,TRUE,83,0.359000000000378,"122, 211"
0.01,206,5,5,100111,0.02,485.63087112446,0.857572642090827,0.693147180559945,"interior",2286.36157712096,-2.06608011585104,2,1,1,TRUE,0.690564490924604,0.418562334998495,TRUE,81,0.343999999999141,"122, 211"
0.01,206,5,5,100111,0.025,750.919336699073,1.29342206934849,0.916290731874155,"interior",2282.37536419195,-6.0522930448592,2,1,1,TRUE,0.713474314652462,0.452353215214182,TRUE,78,0.353000000000975,"122, 211"
0.01,206,5,5,100111,0.03,1261.7208566786,1.8123556586238,1.09861228866811,"interior",2277.52139735839,-10.9062598784244,2,1,1,TRUE,0.729688907821986,0.476659930986013,TRUE,15,0.0529999999998836,"122, 211"
0.01,447,5,1,100112,1e-05,2,-5.40941141405362,-6.90775527898214,"lower",1552.77491824243,-763.773250769243,0,0,0,FALSE,0.0170644020682122,0.0158232226370194,TRUE,243,1.27199999999903,"230, 363"
0.01,447,5,1,100112,1e-04,2,-5.40941141405362,-4.60517018598809,"lower",1965.38438904979,-351.163779961883,0,0,0,FALSE,0.0172597107551476,0.016022460284539,TRUE,241,1.26600000000144,"230, 363"
0.01,447,5,1,100112,0.001,33.2763169533099,-2.59771265325503,-2.30258509299405,"interior",2222.49278039188,-94.0553886197977,1,1,0.5,FALSE,0.498773784449432,0.00824500394257455,TRUE,76,0.33600000000115,"230, 363"
0.01,447,5,1,100112,0.003,75.8711613033661,-1.77352193889113,-1.20397280432594,"interior",2286.75683796246,-29.7913310492104,1,1,0.5,FALSE,0.504457105359227,0.00919524241844405,TRUE,75,0.324000000000524,"230, 363"
0.01,447,5,1,100112,0.005,115.286330902865,-1.35513972681342,-0.693147180559945,"interior",2303.9210278163,-12.627141195373,1,1,0.5,FALSE,0.506332357872323,0.012692704736181,TRUE,57,0.264999999999418,"230, 363"
0.01,447,5,1,100112,0.008,227.534942082992,-0.675254776442951,-0.223143551314211,"interior",2314.38367180339,-2.16449720828177,2,1,1,TRUE,0.813460161153997,0.62692033536837,TRUE,99,0.479999999999563,"230, 363"
0.01,447,5,1,100112,0.01,291.697568278613,-0.426841054152382,0,"interior",2316.54816901167,0,2,1,1,TRUE,0.826191657574226,0.652383317037879,TRUE,88,0.369999999998981,"230, 363"
0.01,447,5,1,100112,0.015,502.455833923662,0.116949148767643,0.405465108108164,"interior",2316.05300283926,-0.495166172416248,2,1,1,TRUE,0.845783481410887,0.691566962866823,TRUE,80,0.342000000000553,"230, 363"
0.01,447,5,1,100112,0.02,880.893698803722,0.678378364341987,0.693147180559945,"interior",2312.15325994285,-4.39490906882975,2,1,1,TRUE,0.860126784075139,0.72025356815249,TRUE,10,0.0349999999998545,"230, 363"
0.01,447,5,1,100112,0.025,1935.01417016401,1.46531133390567,0.916290731874155,"interior",2307.5133120012,-9.03485701047839,2,1,1,TRUE,0.870168957904497,0.740337915809112,TRUE,72,0.323999999998705,"230, 363"
0.01,447,5,1,100112,0.03,8279.38719002704,2.9189656391605,1.09861228866811,"interior",2302.40122881138,-14.1469402002899,2,1,1,TRUE,0.878414113253495,0.756828226507003,TRUE,63,0.692000000000917,"230, 363"
0.01,447,5,2,100113,1e-05,2,-5.40941141405362,-6.90775527898214,"lower",1519.14476753115,-805.851739139332,0,0,0,FALSE,0.0194845028049008,0.0188393301915289,TRUE,184,0.96900000000096,"31, 277"
0.01,447,5,2,100113,1e-04,2,-5.40941141405362,-4.60517018598809,"lower",1938.447722756,-386.548783914483,0,0,0,FALSE,0.01976067511237,0.0191190376643167,TRUE,175,0.856999999999971,"31, 277"
0.01,447,5,2,100113,0.001,18.9945984362129,-3.1584039486969,-2.30258509299405,"interior",2208.5350374145,-116.461469255985,1,1,0.5,FALSE,0.227681969835743,0.00841020862671027,TRUE,81,0.354999999999563,"31, 277"
0.01,447,5,2,100113,0.003,47.3895348624829,-2.24415717378072,-1.20397280432594,"interior",2282.80617525654,-42.1903314139404,1,1,0.5,FALSE,0.336733901728249,0.00973934243166774,TRUE,78,0.345000000001164,"31, 277"
0.01,447,5,2,100113,0.005,110.023531148462,-1.4018643321672,-0.693147180559945,"interior",2306.35184643708,-18.6446602334008,2,1,1,TRUE,0.723201367104008,0.613718350907914,TRUE,110,0.536999999998443,"31, 277"
0.01,447,5,2,100113,0.008,181.178433155739,-0.903076230407728,-0.223143551314211,"interior",2320.05995790408,-4.93654876640448,2,1,1,TRUE,0.797746930817145,0.680180376673754,TRUE,81,0.342000000000553,"31, 277"
0.01,447,5,2,100113,0.01,237.477614501368,-0.632485230312212,0,"interior",2323.62427615565,-1.37223051483579,2,1,1,TRUE,0.826483267732334,0.713857647760204,TRUE,77,0.329999999999927,"31, 277"
0.01,447,5,2,100113,0.015,443.405694503147,-0.00807345470113496,0.405465108108164,"interior",2324.99650667048,0,2,1,1,TRUE,0.872429686909114,0.773256782148677,TRUE,9,0.0299999999988358,"31, 277"
0.01,447,5,2,100113,0.02,906.065524927961,0.70655303213425,0.693147180559945,"interior",2322.17774053169,-2.81876613878967,2,1,1,TRUE,0.869377575559607,0.745947528828122,TRUE,77,0.332000000000335,"31, 277"
0.01,447,5,2,100113,0.025,2474.37318089832,1.71118378807033,0.916290731874155,"interior",2317.72002528099,-7.27648138949326,2,1,1,TRUE,0.85759981895207,0.717708814142479,TRUE,46,0.481999999999971,"31, 277"
0.01,447,5,2,100113,0.03,20000,3.80092895792256,1.09861228866811,"upper",2312.51682648585,-12.4796801846328,2,1,1,TRUE,0.850887584553047,0.703098963383892,TRUE,25,0.471999999999753,"31, 277"
0.01,447,5,3,100114,1e-05,2,-5.40941141405362,-6.90775527898214,"lower",1515.74854185882,-801.634506591069,0,0,0,FALSE,0.0442046032379019,0.0274770175409812,TRUE,156,1.15200000000004,"325, 443"
0.01,447,5,3,100114,1e-04,2,-5.40941141405362,-4.60517018598809,"lower",1941.59798301848,-375.78506543141,0,0,0,FALSE,0.045360586438131,0.0273314811812991,TRUE,133,0.630000000001019,"325, 443"
0.01,447,5,3,100114,0.001,33.7589366729596,-2.58331342203588,-2.30258509299405,"interior",2222.84346111068,-94.5395873392135,1,1,0.5,FALSE,0.176550165408395,0.00816164625021543,TRUE,76,0.333000000000538,"325, 443"
0.01,447,5,3,100114,0.003,78.1748070520078,-1.74361115942739,-1.20397280432594,"interior",2290.47256837786,-26.9104800720324,1,1,0.5,FALSE,0.178740566453405,0.0087734557676572,TRUE,76,0.32799999999952,"325, 443"
0.01,447,5,3,100114,0.005,119.082679508189,-1.32274055697085,-0.693147180559945,"interior",2307.85705983441,-9.52598861547949,1,1,0.5,FALSE,0.179972769622115,0.010251869911818,TRUE,66,0.296000000000276,"325, 443"
0.01,447,5,3,100114,0.008,185.148621132919,-0.881399734578903,-0.223143551314211,"interior",2315.8665586129,-1.51648983699397,1,1,0.5,FALSE,0.187171147288925,0.0258371382181369,TRUE,16,0.0519999999996799,"325, 443"
0.01,447,5,3,100114,0.01,269.530699601375,-0.505876297574487,0,"interior",2317.38304844989,0,1,1,0.5,FALSE,0.512164373678918,0.341965739813276,TRUE,111,0.557000000000698,"325, 443"
0.01,447,5,3,100114,0.015,493.985487978722,0.0999475455815615,0.405465108108164,"interior",2316.08969291773,-1.29335553215515,1,1,0.5,FALSE,0.643026667202751,0.336034674915941,TRUE,17,0.058999999999287,"325, 443"
0.01,447,5,3,100114,0.02,865.056282994152,0.660235977246804,0.693147180559945,"interior",2311.8108752257,-5.57217322418774,2,1,1,TRUE,0.660258092668883,0.333074568083393,TRUE,15,0.0529999999998836,"325, 443"
0.01,447,5,3,100114,0.025,1674.79523545402,1.32088759468262,0.916290731874155,"interior",2306.43180413927,-10.9512443106155,2,1,1,TRUE,0.663257249839698,0.330592863179694,TRUE,13,0.0460000000002765,"325, 443"
0.01,447,5,3,100114,0.03,4984.92973171367,2.41161599173792,1.09861228866811,"interior",2300.64297601736,-16.7400724325271,2,1,1,TRUE,0.663391689410966,0.328357852637389,TRUE,13,0.0930000000007567,"325, 443"
0.01,447,5,4,100115,1e-05,2,-5.40941141405362,-6.90775527898214,"lower",1595.99857865452,-733.170865092745,0,0,0,FALSE,0.0328002125132121,0.0213496247492576,TRUE,166,0.86200000000099,"59, 170"
0.01,447,5,4,100115,1e-04,6.25565675968592,-4.26907245865485,-4.60517018598809,"interior",2000.59184256813,-328.57760117914,1,1,0.5,FALSE,0.0965476864422045,0.00806814723383531,TRUE,300,1.61300000000119,"59, 170"
0.01,447,5,4,100115,0.001,40.9032235721017,-2.39134971872682,-2.30258509299405,"interior",2239.0016343251,-90.1678094221647,1,1,0.5,FALSE,0.299050880523563,0.0081638061184155,TRUE,76,0.354999999999563,"59, 170"
0.01,447,5,4,100115,0.003,95.0981833149232,-1.54764872813719,-1.20397280432594,"interior",2298.78989654438,-30.379547202886,1,1,0.5,FALSE,0.443833512287513,0.00900971097361247,TRUE,72,0.327000000001135,"59, 170"
0.01,447,5,4,100115,0.005,147.377075245775,-1.10956415445891,-0.693147180559945,"interior",2315.67039931444,-13.4990444328259,1,1,0.5,FALSE,0.483889446702857,0.0149298109854292,TRUE,24,0.0799999999999272,"59, 170"
0.01,447,5,4,100115,0.008,278.91869752871,-0.47163826196652,-0.223143551314211,"interior",2326.24676330199,-2.92268044528055,1,1,0.5,FALSE,0.661666244669725,0.328698408260505,TRUE,92,0.472999999999956,"59, 170"
0.01,447,5,4,100115,0.01,364.329800481265,-0.20449909190989,0,"interior",2328.74588058314,-0.423563164131338,2,1,1,TRUE,0.677339327161084,0.357189583520591,TRUE,78,0.359000000000378,"59, 170"
0.01,447,5,4,100115,0.015,725.993868769411,0.484982974954368,0.405465108108164,"interior",2329.16944374727,0,2,1,1,TRUE,0.706953283476982,0.414148867214659,TRUE,79,0.350000000000364,"59, 170"
0.01,447,5,4,100115,0.02,1549.60262491414,1.24319521140792,0.693147180559945,"interior",2326.30355798293,-2.86588576433951,2,1,1,TRUE,0.727544576576554,0.455121707593976,TRUE,51,0.259999999998399,"59, 170"
0.01,447,5,4,100115,0.025,5490.92681801215,2.50829374495168,0.916290731874155,"interior",2322.03671438937,-7.13272935789428,2,1,1,TRUE,0.743188247544087,0.486383440121145,TRUE,23,0.234999999998763,"59, 170"
0.01,447,5,4,100115,0.03,20000,3.80092895792256,1.09861228866811,"upper",2316.82791345846,-12.3415302888038,2,1,1,TRUE,0.748253960229917,0.496512206161086,TRUE,16,0.278000000000247,"59, 170"
0.01,447,5,5,100116,1e-05,2,-5.40941141405362,-6.90775527898214,"lower",1590.3759143527,-771.16895688172,0,0,0,FALSE,0.0280259870534466,0.0277424908626099,TRUE,204,1.11800000000039,"127, 464"
0.01,447,5,5,100116,1e-04,2,-5.40941141405362,-4.60517018598809,"lower",2003.3566538506,-358.18821738382,0,0,0,FALSE,0.0287710340503651,0.0283855343545603,TRUE,189,1.05600000000049,"127, 464"
0.01,447,5,5,100116,0.001,23.6736679641595,-2.93819522051774,-2.30258509299405,"interior",2263.29781523882,-98.2470559955991,1,1,0.5,FALSE,0.477062044019572,0.00868412133494367,TRUE,81,0.3700000000008,"127, 464"
0.01,447,5,5,100116,0.003,58.2480514420682,-2.03784795436559,-1.20397280432594,"interior",2328.07885622542,-33.4660150090049,1,1,0.5,FALSE,0.50527072292088,0.0141654293488591,TRUE,60,0.304999999998472,"127, 464"
0.01,447,5,5,100116,0.005,142.952164567147,-1.14004853383224,-0.693147180559945,"interior",2349.04846633114,-12.4964049032765,2,1,1,TRUE,0.871468946886254,0.744650318868171,TRUE,84,0.391999999999825,"127, 464"
0.01,447,5,5,100116,0.008,247.094239531529,-0.592788794187266,-0.223143551314211,"interior",2359.36956981881,-2.17530141561292,2,1,1,TRUE,0.904327151422268,0.809013155605987,TRUE,74,0.351000000000568,"127, 464"
0.01,447,5,5,100116,0.01,340.742484848743,-0.271431579016033,0,"interior",2361.54487123442,0,2,1,1,TRUE,0.918306698174985,0.836770534298686,TRUE,69,0.337999999999738,"127, 464"
0.01,447,5,5,100116,0.015,792.935795138374,0.573183659226923,0.405465108108164,"interior",2360.81755227973,-0.727318954694056,2,1,1,TRUE,0.940781370442317,0.881594953278792,TRUE,23,0.0849999999991269,"127, 464"
0.01,447,5,5,100116,0.02,3265.29794707227,1.98854769777952,0.693147180559945,"interior",2356.64164722546,-4.90322400895957,2,1,1,TRUE,0.954169538989265,0.908348607221743,TRUE,9,0.0540000000000873,"127, 464"
0.01,447,5,5,100116,0.025,20000,3.80092895792256,0.916290731874155,"upper",2350.81169524735,-10.7331759870672,2,1,1,TRUE,0.957638750108827,0.915283917104833,TRUE,7,0.0879999999997381,"127, 464"
0.01,447,5,5,100116,0.03,20000,3.80092895792256,1.09861228866811,"upper",2343.05045787102,-18.4944133633967,2,1,1,TRUE,0.957311352797582,0.914629175024688,TRUE,6,0.0799999999999272,"127, 464"
0.01,972,5,1,100117,1e-05,2,-6.18620862390049,-6.90775527898214,"lower",1590.75519616575,-821.01718939731,0,0,0,FALSE,0.0313982869527004,0.0306015998405612,TRUE,218,1.15699999999924,"236, 258"
0.01,972,5,1,100117,1e-04,2,-6.18620862390049,-4.60517018598809,"lower",2013.25795873901,-398.514426824046,0,0,0,FALSE,0.0327173251984397,0.0320102026959571,TRUE,201,1.09300000000076,"236, 258"
0.01,972,5,1,100117,0.001,45.2075511684694,-3.06809167032611,-2.30258509299405,"interior",2299.05927037491,-112.713115188145,1,1,0.5,FALSE,0.212957723902038,0.00829149736798618,TRUE,80,0.365999999999985,"236, 258"
0.01,972,5,1,100117,0.003,121.254096777221,-2.08146748736027,-1.20397280432594,"interior",2374.86320951002,-36.9091760530373,1,1,0.5,FALSE,0.254162336847809,0.0100036280324336,TRUE,78,0.364999999999782,"236, 258"
0.01,972,5,1,100117,0.005,276.875505599915,-1.2557878375682,-0.693147180559945,"interior",2397.19821544668,-14.5741701163761,2,1,1,TRUE,0.755192642406312,0.536323354193662,TRUE,109,0.540999999999258,"236, 258"
0.01,972,5,1,100117,0.008,593.5064009038,-0.49330780545826,-0.223143551314211,"interior",2409.16160878386,-2.61077677919639,2,1,1,TRUE,0.793567416512173,0.593508934475456,TRUE,27,0.091999999998734,"236, 258"
0.01,972,5,1,100117,0.01,1041.11600855058,0.0686926974754609,0,"interior",2411.77238556306,0,2,1,1,TRUE,0.810408268875572,0.623658498277014,TRUE,14,0.047999999998865,"236, 258"
0.01,972,5,1,100117,0.015,20000,3.02413174807569,0.405465108108164,"upper",2411.2284332465,-0.543952316562354,2,1,1,TRUE,0.83602065619746,0.672710456794706,TRUE,13,0.239000000001397,"236, 258"
0.01,972,5,1,100117,0.02,20000,3.02413174807569,0.693147180559945,"upper",2403.59760598355,-8.1747795795045,2,1,1,TRUE,0.836032580149402,0.672703727069903,TRUE,12,0.233000000000175,"236, 258"
0.01,972,5,1,100117,0.025,20000,3.02413174807569,0.916290731874155,"upper",2392.79230552573,-18.9800800373246,2,1,1,TRUE,0.836044257344933,0.672699212064556,TRUE,11,0.236000000000786,"236, 258"
0.01,972,5,1,100117,0.03,20000,3.02413174807569,1.09861228866811,"upper",2381.13601185066,-30.636373712402,2,1,1,TRUE,0.836060478381897,0.672706627955018,TRUE,10,0.227000000000771,"236, 258"
0.01,972,5,2,100118,1e-05,2,-6.18620862390049,-6.90775527898214,"lower",1596.69408596498,-807.499372783484,0,0,0,FALSE,0.029386152652967,0.0161418304595056,TRUE,130,0.680000000000291,"9, 227"
0.01,972,5,2,100118,1e-04,2,-6.18620862390049,-4.60517018598809,"lower",2018.47013615605,-385.723322592411,0,0,0,FALSE,0.029583244928554,0.0160772109205066,TRUE,115,0.622999999999593,"9, 227"
0.01,972,5,2,100118,0.001,37.3492709520546,-3.25904241242809,-2.30258509299405,"interior",2300.76025002061,-103.433208727857,1,1,0.5,FALSE,0.259546521231104,0.00834564517906311,TRUE,84,0.407999999999447,"9, 227"
0.01,972,5,2,100118,0.003,97.4611532172072,-2.29990193439184,-1.20397280432594,"interior",2371.93692960112,-32.2565291473443,1,1,0.5,FALSE,0.263237821266676,0.00938488641774715,TRUE,86,0.411999999998443,"9, 227"
0.01,972,5,2,100118,0.005,165.141122651003,-1.77255540731694,-0.693147180559945,"interior",2389.71563734881,-14.4778213996519,1,1,0.5,FALSE,0.266466730478942,0.0117019118723013,TRUE,93,0.530000000000655,"9, 227"
0.01,972,5,2,100118,0.008,453.530374516069,-0.762293559163456,-0.223143551314211,"interior",2402.26814651821,-1.92531223024889,2,1,1,TRUE,0.762211665767402,0.527408258602871,TRUE,80,0.373999999999796,"9, 227"
0.01,972,5,2,100118,0.01,727.73625512779,-0.289417108817887,0,"interior",2404.19345874846,0,2,1,1,TRUE,0.764527284010686,0.530312800831006,TRUE,77,0.373999999999796,"9, 227"
0.01,972,5,2,100118,0.015,7868.23537307622,2.09123328983698,0.405465108108164,"interior",2402.92642932842,-1.26702942004613,2,1,1,TRUE,0.767846743509409,0.535941266645843,TRUE,41,0.524000000001251,"9, 227"
0.01,972,5,2,100118,0.02,20000,3.02413174807569,0.693147180559945,"upper",2396.66802856191,-7.52543018655069,2,1,1,TRUE,0.768014121273528,0.536258867364055,TRUE,28,0.643000000000029,"9, 227"
0.01,972,5,2,100118,0.025,20000,3.02413174807569,0.916290731874155,"upper",2387.13955280792,-17.0539059405392,2,1,1,TRUE,0.767994437782676,0.536233712449261,TRUE,29,0.675000000001091,"9, 227"
0.01,972,5,2,100118,0.03,20000,3.02413174807569,1.09861228866811,"upper",2376.61156184661,-27.5818969018555,2,1,1,TRUE,0.767973936545117,0.536207748772076,TRUE,28,0.652000000000044,"9, 227"
0.01,972,5,3,100119,1e-05,2,-6.18620862390049,-6.90775527898214,"lower",1558.18143461885,-812.145705490782,0,0,0,FALSE,0.0954922391277415,0.0691211433370645,TRUE,306,1.75,"12, 237"
0.01,972,5,3,100119,1e-04,3.80402728172139,-5.54329548795196,-4.60517018598809,"interior",1985.33454324683,-384.992596862805,0,0,0,FALSE,0.119103476892824,0.0504285444083631,TRUE,229,1.67099999999846,"12, 237"
0.01,972,5,3,100119,0.001,36.4853933718386,-3.28244380555948,-2.30258509299405,"interior",2265.81626575933,-104.510874350308,1,1,0.5,FALSE,0.451325463381097,0.008647278366402,TRUE,74,0.346999999999753,"12, 237"
0.01,972,5,3,100119,0.003,134.313141694393,-1.97918185244684,-1.20397280432594,"interior",2337.80498520861,-32.5221549010257,2,1,1,TRUE,0.883121992297585,0.772270000211782,TRUE,133,0.627000000000407,"12, 237"
0.01,972,5,3,100119,0.005,222.357169430919,-1.47507084412466,-0.693147180559945,"interior",2357.53172998376,-12.7954101258715,2,1,1,TRUE,0.922439281320433,0.845921558516542,TRUE,73,0.338000000001557,"12, 237"
0.01,972,5,3,100119,0.008,422.779077219052,-0.83250603792571,-0.223143551314211,"interior",2367.66570385137,-2.66143625826362,2,1,1,TRUE,0.95630804360762,0.912745963565708,TRUE,94,0.493999999998778,"12, 237"
0.01,972,5,3,100119,0.01,629.381426679546,-0.434618329830935,0,"interior",2370.08222972692,-0.24491038271708,2,1,1,TRUE,0.968049470001185,0.936141004979175,TRUE,76,0.35399999999936,"12, 237"
0.01,972,5,3,100119,0.015,1929.2046239822,0.685507280570712,0.405465108108164,"interior",2370.32714010964,0,2,1,1,TRUE,0.983126623651589,0.966257701317915,TRUE,50,0.27100000000064,"12, 237"
0.01,972,5,3,100119,0.02,20000,3.02413174807569,0.693147180559945,"upper",2367.05915145739,-3.26798865224191,2,1,1,TRUE,0.989007068301427,0.978015074729301,TRUE,10,0.112999999999374,"12, 237"
0.01,972,5,3,100119,0.025,20000,3.02413174807569,0.916290731874155,"upper",2360.47962299792,-9.84751711172021,2,1,1,TRUE,0.989162821537932,0.97832658509068,TRUE,9,0.115999999999985,"12, 237"
0.01,972,5,3,100119,0.03,20000,3.02413174807569,1.09861228866811,"upper",2352.034690044,-18.2924500656381,2,1,1,TRUE,0.989315864778222,0.978632673131574,TRUE,9,0.112999999999374,"12, 237"
0.01,972,5,4,100120,1e-05,2,-6.18620862390049,-6.90775527898214,"lower",1549.14217467311,-853.697134611634,0,0,0,FALSE,0.0127708368027017,0.0127345239369527,TRUE,462,2.54899999999907,"57, 352"
0.01,972,5,4,100120,1e-04,2,-6.18620862390049,-4.60517018598809,"lower",1975.76042689556,-427.078882389186,0,0,0,FALSE,0.0128494077531661,0.0128113125139603,TRUE,456,2.47700000000077,"57, 352"
0.01,972,5,4,100120,0.001,18.6792918551904,-3.95194028162937,-2.30258509299405,"interior",2267.9693854633,-134.869923821442,0,0,0,FALSE,0.44995511071913,0.354679074582312,TRUE,84,0.369999999998981,"57, 352"
0.01,972,5,4,100120,0.003,51.3730803476052,-2.94024149783888,-1.20397280432594,"interior",2346.82511349181,-56.0141957929377,0,0,0,FALSE,0.497013506896829,0.285901247429931,TRUE,84,0.372999999999593,"57, 352"
0.01,972,5,4,100120,0.005,219.960445603668,-1.48590806698332,-0.693147180559945,"interior",2383.22800981039,-19.6112994743576,2,1,1,TRUE,0.983419781798392,0.966847608844574,TRUE,77,0.334999999999127,"57, 352"
0.01,972,5,4,100120,0.008,450.136790328813,-0.769804289379707,-0.223143551314211,"interior",2397.88589611407,-4.9534131706796,2,1,1,TRUE,0.993534558320266,0.987069488211439,TRUE,75,0.32799999999952,"57, 352"
0.01,972,5,4,100120,0.01,732.097775318667,-0.283441726579476,0,"interior",2401.57567900075,-1.26363028400056,2,1,1,TRUE,0.996119203465279,0.992238481653335,TRUE,73,0.325999999999112,"57, 352"
0.01,972,5,4,100120,0.015,8803.85425212086,2.20358908331477,0.405465108108164,"interior",2402.83930928475,0,2,1,1,TRUE,0.99863087430065,0.997261751838924,TRUE,60,0.685999999999694,"57, 352"
0.01,972,5,4,100120,0.02,20000,3.02413174807569,0.693147180559945,"upper",2397.60276238782,-5.23654689692876,2,1,1,TRUE,0.998725579805836,0.997451162338646,TRUE,59,1.28600000000006,"57, 352"
0.01,972,5,4,100120,0.025,20000,3.02413174807569,0.916290731874155,"upper",2388.44772227156,-14.3915870131909,2,1,1,TRUE,0.998731767076216,0.997463536936486,TRUE,60,1.29500000000007,"57, 352"
0.01,972,5,4,100120,0.03,20000,3.02413174807569,1.09861228866811,"upper",2378.02526517146,-24.8140441132832,2,1,1,TRUE,0.998737947444005,0.997475897730831,TRUE,60,1.30999999999949,"57, 352"
0.01,972,5,5,100121,1e-05,2,-6.18620862390049,-6.90775527898214,"lower",1678.83991667955,-733.658701417744,0,0,0,FALSE,0.0384164129860862,0.0134146291288024,TRUE,336,1.77200000000084,"175, 198"
0.01,972,5,5,100121,1e-04,10.9402910616783,-4.48690340254828,-4.60517018598809,"interior",2087.17914080505,-325.319477292237,1,1,0.5,FALSE,0.0742685158647571,0.00795668469026989,TRUE,144,0.738999999999578,"175, 198"
0.01,972,5,5,100121,0.001,73.4053158240331,-2.58335944879161,-2.30258509299405,"interior",2339.85001426013,-72.6486038371613,1,1,0.5,FALSE,0.144104714202493,0.00838802732698396,TRUE,78,0.343000000000757,"175, 198"
0.01,972,5,5,100121,0.003,184.917350778306,-1.65944683175547,-1.20397280432594,"interior",2395.74687024952,-16.7517478477653,1,1,0.5,FALSE,0.194036176380549,0.0115244279938901,TRUE,61,0.28099999999904,"175, 198"
0.01,972,5,5,100121,0.005,386.415623644933,-0.922442269075805,-0.693147180559945,"interior",2408.54919191272,-3.94942618456662,2,1,1,TRUE,0.875406215808682,0.79577021571433,TRUE,117,0.550000000001091,"175, 198"
0.01,972,5,5,100121,0.008,778.268420824816,-0.222284325872017,-0.223143551314211,"interior",2412.49861809729,0,2,1,1,TRUE,0.943012753381177,0.893255713622108,TRUE,78,0.34099999999853,"175, 198"
0.01,972,5,5,100121,0.01,1260.53896698917,0.259938855604164,0,"interior",2411.46303082608,-1.03558727121208,2,1,1,TRUE,0.960287707641228,0.923541050592455,TRUE,64,0.299000000000888,"175, 198"
0.01,972,5,5,100121,0.015,20000,3.02413174807569,0.405465108108164,"upper",2404.68431701435,-7.81430108293853,2,1,1,TRUE,0.981115637674194,0.962814731391317,TRUE,14,0.246000000001004,"175, 198"
0.01,972,5,5,100121,0.02,20000,3.02413174807569,0.693147180559945,"upper",2394.33484363932,-18.1637744579652,2,1,1,TRUE,0.980890924020572,0.962365168957587,TRUE,14,0.257999999999811,"175, 198"
0.01,972,5,5,100121,0.025,20000,3.02413174807569,0.916290731874155,"upper",2382.07986084547,-30.4187572518222,2,1,1,TRUE,0.980668322611402,0.961920224201346,TRUE,14,0.260000000000218,"175, 198"
0.01,972,5,5,100121,0.03,20000,3.02413174807569,1.09861228866811,"upper",2369.56531585932,-42.9333022379687,2,1,1,TRUE,0.980460218950453,0.961505315004979,TRUE,13,0.248999999999796,"175, 198"
0.01,2115,5,1,100122,1e-05,2,-6.96366291092043,-6.90775527898214,"lower",1649.28658566178,-796.863850749572,0,0,0,FALSE,0.0157293690744717,0.0155484869127451,TRUE,167,0.85399999999936,"390, 402"
0.01,2115,5,1,100122,1e-04,2,-6.96366291092043,-4.60517018598809,"lower",2071.05525876126,-375.095177650099,0,0,0,FALSE,0.0159017377840195,0.0156532941198723,TRUE,172,0.871000000001004,"390, 402"
0.01,2115,5,1,100122,0.001,43.7992443004451,-3.87719352766132,-2.30258509299405,"interior",2350.57058812464,-95.5798482867158,1,1,0.5,FALSE,0.419362159505183,0.00846461952406374,TRUE,81,0.360000000000582,"390, 402"
0.01,2115,5,1,100122,0.003,129.805672645617,-2.79077158519448,-1.20397280432594,"interior",2418.70890136499,-27.4415350463605,1,1,0.5,FALSE,0.501222841577705,0.0341201259047379,TRUE,16,0.055000000000291,"390, 402"
0.01,2115,5,1,100122,0.005,326.204531047903,-1.8692855109917,-0.693147180559945,"interior",2437.94254424515,-8.20789216620233,2,1,1,TRUE,0.64000656852065,0.285542904990355,TRUE,81,0.368999999998778,"390, 402"
0.01,2115,5,1,100122,0.008,920.958650697662,-0.831394952326675,-0.223143551314211,"interior",2445.60957218512,-0.540864226238227,2,1,1,TRUE,0.635790012105649,0.273074222175328,TRUE,76,0.409999999999854,"390, 402"
0.01,2115,5,1,100122,0.01,2882.79806684334,0.309706560986687,0,"interior",2446.15043641135,0,2,1,1,TRUE,0.630995969009627,0.262749602875134,TRUE,73,0.727000000000771,"390, 402"
0.01,2115,5,1,100122,0.015,20000,2.24667746105575,0.405465108108164,"upper",2439.79571324563,-6.35472316572123,2,1,1,TRUE,0.628730925377714,0.258017670879468,TRUE,71,1.61599999999999,"390, 402"
0.01,2115,5,1,100122,0.02,20000,2.24667746105575,0.693147180559945,"upper",2427.40435397844,-18.7460824329164,2,1,1,TRUE,0.629056217521812,0.258671852068925,TRUE,71,1.6260000000002,"390, 402"
0.01,2115,5,1,100122,0.025,20000,2.24667746105575,0.916290731874155,"upper",2413.85055714492,-32.299879266433,2,1,1,TRUE,0.629378756815012,0.259320542557364,TRUE,71,1.63200000000143,"390, 402"
0.01,2115,5,1,100122,0.03,20000,2.24667746105575,1.09861228866811,"upper",2400.48709779319,-45.6633386181602,2,1,1,TRUE,0.629698524720265,0.259963725612379,TRUE,71,1.6260000000002,"390, 402"
0.01,2115,5,2,100123,1e-05,2,-6.96366291092043,-6.90775527898214,"lower",1649.99338490037,-791.32012759421,0,0,0,FALSE,0.0483592354808439,0.0467183222380602,TRUE,113,0.57799999999952,"203, 382"
0.01,2115,5,2,100123,1e-04,2,-6.96366291092043,-4.60517018598809,"lower",2075.08748799309,-366.226024501484,0,0,0,FALSE,0.048246886131743,0.046618113079942,TRUE,100,0.531000000000859,"203, 382"
0.01,2115,5,2,100123,0.001,39.1780585691275,-3.98869323177089,-2.30258509299405,"interior",2347.27609756603,-94.0374149285408,1,1,0.5,FALSE,0.462133436991695,0.0225662143731945,TRUE,45,0.244999999998981,"203, 382"
0.01,2115,5,2,100123,0.003,179.964858635015,-2.46404848945546,-1.20397280432594,"interior",2416.93677666732,-24.376735827258,2,1,1,TRUE,0.712894372672787,0.434793024952375,TRUE,79,0.72899999999936,"203, 382"
0.01,2115,5,2,100123,0.005,348.835498039355,-1.80220963272214,-0.693147180559945,"interior",2433.8039526927,-7.50955980187382,2,1,1,TRUE,0.779167774149275,0.560668702611264,TRUE,76,0.334999999999127,"203, 382"
0.01,2115,5,2,100123,0.008,917.746488714791,-0.834888895082107,-0.223143551314211,"interior",2440.84568912687,-0.46782336771048,2,1,1,TRUE,0.841784541523622,0.684102146465539,TRUE,73,0.329000000001543,"203, 382"
0.01,2115,5,2,100123,0.01,2389.24236873568,0.121921502660886,0,"interior",2441.31351249458,0,2,1,1,TRUE,0.869793627855329,0.73982939332138,TRUE,68,0.663000000000466,"203, 382"
0.01,2115,5,2,100123,0.015,20000,2.24667746105575,0.405465108108164,"upper",2435.64095972991,-5.67255276466312,2,1,1,TRUE,0.88615966168309,0.772462947553569,TRUE,63,1.42200000000048,"203, 382"
0.01,2115,5,2,100123,0.02,20000,2.24667746105575,0.693147180559945,"upper",2423.85686096154,-17.4566515330375,2,1,1,TRUE,0.886368762859668,0.772881069988935,TRUE,64,1.4369999999999,"203, 382"
0.01,2115,5,2,100123,0.025,20000,2.24667746105575,0.916290731874155,"upper",2410.66252462968,-30.6509878648985,2,1,1,TRUE,0.886578198171941,0.773299823591372,TRUE,64,1.44200000000092,"203, 382"
0.01,2115,5,2,100123,0.03,20000,2.24667746105575,1.09861228866811,"upper",2397.49204921972,-43.8214632748509,2,1,1,TRUE,0.886784228903432,0.773711839114848,TRUE,65,1.45200000000114,"203, 382"
0.01,2115,5,3,100124,1e-05,2,-6.96366291092043,-6.90775527898214,"lower",1697.11622407835,-760.826801723598,0,0,0,FALSE,0.0235196925328267,0.0229401210392998,TRUE,160,0.819999999999709,"24, 200"
0.01,2115,5,3,100124,1e-04,2,-6.96366291092043,-4.60517018598809,"lower",2108.39894356222,-349.544082239725,0,0,0,FALSE,0.0238378113480923,0.0233034833980815,TRUE,152,0.793999999999869,"24, 200"
0.01,2115,5,3,100124,0.001,58.1578944068418,-3.59364846236918,-2.30258509299405,"interior",2361.96948871008,-95.9735370918615,1,1,0.5,FALSE,0.504300545431145,0.00860109086351912,TRUE,82,0.365999999999985,"24, 200"
0.01,2115,5,3,100124,0.003,163.096074444488,-2.56247065053982,-1.20397280432594,"interior",2425.8442501896,-32.0987756123509,1,1,0.5,FALSE,0.506032551622472,0.0120651032449434,TRUE,91,0.483000000000175,"24, 200"
0.01,2115,5,3,100124,0.005,447.124801562947,-1.55397233770795,-0.693147180559945,"interior",2446.81804140109,-11.1249844008548,1,1,0.5,FALSE,0.970270976841708,0.940541953683415,TRUE,82,0.354999999999563,"24, 200"
0.01,2115,5,3,100124,0.008,1587.13282768301,-0.287125677113602,-0.223143551314211,"interior",2456.33171768301,-1.61130811893236,2,1,1,TRUE,0.988328251710896,0.976656503421792,TRUE,79,0.349999999998545,"24, 200"
0.01,2115,5,3,100124,0.01,20000,2.24667746105575,0,"upper",2457.94302580195,0,2,1,1,TRUE,0.992740298174153,0.985480596348306,TRUE,77,1.67900000000009,"24, 200"
0.01,2115,5,3,100124,0.015,20000,2.24667746105575,0.405465108108164,"upper",2451.35570134581,-6.5873244561385,2,1,1,TRUE,0.992948704364782,0.985897408729563,TRUE,77,1.68100000000049,"24, 200"
0.01,2115,5,3,100124,0.02,20000,2.24667746105575,0.693147180559945,"upper",2438.48926434039,-19.4537614615542,2,1,1,TRUE,0.993150769767323,0.986301539534647,TRUE,78,1.80500000000029,"24, 200"
0.01,2115,5,3,100124,0.025,20000,2.24667746105575,0.916290731874155,"upper",2424.45450573981,-33.4885200621334,2,1,1,TRUE,0.993347580554694,0.986695161109388,TRUE,78,1.79499999999825,"24, 200"
0.01,2115,5,3,100124,0.03,20000,2.24667746105575,1.09861228866811,"upper",2410.61125518838,-47.3317706135686,2,1,1,TRUE,0.99353872989013,0.98707745978026,TRUE,78,1.80299999999988,"24, 200"
0.01,2115,5,4,100125,1e-05,2,-6.96366291092043,-6.90775527898214,"lower",1595.8662473491,-819.792256613344,0,0,0,FALSE,0.0250749121698348,0.0231965146042782,TRUE,157,0.811999999999898,"327, 344"
0.01,2115,5,4,100125,1e-04,2,-6.96366291092043,-4.60517018598809,"lower",2026.04454381157,-389.613960150876,0,0,0,FALSE,0.0253556710795587,0.0233468912187776,TRUE,145,0.781999999999243,"327, 344"
0.01,2115,5,4,100125,0.001,41.3822530484906,-3.93395797288081,-2.30258509299405,"interior",2306.26178404324,-109.396719919207,1,1,0.5,FALSE,0.504251482253958,0.0085030333911118,TRUE,79,0.356999999999971,"327, 344"
0.01,2115,5,4,100125,0.003,109.488331066925,-2.9609921135012,-1.20397280432594,"interior",2377.45950828982,-38.1989956726316,1,1,0.5,FALSE,0.507251860388704,0.0145037207806836,TRUE,57,0.281000000000859,"327, 344"
0.01,2115,5,4,100125,0.005,263.729747838934,-2.08188519508305,-0.693147180559945,"interior",2400.37678195079,-15.2817220116576,2,1,1,TRUE,0.993622278122016,0.987244556244031,TRUE,89,0.376000000000204,"327, 344"
0.01,2115,5,4,100125,0.008,573.367396661836,-1.30528339932359,-0.223143551314211,"interior",2412.70119184749,-2.95731211496104,2,1,1,TRUE,0.999064216476084,0.998128432952168,TRUE,81,0.353000000000975,"327, 344"
0.01,2115,5,4,100125,0.01,1020.69118779107,-0.728574779603769,0,"interior",2415.61947586002,-0.0390281024237993,2,1,1,TRUE,0.999641294776878,0.999282589553756,TRUE,79,0.345999999999549,"327, 344"
0.01,2115,5,4,100125,0.015,20000,2.24667746105575,0.405465108108164,"upper",2415.65850396245,0,2,1,1,TRUE,0.999916568664561,0.999833137329121,TRUE,78,1.79299999999967,"327, 344"
0.01,2115,5,4,100125,0.02,20000,2.24667746105575,0.693147180559945,"upper",2408.36301112484,-7.29549283760934,2,1,1,TRUE,0.999915738087368,0.999831476174736,TRUE,78,1.80799999999908,"327, 344"
0.01,2115,5,4,100125,0.025,20000,2.24667746105575,0.916290731874155,"upper",2397.92990237938,-17.72860158307,2,1,1,TRUE,0.999914700014249,0.999829400028498,TRUE,78,2.16799999999967,"327, 344"
0.01,2115,5,4,100125,0.03,20000,2.24667746105575,1.09861228866811,"upper",2386.64626498141,-29.0122389810372,2,1,1,TRUE,0.999913451864769,0.999826903729539,TRUE,78,1.79600000000028,"327, 344"
0.01,2115,5,5,100126,1e-05,2,-6.96366291092043,-6.90775527898214,"lower",1618.8457779203,-803.502673027349,0,0,0,FALSE,0.0435816183231116,0.0326404234805299,TRUE,190,1.01900000000023,"50, 190"
0.01,2115,5,5,100126,1e-04,5.5652659538743,-5.94026531744119,-4.60517018598809,"interior",2030.14733142862,-392.201119519028,1,1,0.5,FALSE,0.06511679893174,0.0122761564943662,TRUE,201,1.0510000000013,"50, 190"
0.01,2115,5,5,100126,0.001,43.6677495288238,-3.8802002588848,-2.30258509299405,"interior",2309.59324679858,-112.755204149072,1,1,0.5,FALSE,0.104633578204083,0.00843128768555812,TRUE,82,0.372000000001208,"50, 190"
0.01,2115,5,5,100126,0.003,120.831838115743,-2.86241028014486,-1.20397280432594,"interior",2385.0628053159,-37.2856456317527,1,1,0.5,FALSE,0.129977639323845,0.011458101825202,TRUE,85,0.380000000001019,"50, 190"
0.01,2115,5,5,100126,0.005,307.645367734536,-1.92786237534032,-0.693147180559945,"interior",2409.48670856957,-12.8617423780775,2,1,1,TRUE,0.619837557127866,0.25831353154649,TRUE,86,0.371000000001004,"50, 190"
0.01,2115,5,5,100126,0.008,690.10066842958,-1.11997260825615,-0.223143551314211,"interior",2420.46223244203,-1.88621850562367,2,1,1,TRUE,0.632251201330373,0.269132323567053,TRUE,80,0.359000000000378,"50, 190"
0.01,2115,5,5,100126,0.01,1275.64723408647,-0.505601128113071,0,"interior",2422.34845094765,0,2,1,1,TRUE,0.635275810868987,0.272793550261574,TRUE,79,0.351999999998952,"50, 190"
0.01,2115,5,5,100126,0.015,20000,2.24667746105575,0.405465108108164,"upper",2419.85059893632,-2.49785201132863,2,1,1,TRUE,0.637834311788762,0.276473101013235,TRUE,78,1.79799999999886,"50, 190"
0.01,2115,5,5,100126,0.02,20000,2.24667746105575,0.693147180559945,"upper",2410.45684941146,-11.8916015361956,2,1,1,TRUE,0.637844543643054,0.27648332317563,TRUE,78,1.8119999999999,"50, 190"
0.01,2115,5,5,100126,0.025,20000,2.24667746105575,0.916290731874155,"upper",2398.5794507102,-23.7690002374561,2,1,1,TRUE,0.637854680783646,0.276493472844337,TRUE,78,1.80999999999949,"50, 190"
0.01,2115,5,5,100126,0.03,20000,2.24667746105575,1.09861228866811,"upper",2386.22427632978,-36.1241746178748,2,1,1,TRUE,0.637865358609768,0.276504844475209,TRUE,79,1.84500000000116,"50, 190"
0.01,4599,5,1,100127,1e-05,2,-7.74044698697998,-6.90775527898214,"lower",1590.62299467711,-847.936240045292,0,0,0,FALSE,0.0640135275860175,0.0180891684795375,TRUE,205,1.08600000000115,"330, 485"
0.01,4599,5,1,100127,1e-04,6.83097756274288,-6.51212637641823,-4.60517018598809,"interior",2026.88216763761,-411.677067084793,1,1,0.5,FALSE,0.245956288029185,0.00795843365793825,TRUE,246,1.27099999999882,"330, 485"
0.01,4599,5,1,100127,0.001,63.3380252181021,-4.28510830440043,-2.30258509299405,"interior",2330.38638888204,-108.172845840368,1,1,0.5,FALSE,0.432073477799008,0.00841994407714775,TRUE,78,0.345999999999549,"330, 485"
0.01,4599,5,1,100127,0.003,181.293902585174,-3.23347468197637,-1.20397280432594,"interior",2404.62701984904,-33.9322148733681,1,1,0.5,FALSE,0.494787584604065,0.0199833860940873,TRUE,19,0.0630000000001019,"330, 485"
0.01,4599,5,1,100127,0.005,416.248303503048,-2.40231220192193,-0.693147180559945,"interior",2426.4980555205,-12.0611792019045,2,1,1,TRUE,0.566340121794022,0.138981627281934,TRUE,85,0.363999999999578,"330, 485"
0.01,4599,5,1,100127,0.008,1060.11504414858,-1.46746145410736,-0.223143551314211,"interior",2436.67773203682,-1.88150268558684,2,1,1,TRUE,0.56678809799575,0.135194048525228,TRUE,80,0.352000000000771,"330, 485"
0.01,4599,5,1,100127,0.01,2529.48997335046,-0.59782119770175,0,"interior",2438.5592347224,0,2,1,1,TRUE,0.565807494397389,0.13239762431814,TRUE,79,0.719999999999345,"330, 485"
0.01,4599,5,1,100127,0.015,20000,1.4698933849962,0.405465108108164,"upper",2435.41353220066,-3.14570252174326,2,1,1,TRUE,0.564978808198866,0.130410002752852,TRUE,77,1.79800000000068,"330, 485"
0.01,4599,5,1,100127,0.02,20000,1.4698933849962,0.693147180559945,"upper",2424.97959921837,-13.579635504032,2,1,1,TRUE,0.56523185198761,0.130917742463458,TRUE,77,1.79800000000068,"330, 485"
0.01,4599,5,1,100127,0.025,20000,1.4698933849962,0.916290731874155,"upper",2412.55474104788,-26.0044936745244,2,1,1,TRUE,0.565482285766059,0.131420266381784,TRUE,77,1.80600000000049,"330, 485"
0.01,4599,5,1,100127,0.03,20000,1.4698933849962,1.09861228866811,"upper",2399.86081512801,-38.6984195943978,2,1,1,TRUE,0.565731267239701,0.131919874076157,TRUE,78,1.81899999999951,"330, 485"
0.01,4599,5,2,100128,1e-05,2,-7.74044698697998,-6.90775527898214,"lower",1614.82282387166,-841.928605648246,0,0,0,FALSE,0.0534392277974931,0.00815159455927772,TRUE,110,0.559000000001106,"152, 402"
0.01,4599,5,2,100128,1e-04,2,-7.74044698697998,-4.60517018598809,"lower",2039.24964451178,-417.501785008123,0,0,0,FALSE,0.0533730693508928,0.00815051324802607,TRUE,96,0.513999999999214,"152, 402"
0.01,4599,5,2,100128,0.001,46.0773806085167,-4.60327199720123,-2.30258509299405,"interior",2334.19747422172,-122.553955298181,1,1,0.5,FALSE,0.391743183195733,0.00818694849954904,TRUE,84,0.373999999999796,"152, 402"
0.01,4599,5,2,100128,0.003,140.840643723576,-3.48596510266159,-1.20397280432594,"interior",2416.24071160228,-40.5107179176284,1,1,0.5,FALSE,0.465947221670839,0.00879292959389366,TRUE,85,0.3799999999992,"152, 402"
0.01,4599,5,2,100128,0.005,285.704559607879,-2.778635899005,-0.693147180559945,"interior",2439.63379805378,-17.1176314661207,1,1,0.5,FALSE,0.487728597212624,0.0103282011164681,TRUE,82,0.367000000000189,"152, 402"
0.01,4599,5,2,100128,0.008,1075.40522487762,-1.4531413446327,-0.223143551314211,"interior",2453.07708077881,-3.67434874109631,1,1,0.5,FALSE,0.655605837145883,0.319805142882996,TRUE,92,0.502000000000407,"152, 402"
0.01,4599,5,2,100128,0.01,9039.97630311116,0.675817664505601,0,"interior",2456.7514295199,0,1,1,0.5,FALSE,0.688281069813253,0.380981237586804,TRUE,78,0.959000000000742,"152, 402"
0.01,4599,5,2,100128,0.015,20000,1.4698933849962,0.405465108108164,"upper",2453.90162713071,-2.84980238919934,1,1,0.5,FALSE,0.689748284529694,0.383702081096958,TRUE,74,2.09299999999894,"152, 402"
0.01,4599,5,2,100128,0.02,20000,1.4698933849962,0.693147180559945,"upper",2442.88212984849,-13.869299671414,1,1,0.5,FALSE,0.689130765094762,0.382491687493122,TRUE,75,1.79800000000068,"152, 402"
0.01,4599,5,2,100128,0.025,20000,1.4698933849962,0.916290731874155,"upper",2429.91596888774,-26.8354606321636,1,1,0.5,FALSE,0.688500006806847,0.381255073205685,TRUE,75,1.81099999999969,"152, 402"
0.01,4599,5,2,100128,0.03,20000,1.4698933849962,1.09861228866811,"upper",2416.7491013498,-40.0023281701065,1,1,0.5,FALSE,0.687856257861962,0.379992662787254,TRUE,75,1.78600000000006,"152, 402"
0.01,4599,5,3,100129,1e-05,2,-7.74044698697998,-6.90775527898214,"lower",1618.51614400851,-815.852699497899,0,0,0,FALSE,0.027733577024606,0.0261513339483823,TRUE,287,1.54700000000048,"278, 485"
0.01,4599,5,3,100129,1e-04,2,-7.74044698697998,-4.60517018598809,"lower",2045.86679866153,-388.502044844874,0,0,0,FALSE,0.028763297448765,0.0267462840328661,TRUE,276,1.50300000000061,"278, 485"
0.01,4599,5,3,100129,0.001,42.8529244549202,-4.67582027616872,-2.30258509299405,"interior",2340.58917833531,-93.7796651710955,1,1,0.5,FALSE,0.333145348239277,0.00847284654540637,TRUE,80,0.359000000000378,"278, 485"
0.01,4599,5,3,100129,0.003,121.790180639992,-3.63129443423327,-1.20397280432594,"interior",2410.28127281826,-24.0875706881479,1,1,0.5,FALSE,0.398302167210749,0.0203310575996445,TRUE,30,0.101000000000568,"278, 485"
0.01,4599,5,3,100129,0.005,282.207733594518,-2.7909507238386,-0.693147180559945,"interior",2427.0523204347,-7.31652307170498,1,1,0.5,FALSE,0.797947900279082,0.747685294649206,TRUE,88,0.386000000000422,"278, 485"
0.01,4599,5,3,100129,0.008,709.387006570902,-1.86919294145089,-0.223143551314211,"interior",2433.96630404231,-0.402539464102574,2,1,1,TRUE,0.870108667750026,0.777100953596742,TRUE,39,0.134999999998399,"278, 485"
0.01,4599,5,3,100129,0.01,1639.24883157999,-1.03160078117364,0,"interior",2434.36884350641,0,2,1,1,TRUE,0.88867186020255,0.794282420199496,TRUE,14,0.0490000000008877,"278, 485"
0.01,4599,5,3,100129,0.015,20000,1.4698933849962,0.405465108108164,"upper",2429.21758018126,-5.15126332515092,2,1,1,TRUE,0.900643688382105,0.810016135265547,TRUE,7,0.0850000000009459,"278, 485"
0.01,4599,5,3,100129,0.02,20000,1.4698933849962,0.693147180559945,"upper",2417.93877816155,-16.4300653448554,2,1,1,TRUE,0.90096509563982,0.810711911448479,TRUE,7,0.0950000000011642,"278, 485"
0.01,4599,5,3,100129,0.025,20000,1.4698933849962,0.916290731874155,"upper",2405.05605503894,-29.3127884674682,2,1,1,TRUE,0.901351503028329,0.811564731592648,TRUE,7,0.0959999999995489,"278, 485"
0.01,4599,5,3,100129,0.03,20000,1.4698933849962,1.09861228866811,"upper",2392.08810526835,-42.2807382380629,2,1,1,TRUE,0.901736073159222,0.812414546010343,TRUE,7,0.0940000000009604,"278, 485"
0.01,4599,5,4,100130,1e-05,2,-7.74044698697998,-6.90775527898214,"lower",1555.84560120072,-884.112550044852,0,0,0,FALSE,0.109546061615724,0.0899544137040195,TRUE,199,1.0570000000007,"5, 482"
0.01,4599,5,4,100130,1e-04,2,-7.74044698697998,-4.60517018598809,"lower",1994.92283328643,-445.035317959138,0,0,0,FALSE,0.107342570379649,0.0891046255294955,TRUE,169,0.863999999999578,"5, 482"
0.01,4599,5,4,100130,0.001,32.6443316060957,-4.94792293772892,-2.30258509299405,"interior",2308.98021781824,-130.977933427332,1,1,0.5,FALSE,0.282461010291938,0.00903464169867452,TRUE,81,0.381999999999607,"5, 482"
0.01,4599,5,4,100130,0.003,159.600844061179,-3.36091819393432,-1.20397280432594,"interior",2396.45731176419,-43.5008394813767,2,1,1,TRUE,0.404930993679112,0.194280824930272,TRUE,76,0.344999999999345,"5, 482"
0.01,4599,5,4,100130,0.005,311.015352633169,-2.69375189119916,-0.693147180559945,"interior",2420.93724397642,-19.0209072691496,2,1,1,TRUE,0.429661817456798,0.205928993202579,TRUE,76,0.345999999999549,"5, 482"
0.01,4599,5,4,100130,0.008,816.515608173123,-1.72854813936218,-0.223143551314211,"interior",2435.25830757953,-4.69984366604012,2,1,1,TRUE,0.454990842553616,0.215009885589605,TRUE,76,0.343000000000757,"5, 482"
0.01,4599,5,4,100130,0.01,2087.53873385807,-0.789853155845466,0,"interior",2439.32946225913,-0.62868898644183,2,1,1,TRUE,0.46736003930301,0.217942279119541,TRUE,76,0.729000000001179,"5, 482"
0.01,4599,5,4,100130,0.015,20000,1.4698933849962,0.405465108108164,"upper",2439.95815124557,0,2,1,1,TRUE,0.475325739111523,0.219126390080054,TRUE,76,1.79299999999967,"5, 482"
0.01,4599,5,4,100130,0.02,20000,1.4698933849962,0.693147180559945,"upper",2431.48494244186,-8.47320880370626,2,1,1,TRUE,0.47530662249503,0.219127146030485,TRUE,77,1.79900000000089,"5, 482"
0.01,4599,5,4,100130,0.025,20000,1.4698933849962,0.916290731874155,"upper",2420.23136409896,-19.7267871466079,2,1,1,TRUE,0.475287109507816,0.219127592047726,TRUE,77,1.80899999999929,"5, 482"
0.01,4599,5,4,100130,0.03,20000,1.4698933849962,1.09861228866811,"upper",2408.29689856586,-31.6612526797126,2,1,1,TRUE,0.475267728855363,0.219128193914002,TRUE,77,1.81999999999971,"5, 482"
0.01,4599,5,5,100131,1e-05,2,-7.74044698697998,-6.90775527898214,"lower",1685.32497283449,-769.635234758391,0,0,0,FALSE,0.0556809886543089,0.0447074425595122,TRUE,130,0.640999999999622,"83, 463"
0.01,4599,5,5,100131,1e-04,2,-7.74044698697998,-4.60517018598809,"lower",2096.59659287332,-358.363614719565,0,0,0,FALSE,0.0565708590206506,0.0450021405437742,TRUE,114,0.582000000000335,"83, 463"
0.01,4599,5,5,100131,0.001,52.2252272806055,-4.47802850815644,-2.30258509299405,"interior",2356.06592893856,-98.894278654323,1,1,0.5,FALSE,0.504291525245568,0.0085834181713631,TRUE,81,0.368000000000393,"83, 463"
0.01,4599,5,5,100131,0.003,188.898707985436,-3.19238323273062,-1.20397280432594,"interior",2423.40281428712,-31.5573933057649,2,1,1,TRUE,0.637749795061848,0.275499590332582,TRUE,94,0.487999999999374,"83, 463"
0.01,4599,5,5,100131,0.005,387.606769316711,-2.47360282297842,-0.693147180559945,"interior",2442.88904527926,-12.0711623136199,2,1,1,TRUE,0.6525803133208,0.305160626644111,TRUE,82,0.356999999999971,"83, 463"
0.01,4599,5,5,100131,0.008,1262.16184783783,-1.2930128855636,-0.223143551314211,"interior",2452.90662717835,-2.05358041453246,2,1,1,TRUE,0.660057787766541,0.320115575533115,TRUE,84,0.3700000000008,"83, 463"
0.01,4599,5,5,100131,0.01,14075.5918824317,1.11860333662158,0,"interior",2454.96020759288,0,2,1,1,TRUE,0.650099433159641,0.300198866319282,TRUE,88,1.15000000000146,"83, 463"
0.01,4599,5,5,100131,0.015,20000,1.4698933849962,0.405465108108164,"upper",2449.69998982575,-5.26021776713606,2,1,1,TRUE,0.650979223505758,0.301958447011517,TRUE,83,1.88400000000001,"83, 463"
0.01,4599,5,5,100131,0.02,20000,1.4698933849962,0.693147180559945,"upper",2437.57438130052,-17.3858262923659,2,1,1,TRUE,0.652124482241698,0.304248964483396,TRUE,82,2.26400000000103,"83, 463"
0.01,4599,5,5,100131,0.025,20000,1.4698933849962,0.916290731874155,"upper",2424.00571436554,-30.9544932273384,2,1,1,TRUE,0.653245641640112,0.306491283280224,TRUE,84,1.9989999999998,"83, 463"
0.01,4599,5,5,100131,0.03,20000,1.4698933849962,1.09861228866811,"upper",2410.48170608883,-44.4785015040479,2,1,1,TRUE,0.65434977473935,0.308699549478701,TRUE,86,2.02700000000004,"83, 463"
0.01,10000,5,1,100132,1e-05,2,-8.51719319141624,-6.90775527898214,"lower",1639.23931981551,-828.094573071686,1,1,0.5,FALSE,0.0940635679110582,0.00806751982301623,TRUE,263,1.45299999999952,"19, 242"
0.01,10000,5,1,100132,1e-04,6.01833317800375,-7.41553003172428,-4.60517018598809,"interior",2061.52181516935,-405.812077717847,1,1,0.5,FALSE,0.152118551922047,0.00795274924966749,TRUE,135,0.73699999999917,"19, 242"
0.01,10000,5,1,100132,0.001,62.4163445079043,-5.07651319968238,-2.30258509299405,"interior",2353.98756682,-113.346326067197,1,1,0.5,FALSE,0.499830762075884,0.00824015918679788,TRUE,82,0.365999999999985,"19, 242"
0.01,10000,5,1,100132,0.003,195.580987788961,-3.93436581854258,-1.20397280432594,"interior",2433.95823396705,-33.375658920148,1,1,0.5,FALSE,0.504645646950018,0.00936898064836234,TRUE,80,0.352000000000771,"19, 242"
0.01,10000,5,1,100132,0.005,421.151070148296,-3.16734876620345,-0.693147180559945,"interior",2455.22929097638,-12.1046019108121,1,1,0.5,FALSE,0.515112470864907,0.0302294367770983,TRUE,24,0.0779999999995198,"19, 242"
0.01,10000,5,1,100132,0.008,2158.42080326712,-1.53320824828749,-0.223143551314211,"interior",2465.67126495795,-1.66262792924636,1,1,0.5,FALSE,0.806154815444488,0.612309716695708,TRUE,29,0.230999999999767,"19, 242"
0.01,10000,5,1,100132,0.01,20000,0.693147180559944,0,"upper",2467.3338928872,0,1,1,0.5,FALSE,0.886044784600751,0.772089592010824,TRUE,13,0.244000000000597,"19, 242"
0.01,10000,5,1,100132,0.015,20000,0.693147180559944,0.405465108108164,"upper",2458.79944037104,-8.53445251615994,1,1,0.5,FALSE,0.886579088877375,0.773158200789126,TRUE,11,0.231000000001586,"19, 242"
0.01,10000,5,1,100132,0.02,20000,0.693147180559944,0.693147180559945,"upper",2444.24966361675,-23.0842292704433,1,1,0.5,FALSE,0.887137426456967,0.774274876159256,TRUE,11,0.233000000000175,"19, 242"
0.01,10000,5,1,100132,0.025,20000,0.693147180559944,0.916290731874155,"upper",2428.81920388411,-38.5146890030865,1,1,0.5,FALSE,0.887701187529258,0.775402398525809,TRUE,11,0.234000000000378,"19, 242"
0.01,10000,5,1,100132,0.03,20000,0.693147180559944,1.09861228866811,"upper",2413.81030747117,-53.5235854160278,1,1,0.5,FALSE,0.888256586891707,0.776513197475972,TRUE,11,0.235999999998967,"19, 242"
0.01,10000,5,2,100133,1e-05,2,-8.51719319141624,-6.90775527898214,"lower",1603.29322230189,-811.999993366055,0,0,0,FALSE,0.0281772246442742,0.0112348546872747,TRUE,201,1.07300000000032,"390, 393"
0.01,10000,5,2,100133,1e-04,2,-8.51719319141624,-4.60517018598809,"lower",2024.70891888753,-390.584296780411,0,0,0,FALSE,0.0294802548243858,0.0109520698804826,TRUE,179,0.992000000000189,"390, 393"
0.01,10000,5,2,100133,0.001,57.5334899355666,-5.15797316005951,-2.30258509299405,"interior",2310.19529058787,-105.097925080076,1,1,0.5,FALSE,0.504077253450478,0.00815451625908459,TRUE,80,0.354000000001179,"390, 393"
0.01,10000,5,2,100133,0.003,153.838452244831,-4.1744373315573,-1.20397280432594,"interior",2383.20395169198,-32.089263975965,1,1,0.5,FALSE,0.504348835759559,0.00869767151914602,TRUE,81,0.360000000000582,"390, 393"
0.01,10000,5,2,100133,0.005,270.037165110591,-3.61178077389276,-0.693147180559945,"interior",2402.419702452,-12.8735132159377,1,1,0.5,FALSE,0.505085199033942,0.0101703980678847,TRUE,74,0.331000000000131,"390, 393"
0.01,10000,5,2,100133,0.008,557.962658985375,-2.88604833121512,-0.223143551314211,"interior",2411.62260801818,-3.67060764976122,1,1,0.5,FALSE,0.524307927880993,0.0486158557619859,TRUE,30,0.0979999999999563,"390, 393"
0.01,10000,5,2,100133,0.01,1183.23189909488,-2.13433550092367,0,"interior",2415.29321566794,0,2,1,1,TRUE,0.829204131400578,0.658408262801157,TRUE,100,0.515999999999622,"390, 393"
0.01,10000,5,2,100133,0.015,20000,0.693147180559944,0.405465108108164,"upper",2414.45077933435,-0.842436333588921,2,1,1,TRUE,0.852782880053241,0.705565760106482,TRUE,81,1.86299999999937,"390, 393"
0.01,10000,5,2,100133,0.02,20000,0.693147180559944,0.693147180559945,"upper",2406.82937387287,-8.4638417950764,2,1,1,TRUE,0.849842083271841,0.699684166543681,TRUE,81,1.88899999999921,"390, 393"
0.01,10000,5,2,100133,0.025,20000,0.693147180559944,0.916290731874155,"upper",2396.15461244517,-19.138603222767,2,1,1,TRUE,0.846692772977687,0.693385545955373,TRUE,81,1.86999999999898,"390, 393"
0.01,10000,5,2,100133,0.03,20000,0.693147180559944,1.09861228866811,"upper",2384.62734769161,-30.6658679763291,2,1,1,TRUE,0.843301456183764,0.686602912367528,TRUE,81,1.89000000000124,"390, 393"
0.01,10000,5,3,100134,1e-05,2,-8.51719319141624,-6.90775527898214,"lower",1717.76105877351,-776.359295346569,0,0,0,FALSE,0.0206672385553907,0.0164072152302587,TRUE,176,0.993999999998778,"220, 284"
0.01,10000,5,3,100134,1e-04,8.28862781872231,-7.0954559389995,-4.60517018598809,"interior",2136.41645839146,-357.703895728621,1,1,0.5,FALSE,0.4092806059208,0.00800802438349735,TRUE,116,0.579999999999927,"220, 284"
0.01,10000,5,3,100134,0.001,67.3898931592691,-4.99984531842859,-2.30258509299405,"interior",2402.13810850812,-91.9822456119591,1,1,0.5,FALSE,0.506541017154392,0.0135761318417494,TRUE,35,0.126000000000204,"220, 284"
0.01,10000,5,3,100134,0.003,298.873662315399,-3.51031942194038,-1.20397280432594,"interior",2469.97899401979,-24.1413601002873,2,1,1,TRUE,0.617813799707144,0.235628180179522,TRUE,77,0.34099999999853,"220, 284"
0.01,10000,5,3,100134,0.005,805.698521804873,-2.51863074186659,-0.693147180559945,"interior",2487.06230597796,-7.05804814211797,2,1,1,TRUE,0.633523783200181,0.26704758494369,TRUE,74,0.335000000000946,"220, 284"
0.01,10000,5,3,100134,0.008,20000,0.693147180559944,-0.223143551314211,"upper",2494.12035412008,0,2,1,1,TRUE,0.645870818035217,0.291741637120858,TRUE,67,1.5,"220, 284"
0.01,10000,5,3,100134,0.01,20000,0.693147180559944,0,"upper",2492.32618334741,-1.79417077266999,2,1,1,TRUE,0.646087684809071,0.292175370687231,TRUE,67,1.60199999999895,"220, 284"
0.01,10000,5,3,100134,0.015,20000,0.693147180559944,0.405465108108164,"upper",2478.63975260462,-15.4806015154568,2,1,1,TRUE,0.646608501191477,0.293217003498678,TRUE,67,1.60299999999916,"220, 284"
0.01,10000,5,3,100134,0.02,20000,0.693147180559944,0.693147180559945,"upper",2461.83199771959,-32.2883564004924,2,1,1,TRUE,0.64709941427369,0.294198829709671,TRUE,67,1.99200000000019,"220, 284"
0.01,10000,5,3,100134,0.025,20000,0.693147180559944,0.916290731874155,"upper",2445.22668960825,-48.893664511831,2,1,1,TRUE,0.647559911782652,0.295119824774196,TRUE,66,1.60000000000036,"220, 284"
0.01,10000,5,3,100134,0.03,20000,0.693147180559944,1.09861228866811,"upper",2429.53823564455,-64.5821184755305,2,1,1,TRUE,0.647993572183924,0.295987145623048,TRUE,66,1.60299999999916,"220, 284"
0.01,10000,5,4,100135,1e-05,2,-8.51719319141624,-6.90775527898214,"lower",1583.90463593935,-888.063193365634,1,1,0.5,FALSE,0.120948418142672,0.00869379946690463,TRUE,333,1.82700000000114,"130, 246"
0.01,10000,5,4,100135,1e-04,5.58756935763914,-7.48979599911324,-4.60517018598809,"interior",2023.60547584753,-448.362353457447,1,1,0.5,FALSE,0.224326251088365,0.00795484134004742,TRUE,171,0.859000000000378,"130, 246"
0.01,10000,5,4,100135,0.001,62.9311233647839,-5.06829952357515,-2.30258509299405,"interior",2342.52729295941,-129.440536345571,1,1,0.5,FALSE,0.503838681265911,0.00833111899516514,TRUE,77,0.344999999999345,"130, 246"
0.01,10000,5,4,100135,0.003,205.958778115176,-3.88266432944754,-1.20397280432594,"interior",2430.5321092439,-41.4357200610766,1,1,0.5,FALSE,0.509460270055697,0.018921021441899,TRUE,15,0.0499999999992724,"130, 246"
0.01,10000,5,4,100135,0.005,501.001478961053,-2.99373131887761,-0.693147180559945,"interior",2455.56006428113,-16.4077650238532,1,1,0.5,FALSE,0.626995434261963,0.253990882558934,TRUE,104,0.528000000000247,"130, 246"
0.01,10000,5,4,100135,0.008,2701.15718107931,-1.3089048262154,-0.223143551314211,"interior",2469.19103297094,-2.77679633403841,1,1,0.5,FALSE,0.725174262577182,0.450348525462959,TRUE,77,0.841000000000349,"130, 246"
0.01,10000,5,4,100135,0.01,20000,0.693147180559944,0,"upper",2471.96782930498,0,1,1,0.5,FALSE,0.743516755238132,0.48703351058473,TRUE,63,1.45299999999952,"130, 246"
0.01,10000,5,4,100135,0.015,20000,0.693147180559944,0.405465108108164,"upper",2464.81835899078,-7.1494703141966,1,1,0.5,FALSE,0.743571948081848,0.487143896271631,TRUE,62,1.45299999999952,"130, 246"
0.01,10000,5,4,100135,0.02,20000,0.693147180559944,0.693147180559945,"upper",2451.10705672316,-20.8607725818179,1,1,0.5,FALSE,0.743403844549453,0.486807689206271,TRUE,61,1.43900000000031,"130, 246"
0.01,10000,5,4,100135,0.025,20000,0.693147180559944,0.916290731874155,"upper",2436.28648476885,-35.6813445361272,1,1,0.5,FALSE,0.743338456463346,0.4866769130335,TRUE,61,1.43999999999869,"130, 246"
0.01,10000,5,4,100135,0.03,20000,0.693147180559944,1.09861228866811,"upper",2421.7585793741,-50.2092499308824,1,1,0.5,FALSE,0.743242854839039,0.486485709784322,TRUE,61,1.45499999999993,"130, 246"
0.01,10000,5,5,100136,1e-05,2,-8.51719319141624,-6.90775527898214,"lower",1635.98180057288,-809.9979003439,0,0,0,FALSE,0.024999359139929,0.0235847719440817,TRUE,292,1.58200000000033,"23, 376"
0.01,10000,5,5,100136,1e-04,8.10580048694806,-7.11776045708209,-4.60517018598809,"interior",2065.65710623883,-380.322594677943,1,1,0.5,FALSE,0.39124196309166,0.00796257734307149,TRUE,228,1.22900000000118,"23, 376"
0.01,10000,5,5,100136,0.001,72.5522226672174,-4.92603375676493,-2.30258509299405,"interior",2353.75655270305,-92.2231482137267,1,1,0.5,FALSE,0.504190792065439,0.00838364735210473,TRUE,81,0.358999999998559,"23, 376"
0.01,10000,5,5,100136,0.003,203.656254274593,-3.89390682745428,-1.20397280432594,"interior",2420.88299258651,-25.0967083302726,1,1,0.5,FALSE,0.504906399823812,0.00981279981900096,TRUE,82,0.361999999999171,"23, 376"
0.01,10000,5,5,100136,0.005,388.120432909089,-3.2490246864196,-0.693147180559945,"interior",2436.30740528139,-9.67229563539195,1,1,0.5,FALSE,0.529444849621526,0.0588896992442202,TRUE,12,0.0399999999990541,"23, 376"
0.01,10000,5,5,100136,0.008,1323.0580919592,-2.022639299559,-0.223143551314211,"interior",2445.45335956905,-0.526341347730067,2,1,1,TRUE,0.847382755021861,0.694765510043733,TRUE,79,0.355999999999767,"23, 376"
0.01,10000,5,5,100136,0.01,4109.95508782714,-0.889172992081585,0,"interior",2445.97970091678,0,2,1,1,TRUE,0.85906518420817,0.718130368416341,TRUE,74,0.860000000000582,"23, 376"
0.01,10000,5,5,100136,0.015,20000,0.693147180559944,0.405465108108164,"upper",2439.53117557441,-6.44852534237134,2,1,1,TRUE,0.863779618922093,0.727559237844186,TRUE,68,1.62699999999859,"23, 376"
0.01,10000,5,5,100136,0.02,20000,0.693147180559944,0.693147180559945,"upper",2426.96360109645,-19.0160998203328,2,1,1,TRUE,0.863853224863124,0.727706449726249,TRUE,67,1.62199999999939,"23, 376"
0.01,10000,5,5,100136,0.025,20000,0.693147180559944,0.916290731874155,"upper",2413.16997071287,-32.8097302039068,2,1,1,TRUE,0.86392585787168,0.727851715743361,TRUE,66,1.62200000000121,"23, 376"
0.01,10000,5,5,100136,0.03,20000,0.693147180559944,1.09861228866811,"upper",2399.5326303157,-46.4470706010757,2,1,1,TRUE,0.86399877933328,0.727997558666559,TRUE,66,1.61099999999897,"23, 376"
